timestamp,EEG,label
0.07928705215454102,506,1
0.08165216445922852,526,1
0.08180952072143555,626,1
0.08191537857055664,456,1
0.08200287818908691,347,1
0.08208847045898438,521,1
0.08220887184143066,548,1
0.08230972290039062,651,1
0.08239912986755371,500,1
0.08247876167297363,339,1
0.08256363868713379,535,1
0.08264422416687012,583,1
0.08272314071655273,685,1
0.08280086517333984,572,1
0.08287739753723145,354,1
0.08295369148254395,512,1
0.08303189277648926,562,1
0.08310961723327637,639,1
0.08318638801574707,555,1
0.08329916000366211,331,1
0.08338022232055664,494,1
0.08345866203308105,562,1
0.08353567123413086,621,1
0.08361291885375977,566,1
0.08369112014770508,315,1
0.08376812934875488,430,1
0.08384466171264648,532,1
0.08392190933227539,574,1
0.08399820327758789,564,1
0.08407473564147949,340,1
0.0841515064239502,440,1
0.08422994613647461,579,1
0.08430814743041992,620,1
0.08438730239868164,640,1
0.0844721794128418,392,1
0.08455634117126465,425,1
0.0846714973449707,566,1
0.08475375175476074,593,1
0.08484172821044922,672,1
0.08499360084533691,470,1
0.0851597785949707,466,1
0.08526968955993652,638,1
0.08535909652709961,641,1
0.08547234535217285,693,1
0.08555960655212402,488,1
0.08563828468322754,423,1
0.08571624755859375,613,1
0.08579349517822266,633,1
0.08587074279785156,728,1
0.08595013618469238,568,1
0.08602714538574219,452,1
0.08610343933105469,637,1
0.08618712425231934,655,1
0.08626365661621094,748,1
0.08633995056152344,591,1
0.08641767501831055,424,1
0.08649587631225586,603,1
0.08657288551330566,620,1
0.08665060997009277,701,1
0.08672761917114258,582,1
0.08680367469787598,378,1
0.08688020706176758,541,1
0.0869603157043457,591,1
0.08703851699829102,664,1
0.08711838722229004,599,1
0.08723783493041992,389,1
0.08733630180358887,521,1
0.0874183177947998,601,1
0.08754730224609375,646,1
0.08769559860229492,615,1
0.08782339096069336,391,1
0.0879371166229248,507,1
0.08803915977478027,602,1
0.08813714981079102,633,1
0.08822488784790039,628,1
0.08835148811340332,389,1
0.0884559154510498,469,1
0.08854556083679199,601,1
0.08862447738647461,634,1
0.08874130249023438,663,1
0.08884835243225098,420,1
0.08897995948791504,463,1
0.08909988403320312,594,1
0.08919763565063477,600,1
0.08930063247680664,639,1
0.08938217163085938,423,1
0.08946037292480469,417,1
0.08953857421875,582,1
0.08961606025695801,583,1
0.08969330787658691,643,1
0.08977580070495605,453,1
0.0898747444152832,384,1
0.08997440338134766,546,1
0.09006333351135254,562,1
0.09016013145446777,637,1
0.09023785591125488,464,1
0.0903160572052002,359,1
0.0903933048248291,541,1
0.0904703140258789,551,1
0.09055590629577637,645,1
0.09065794944763184,505,1
0.09074616432189941,360,1
0.09082818031311035,539,1
0.09090733528137207,554,1
0.09098434448242188,624,1
0.09106183052062988,497,1
0.09113955497741699,313,1
0.0912163257598877,476,1
0.09129738807678223,517,1
0.09137439727783203,598,1
0.09145116806030273,525,1
0.0915379524230957,305,1
0.09161925315856934,462,1
0.09169697761535645,540,1
0.09177350997924805,610,1
0.09185075759887695,575,1
0.09197807312011719,339,1
0.09213042259216309,454,1
0.0922696590423584,553,1
0.09237504005432129,595,1
0.09251523017883301,600,1
0.09260201454162598,361,1
0.09268021583557129,457,1
0.0927731990814209,574,1
0.09285497665405273,596,1
0.09293198585510254,608,1
0.09300899505615234,378,1
0.09308528900146484,417,1
0.09316658973693848,571,1
0.09326291084289551,587,1
0.09334421157836914,631,1
0.09342169761657715,403,1
0.09349966049194336,409,1
0.09357619285583496,569,1
0.09365224838256836,570,1
0.09372949600219727,641,1
0.09380626678466797,455,1
0.09388399124145508,409,1
0.09396028518676758,571,1
0.09403800964355469,577,1
0.09411454200744629,679,1
0.0941920280456543,524,1
0.0942680835723877,457,1
0.0943460464477539,641,1
0.0944223403930664,643,1
0.09449887275695801,752,1
0.09457588195800781,607,1
0.09465289115905762,457,1
0.09473061561584473,635,1
0.09480690956115723,649,1
0.09488415718078613,738,1
0.09496188163757324,597,1
0.09503889083862305,395,1
0.09511542320251465,553,1
0.09523177146911621,573,1
0.09533286094665527,649,1
0.0954596996307373,559,1
0.0955662727355957,342,1
0.09566020965576172,501,1
0.09577584266662598,565,1
0.0958719253540039,622,1
0.09595036506652832,555,1
0.09606337547302246,327,1
0.09614920616149902,466,1
0.09624099731445312,563,1
0.09633111953735352,610,1
0.0964198112487793,590,1
0.09652256965637207,344,1
0.0966043472290039,454,1
0.0966949462890625,570,1
0.09677577018737793,610,1
0.09685206413269043,637,1
0.09693026542663574,407,1
0.09701156616210938,500,1
0.09709382057189941,648,1
0.09717774391174316,667,1
0.09726715087890625,709,1
0.09734773635864258,475,1
0.09742522239685059,488,1
0.09750223159790039,628,1
0.09757852554321289,614,1
0.09765458106994629,672,1
0.0977318286895752,473,1
0.09781908988952637,447,1
0.0979008674621582,625,1
0.09797883033752441,631,1
0.09805822372436523,704,1
0.09813451766967773,525,1
0.09821224212646484,448,1
0.09828782081604004,631,1
0.09836411476135254,645,1
0.09844040870666504,738,1
0.09851598739624023,572,1
0.0986013412475586,429,1
0.09868383407592773,595,1
0.09876132011413574,588,1
0.09883832931518555,674,1
0.09891438484191895,542,1
0.09899091720581055,360,1
0.09907054901123047,545,1
0.09914731979370117,574,1
0.09922313690185547,645,1
0.09930157661437988,544,1
0.09938716888427734,343,1
0.09946846961975098,533,1
0.09954690933227539,596,1
0.09962344169616699,663,1
0.09970617294311523,612,1
0.09978842735290527,357,1
0.09986758232116699,467,1
0.0999445915222168,531,1
0.1000213623046875,574,1
0.10010027885437012,542,1
0.10017752647399902,291,1
0.10025286674499512,416,1
0.10032868385314941,537,1
0.10040497779846191,577,1
0.10048079490661621,574,1
0.1005704402923584,302,1
0.10064983367919922,369,1
0.10072731971740723,482,1
0.10080289840698242,499,1
0.10087943077087402,531,1
0.10095524787902832,284,1
0.10103178024291992,321,1
0.10110735893249512,471,1
0.10119271278381348,486,1
0.10128521919250488,558,1
0.1013646125793457,347,1
0.1014411449432373,315,1
0.10152125358581543,479,1
0.10159873962402344,490,1
0.10167670249938965,573,1
0.10175251960754395,401,1
0.10182881355285645,380,1
0.10190486907958984,588,1
0.10198187828063965,599,1
0.10205793380737305,689,1
0.10213398933410645,538,1
0.10221028327941895,434,1
0.10228633880615234,653,1
0.10236263275146484,686,1
0.10243868827819824,791,1
0.10251450538635254,659,1
0.10259056091308594,507,1
0.10266733169555664,699,1
0.10274267196655273,731,1
0.10281920433044434,827,1
0.10289525985717773,730,1
0.10298800468444824,522,1
0.10312461853027344,720,1
0.10322809219360352,805,1
0.10331177711486816,900,1
0.10338997840881348,804,1
0.10346722602844238,540,1
0.10354399681091309,705,1
0.10362100601196289,769,1
0.10369753837585449,824,1
0.10377359390258789,779,1
0.103851318359375,489,1
0.1039419174194336,626,1
0.10406136512756348,741,1
0.10415172576904297,768,1
0.1042318344116211,757,1
0.1043093204498291,465,1
0.10438728332519531,563,1
0.10448122024536133,735,1
0.10456252098083496,760,1
0.10464191436767578,789,1
0.10471844673156738,533,1
0.10479426383972168,567,1
0.10487055778503418,733,1
0.10494756698608398,760,1
0.10502433776855469,812,1
0.1051034927368164,561,1
0.1051797866821289,522,1
0.1052696704864502,664,1
0.10535049438476562,657,1
0.10542798042297363,701,1
0.10550498962402344,457,1
0.10558176040649414,372,1
0.10565781593322754,554,1
0.10573410987854004,553,1
0.10581135749816895,638,1
0.10589170455932617,472,1
0.10596823692321777,372,1
0.10604453086853027,572,1
0.10612702369689941,567,1
0.10620737075805664,656,1
0.10628318786621094,520,1
0.10636258125305176,366,1
0.10643982887268066,559,1
0.10651636123657227,585,1
0.10659289360046387,663,1
0.10666894912719727,549,1
0.10674548149108887,341,1
0.10682225227355957,508,1
0.10689759254455566,555,1
0.10697436332702637,631,1
0.10705018043518066,556,1
0.10712647438049316,333,1
0.10720324516296387,492,1
0.10728049278259277,573,1
0.10735654830932617,636,1
0.10743188858032227,600,1
0.1095280647277832,362,1
0.10966801643371582,497,1
0.10979175567626953,583,1
0.10992741584777832,600,1
0.11004400253295898,600,1
0.11020350456237793,365,1
0.11031246185302734,453,1
0.11040091514587402,560,1
0.11051249504089355,567,1
0.11060929298400879,581,1
0.1107027530670166,336,1
0.11081433296203613,361,1
0.1109163761138916,518,1
0.11104345321655273,521,1
0.11119747161865234,572,1
0.11135268211364746,374,1
0.11147546768188477,375,1
0.11160135269165039,546,1
0.1118001937866211,535,1
0.11196470260620117,615,1
0.11210846900939941,439,1
0.11229681968688965,376,1
0.11252140998840332,569,1
0.11274075508117676,583,1
0.11293506622314453,675,1
0.11306643486022949,509,1
0.11319637298583984,392,1
0.11337113380432129,570,1
0.11353111267089844,564,1
0.11369562149047852,659,1
0.11382794380187988,533,1
0.11401844024658203,355,1
0.11434412002563477,510,1
0.11457562446594238,517,1
0.11487936973571777,595,1
0.11503052711486816,492,1
0.11514902114868164,304,1
0.11523962020874023,467,1
0.11531901359558105,501,1
0.11539840698242188,572,1
0.11551022529602051,493,1
0.11561942100524902,263,1
0.11571264266967773,421,1
0.11579298973083496,504,1
0.11587214469909668,550,1
0.11598682403564453,505,1
0.11606836318969727,269,1
0.11624526977539062,389,1
0.11643266677856445,493,1
0.11661744117736816,540,1
0.11679649353027344,520,1
0.1175379753112793,277,1
0.11788511276245117,370,1
0.11809778213500977,481,1
0.11824774742126465,516,1
0.11836743354797363,562,1
0.11919450759887695,334,1
0.11978435516357422,385,1
0.11997771263122559,534,1
0.1201620101928711,547,1
0.12033939361572266,603,1
0.12048006057739258,386,1
0.12060165405273438,379,1
0.12073945999145508,555,1
0.12084317207336426,551,1
0.12101411819458008,604,1
0.12112236022949219,405,1
0.12125873565673828,349,1
0.12139439582824707,524,1
0.12154579162597656,519,1
0.12165975570678711,585,1
0.12180042266845703,395,1
0.12198424339294434,281,1
0.12216639518737793,457,1
0.12229275703430176,463,1
0.1223914623260498,554,1
0.12247848510742188,412,1
0.12265586853027344,256,1
0.12285089492797852,439,1
0.12300968170166016,461,1
0.12317013740539551,544,1
0.1233067512512207,430,1
0.12346005439758301,234,1
0.12381196022033691,426,1
0.12400007247924805,502,1
0.12417387962341309,585,1
0.12434697151184082,514,1
0.12444686889648438,303,1
0.12456154823303223,466,1
0.12465643882751465,551,1
0.12474465370178223,611,1
0.12485408782958984,576,1
0.12496256828308105,340,1
0.1250748634338379,459,1
0.12524962425231934,556,1
0.12537288665771484,596,1
0.1255190372467041,593,1
0.1257028579711914,355,1
0.12587261199951172,451,1
0.12602639198303223,573,1
0.12616181373596191,603,1
0.12627148628234863,620,1
0.12636566162109375,367,1
0.12645173072814941,397,1
0.1265568733215332,542,1
0.12664127349853516,556,1
0.12672805786132812,596,1
0.12683725357055664,375,1
0.12697744369506836,386,1
0.127122163772583,560,1
0.12725162506103516,579,1
0.12738895416259766,639,1
0.12752795219421387,442,1
0.12772798538208008,401,1
0.12789487838745117,580,1
0.1280527114868164,589,1
0.1282336711883545,690,1
0.1283245086669922,542,1
0.1284046173095703,450,1
0.12848353385925293,626,1
0.12856101989746094,632,1
0.12863898277282715,726,1
0.12871575355529785,583,1
0.12879371643066406,437,1
0.12887144088745117,600,1
0.1289680004119873,627,1
0.12905669212341309,717,1
0.1292421817779541,594,1
0.12941646575927734,396,1
0.1295461654663086,570,1
0.1296684741973877,619,1
0.12975382804870605,705,1
0.12983417510986328,605,1
0.1299123764038086,376,1
0.1299903392791748,534,1
0.1300673484802246,610,1
0.13014459609985352,663,1
0.13022136688232422,608,1
0.13029837608337402,357,1
0.13039278984069824,475,1
0.1305069923400879,581,1
0.13060998916625977,622,1
0.130706787109375,617,1
0.13079261779785156,376,1
0.13087201118469238,471,1
0.1309497356414795,600,1
0.13103127479553223,637,1
0.13110899925231934,664,1
0.13118577003479004,447,1
0.13126516342163086,494,1
0.13134312629699707,633,1
0.13142037391662598,656,1
0.1314995288848877,705,1
0.1315772533416748,478,1
0.13168120384216309,481,1
0.13176727294921875,658,1
0.13185763359069824,683,1
0.13193821907043457,752,1
0.13201594352722168,549,1
0.1320960521697998,480,1
0.1321730613708496,649,1
0.13227009773254395,653,1
0.13235044479370117,741,1
0.1324446201324463,560,1
0.13289332389831543,443,1
0.13310551643371582,600,1
0.13325977325439453,592,1
0.13336443901062012,678,1
0.13345885276794434,529,1
0.13353943824768066,368,1
0.1336221694946289,534,1
0.13372492790222168,553,1
0.13383126258850098,646,1
0.13393878936767578,525,1
0.13402032852172852,333,1
0.13410091400146484,518,1
0.13418126106262207,577,1
0.1342611312866211,656,1
0.13434076309204102,571,1
0.13442087173461914,362,1
0.13450002670288086,532,1
0.13457942008972168,588,1
0.1346583366394043,621,1
0.1347367763519287,565,1
0.1348252296447754,334,1
0.13491106033325195,465,1
0.1349964141845703,579,1
0.13507986068725586,615,1
0.1351938247680664,553,1
0.13529396057128906,281,1
0.13538193702697754,361,1
0.1355118751525879,467,1
0.13559770584106445,487,1
0.13570165634155273,502,1
0.13582992553710938,250,1
0.1359403133392334,279,1
0.13602685928344727,410,1
0.13612771034240723,436,1
0.1362764835357666,485,1
0.13644766807556152,237,1
0.1365492343902588,208,1
0.13664817810058594,352,1
0.1367344856262207,362,1
0.13681960105895996,445,1
0.13692617416381836,256,1
0.1370556354522705,216,1
0.1386418342590332,381,1
0.1394028663635254,371,1
0.13961529731750488,452,1
0.13984251022338867,273,1
0.14000201225280762,182,1
0.14016461372375488,362,1
0.14032292366027832,348,1
0.14047551155090332,442,1
0.14065861701965332,300,1
0.1407780647277832,175,1
0.14087891578674316,360,1
0.14096450805664062,376,1
0.14104652404785156,467,1
0.14112615585327148,349,1
0.1412065029144287,173,1
0.14128637313842773,350,1
0.14136576652526855,387,1
0.14144468307495117,483,1
0.14152932167053223,395,1
0.14161133766174316,189,1
0.14169049263000488,354,1
0.1417694091796875,406,1
0.14184951782226562,465,1
0.14192938804626465,405,1
0.14200925827026367,172,1
0.1420891284942627,338,1
0.14216852188110352,440,1
0.14225077629089355,486,1
0.14233064651489258,461,1
0.1424095630645752,210,1
0.14249157905578613,321,1
0.14257144927978516,429,1
0.14265060424804688,465,1
0.1427302360534668,461,1
0.14281034469604492,187,1
0.14289021492004395,231,1
0.14296984672546387,348,1
0.1430497169494629,361,1
0.1431281566619873,393,1
0.1432180404663086,169,1
0.14329743385314941,193,1
0.14337706565856934,363,1
0.14349985122680664,378,1
0.14359784126281738,454,1
0.14367985725402832,264,1
0.14375877380371094,255,1
0.14383864402770996,482,1
0.14391779899597168,505,1
0.1439962387084961,576,1
0.1440753936767578,401,1
0.14415454864501953,339,1
0.14424681663513184,546,1
0.14432883262634277,569,1
0.1444077491760254,662,1
0.14449262619018555,498,1
0.14457345008850098,371,1
0.14465117454528809,563,1
0.1447279453277588,583,1
0.1448054313659668,681,1
0.144883394241333,548,1
0.14496159553527832,362,1
0.14503979682922363,543,1
0.14511704444885254,557,1
0.14519691467285156,634,1
0.14527559280395508,548,1
0.1453547477722168,360,1
0.1454324722290039,536,1
0.14552998542785645,607,1
0.14560818672180176,691,1
0.14568567276000977,635,1
0.14599323272705078,401,1
0.14620232582092285,539,1
0.14629769325256348,637,1
0.14640188217163086,709,1
0.14649009704589844,693,1
0.14657068252563477,463,1
0.1466503143310547,578,1
0.1467282772064209,687,1
0.1468057632446289,725,1
0.14688420295715332,737,1
0.14696645736694336,482,1
0.14704489707946777,564,1
0.14712238311767578,698,1
0.14719939231872559,719,1
0.1472775936126709,759,1
0.1473543643951416,512,1
0.1474306583404541,535,1
0.14753961563110352,689,1
0.14762258529663086,705,1
0.14770102500915527,753,1
0.14777779579162598,530,1
0.14785528182983398,502,1
0.1479344367980957,658,1
0.14801287651062012,635,1
0.14808988571166992,704,1
0.14816761016845703,514,1
0.14825844764709473,447,1
0.14833927154541016,632,1
0.14841675758361816,638,1
0.14849352836608887,719,1
0.14858174324035645,571,1
0.1487734317779541,464,1
0.14885997772216797,652,1
0.1489405632019043,665,1
0.1490192413330078,768,1
0.14910054206848145,637,1
0.14917945861816406,474,1
0.1492600440979004,662,1
0.1493384838104248,682,1
0.1494152545928955,757,1
0.14949321746826172,644,1
0.14957070350646973,436,1
0.14964795112609863,594,1
0.14972543716430664,632,1
0.14980268478393555,714,1
0.14988040924072266,660,1
0.14995813369750977,439,1
0.15003490447998047,585,1
0.1501152515411377,659,1
0.15019440650939941,706,1
0.15027236938476562,677,1
0.15035080909729004,435,1
0.15042805671691895,539,1
0.15050554275512695,645,1
0.15058350563049316,697,1
0.15066099166870117,685,1
0.15076065063476562,407,1
0.15087556838989258,492,1
0.15097546577453613,650,1
0.15109539031982422,661,1
0.15119123458862305,678,1
0.15128302574157715,440,1
0.1513686180114746,476,1
0.15146589279174805,631,1
0.1515493392944336,626,1
0.15162944793701172,680,1
0.15170741081237793,484,1
0.15178561210632324,450,1
0.15186357498168945,609,1
0.15194034576416016,601,1
0.15201830863952637,667,1
0.15209531784057617,464,1
0.15218424797058105,404,1
0.1522812843322754,573,1
0.15236258506774902,574,1
0.1526474952697754,658,1
0.15277576446533203,487,1
0.15288138389587402,364,1
0.15296554565429688,554,1
0.1530454158782959,577,1
0.1531238555908203,656,1
0.15320181846618652,489,1
0.15327954292297363,300,1
0.15335774421691895,472,1
0.15343618392944336,498,1
0.15351295471191406,571,1
0.15358996391296387,488,1
0.15366649627685547,311,1
0.15374755859375,490,1
0.1538252830505371,554,1
0.15390396118164062,623,1
0.15398216247558594,558,1
0.15405964851379395,342,1
0.15413665771484375,514,1
0.15421533584594727,597,1
0.15429258346557617,619,1
0.15438294410705566,575,1
0.15446138381958008,326,1
0.15453886985778809,455,1
0.15461516380310059,567,1
0.1546924114227295,606,1
0.15477228164672852,613,1
0.15484905242919922,354,1
0.15492630004882812,413,1
0.15500283241271973,537,1
0.15507984161376953,582,1
0.15515828132629395,630,1
0.15523529052734375,390,1
0.15531468391418457,432,1
0.15542030334472656,583,1
0.15550017356872559,583,1
0.1555774211883545,646,1
0.1556549072265625,454,1
0.15573382377624512,426,1
0.15581202507019043,584,1
0.15588998794555664,572,1
0.15596771240234375,655,1
0.15604448318481445,467,1
0.15612125396728516,367,1
0.15619826316833496,522,1
0.15629220008850098,526,1
0.1563711166381836,617,1
0.1564488410949707,461,1
0.1565260887145996,353,1
0.15660524368286133,548,1
0.15668153762817383,564,1
0.15676116943359375,668,1
0.15683913230895996,523,1
0.15691685676574707,347,1
0.15699410438537598,537,1
0.15707111358642578,571,1
0.1571488380432129,650,1
0.1572260856628418,545,1
0.1573030948638916,339,1
0.1573803424835205,500,1
0.1574561595916748,549,1
0.1575329303741455,625,1
0.15761017799377441,558,1
0.15768790245056152,327,1
0.15776538848876953,468,1
0.15784811973571777,550,1
0.15792512893676758,626,1
0.15800237655639648,622,1
0.15807890892028809,380,1
0.1581556797027588,515,1
0.1582319736480713,627,1
0.1583092212677002,676,1
0.1583859920501709,680,1
0.1584630012512207,451,1
0.1585392951965332,534,1
0.1586160659790039,679,1
0.15869927406311035,712,1
0.15878629684448242,744,1
0.15888214111328125,504,1
0.1589670181274414,518,1
0.15906167030334473,667,1
0.15920400619506836,677,1
0.15931344032287598,723,1
0.1594381332397461,487,1
0.15954160690307617,451,1
0.15968561172485352,593,1
0.16059064865112305,572,1
0.16076040267944336,631,1
0.16086649894714355,439,1
0.16096258163452148,375,1
0.16105008125305176,555,1
0.16118955612182617,559,1
0.16231393814086914,651,1
0.1635913848876953,499,1
0.1737513542175293,380,1
0.17496514320373535,548,1
0.17525362968444824,551,1
0.17544078826904297,641,1
0.17559409141540527,502,1
0.17570877075195312,350,1
0.1758403778076172,532,1
0.1759343147277832,557,1
0.1760730743408203,646,1
0.17624688148498535,536,1
0.17646217346191406,328,1
0.1766648292541504,511,1
0.17680048942565918,574,1
0.17691707611083984,615,1
0.17702436447143555,523,1
0.1771235466003418,314,1
0.17722368240356445,471,1
0.17731928825378418,557,1
0.17745184898376465,617,1
0.17759394645690918,558,1
0.17772507667541504,316,1
0.17785358428955078,427,1
0.17798209190368652,521,1
0.17811083793640137,571,1
0.1782691478729248,579,1
0.17891955375671387,340,1
0.18103957176208496,432,1
0.18156766891479492,566,1
0.18196797370910645,601,1
0.1823725700378418,624,1
0.18255019187927246,382,1
0.18273091316223145,411,1
0.18285226821899414,551,1
0.1829984188079834,569,1
0.1831369400024414,608,1
0.18326115608215332,405,1
0.18343067169189453,401,1
0.1835768222808838,562,1
0.18370842933654785,562,1
0.18384957313537598,623,1
0.18397140502929688,414,1
0.18409276008605957,340,1
0.18421554565429688,504,1
0.1843428611755371,486,1
0.1844651699066162,556,1
0.1845858097076416,389,1
0.18473124504089355,287,1
0.18501830101013184,471,1
0.18548583984375,466,1
0.18564319610595703,558,1
0.1858828067779541,412,1
0.18619871139526367,288,1
0.18695783615112305,472,1
0.1872265338897705,497,1
0.18747782707214355,598,1
0.18766260147094727,496,1
0.18782949447631836,307,1
0.1880490779876709,482,1
0.18876385688781738,522,1
0.18920063972473145,587,1
0.18941473960876465,507,1
0.18970918655395508,293,1
0.18993806838989258,457,1
0.1900949478149414,530,1
0.19024038314819336,572,1
0.19037127494812012,519,1
0.19050335884094238,273,1
0.1906440258026123,390,1
0.19075798988342285,461,1
0.1908888816833496,476,1
0.19116735458374023,465,1
0.19185256958007812,220,1
0.19211149215698242,309,1
0.1923062801361084,424,1
0.1924605369567871,468,1
0.19266986846923828,509,1
0.19294214248657227,272,1
0.1931605339050293,327,1
0.19333267211914062,486,1
0.19378018379211426,504,1
0.19393110275268555,547,1
0.19406938552856445,336,1
0.1942133903503418,336,1
0.1943352222442627,506,1
0.19445133209228516,527,1
0.1945967674255371,593,1
0.19479012489318848,397,1
0.19549012184143066,343,1
0.19567203521728516,511,1
0.19626665115356445,500,1
0.19656085968017578,587,1
0.19673609733581543,416,1
0.1968991756439209,305,1
0.19706487655639648,472,1
0.19729065895080566,452,1
0.20092463493347168,527,1
0.20135235786437988,366,1
0.20156502723693848,246,1
0.20182132720947266,456,1
0.20235943794250488,483,1
0.2108774185180664,559,1
0.21424579620361328,459,1
0.21988415718078613,305,1
0.2202286720275879,486,1
0.2216646671295166,544,1
0.2226102352142334,639,1
0.22438406944274902,560,1
0.22472023963928223,346,1
0.225083589553833,498,1
0.22557759284973145,581,1
0.22586894035339355,608,1
0.22605276107788086,536,1
0.22712397575378418,279,1
0.2275390625,400,1
0.22774600982666016,503,1
0.22799444198608398,536,1
0.22853732109069824,534,1
0.23177719116210938,298,1
0.23904085159301758,401,1
0.2425379753112793,515,1
0.2450852394104004,530,1
0.24726390838623047,539,1
0.25696229934692383,290,1
0.2597968578338623,329,1
0.261397123336792,465,1
0.2621767520904541,474,1
0.2716546058654785,513,1
0.272566556930542,281,1
0.27411675453186035,306,1
0.27455592155456543,502,1
0.27475810050964355,501,1
0.2762608528137207,554,1
0.27715110778808594,356,1
0.28610992431640625,320,1
0.2866220474243164,513,1
0.2871673107147217,518,1
0.2874608039855957,607,1
0.28777027130126953,422,1
0.28832101821899414,325,1
0.28965139389038086,513,1
0.28995513916015625,511,1
0.29058289527893066,601,1
0.29123687744140625,455,1
0.2929244041442871,312,1
0.29338693618774414,492,1
0.2940948009490967,520,1
0.2942774295806885,610,1
0.29472827911376953,473,1
0.3027055263519287,293,1
0.30318450927734375,484,1
0.3034188747406006,529,1
0.3036830425262451,608,1
0.3049752712249756,536,1
0.3053617477416992,332,1
0.30567193031311035,502,1
0.3059544563293457,574,1
0.3062293529510498,632,1
0.30638837814331055,589,1
0.3066122531890869,351,1
0.3068583011627197,486,1
0.3070642948150635,570,1
0.30727577209472656,613,1
0.30755090713500977,619,1
0.3080108165740967,387,1
0.30820369720458984,514,1
0.30853915214538574,651,1
0.3088264465332031,686,1
0.3090500831604004,699,1
0.31151843070983887,457,1
0.31209850311279297,517,1
0.31668877601623535,651,1
0.32431674003601074,653,1
0.3248419761657715,694,1
0.32550549507141113,473,1
0.32590484619140625,499,1
0.32636237144470215,661,1
0.32688188552856445,654,1
0.3272848129272461,723,1
0.32747435569763184,526,1
0.32779669761657715,466,1
0.3280196189880371,629,1
0.32819652557373047,637,1
0.3283982276916504,725,1
0.32859253883361816,555,1
0.3287646770477295,481,1
0.3405907154083252,680,1
0.3423316478729248,698,1
0.37099146842956543,799,1
0.38686513900756836,654,1
0.39014124870300293,511,1
0.4033365249633789,693,1
0.4070415496826172,707,1
0.4081540107727051,795,1
0.40960001945495605,681,1
0.41027355194091797,489,1
0.4109385013580322,655,1
0.4112668037414551,698,1
0.4123208522796631,785,1
0.42064523696899414,700,1
0.42104291915893555,472,1
0.4213073253631592,626,1
0.42157506942749023,687,1
0.42183375358581543,731,1
0.42207956314086914,665,1
0.422335147857666,429,1
0.422544002532959,558,1
0.42271900177001953,657,1
0.42288923263549805,710,1
0.42310500144958496,690,1
0.4232821464538574,437,1
0.4234633445739746,533,1
0.4237558841705322,666,1
0.424177885055542,705,1
0.42437171936035156,695,1
0.42452001571655273,421,1
0.42473268508911133,476,1
0.42491722106933594,607,1
0.42510008811950684,614,1
0.42527079582214355,642,1
0.4254605770111084,413,1
0.4256424903869629,428,1
0.42579078674316406,582,1
0.4259662628173828,569,1
0.4261293411254883,622,1
0.42685937881469727,408,1
0.4275791645050049,366,1
0.4278748035430908,537,1
0.4280881881713867,529,1
0.42821216583251953,581,1
0.4283285140991211,380,1
0.42850780487060547,278,1
0.4286797046661377,460,1
0.428800106048584,494,1
0.42893505096435547,604,1
0.429154634475708,466,1
0.43634748458862305,338,1
0.4369997978210449,531,1
0.4380803108215332,577,1
0.4385101795196533,672,1
0.4387028217315674,532,1
0.43886399269104004,356,1
0.43906402587890625,537,1
0.43924713134765625,581,1
0.43941259384155273,675,1
0.43961620330810547,594,1
0.43976855278015137,363,1
0.4399685859680176,491,1
0.4404730796813965,546,1
0.44082045555114746,605,1
0.441098690032959,553,1
0.44150447845458984,322,1
0.44173645973205566,459,1
0.4419844150543213,553,1
0.4442934989929199,609,1
0.44525575637817383,602,1
0.4455268383026123,365,1
0.4503161907196045,482,1
0.4544222354888916,592,1
0.4550285339355469,623,1
0.45545339584350586,627,1
0.45581960678100586,404,1
0.4564993381500244,476,1
0.4567837715148926,622,1
0.4570746421813965,659,1
0.4573557376861572,678,1
0.45760130882263184,429,1
0.45779943466186523,434,1
0.45823049545288086,590,1
0.4586212635040283,599,1
0.4596731662750244,647,1
0.46013808250427246,431,1
0.4604463577270508,395,1
0.4641127586364746,548,1
0.4720315933227539,548,1
0.4727344512939453,630,1
0.4731893539428711,442,1
0.47462940216064453,370,1
0.4753255844116211,534,1
0.47574472427368164,531,1
0.4760861396789551,630,1
0.4764854907989502,478,1
0.47679972648620605,357,1
0.48899245262145996,558,1
0.48993754386901855,584,1
0.4903876781463623,673,1
0.49061036109924316,544,1
0.4907553195953369,389,1
0.4909782409667969,546,1
0.49126291275024414,558,1
0.49176764488220215,645,1
0.4920389652252197,550,1
0.49222421646118164,357,1
0.49241018295288086,518,1
0.4927997589111328,571,1
0.49308323860168457,632,1
0.49329113960266113,559,1
0.49341845512390137,335,1
0.4936859607696533,490,1
0.49385786056518555,583,1
0.49487900733947754,637,1
0.49542975425720215,601,1
0.49577927589416504,356,1
0.5001330375671387,487,1
0.5004079341888428,604,1
0.5033409595489502,637,1
0.504469633102417,643,1
0.5049610137939453,391,1
0.5051891803741455,452,1
0.5053675174713135,594,1
0.5055859088897705,616,1
0.5058574676513672,631,1
0.5060968399047852,393,1
0.5063164234161377,414,1
0.5066227912902832,568,1
0.5069570541381836,597,1
0.5071513652801514,642,1
0.5073316097259521,418,1
0.5075035095214844,387,1
0.5076689720153809,547,1
0.5078220367431641,544,1
0.507983922958374,599,1
0.5085875988006592,399,1
0.5089693069458008,314,1
0.5093338489532471,511,1
0.5096249580383301,508,1
0.509864330291748,583,1
0.510103702545166,431,1
0.5107028484344482,327,1
0.510915994644165,510,1
0.5110914707183838,521,1
0.5112736225128174,627,1
0.5113906860351562,502,1
0.5115530490875244,335,1
0.5116860866546631,522,1
0.5118265151977539,570,1
0.5119743347167969,653,1
0.5121197700500488,544,1
0.5122780799865723,343,1
0.5211730003356934,505,1
0.521801233291626,544,1
0.5222141742706299,607,1
0.5226912498474121,533,1
0.5232508182525635,310,1
0.5236577987670898,461,1
0.5240738391876221,544,1
0.5246572494506836,597,1
0.5249574184417725,550,1
0.52520751953125,313,1
0.5255210399627686,442,1
0.5267045497894287,548,1
0.5271954536437988,597,1
0.5274679660797119,604,1
0.527808427810669,365,1
0.5280654430389404,458,1
0.5283915996551514,604,1
0.528702974319458,647,1
0.5289182662963867,661,1
0.5322895050048828,412,1
0.5386321544647217,443,1
0.5392899513244629,607,1
0.5395917892456055,635,1
0.5398192405700684,671,1
0.5400376319885254,442,1
0.5403525829315186,407,1
0.5407872200012207,538,1
0.5412158966064453,487,1
0.5417811870574951,521,1
0.5531208515167236,306,1
0.5542299747467041,225,1
0.5546360015869141,386,1
0.5551242828369141,389,1
0.5555405616760254,464,1
0.5559895038604736,290,1
0.5565745830535889,193,1
0.5572068691253662,373,1
0.5576543807983398,385,1
0.5581283569335938,485,1
0.558678388595581,356,1
0.5608923435211182,209,1
0.5687065124511719,401,1
0.5705564022064209,433,1
0.5721399784088135,531,1
0.5728819370269775,426,1
0.5735049247741699,234,1
0.5740244388580322,410,1
0.5746195316314697,454,1
0.5750162601470947,525,1
0.5752885341644287,435,1
0.5756397247314453,215,1
0.5781641006469727,349,1
0.5869848728179932,411,1
0.5879886150360107,456,1
0.5883049964904785,415,1
0.5893547534942627,188,1
0.5899031162261963,318,1
0.5902745723724365,433,1
0.5914158821105957,470,1
0.5919325351715088,469,1
0.5925507545471191,235,1
0.5930361747741699,337,1
0.5937199592590332,463,1
0.5940804481506348,488,1
0.5943138599395752,507,1
0.5945537090301514,281,1
0.5947830677032471,337,1
0.5952348709106445,468,1
0.5955512523651123,475,1
0.6009719371795654,535,1
0.6040270328521729,316,1
0.604459285736084,309,1
0.6047096252441406,465,1
0.6049468517303467,456,1
0.6052393913269043,522,1
0.6054930686950684,314,1
0.605705976486206,242,1
0.6059079170227051,419,1
0.6063129901885986,440,1
0.6065499782562256,575,1
0.606741189956665,445,1
0.6069381237030029,360,1
0.6071782112121582,576,1
0.6074206829071045,598,1
0.6076436042785645,684,1
0.6079103946685791,561,1
0.6094002723693848,421,1
0.6121690273284912,605,1
0.6133182048797607,628,1
0.6193149089813232,713,1
0.6201345920562744,596,1
0.6204745769500732,394,1
0.620781421661377,554,1
0.6210408210754395,591,1
0.6212284564971924,666,1
0.6213772296905518,577,1
0.6215419769287109,341,1
0.62168288230896,500,1
0.6218268871307373,582,1
0.6220912933349609,638,1
0.622671365737915,611,1
0.6231038570404053,387,1
0.623497724533081,534,1
0.624213457107544,655,1
0.6244683265686035,709,1
0.6246821880340576,698,1
0.624889612197876,456,1
0.6251683235168457,546,1
0.6258537769317627,685,1
0.6267385482788086,713,1
0.6275255680084229,754,1
0.62776780128479,503,1
0.6279573440551758,532,1
0.6281273365020752,668,1
0.6283249855041504,679,1
0.6285495758056641,736,1
0.628671407699585,519,1
0.6287949085235596,503,1
0.6289820671081543,651,1
0.6293773651123047,644,1
0.6337897777557373,723,1
0.6357266902923584,546,1
0.6360599994659424,500,1
0.6364705562591553,661,1
0.6368212699890137,669,1
0.6370370388031006,769,1
0.6372599601745605,609,1
0.6374795436859131,492,1
0.6376743316650391,671,1
0.6378662586212158,681,1
0.6380841732025146,762,1
0.6382663249969482,615,1
0.6384835243225098,450,1
0.6386497020721436,617,1
0.6388459205627441,649,1
0.6390490531921387,727,1
0.6393063068389893,603,1
0.6395106315612793,405,1
0.6399362087249756,572,1
0.6403532028198242,605,1
0.6409506797790527,657,1
0.6412742137908936,579,1
0.641577959060669,360,1
0.6418933868408203,505,1
0.642258882522583,567,1
0.6424751281738281,616,1
0.6428050994873047,578,1
0.6429853439331055,333,1
0.643120288848877,459,1
0.6432445049285889,571,1
0.6433672904968262,621,1
0.6434981822967529,604,1
0.6436526775360107,364,1
0.643775224685669,456,1
0.6438982486724854,573,1
0.6440243721008301,584,1
0.6441776752471924,585,1
0.644324779510498,330,1
0.6445167064666748,389,1
0.644751787185669,548,1
0.6449222564697266,564,1
0.6516997814178467,585,1
0.6548564434051514,331,1
0.6573610305786133,319,1
0.6587991714477539,478,1
0.669783353805542,492,1
0.6705880165100098,548,1
0.670931339263916,339,1
0.6711735725402832,286,1
0.671377420425415,460,1
0.6716034412384033,483,1
0.6717746257781982,588,1
0.6719558238983154,426,1
0.6721761226654053,335,1
0.6724824905395508,518,1
0.6726589202880859,528,1
0.6728200912475586,616,1
0.6729691028594971,460,1
0.6731207370758057,301,1
0.6732680797576904,464,1
0.6734089851379395,492,1
0.6735880374908447,572,1
0.673753023147583,458,1
0.6739137172698975,279,1
0.6741189956665039,447,1
0.6744828224182129,487,1
0.6748096942901611,577,1
0.6751861572265625,497,1
0.6758022308349609,287,1
0.6760847568511963,434,1
0.6763033866882324,514,1
0.6764764785766602,596,1
0.6766660213470459,560,1
0.676846981048584,325,1
0.6770811080932617,465,1
0.6773366928100586,564,1
0.6775155067443848,605,1
0.6777176856994629,610,1
0.6779077053070068,371,1
0.6780796051025391,489,1
0.6782114505767822,619,1
0.6783647537231445,646,1
0.6785008907318115,666,1
0.678626298904419,423,1
0.6787407398223877,463,1
0.6789257526397705,586,1
0.6791253089904785,612,1
0.6824171543121338,651,1
0.6857895851135254,425,1
0.6863908767700195,453,1
0.686720609664917,606,1
0.6873588562011719,609,1
0.6876044273376465,684,1
0.6878213882446289,469,1
0.6880638599395752,381,1
0.6882166862487793,517,1
0.6883864402770996,495,1
0.6885099411010742,546,1
0.6886613368988037,357,1
0.6887948513031006,275,1
0.6890332698822021,453,1
0.6892573833465576,454,1
0.6895239353179932,545,1
0.6898822784423828,399,1
0.6901161670684814,270,1
0.6902651786804199,446,1
0.6903910636901855,458,1
0.6905133724212646,545,1
0.6906344890594482,428,1
0.6907808780670166,250,1
0.6909079551696777,421,1
0.6910233497619629,465,1
0.6912438869476318,553,1
0.6915409564971924,475,1
0.6918866634368896,278,1
0.6921482086181641,442,1
0.6924219131469727,505,1
0.693079948425293,572,1
0.6934773921966553,494,1
0.6936984062194824,249,1
0.6938538551330566,375,1
0.6940779685974121,455,1
0.6942195892333984,505,1
0.6943917274475098,490,1
0.6945228576660156,268,1
0.6946530342102051,383,1
0.6947782039642334,495,1
0.6949179172515869,525,1
0.6950666904449463,522,1
0.695188045501709,258,1
0.6953554153442383,296,1
0.6954734325408936,421,1
0.6956284046173096,447,1
0.6957709789276123,497,1
0.6965258121490479,294,1
0.6969566345214844,334,1
0.6978681087493896,509,1
0.6983356475830078,547,1
0.6987738609313965,628,1
0.699775218963623,436,1
0.7019445896148682,405,1
0.7042222023010254,580,1
0.7045772075653076,604,1
0.7048683166503906,698,1
0.705319881439209,526,1
0.7057335376739502,459,1
0.7059619426727295,648,1
0.7062253952026367,665,1
0.7063918113708496,765,1
0.7065398693084717,615,1
0.7066614627838135,488,1
0.7068095207214355,644,1
0.7069358825683594,640,1
0.7070574760437012,722,1
0.7072155475616455,589,1
0.7073514461517334,421,1
0.7074775695800781,588,1
0.7076051235198975,623,1
0.7077760696411133,696,1
0.707897424697876,591,1
0.708045244216919,385,1
0.7081656455993652,558,1
0.7082822322845459,639,1
0.7084143161773682,708,1
0.7085349559783936,640,1
0.7086515426635742,407,1
0.7087709903717041,545,1
0.7088854312896729,620,1
0.7089924812316895,672,1
0.709134578704834,656,1
0.7092576026916504,425,1
0.7093815803527832,553,1
0.7095396518707275,650,1
0.7097654342651367,674,1
0.7099804878234863,667,1
0.7102494239807129,401,1
0.7111556529998779,448,1
0.7113595008850098,557,1
0.7115974426269531,570,1
0.7118091583251953,591,1
0.7119996547698975,363,1
0.7121427059173584,390,1
0.7122697830200195,535,1
0.7124199867248535,549,1
0.7129852771759033,626,1
0.7134897708892822,427,1
0.7138485908508301,408,1
0.7145671844482422,574,1
0.7150814533233643,567,1
0.7153573036193848,640,1
0.7155976295471191,464,1
0.7158091068267822,391,1
0.7160117626190186,576,1
0.7163741588592529,589,1
0.7219018936157227,663,1
0.7223715782165527,500,1
0.7228410243988037,377,1
0.7230045795440674,549,1
0.723151683807373,550,1
0.7233524322509766,636,1
0.7234938144683838,495,1
0.7236571311950684,319,1
0.723771333694458,503,1
0.7239530086517334,530,1
0.7241411209106445,609,1
0.7242774963378906,503,1
0.7244563102722168,312,1
0.7245852947235107,504,1
0.7247092723846436,580,1
0.7250428199768066,647,1
0.7254221439361572,593,1
0.7276718616485596,377,1
0.7280282974243164,524,1
0.728306770324707,603,1
0.728447675704956,651,1
0.7285842895507812,614,1
0.728748083114624,357,1
0.7288992404937744,465,1
0.7290530204772949,599,1
0.7291936874389648,648,1
0.7303438186645508,652,1
0.7352187633514404,400,1
0.736485481262207,459,1
0.7370309829711914,565,1
0.7372457981109619,582,1
0.7373831272125244,603,1
0.7375268936157227,380,1
0.7376501560211182,429,1
0.7377831935882568,574,1
0.7379050254821777,573,1
0.738126277923584,589,1
0.7383060455322266,364,1
0.7384798526763916,349,1
0.7386782169342041,499,1
0.7388100624084473,503,1
0.7389380931854248,586,1
0.7390568256378174,404,1
0.7391715049743652,346,1
0.7393271923065186,529,1
0.7394390106201172,536,1
0.7395808696746826,619,1
0.7397198677062988,441,1
0.7399194240570068,325,1
0.74005126953125,490,1
0.7401607036590576,496,1
0.7403087615966797,597,1
0.7404377460479736,464,1
0.7405953407287598,308,1
0.7407360076904297,465,1
0.7408514022827148,480,1
0.7409813404083252,557,1
0.741173505783081,442,1
0.7415542602539062,258,1
0.7422237396240234,428,1
0.7429139614105225,466,1
0.743335485458374,532,1
0.743645429611206,464,1
0.7438366413116455,255,1
0.7441842555999756,411,1
0.7444095611572266,501,1
0.74471116065979,537,1
0.744910478591919,506,1
0.7450509071350098,285,1
0.7451884746551514,400,1
0.7453529834747314,512,1
0.7455329895019531,529,1
0.7456891536712646,522,1
0.7458112239837646,280,1
0.7503206729888916,356,1
0.7530579566955566,497,1
0.7536695003509521,537,1
0.7539920806884766,580,1
0.7543160915374756,350,1
0.7549142837524414,394,1
0.7551639080047607,540,1
0.7554318904876709,561,1
0.7557342052459717,614,1
0.7559945583343506,409,1
0.756188154220581,393,1
0.7563915252685547,556,1
0.756577730178833,571,1
0.7568352222442627,643,1
0.7570886611938477,456,1
0.7574942111968994,410,1
0.7577087879180908,584,1
0.7578639984130859,579,1
0.7579901218414307,661,1
0.7581121921539307,519,1
0.7582271099090576,422,1
0.7583408355712891,592,1
0.7584540843963623,612,1
0.7585673332214355,725,1
0.7586827278137207,606,1
0.7587954998016357,452,1
0.7589070796966553,636,1
0.7596616744995117,9,1
0.7597939968109131,749,1
0.7599132061004639,632,1
0.7600531578063965,447,1
0.7603371143341064,611,1
0.7605226039886475,649,1
0.7606868743896484,705,1
0.7608215808868408,615,1
0.7609593868255615,389,1
0.7610976696014404,523,1
0.7612271308898926,594,1
0.7613792419433594,642,1
0.7614867687225342,582,1
0.761610746383667,321,1
0.7617218494415283,429,1
0.7618420124053955,519,1
0.7619545459747314,571,1
0.7620680332183838,566,1
0.7621860504150391,326,1
0.7622990608215332,424,1
0.7624125480651855,559,1
0.7627708911895752,580,1
0.764937162399292,588,1
0.7665069103240967,351,1
0.769254207611084,406,1
0.7697365283966064,567,1
0.7701647281646729,576,1
0.7707970142364502,611,1
0.7712175846099854,384,1
0.7714343070983887,393,1
0.7715795040130615,561,1
0.7716968059539795,569,1
0.771848201751709,634,1
0.7720413208007812,423,1
0.772221565246582,349,1
0.7723588943481445,514,1
0.7725322246551514,511,1
0.772723913192749,587,1
0.772874116897583,412,1
0.7730631828308105,308,1
0.7734754085540771,491,1
0.773646354675293,504,1
0.7737760543823242,603,1
0.7738957405090332,467,1
0.7740232944488525,320,1
0.7745397090911865,499,1
0.774775505065918,522,1
0.7749741077423096,614,1
0.7751820087432861,507,1
0.7752993106842041,334,1
0.775413990020752,499,1
0.7755270004272461,547,1
0.7756431102752686,635,1
0.7757558822631836,577,1
0.7758774757385254,365,1
0.7760069370269775,529,1
0.7762057781219482,606,1
0.7764050960540771,666,1
0.776914119720459,614,1
0.7772006988525391,375,1
0.7773277759552002,495,1
0.7774603366851807,564,1
0.7775719165802002,609,1
0.7776885032653809,597,1
0.7778005599975586,343,1
0.7779121398925781,434,1
0.7780246734619141,561,1
0.7781367301940918,621,1
0.7782480716705322,651,1
0.7783663272857666,413,1
0.7784788608551025,469,1
0.778590202331543,609,1
0.7787013053894043,625,1
0.7788054943084717,681,1
0.7789204120635986,464,1
0.7790403366088867,466,1
0.7803587913513184,622,1
0.7836604118347168,639,1
0.7859690189361572,701,1
0.7864480018615723,489,1
0.7869527339935303,432,1
0.7871396541595459,613,1
0.7873222827911377,613,1
0.7874743938446045,679,1
0.7875950336456299,498,1
0.7877092361450195,405,1
0.7878270149230957,586,1
0.787949800491333,597,1
0.78806471824646,684,1
0.7881948947906494,538,1
0.78830885887146,411,1
0.7884514331817627,605,1
0.7886354923248291,630,1
0.7887506484985352,707,1
0.7888975143432617,583,1
0.7891371250152588,400,1
0.7930426597595215,574,1
0.7970118522644043,624,1
0.8019406795501709,705,1
0.8048324584960938,629,1
0.8087170124053955,434,1
0.8131160736083984,590,1
0.8167622089385986,656,1
0.8204412460327148,716,1
0.8243527412414551,658,1
0.8283238410949707,428,1
0.8326425552368164,525,1
0.8362030982971191,595,1
0.8400194644927979,640,1
0.8439216613769531,626,1
0.848191499710083,382,1
0.851820707321167,487,1
0.8556413650512695,601,1
0.8597140312194824,628,1
0.8641300201416016,643,1
0.8679864406585693,411,1
0.8713564872741699,489,1
0.8752131462097168,629,1
0.8794436454772949,637,1
0.8842604160308838,676,1
0.8869309425354004,456,1
0.8908374309539795,468,1
0.894841194152832,623,1
0.8995914459228516,640,1
0.9028792381286621,709,1
0.9066658020019531,506,1
0.910719633102417,458,1
0.9148983955383301,618,1
0.9194149971008301,612,1
0.9221644401550293,670,1
0.9260783195495605,501,1
0.9299907684326172,403,1
0.9340324401855469,558,1
0.9378044605255127,552,1
0.9418308734893799,634,1
0.9456508159637451,471,1
0.9501516819000244,327,1
0.9536263942718506,500,1
0.9573698043823242,519,1
0.9613862037658691,608,1
0.9654169082641602,484,1
0.9703178405761719,266,1
0.973078727722168,408,1
0.9769155979156494,423,1
0.9815151691436768,484,1
0.9857780933380127,392,1
0.9886472225189209,183,1
0.9926307201385498,332,1
0.9966886043548584,406,1
1.0016133785247803,467,1
1.0043740272521973,412,1
1.0083551406860352,184,1
1.0121135711669922,326,1
1.0163428783416748,404,1
1.020317792892456,450,1
1.0238542556762695,427,1
1.027756690979004,178,1
1.0318844318389893,267,1
1.0358312129974365,368,1
1.0395214557647705,399,1
1.0433971881866455,398,1
1.0477783679962158,145,1
1.0525977611541748,208,1
1.0551776885986328,338,1
1.0590741634368896,378,1
1.0630271434783936,460,1
1.0703389644622803,255,1
1.0714595317840576,281,1
1.0747358798980713,436,1
1.0786597728729248,462,1
1.0834589004516602,531,1
1.0871973037719727,332,1
1.090498685836792,318,1
1.094372034072876,492,1
1.0996143817901611,486,1
1.1030023097991943,563,1
1.1060113906860352,392,1
1.1099417209625244,313,1
1.1139106750488281,489,1
1.118358850479126,491,1
1.1224989891052246,569,1
1.1257297992706299,402,1
1.130075216293335,276,1
1.1378250122070312,458,1
1.138777256011963,470,1
1.141350269317627,565,1
1.145108699798584,442,1
1.1500449180603027,291,1
1.1532678604125977,469,1
1.1569151878356934,507,1
1.1607649326324463,583,1
1.1662068367004395,466,1
1.1699163913726807,258,1
1.1726171970367432,436,1
1.176448106765747,495,1
1.1805849075317383,578,1
1.1857683658599854,554,1
1.1882283687591553,348,1
1.1921181678771973,513,1
1.1961746215820312,612,1
1.2019400596618652,680,1
1.203920602798462,668,1
1.2077186107635498,434,1
1.211665153503418,537,1
1.2168495655059814,615,1
1.220442533493042,628,1
1.2233760356903076,625,1
1.227430820465088,377,1
1.2316632270812988,453,1
1.2359178066253662,587,1
1.239086389541626,609,1
1.2429308891296387,656,1
1.2474241256713867,426,1
1.253453016281128,456,1
1.2556326389312744,611,1
1.2585818767547607,611,1
1.2628686428070068,667,1
1.2691981792449951,477,1
1.2704107761383057,447,1
1.274338722229004,612,1
1.2781398296356201,612,1
1.2820665836334229,690,1
1.2861583232879639,497,1
1.2898812294006348,403,1
1.2938201427459717,577,1
1.2978177070617676,592,1
1.3017640113830566,671,1
1.3055918216705322,512,1
1.309539794921875,385,1
1.3201556205749512,548,1
1.3287489414215088,552,1
1.3290932178497314,641,1
1.3317539691925049,520,1
1.3332643508911133,357,1
1.3343641757965088,520,1
1.3368916511535645,541,1
1.3407583236694336,622,1
1.3447060585021973,526,1
1.3490424156188965,327,1
1.3527989387512207,489,1
1.3563947677612305,547,1
1.3604857921600342,607,1
1.3645083904266357,543,1
1.3687174320220947,326,1
1.3720262050628662,468,1
1.376004934310913,543,1
1.3800463676452637,583,1
1.387702226638794,549,1
1.388075590133667,302,1
1.3917171955108643,416,1
1.3955974578857422,531,1
1.4004490375518799,564,1
1.4040353298187256,560,1
1.4072892665863037,341,1
1.4111652374267578,416,1
1.4162352085113525,550,1
1.419640064239502,577,1
1.422886848449707,598,1
1.42685866355896,364,1
1.4317996501922607,392,1
1.4371144771575928,542,1
1.4385871887207031,558,1
1.4426088333129883,608,1
1.447446584701538,392,1
1.4563391208648682,361,1
1.4565956592559814,532,1
1.4581539630889893,533,1
1.4619946479797363,596,1
1.4665656089782715,398,1
1.4698996543884277,337,1
1.4737834930419922,528,1
1.4777123928070068,528,1
1.4834825992584229,604,1
1.4858307838439941,450,1
1.4895269870758057,331,1
1.4933803081512451,525,1
1.4999592304229736,546,1
1.5035462379455566,636,1
1.5051355361938477,511,1
1.5089530944824219,367,1
1.5131125450134277,541,1
1.5209012031555176,579,1
1.5221834182739258,666,1
1.5247833728790283,571,1
1.528759479522705,383,1
1.532970666885376,539,1
1.5385942459106445,569,1
1.540618896484375,631,1
1.5441498756408691,565,1
1.5497651100158691,332,1
1.554687738418579,450,1
1.5565035343170166,516,1
1.5598900318145752,556,1
1.5637800693511963,520,1
1.5716784000396729,291,1
1.5720634460449219,418,1
1.5756371021270752,529,1
1.579641342163086,565,1
1.5873730182647705,566,1
1.5876140594482422,346,1
1.5912067890167236,420,1
1.595029354095459,553,1
1.6000409126281738,590,1
1.6043732166290283,599,1
1.606776237487793,348,1
1.6106822490692139,381,1
1.6153900623321533,516,1
1.6221346855163574,522,1
1.6225974559783936,580,1
1.6264586448669434,358,1
1.6388940811157227,334,1
1.6401245594024658,481,1
1.641350507736206,501,1
1.6420950889587402,592,1
1.6543896198272705,415,1
1.6547489166259766,366,1
1.6554031372070312,550,1
1.6576299667358398,568,1
1.661724328994751,658,1
1.6678645610809326,480,1
1.6719191074371338,382,1
1.6762065887451172,573,1
1.679520606994629,603,1
1.6874938011169434,706,1
1.6892495155334473,583,1
1.6896421909332275,442,1
1.6928825378417969,616,1
1.7006733417510986,641,1
1.7053642272949219,728,1
1.7070894241333008,619,1
1.708594560623169,438,1
1.7125122547149658,626,1
1.7195136547088623,659,1
1.7203450202941895,717,1
1.724123477935791,657,1
1.7280879020690918,455,1
1.7322986125946045,613,1
1.73592209815979,684,1
1.7397708892822266,736,1
1.743736743927002,709,1
1.7478268146514893,489,1
1.755007028579712,618,1
1.7571568489074707,721,1
1.759768009185791,754,1
1.763474702835083,748,1
1.7709171772003174,495,1
1.771308422088623,566,1
1.775031566619873,674,1
1.7789497375488281,706,1
1.7888383865356445,755,1
1.7899792194366455,532,1
1.7916605472564697,583,1
1.7945704460144043,723,1
1.801313877105713,726,1
1.8036699295043945,748,1
1.806553602218628,497,1
1.810298204421997,498,1
1.8181822299957275,674,1
1.819608211517334,681,1
1.8221099376678467,744,1
1.8259515762329102,535,1
1.8329339027404785,473,1
1.8364174365997314,651,1
1.8377020359039307,652,1
1.841592788696289,727,1
1.845442533493042,556,1
1.8538877964019775,453,1
1.854156494140625,644,1
1.8573601245880127,631,1
1.8610570430755615,700,1
1.8655917644500732,558,1
1.8694899082183838,409,1
1.8727900981903076,578,1
1.8769521713256836,599,1
1.8854598999023438,664,1
1.8877034187316895,540,1
1.8886163234710693,353,1
1.8923819065093994,537,1
1.8965377807617188,599,1
1.9047749042510986,690,1
1.9050734043121338,595,1
1.9080724716186523,386,1
1.9119937419891357,549,1
1.9190549850463867,630,1
1.9202358722686768,696,1
1.923769235610962,654,1
1.927649736404419,422,1
1.9318854808807373,545,1
1.9374923706054688,630,1
1.939345121383667,683,1
1.943220615386963,667,1
1.9502782821655273,410,1
1.9576265811920166,501,1
1.958383321762085,618,1
1.961449384689331,647,1
1.9728026390075684,656,1
1.975226640701294,400,1
1.976860523223877,448,1
1.9777331352233887,572,1
1.978750467300415,593,1
1.9870586395263672,634,1
1.9896845817565918,404,1
1.9915201663970947,430,1
1.9941070079803467,596,1
1.9988658428192139,599,1
2.002686023712158,657,1
2.0059337615966797,452,1
2.009694814682007,413,1
2.013704776763916,597,1
2.020277976989746,604,1
2.021483898162842,678,1
2.0254783630371094,509,1
2.029541492462158,408,1
2.033315420150757,584,1
2.037088632583618,586,1
2.041651964187622,662,1
2.045016050338745,514,1
2.0495498180389404,363,1
2.052992105484009,544,1
2.05666446685791,561,1
2.060603618621826,647,1
2.064964532852173,511,1
2.0691936016082764,329,1
2.072370767593384,508,1
2.0763370990753174,562,1
2.080240488052368,648,1
2.085453748703003,571,1
2.0881142616271973,370,1
2.0918619632720947,537,1
2.095777750015259,597,1
2.099838972091675,662,1
2.103795289993286,625,1
2.1076104640960693,400,1
2.1115710735321045,543,1
2.11614727973938,637,1
2.1198339462280273,671,1
2.123194456100464,650,1
2.1270804405212402,393,1
2.1317105293273926,484,1
2.135413646697998,594,1
2.138850450515747,617,1
2.1427838802337646,623,1
2.1468100547790527,365,1
2.1506733894348145,415,1
2.154571294784546,553,1
2.158390522003174,584,1
2.1624014377593994,625,1
2.1690993309020996,394,1
2.170186996459961,421,1
2.173996925354004,577,1
2.1780359745025635,579,1
2.181861400604248,638,1
2.185884475708008,423,1
2.1898281574249268,376,1
2.193694591522217,545,1
2.197700262069702,539,1
2.201615810394287,627,1
2.205378532409668,446,1
2.209348201751709,355,1
2.2138631343841553,525,1
2.2203924655914307,534,1
2.2209815979003906,638,1
2.2249393463134766,491,1
2.2289302349090576,353,1
2.233288288116455,533,1
2.2372076511383057,543,1
2.2405459880828857,621,1
2.244558095932007,489,1
2.2486085891723633,306,1
2.252593755722046,488,1
2.256171941757202,551,1
2.260089874267578,631,1
2.2648444175720215,523,1
2.270092010498047,303,1
2.2719175815582275,460,1
2.2757349014282227,524,1
2.279783010482788,604,1
2.2838010787963867,568,1
2.2888731956481934,334,1
2.2915825843811035,486,1
2.2953760623931885,580,1
2.299828052520752,639,1
2.3032419681549072,597,1
2.3070363998413086,365,1
2.3109617233276367,488,1
2.31504487991333,589,1
2.3188507556915283,600,1
2.3226966857910156,607,1
2.3266375064849854,362,1
2.33058500289917,426,1
2.33504056930542,539,1
2.338482618331909,565,1
2.3423354625701904,627,1
2.3498222827911377,401,1
2.369734764099121,430,1
2.3719775676727295,591,1
2.373011589050293,599,1
2.3733408451080322,662,1
2.3736608028411865,471,1
2.374014139175415,398,1
2.374241590499878,530,1
2.37749981880188,513,1
2.381711483001709,562,1
2.386136054992676,337,1
2.3892152309417725,216,1
2.393109083175659,356,1
2.3990659713745117,340,1
2.4030849933624268,399,1
2.4047982692718506,242,1
2.4087259769439697,111,1
2.412930488586426,276,1
2.4169719219207764,293,1
2.4206507205963135,389,1
2.424438714981079,270,1
2.4283676147460938,103,1
2.432429790496826,281,1
2.4361655712127686,333,1
2.4400970935821533,415,1
2.4440999031066895,330,1
2.4490480422973633,136,1
2.4527220726013184,315,1
2.455719232559204,397,1
2.4596590995788574,485,1
2.463701009750366,453,1
2.468899965286255,248,1
2.4714183807373047,390,1
2.4753689765930176,476,1
2.4791858196258545,538,1
2.4830939769744873,500,1
2.487110137939453,263,1
2.490929126739502,370,1
2.494986057281494,483,1
2.500711441040039,518,1
2.5041568279266357,507,1
2.506641149520874,267,1
2.5106191635131836,342,1
2.51466965675354,478,1
2.520308256149292,518,1
2.5222017765045166,561,1
2.5260860919952393,338,1
2.5326855182647705,370,1
2.5352559089660645,530,1
2.537903308868408,523,1
2.541813611984253,574,1
2.5456955432891846,372,1
2.549673557281494,350,1
2.5535454750061035,527,1
2.5574276447296143,537,1
2.5614678859710693,607,1
2.567763566970825,405,1
2.5692014694213867,318,1
2.5730512142181396,484,1
2.57700514793396,487,1
2.5811002254486084,573,1
2.585176706314087,419,1
2.588831663131714,310,1
2.592728853225708,513,1
2.596733331680298,543,1
2.6011836528778076,645,1
2.6044671535491943,545,1
2.6084203720092773,403,1
2.612297534942627,591,1
2.6160964965820312,634,1
2.620776653289795,745,1
2.623957872390747,664,1
2.627866744995117,482,1
2.6324241161346436,642,1
2.635897159576416,681,1
2.63960337638855,738,1
2.6434929370880127,650,1
2.64972186088562,421,1
2.652194023132324,553,1
2.655214786529541,619,1
2.6593050956726074,659,1
2.663012981414795,624,1
2.668105125427246,387,1
2.6709706783294678,484,1
2.674774408340454,586,1
2.678664445877075,648,1
2.6835381984710693,654,1
2.6907496452331543,423,1
2.6917498111724854,508,1
2.694455623626709,635,1
2.6984493732452393,658,1
2.7035491466522217,694,1
2.7062199115753174,452,1
2.70998477935791,473,1
2.7139155864715576,620,1
2.718785524368286,635,1
2.7219388484954834,686,1
2.725736379623413,465,1
2.739518642425537,444,1
2.7448232173919678,602,1
2.7734172344207764,594,1
2.78998064994812,644,1
2.790818929672241,450,1
2.7912397384643555,361,1
2.791625499725342,519,1
2.791950225830078,535,1
2.7937018871307373,636,1
2.7939608097076416,476,1
2.7941815853118896,371,1
2.7948901653289795,572,1
2.7955574989318848,576,1
2.79581356048584,654,1
2.801459789276123,515,1
2.8030359745025635,347,1
2.8053836822509766,519,1
2.805798053741455,545,1
2.8067257404327393,619,1
2.8071818351745605,496,1
2.8087174892425537,305,1
2.8117198944091797,467,1
2.818577527999878,505,1
2.8214547634124756,554,1
2.824416160583496,483,1
2.8274459838867188,260,1
2.832693576812744,385,1
2.838892936706543,457,1
2.8392255306243896,512,1
2.843045234680176,465,1
2.847717523574829,219,1
2.851177453994751,352,1
2.8548176288604736,469,1
2.8586478233337402,520,1
2.8625328540802,518,1
2.8686373233795166,294,1
2.8705978393554688,376,1
2.874340295791626,505,1
2.878265142440796,550,1
2.8822920322418213,571,1
2.8894729614257812,340,1
2.8915655612945557,390,1
2.893860340118408,535,1
2.9011778831481934,535,1
2.904346227645874,574,1
2.905625820159912,344,1
2.9095005989074707,332,1
2.916541814804077,496,1
2.9200990200042725,494,1
2.9213452339172363,558,1
2.9251961708068848,375,1
2.9290688037872314,328,1
2.9353339672088623,509,1
2.937023639678955,520,1
2.9408562183380127,616,1
2.944718599319458,458,1
2.949774742126465,364,1
2.953439712524414,551,1
2.9570016860961914,556,1
2.9604315757751465,646,1
2.966832160949707,512,1
2.96891188621521,373,1
2.9720754623413086,553,1
2.9761157035827637,569,1
2.980863571166992,650,1
2.989746570587158,532,1
2.991161823272705,357,1
2.992215871810913,528,1
2.9957218170166016,567,1
2.999544143676758,630,1
3.004512310028076,536,1
3.0073845386505127,330,1
3.0113158226013184,482,1
3.020146608352661,553,1
3.0217339992523193,622,1
3.0232396125793457,575,1
3.026906728744507,333,1
3.0351574420928955,455,1
3.0371639728546143,553,1
3.0386667251586914,608,1
3.04256272315979,597,1
3.0467793941497803,368,1
3.0529887676239014,480,1
3.0550575256347656,596,1
3.058138608932495,614,1
3.062302589416504,621,1
3.0677340030670166,383,1
3.069967031478882,420,1
3.073833465576172,561,1
3.0777316093444824,573,1
3.083557605743408,613,1
3.0872089862823486,385,1
3.0895094871520996,379,1
3.0934975147247314,548,1
3.099797010421753,558,1
3.1046578884124756,614,1
3.1051130294799805,421,1
3.1090457439422607,387,1
3.1136043071746826,568,1
3.1169657707214355,585,1
3.120985984802246,678,1
3.12465763092041,515,1
3.1286516189575195,434,1
3.134413480758667,614,1
3.136734962463379,615,1
3.1490800380706787,722,1
3.154332160949707,567,1
3.1552305221557617,404,1
3.157613754272461,574,1
3.15889835357666,582,1
3.159895181655884,652,1
3.1649672985076904,522,1
3.169410467147827,333,1
3.1716320514678955,498,1
3.1755120754241943,544,1
3.179687738418579,637,1
3.184941530227661,574,1
3.1875157356262207,385,1
3.1911497116088867,548,1
3.1951005458831787,629,1
3.2006397247314453,669,1
3.2033798694610596,597,1
3.2068116664886475,374,1
3.2107224464416504,512,1
3.215940237045288,606,1
3.2192440032958984,641,1
3.2225048542022705,628,1
3.2264657020568848,402,1
3.23050856590271,494,1
3.2369372844696045,600,1
3.2382349967956543,654,1
3.241992712020874,669,1
3.2464792728424072,413,1
3.255681276321411,467,1
3.2568647861480713,599,1
3.2577104568481445,605,1
3.261824131011963,642,1
3.2660574913024902,439,1
3.269399642944336,459,1
3.2734215259552,632,1
3.2773659229278564,644,1
3.2816481590270996,691,1
3.2853891849517822,477,1
3.2890050411224365,439,1
3.2930376529693604,614,1
3.2968339920043945,626,1
3.3047244548797607,714,1
3.305631399154663,534,1
3.3085384368896484,447,1
3.3125200271606445,623,1
3.324409246444702,616,1
3.3276917934417725,710,1
3.3291187286376953,553,1
3.33782958984375,414,1
3.3398332595825195,579,1
3.340609550476074,574,1
3.3424863815307617,658,1
3.343797206878662,542,1
3.3537044525146484,376,1
3.356567144393921,543,1
3.3606791496276855,586,1
3.3612875938415527,684,1
3.3658297061920166,592,1
3.3769421577453613,390,1
3.3776986598968506,550,1
3.3819403648376465,616,1
3.382831335067749,712,1
3.388753652572632,656,1
3.3892030715942383,417,1
3.3908486366271973,544,1
3.3947160243988037,629,1
3.423464775085449,665,1
3.4297680854797363,622,1
3.438199996948242,368,1
3.4388532638549805,474,1
3.439101457595825,596,1
3.442026138305664,634,1
3.442473888397217,623,1
3.4438438415527344,359,1
3.456688642501831,417,1
3.457664966583252,555,1
3.4594204425811768,573,1
3.4703316688537598,609,1
3.473390817642212,384,1
3.473759651184082,407,1
3.4783341884613037,540,1
3.4923388957977295,534,1
3.4929492473602295,602,1
3.494541883468628,398,1
3.5057756900787354,365,1
3.5475645065307617,537,1
3.550618886947632,536,1
3.5561676025390625,608,1
3.5731499195098877,425,1
3.575113296508789,341,1
3.575774669647217,499,1
3.5763144493103027,477,1
3.576594591140747,541,1
3.5769119262695312,391,1
3.577122688293457,277,1
3.57729172706604,452,1
3.5774741172790527,491,1
3.577641487121582,597,1
3.577786445617676,451,1
3.57798171043396,285,1
3.578214645385742,460,1
3.5784342288970947,496,1
3.5786819458007812,595,1
3.584199905395508,494,1
3.5906453132629395,287,1
3.6082892417907715,440,1
3.6095919609069824,500,1
3.610581874847412,572,1
3.611403465270996,515,1
3.6116738319396973,293,1
3.613239049911499,424,1
3.617541790008545,506,1
3.624250888824463,548,1
3.625105381011963,514,1
3.626171827316284,268,1
3.6265218257904053,373,1
3.628704309463501,465,1
3.62917160987854,479,1
3.635219097137451,479,1
3.6405928134918213,238,1
3.641871690750122,324,1
3.6453752517700195,478,1
3.645810842514038,519,1
3.649447441101074,567,1
3.6511361598968506,353,1
3.65867018699646,397,1
3.6618165969848633,549,1
3.677783966064453,560,1
3.7430155277252197,605,1
3.916818380355835,386,1
4.0267109870910645,379,1
4.128386497497559,551,1
4.201396942138672,553,1
4.2107508182525635,631,1
4.24341344833374,426,1
4.274810075759888,339,1
4.303654670715332,493,1
4.326961517333984,480,1
4.358454704284668,555,1
4.3714447021484375,388,1
4.377102851867676,265,1
4.40364670753479,447,1
4.411044120788574,481,1
4.445671558380127,609,1
4.462517738342285,500,1
4.476587295532227,338,1
4.493901014328003,486,1
4.5044965744018555,501,1
4.512085676193237,584,1
4.522639989852905,476,1
4.578753709793091,287,1
4.645758390426636,456,1
4.702373504638672,520,1
4.73889946937561,591,1
4.785201072692871,497,1
4.791913986206055,281,1
4.795118570327759,430,1
4.807528018951416,488,1
4.809667348861694,536,1
4.811328411102295,503,1
4.820990800857544,268,1
4.82479453086853,380,1
4.8412041664123535,490,1
4.858850479125977,549,1
4.877943754196167,564,1
4.887631893157959,315,1
4.891325235366821,398,1
4.909057855606079,480,1
4.9122443199157715,475,1
4.9406821727752686,501,1
4.975919246673584,237,1
4.986618280410767,273,1
4.989054918289185,422,1
4.990414142608643,449,1
4.99186372756958,514,1
4.992372751235962,315,1
4.992626905441284,304,1
4.992921590805054,451,1
4.993179798126221,440,1
4.993545055389404,510,1
4.9939281940460205,323,1
4.994235992431641,261,1
4.994474172592163,454,1
4.994784116744995,466,1
4.995694875717163,548,1
5.006024360656738,396,1
5.008287668228149,299,1
5.011179685592651,472,1
5.011725902557373,480,1
5.012129545211792,578,1
5.012544631958008,441,1
5.0131614208221436,287,1
5.024095058441162,472,1
5.024385690689087,512,1
5.0247039794921875,598,1
5.024928331375122,464,1
5.025166273117065,280,1
5.025428056716919,462,1
5.025773763656616,507,1
5.026083707809448,574,1
5.026334285736084,505,1
5.026660919189453,295,1
5.026908874511719,456,1
5.027148008346558,532,1
5.027385234832764,587,1
5.027614593505859,554,1
5.0278966426849365,353,1
5.028107643127441,522,1
5.028289794921875,641,1
5.0284810066223145,680,1
5.028670310974121,688,1
5.028875827789307,447,1
5.037420272827148,521,1
5.038716793060303,652,1
5.039819240570068,706,1
5.041567087173462,739,1
5.042489528656006,509,1
5.042845249176025,554,1
5.043440818786621,689,1
5.045975923538208,691,1
5.047966480255127,726,1
5.048274517059326,499,1
5.048541069030762,480,1
5.048723220825195,633,1
5.048919439315796,633,1
5.0491838455200195,690,1
5.0502307415008545,488,1
5.057550668716431,417,1
5.05783748626709,577,1
5.058045148849487,587,1
5.05830979347229,676,1
5.05850887298584,511,1
5.058736562728882,418,1
5.058974266052246,585,1
5.059201002120972,579,1
5.059392213821411,660,1
5.059598684310913,507,1
5.059786558151245,366,1
5.060039520263672,555,1
5.060253858566284,586,1
5.06046462059021,674,1
5.061011552810669,530,1
5.061290979385376,347,1
5.061522483825684,513,1
5.0617289543151855,571,1
5.061905860900879,650,1
5.062097787857056,567,1
5.062282085418701,373,1
5.062496900558472,552,1
5.062681198120117,636,1
5.071945667266846,705,1
5.073127031326294,662,1
5.073725700378418,429,1
5.074093818664551,559,1
5.074358701705933,654,1
5.074580669403076,717,1
5.074761629104614,710,1
5.074956178665161,466,1
5.07515287399292,557,1
5.0753867626190186,653,1
5.075665473937988,666,1
5.076012372970581,665,1
5.076281309127808,408,1
5.07652735710144,456,1
5.076803684234619,560,1
5.0771613121032715,540,1
5.079352140426636,590,1
5.080606698989868,392,1
5.081383228302002,403,1
5.089607238769531,560,1
5.0908203125,560,1
5.091487646102905,622,1
5.091793060302734,422,1
5.092033863067627,380,1
5.092267751693726,563,1
5.092525482177734,571,1
5.092815160751343,654,1
5.093111991882324,464,1
5.093455076217651,344,1
5.09385085105896,506,1
5.094660997390747,496,1
5.106159925460815,585,1
5.107802867889404,436,1
5.108115196228027,284,1
5.108341217041016,452,1
5.108834505081177,483,1
5.109605550765991,573,1
5.11039400100708,462,1
5.110828876495361,300,1
5.1110968589782715,483,1
5.111426115036011,539,1
5.111914873123169,630,1
5.112194299697876,545,1
5.112450361251831,326,1
5.119042873382568,473,1
5.122890472412109,548,1
5.123327732086182,611,1
5.123730897903442,557,1
5.124222040176392,326,1
5.124574184417725,469,1
5.12485671043396,555,1
5.125086069107056,591,1
5.1252970695495605,562,1
5.125510931015015,310,1
5.125726222991943,423,1
5.125943422317505,538,1
5.126179218292236,580,1
5.126435995101929,583,1
5.126608610153198,339,1
5.126829624176025,400,1
5.127033472061157,522,1
5.130714654922485,525,1
5.1312994956970215,554,1
5.136773109436035,326,1
5.137281656265259,342,1
5.139287233352661,504,1
5.139923095703125,518,1
5.140542984008789,580,1
5.141131639480591,379,1
5.141406774520874,349,1
5.141664743423462,515,1
5.141870498657227,494,1
5.142053842544556,558,1
5.142625331878662,374,1
5.142982006072998,279,1
5.143862247467041,459,1
5.1441969871521,468,1
5.144502401351929,574,1
5.144704103469849,426,1
5.144837141036987,288,1
5.145012140274048,469,1
5.145144462585449,495,1
5.145287752151489,613,1
5.145403146743774,496,1
5.145517587661743,327,1
5.145630121231079,516,1
5.145741939544678,555,1
5.145853519439697,645,1
5.14596700668335,560,1
5.146560907363892,361,1
5.146863698959351,530,1
5.147089004516602,603,1
5.1498754024505615,665,1
5.152711868286133,605,1
5.153771638870239,373,1
5.156710386276245,502,1
5.1570374965667725,565,1
5.157238960266113,585,1
5.157512426376343,552,1
5.157692909240723,326,1
5.157848834991455,459,1
5.158000469207764,583,1
5.1581337451934814,639,1
5.158279180526733,671,1
5.158421516418457,445,1
5.15854811668396,510,1
5.158690452575684,639,1
5.158831596374512,652,1
5.158978700637817,690,1
5.159186840057373,469,1
5.159468412399292,481,1
5.160348653793335,618,1
5.160749197006226,609,1
5.160963535308838,680,1
5.161158084869385,472,1
5.1617372035980225,445,1
5.1619415283203125,596,1
5.1620965003967285,591,1
5.162231922149658,633,1
5.162353277206421,425,1
5.16247296333313,344,1
5.16265082359314,536,1
5.162769317626953,560,1
5.163147926330566,663,1
5.163421630859375,515,1
5.163703918457031,400,1
5.164161205291748,561,1
5.164671182632446,567,1
5.167604684829712,660,1
5.16861629486084,521,1
5.170968055725098,343,1
5.171395301818848,522,1
5.171586036682129,547,1
5.171757936477661,627,1
5.171913385391235,517,1
5.172061204910278,320,1
5.17280912399292,472,1
5.173031330108643,514,1
5.1731791496276855,578,1
5.173304080963135,530,1
5.173422574996948,306,1
5.173543930053711,440,1
5.173657655715942,538,1
5.1737706661224365,610,1
5.1738879680633545,603,1
5.174007415771484,381,1
5.174121618270874,511,1
5.1742424964904785,622,1
5.174354314804077,662,1
5.1744654178619385,666,1
5.174580812454224,431,1
5.174694061279297,497,1
5.174805164337158,615,1
5.1749186515808105,638,1
5.175030469894409,674,1
5.175147533416748,428,1
5.175258636474609,438,1
5.175370454788208,569,1
5.175481557846069,578,1
5.175591945648193,630,1
5.175703048706055,424,1
5.175808429718018,439,1
5.175929307937622,617,1
5.1761791706085205,620,1
5.176909685134888,700,1
5.17712664604187,528,1
5.1773598194122314,452,1
5.177613973617554,618,1
5.178394317626953,625,1
5.178735971450806,681,1
5.178886651992798,492,1
5.179006099700928,369,1
5.1791205406188965,543,1
5.179236173629761,560,1
5.179367303848267,654,1
5.179964780807495,511,1
5.180682182312012,333,1
5.186055898666382,489,1
5.187853574752808,511,1
5.188268423080444,579,1
5.188562870025635,467,1
5.188760995864868,285,1
5.188889026641846,467,1
5.189019680023193,535,1
5.189138889312744,609,1
5.18925404548645,547,1
5.18941593170166,328,1
5.18957781791687,492,1
5.189725875854492,580,1
5.189840316772461,631,1
5.189947843551636,585,1
5.190077543258667,349,1
5.190251111984253,457,1
5.190429925918579,542,1
5.190583229064941,560,1
5.190710067749023,543,1
5.19083309173584,323,1
5.190990447998047,424,1
5.1911797523498535,566,1
5.191349983215332,607,1
5.191554069519043,636,1
5.191681385040283,420,1
5.191829204559326,472,1
5.191981077194214,633,1
5.192101716995239,658,1
5.19222092628479,714,1
5.192335605621338,498,1
5.192458152770996,497,1
5.192575216293335,671,1
5.192741632461548,674,1
5.19295859336853,729,1
5.194105625152588,543,1
5.194755792617798,491,1
5.195191860198975,641,1
5.195472002029419,644,1
5.1956164836883545,720,1
5.195765733718872,538,1
5.195894479751587,419,1
5.196009874343872,579,1
5.19624662399292,578,1
5.196627855300903,670,1
5.196971654891968,544,1
5.203480005264282,394,1
5.204630374908447,572,1
5.204808712005615,614,1
5.204946756362915,714,1
5.2050621509552,588,1
5.20517373085022,399,1
5.205292463302612,563,1
5.20540452003479,591,1
5.2055158615112305,659,1
5.205620765686035,580,1
5.2057483196258545,378,1
5.205871105194092,536,1
5.205986499786377,603,1
5.206098556518555,649,1
5.206213712692261,576,1
5.206333160400391,335,1
5.20644736289978,465,1
5.206560373306274,576,1
5.206672191619873,638,1
5.206792593002319,633,1
5.206904649734497,391,1
5.207016944885254,470,1
5.207128047943115,584,1
5.20724892616272,633,1
5.20736026763916,657,1
5.20747184753418,420,1
5.207582712173462,456,1
5.207693815231323,601,1
5.2078046798706055,613,1
5.2079150676727295,652,1
5.208025693893433,428,1
5.208137035369873,423,1
5.208264350891113,572,1
5.208377361297607,575,1
5.2084877490997314,598,1
5.208598375320435,352,1
5.208709001541138,284,1
5.208813428878784,447,1
5.208938121795654,449,1
5.209506034851074,538,1
5.211176633834839,367,1
5.211985111236572,272,1
5.212206602096558,437,1
5.212353467941284,419,1
5.2124810218811035,495,1
5.212602615356445,334,1
5.212716341018677,190,1
5.2130773067474365,372,1
5.21337103843689,403,1
5.213779449462891,505,1
5.218965768814087,391,1
5.220108985900879,232,1
5.220490455627441,407,1
5.220746994018555,445,1
5.221415758132935,527,1
5.221768140792847,459,1
5.221931457519531,262,1
5.222060918807983,428,1
5.222176790237427,508,1
5.222283840179443,601,1
5.222401142120361,555,1
5.225413084030151,337,1
5.2293877601623535,481,1
5.2343909740448,594,1
5.237215995788574,657,1
5.241070032119751,641,1
5.244985103607178,415,1
5.249130964279175,521,1
5.252858400344849,597,1
5.2567408084869385,608,1
5.2606730461120605,613,1
5.267771005630493,361,1
5.271255731582642,427,1
5.272551536560059,558,1
5.276428461074829,588,1
5.280412912368774,625,1
5.286867380142212,409,1
5.288447380065918,445,1
5.29205322265625,601,1
5.295851707458496,616,1
5.300337553024292,693,1
5.303669691085815,503,1
5.307561159133911,474,1
5.311705827713013,642,1
5.315783262252808,632,1
5.31947660446167,703,1
5.323312044143677,493,1
5.327120304107666,379,1
5.3313915729522705,539,1
5.335255146026611,542,1
5.338899612426758,627,1
5.342782258987427,474,1
5.346827507019043,358,1
5.351748943328857,537,1
5.354860305786133,544,1
5.358577013015747,634,1
5.3624677658081055,510,1
5.367620944976807,334,1
5.370280981063843,502,1
5.374145984649658,537,1
5.377986431121826,624,1
5.382151365280151,542,1
5.386011362075806,342,1
5.389838218688965,501,1
5.393657207489014,570,1
5.397970199584961,631,1
5.418498754501343,561,1
5.418890714645386,347,1
5.420258522033691,488,1
5.422826766967773,564,1
5.423199892044067,612,1
5.424334526062012,580,1
5.425007104873657,336,1
5.4288904666900635,450,1
5.432838678359985,571,1
5.4375834465026855,615,1
5.440812826156616,613,1
5.444517135620117,352,1
5.448546648025513,409,1
5.45531964302063,534,1
5.4563233852386475,558,1
5.460214853286743,594,1
5.46409797668457,347,1
5.46856164932251,361,1
5.471992015838623,515,1
5.475912570953369,527,1
5.4807140827178955,583,1
5.489391088485718,371,1
5.491261959075928,349,1
5.491496801376343,528,1
5.4954752922058105,537,1
5.500191926956177,622,1
5.503310203552246,443,1
5.507098197937012,364,1
5.511029481887817,540,1
5.514956474304199,539,1
5.518861770629883,631,1
5.522772550582886,487,1
5.526734352111816,363,1
5.530587911605835,547,1
5.534517049789429,559,1
5.540298223495483,638,1
5.54247260093689,505,1
5.546332597732544,336,1
5.550185680389404,509,1
5.554052829742432,540,1
5.557950973510742,634,1
5.56190824508667,536,1
5.565798282623291,346,1
5.5696938037872314,515,1
5.573671340942383,580,1
5.577550649642944,649,1
5.581429481506348,581,1
5.585516691207886,355,1
5.589712142944336,509,1
5.593257188796997,596,1
5.597268581390381,643,1
5.601071834564209,600,1
5.604943037033081,345,1
5.60884165763855,454,1
5.612818717956543,559,1
5.616655588150024,592,1
5.620625019073486,570,1
5.624475717544556,325,1
5.628394603729248,409,1
5.632366418838501,543,1
5.636258363723755,564,1
5.640125513076782,591,1
5.6440207958221436,363,1
5.6479332447052,383,1
5.651986360549927,540,1
5.655759572982788,566,1
5.659655809402466,607,1
5.663616180419922,389,1
5.667594909667969,376,1
5.671393156051636,554,1
5.6753904819488525,574,1
5.679942846298218,648,1
5.683220624923706,460,1
5.68705940246582,387,1
5.691036701202393,559,1
5.694921016693115,568,1
5.6987950801849365,649,1
5.70270562171936,489,1
5.706604480743408,382,1
5.710643529891968,556,1
5.714471817016602,561,1
5.718386888504028,651,1
5.722383975982666,529,1
5.726178884506226,388,1
5.730094909667969,552,1
5.733988285064697,580,1
5.737914800643921,687,1
5.741831064224243,593,1
5.745738506317139,395,1
5.749759197235107,565,1
5.7536938190460205,616,1
5.75762939453125,688,1
5.7613935470581055,614,1
5.765381813049316,407,1
5.769371032714844,579,1
5.775322437286377,667,1
5.777853727340698,710,1
5.781423330307007,662,1
5.786455869674683,422,1
5.789297580718994,543,1
5.792748928070068,651,1
5.79680323600769,711,1
5.800724029541016,717,1
5.804499864578247,470,1
5.808444499969482,563,1
5.8123133182525635,688,1
5.816355466842651,712,1
5.820753574371338,717,1
5.8239805698394775,470,1
5.827987194061279,506,1
5.832076549530029,650,1
5.8361496925354,656,1
5.839792251586914,693,1
5.843554258346558,471,1
5.847519159317017,457,1
5.8514792919158936,628,1
5.855337619781494,623,1
5.85932469367981,679,1
5.863206624984741,463,1
5.870945930480957,391,1
5.872779369354248,552,1
5.874823808670044,549,1
5.878763675689697,636,1
5.883015155792236,485,1
5.886791229248047,387,1
5.890508651733398,570,1
5.894466161727905,595,1
5.898845911026001,684,1
5.903459787368774,546,1
5.906137943267822,405,1
5.910112619400024,589,1
5.914224147796631,614,1
5.923660039901733,691,1
5.923990488052368,566,1
5.92571496963501,365,1
5.9298553466796875,523,1
5.938528776168823,548,1
5.939443588256836,599,1
5.941516160964966,507,1
5.945386171340942,288,1
5.949377536773682,434,1
5.95418381690979,505,1
5.957043647766113,576,1
5.960938215255737,516,1
5.964976787567139,246,1
5.969509601593018,330,1
5.972801685333252,414,1
5.976577520370483,451,1
5.980547904968262,434,1
5.98445987701416,182,1
5.988352537155151,275,1
5.992179870605469,415,1
5.996216058731079,451,1
6.002583265304565,463,1
6.005016565322876,219,1
6.007851600646973,275,1
6.011762619018555,418,1
6.016064167022705,440,1
6.019866466522217,484,1
6.023536920547485,268,1
6.027524709701538,285,1
6.031617641448975,463,1
6.035423040390015,482,1
6.0430748462677,558,1
6.077345132827759,375,1
6.078558921813965,335,1
6.086543083190918,511,1
6.086906909942627,518,1
6.094854116439819,596,1
6.135565280914307,419,1
6.139665126800537,333,1
6.142489671707153,523,1
6.143319606781006,543,1
6.144101858139038,623,1
6.1445536613464355,468,1
6.145066976547241,337,1
6.145551681518555,519,1
6.146027326583862,545,1
6.1578209400177,659,1
6.158512353897095,552,1
6.163336515426636,382,1
6.163886308670044,569,1
6.190228700637817,616,1
6.1926140785217285,686,1
6.193825006484985,585,1
6.195024013519287,377,1
6.200500965118408,552,1
6.205897331237793,629,1
6.207336664199829,692,1
6.209658622741699,641,1
6.212300062179565,418,1
6.220952033996582,553,1
6.2237184047698975,618,1
6.2258265018463135,664,1
6.226358890533447,647,1
6.226760625839233,407,1
6.227250814437866,516,1
6.227614402770996,642,1
6.2279345989227295,677,1
6.228313684463501,688,1
6.228673934936523,438,1
6.228979825973511,482,1
6.229402780532837,609,1
6.230794668197632,618,1
6.237402677536011,666,1
6.240400791168213,452,1
6.240862131118774,466,1
6.241258382797241,618,1
6.241569757461548,620,1
6.242246866226196,672,1
6.243757486343384,456,1
6.244478464126587,401,1
6.244781732559204,564,1
6.2450127601623535,560,1
6.245236158370972,621,1
6.245440244674683,437,1
6.246583461761475,349,1
6.2508769035339355,524,1
6.2544639110565186,543,1
6.258212327957153,644,1
6.262191295623779,511,1
6.266545057296753,394,1
6.270876407623291,582,1
6.273952484130859,606,1
6.277899980545044,711,1
6.281970262527466,593,1
6.286721229553223,439,1
6.290478229522705,606,1
6.293678522109985,620,1
6.297483682632446,681,1
6.301571607589722,580,1
6.305305004119873,365,1
6.309138536453247,509,1
6.3133704662323,569,1
6.316998481750488,647,1
6.320872068405151,586,1
6.324949741363525,383,1
6.328704833984375,536,1
6.332835912704468,616,1
6.336607933044434,675,1
6.3406383991241455,657,1
6.344408750534058,408,1
6.351068019866943,521,1
6.353623628616333,638,1
6.3570544719696045,669,1
6.360724925994873,694,1
6.365226745605469,447,1
6.3794777393341064,512,1
6.384556531906128,632,1
6.388283014297485,622,1
6.390557289123535,641,1
6.3931193351745605,401,1
6.394581317901611,413,1
6.3949830532073975,548,1
6.3957436084747314,550,1
6.399159908294678,612,1
6.403011322021484,396,1
6.406982660293579,368,1
6.410850524902344,535,1
6.4181435108184814,551,1
6.4188072681427,637,1
6.42364764213562,448,1
6.426498889923096,371,1
6.4304869174957275,547,1
6.434606313705444,547,1
6.4399590492248535,616,1
6.442137718200684,444,1
6.453213691711426,313,1
6.459844350814819,494,1
6.461057424545288,513,1
6.461768388748169,606,1
6.4738922119140625,476,1
6.477769613265991,317,1
6.478926181793213,507,1
6.520865440368652,538,1
6.538958311080933,614,1
6.55656361579895,511,1
6.556872844696045,305,1
6.557220458984375,467,1
6.5623650550842285,533,1
6.572468996047974,598,1
6.5730040073394775,515,1
6.584856033325195,266,1
6.593109846115112,391,1
6.606130599975586,453,1
6.60704231262207,496,1
6.61993932723999,477,1
6.62384819984436,242,1
6.62718653678894,356,1
6.636018514633179,472,1
6.642496347427368,527,1
6.642832279205322,537,1
6.643520832061768,296,1
6.653766632080078,383,1
6.654279947280884,522,1
6.691520929336548,545,1
6.709336996078491,585,1
6.723448038101196,357,1
6.757042407989502,388,1
6.7890307903289795,540,1
6.904851198196411,553,1
6.943303823471069,606,1
6.960379362106323,387,1
6.9843528270721436,369,1
6.990349292755127,528,1
6.991967678070068,518,1
6.993190288543701,590,1
6.99753999710083,385,1
7.006527662277222,289,1
7.011745452880859,450,1
7.022942304611206,453,1
7.024877548217773,552,1
7.025527477264404,402,1
7.026062726974487,315,1
7.027563095092773,494,1
7.028122425079346,499,1
7.0286102294921875,586,1
7.028958082199097,432,1
7.030353784561157,266,1
7.039114713668823,417,1
7.0419762134552,437,1
7.043472051620483,544,1
7.0455896854400635,458,1
7.047495603561401,281,1
7.052811622619629,457,1
7.056982517242432,512,1
7.057319164276123,595,1
7.057567596435547,516,1
7.057800769805908,286,1
7.0579917430877686,420,1
7.058190107345581,490,1
7.058359861373901,541,1
7.058565616607666,480,1
7.058758497238159,235,1
7.058950424194336,372,1
7.059153318405151,494,1
7.059392690658569,549,1
7.059611558914185,548,1
7.059916019439697,316,1
7.060130834579468,413,1
7.060376405715942,547,1
7.060567617416382,575,1
7.061465740203857,590,1
7.0670530796051025,361,1
7.070926189422607,421,1
7.0717527866363525,564,1
7.072141170501709,576,1
7.072351694107056,612,1
7.072535037994385,384,1
7.0727314949035645,372,1
7.0729358196258545,519,1
7.073117256164551,514,1
7.073291063308716,558,1
7.073482513427734,332,1
7.073691129684448,272,1
7.074030160903931,459,1
7.074262857437134,453,1
7.074465036392212,538,1
7.074658632278442,378,1
7.074843645095825,277,1
7.0750510692596436,455,1
7.075240135192871,459,1
7.075427770614624,541,1
7.075621128082275,405,1
7.075849294662476,259,1
7.076175689697266,422,1
7.078388690948486,433,1
7.078999042510986,511,1
7.079267740249634,383,1
7.079479455947876,200,1
7.080218076705933,384,1
7.086213111877441,434,1
7.088014602661133,510,1
7.08838963508606,423,1
7.08867335319519,228,1
7.088856935501099,414,1
7.089024543762207,501,1
7.089278936386108,571,1
7.089474201202393,542,1
7.089733600616455,317,1
7.089941501617432,445,1
7.090183734893799,542,1
7.090419769287109,592,1
7.090613842010498,592,1
7.090799570083618,356,1
7.090988636016846,474,1
7.091218709945679,587,1
7.091423034667969,601,1
7.091651678085327,622,1
7.09185528755188,379,1
7.0920562744140625,418,1
7.092628717422485,559,1
7.093050241470337,568,1
7.093403339385986,605,1
7.093727350234985,381,1
7.09395432472229,400,1
7.094331741333008,548,1
7.094522953033447,555,1
7.094722509384155,658,1
7.094907760620117,460,1
7.095518589019775,401,1
7.096093416213989,557,1
7.104453086853027,562,1
7.107868671417236,636,1
7.10914421081543,464,1
7.109521150588989,364,1
7.109792947769165,538,1
7.110039949417114,547,1
7.110264778137207,639,1
7.110712766647339,493,1
7.110966920852661,343,1
7.111431837081909,500,1
7.1120264530181885,516,1
7.112853527069092,618,1
7.114420652389526,483,1
7.115051031112671,300,1
7.1211183071136475,480,1
7.121399402618408,540,1
7.121676921844482,642,1
7.121885299682617,578,1
7.122093439102173,384,1
7.1222734451293945,556,1
7.122498035430908,621,1
7.122679948806763,677,1
7.122868061065674,626,1
7.123049020767212,397,1
7.123223781585693,523,1
7.123438596725464,606,1
7.123638391494751,638,1
7.12382435798645,620,1
7.124136686325073,376,1
7.124354124069214,467,1
7.124609708786011,556,1
7.124840021133423,572,1
7.125098705291748,586,1
7.125348329544067,342,1
7.125574827194214,405,1
7.125785827636719,553,1
7.126019239425659,589,1
7.126455545425415,638,1
7.1266584396362305,399,1
7.1276726722717285,424,1
7.130840539932251,598,1
7.134744644165039,603,1
7.138700723648071,656,1
7.142598628997803,446,1
7.1465747356414795,392,1
7.150441408157349,532,1
7.1541221141815186,514,1
7.15801477432251,580,1
7.161945104598999,396,1
7.166076183319092,295,1
7.169827699661255,459,1
7.173705339431763,440,1
7.177626371383667,531,1
7.181511640548706,390,1
7.186060428619385,264,1
7.189361810684204,460,1
7.193215608596802,504,1
7.197179555892944,617,1
7.2019453048706055,492,1
7.205053806304932,314,1
7.208889961242676,488,1
7.21276593208313,538,1
7.218213796615601,633,1
7.220766305923462,534,1
7.224591255187988,329,1
7.2284417152404785,501,1
7.233999252319336,576,1
7.236406087875366,636,1
7.240168571472168,558,1
7.244064092636108,306,1
7.24825119972229,441,1
7.252053737640381,537,1
7.25582218170166,595,1
7.259745121002197,581,1
7.263940095901489,341,1
7.269124269485474,464,1
7.271655321121216,582,1
7.275437831878662,623,1
7.2793869972229,649,1
7.283263206481934,422,1
7.2878336906433105,486,1
7.291038990020752,620,1
7.2949745655059814,635,1
7.299018859863281,662,1
7.302819728851318,431,1
7.3066747188568115,439,1
7.310755252838135,587,1
7.3149940967559814,596,1
7.319198846817017,641,1
7.322363376617432,416,1
7.326256036758423,391,1
7.3301684856414795,560,1
7.334082126617432,571,1
7.337954759597778,629,1
7.341855764389038,446,1
7.345808506011963,368,1
7.351582288742065,566,1
7.353646993637085,585,1
7.357546806335449,677,1
7.361450910568237,522,1
7.366302728652954,403,1
7.37129545211792,586,1
7.37319803237915,584,1
7.377277135848999,665,1
7.381053686141968,530,1
7.385065317153931,357,1
7.389412879943848,520,1
7.39275050163269,533,1
7.396930694580078,607,1
7.40292763710022,481,1
7.404611587524414,276,1
7.408397436141968,443,1
7.412362098693848,526,1
7.416662693023682,618,1
7.420548915863037,559,1
7.424100160598755,347,1
7.427943229675293,519,1
7.432039022445679,609,1
7.436457395553589,658,1
7.4396679401397705,607,1
7.443673849105835,362,1
7.447813510894775,481,1
7.451610326766968,574,1
7.455442667007446,608,1
7.459321975708008,598,1
7.463427782058716,320,1
7.46790623664856,386,1
7.4709882736206055,502,1
7.474885940551758,508,1
7.478791236877441,517,1
7.485173940658569,280,1
7.486648321151733,322,1
7.4905829429626465,463,1
7.494569540023804,476,1
7.503533840179443,518,1
7.505365371704102,309,1
7.506342887878418,328,1
7.510080575942993,521,1
7.5168797969818115,560,1
7.518998861312866,652,1
7.521813631057739,475,1
7.525739908218384,436,1
7.530174732208252,625,1
7.5365986824035645,645,1
7.537662982940674,742,1
7.541549921035767,562,1
7.545354127883911,418,1
7.549591302871704,579,1
7.553541660308838,567,1
7.557111024856567,634,1
7.561018943786621,482,1
7.56689715385437,325,1
7.568859100341797,496,1
7.572772264480591,522,1
7.57659649848938,621,1
7.5815207958221436,525,1
7.587045907974243,350,1
7.588434457778931,480,1
7.592342853546143,511,1
7.596165180206299,585,1
7.601016044616699,509,1
7.604062557220459,300,1
7.607918739318848,454,1
7.6118059158325195,528,1
7.615955591201782,593,1
7.6199445724487305,555,1
7.623553991317749,301,1
7.627442121505737,412,1
7.631432294845581,507,1
7.636070489883423,549,1
7.639199733734131,540,1
7.643224239349365,317,1
7.647031545639038,419,1
7.652020692825317,549,1
7.654993057250977,575,1
7.658783912658691,611,1
7.662733793258667,371,1
7.66701078414917,418,1
7.670661449432373,558,1
7.6744544506073,569,1
7.678388595581055,616,1
7.68234395980835,395,1
7.686244010925293,397,1
7.690070390701294,563,1
7.693999767303467,577,1
7.698185205459595,646,1
7.702475070953369,443,1
7.70570182800293,378,1
7.709820032119751,539,1
7.71360969543457,540,1
7.71754789352417,631,1
7.721447229385376,487,1
7.725392580032349,407,1
7.72918963432312,595,1
7.733944892883301,609,1
7.737044095993042,699,1
7.740941286087036,556,1
7.744815826416016,411,1
7.748958110809326,576,1
7.75293755531311,591,1
7.7567760944366455,675,1
7.760512828826904,548,1
7.764631509780884,358,1
7.769054174423218,537,1
7.772434711456299,583,1
7.776196718215942,674,1
7.78015398979187,592,1
7.78524923324585,388,1
7.787933349609375,547,1
7.791814565658569,630,1
7.795697927474976,713,1
7.800739765167236,679,1
7.803601026535034,449,1
7.807483673095703,588,1
7.811387777328491,690,1
7.815488576889038,741,1
7.819584131240845,725,1
7.823078870773315,476,1
7.82700777053833,564,1
7.831000328063965,671,1
7.83506178855896,686,1
7.838708877563477,673,1
7.842649698257446,420,1
7.846701622009277,469,1
7.85079026222229,600,1
7.85446834564209,610,1
7.858385324478149,638,1
7.862228631973267,413,1
7.866940021514893,438,1
7.869995832443237,601,1
7.873921871185303,604,1
7.877880096435547,666,1
7.882012605667114,465,1
7.885985374450684,425,1
7.88957667350769,615,1
7.893702030181885,629,1
7.897500038146973,700,1
7.901443719863892,510,1
7.905346393585205,426,1
7.90930700302124,607,1
7.91326642036438,611,1
7.917267322540283,678,1
7.921216726303101,522,1
7.9248857498168945,369,1
7.928865909576416,526,1
7.932972192764282,526,1
7.936832427978516,616,1
7.940482139587402,477,1
7.944472074508667,287,1
7.94849157333374,474,1
7.952951431274414,513,1
7.956088542938232,593,1
7.959988117218018,511,1
7.963961839675903,315,1
7.968074560165405,475,1
7.971823692321777,546,1
7.975784063339233,609,1
7.9796059131622314,560,1
7.984832763671875,349,1
7.987512826919556,501,1
7.991397380828857,602,1
7.995359897613525,655,1
7.9996421337127686,620,1
8.00314211845398,369,1
8.007027864456177,469,1
8.010896921157837,577,1
8.014953136444092,604,1
8.019091367721558,588,1
8.022746562957764,328,1
8.026540756225586,388,1
8.030535697937012,541,1
8.034832239151001,570,1
8.038294553756714,617,1
8.047662734985352,410,1
8.054720401763916,423,1
8.05563759803772,565,1
8.057056665420532,580,1
8.057830810546875,643,1
8.061706066131592,438,1
8.065938949584961,410,1
8.070347785949707,568,1
8.073455333709717,575,1
8.077463388442993,649,1
8.081464529037476,455,1
8.086032152175903,361,1
8.089252233505249,521,1
8.093024730682373,519,1
8.09696364402771,618,1
8.102784156799316,492,1
8.104822158813477,360,1
8.108662605285645,535,1
8.112738370895386,550,1
8.116601705551147,671,1
8.120941400527954,548,1
8.124378204345703,376,1
8.12824034690857,554,1
8.132802963256836,586,1
8.136349439620972,673,1
8.139966487884521,568,1
8.14395809173584,363,1
8.148639440536499,517,1
8.154771327972412,563,1
8.15575361251831,620,1
8.15961742401123,549,1
8.163504362106323,315,1
8.171047687530518,437,1
8.171884775161743,536,1
8.17515254020691,601,1
8.17905569076538,566,1
8.18298053741455,319,1
8.188541889190674,429,1
8.190884351730347,547,1
8.194705486297607,580,1
8.200202226638794,582,1
8.203576803207397,349,1
8.20650053024292,433,1
8.210647821426392,571,1
8.215401411056519,598,1
8.221101760864258,615,1
8.222156763076782,383,1
8.226013898849487,414,1
8.230084419250488,557,1
8.23752236366272,571,1
8.238738298416138,639,1
8.24180269241333,424,1
8.245657444000244,391,1
8.25390625,563,1
8.255187273025513,583,1
8.2574782371521,676,1
8.261405944824219,493,1
8.267606973648071,419,1
8.273629903793335,598,1
8.273932218551636,606,1
8.277202844619751,691,1
8.280999660491943,532,1
8.288963079452515,427,1
8.289517641067505,605,1
8.29256534576416,611,1
8.296919107437134,706,1
8.305041551589966,591,1
8.308366060256958,445,1
8.310769319534302,615,1
8.322446346282959,627,1
8.322820663452148,704,1
8.334929466247559,590,1
8.33618426322937,382,1
8.338994026184082,535,1
8.339642524719238,579,1
8.357425689697266,655,1
8.36278223991394,597,1
8.36338472366333,379,1
8.36788034439087,524,1
8.36880898475647,606,1
8.402963876724243,665,1
8.468348026275635,622,1
8.539055347442627,375,1
8.590672016143799,493,1
8.63740062713623,597,1
8.687565088272095,630,1
8.70000958442688,629,1
8.718153238296509,382,1
8.720740556716919,468,1
8.72219705581665,582,1
8.741440773010254,580,1
8.82899284362793,587,1
8.859750032424927,312,1
8.872286319732666,319,1
8.886172533035278,464,1
8.891182661056519,486,1
8.91012191772461,545,1
8.91097617149353,325,1
8.911580801010132,303,1
8.911994934082031,453,1
8.912474632263184,476,1
8.912753820419312,553,1
8.920780420303345,360,1
8.923094272613525,321,1
8.923456192016602,509,1
8.923742055892944,504,1
8.924014806747437,577,1
8.924229621887207,410,1
8.92447280883789,321,1
8.924697875976562,528,1
8.924841403961182,533,1
8.925019025802612,619,1
8.925164461135864,465,1
8.92530632019043,302,1
8.925441026687622,484,1
8.925646305084229,509,1
8.925847291946411,606,1
8.926042556762695,512,1
8.926237344741821,341,1
8.926472425460815,511,1
8.92663288116455,535,1
8.926991939544678,603,1
8.9271981716156,524,1
8.927420139312744,311,1
8.927697658538818,482,1
8.92892861366272,574,1
8.9295973777771,637,1
8.938839673995972,602,1
8.939823627471924,364,1
8.940290451049805,495,1
8.94050121307373,611,1
8.940722703933716,670,1
8.940887212753296,662,1
8.941052913665771,404,1
8.941246271133423,482,1
8.94143009185791,588,1
8.94161581993103,618,1
8.941847801208496,652,1
8.942071914672852,384,1
8.942212104797363,387,1
8.942424297332764,504,1
8.942589044570923,508,1
8.942768573760986,547,1
8.942943096160889,319,1
8.94312310218811,318,1
8.943342685699463,463,1
8.94351840019226,454,1
8.94373369216919,515,1
8.943938970565796,303,1
8.94490671157837,259,1
8.945844411849976,439,1
8.946357250213623,433,1
8.955219984054565,500,1
8.955940961837769,310,1
8.956339836120605,192,1
8.956661701202393,359,1
8.956897497177124,370,1
8.95712423324585,479,1
8.957433223724365,341,1
8.957666635513306,211,1
8.957870244979858,383,1
8.958057880401611,392,1
8.958719730377197,503,1
8.95923113822937,407,1
8.959453821182251,232,1
8.959636926651001,402,1
8.959851741790771,436,1
8.96006464958191,516,1
8.960297346115112,413,1
8.960574865341187,200,1
8.961471319198608,362,1
8.961894989013672,419,1
8.962157487869263,468,1
8.962436199188232,409,1
8.962672233581543,172,1
8.96284008026123,300,1
8.969322204589844,381,1
8.97081995010376,431,1
8.971243858337402,420,1
8.9715096950531,202,1
8.971716403961182,319,1
8.971874952316284,442,1
8.97203779220581,489,1
8.972283363342285,506,1
8.972490310668945,267,1
8.97269320487976,340,1
8.972811937332153,509,1
8.972936153411865,536,1
8.973308086395264,572,1
8.973900318145752,324,1
8.974316358566284,322,1
8.974947214126587,487,1
8.975145816802979,508,1
8.975359916687012,576,1
8.97549557685852,391,1
8.975642204284668,381,1
8.97585153579712,564,1
8.9760262966156,571,1
8.976177215576172,663,1
8.97640061378479,488,1
8.976609706878662,398,1
8.976779222488403,588,1
8.976989984512329,587,1
8.977139949798584,679,1
8.977355241775513,540,1
8.977500677108765,412,1
8.977694749832153,600,1
8.97784686088562,614,1
8.978015422821045,693,1
8.978262901306152,556,1
8.979049921035767,376,1
8.979280948638916,558,1
8.979448795318604,594,1
8.979626178741455,687,1
8.986443281173706,626,1
8.987170457839966,440,1
8.987589359283447,630,1
8.987884283065796,703,1
8.988327503204346,780,1
8.98881196975708,719,1
8.989152669906616,495,1
8.989484786987305,653,1
8.989786386489868,744,1
8.990015029907227,781,1
8.990191221237183,746,1
8.990374565124512,513,1
8.99054741859436,632,1
8.990726470947266,746,1
8.990954875946045,764,1
8.991146326065063,765,1
8.991334915161133,508,1
8.99155592918396,575,1
8.991775751113892,708,1
8.99196481704712,740,1
8.992389440536499,782,1
8.994715452194214,544,1
8.995134830474854,557,1
8.995522260665894,695,1
8.995790719985962,710,1
8.995997667312622,778,1
8.996174573898315,568,1
8.99632453918457,533,1
9.004154443740845,704,1
9.00441288948059,701,1
9.004709959030151,768,1
9.004926919937134,583,1
9.005178689956665,498,1
9.008465766906738,664,1
9.012450218200684,648,1
9.016556739807129,720,1
9.020187616348267,542,1
9.024091482162476,430,1
9.028009414672852,626,1
9.03246784210205,651,1
9.036227226257324,733,1
9.039736986160278,596,1
9.043725728988647,446,1
9.04778790473938,623,1
9.06214451789856,633,1
9.070290803909302,706,1
9.07091760635376,596,1
9.071499109268188,392,1
9.072354078292847,559,1
9.07280421257019,613,1
9.074997663497925,671,1
9.078878402709961,574,1
9.083302021026611,330,1
9.087183713912964,462,1
9.090869426727295,519,1
9.094535827636719,561,1
9.098911762237549,518,1
9.102797508239746,281,1
9.106245994567871,415,1
9.110217332839966,549,1
9.114101648330688,584,1
9.11901593208313,577,1
9.121948480606079,331,1
9.125818490982056,415,1
9.129942417144775,558,1
9.134037971496582,586,1
9.137700080871582,603,1
9.141492128372192,354,1
9.145465612411499,377,1
9.15007996559143,522,1
9.153217792510986,532,1
9.157209396362305,539,1
9.161137104034424,300,1
9.165501594543457,279,1
9.169843673706055,434,1
9.172747373580933,448,1
9.176659107208252,523,1
9.18107008934021,352,1
9.185561656951904,312,1
9.188479661941528,499,1
9.192386388778687,519,1
9.196229696273804,591,1
9.200658321380615,413,1
9.20409870147705,320,1
9.208067178726196,511,1
9.211894512176514,521,1
9.216397047042847,600,1
9.219749212265015,466,1
9.223588705062866,322,1
9.228018760681152,482,1
9.232262134552002,491,1
9.236232280731201,562,1
9.239320039749146,437,1
9.243201971054077,247,1
9.249144315719604,396,1
9.252479076385498,418,1
9.254992723464966,477,1
9.25884461402893,412,1
9.262837171554565,193,1
9.26698923110962,341,1
9.27068567276001,435,1
9.274472951889038,499,1
9.278496265411377,459,1
9.282864332199097,234,1
9.286227464675903,357,1
9.290106773376465,463,1
9.294005870819092,507,1
9.298030138015747,506,1
9.302496910095215,266,1
9.305788278579712,359,1
9.327099084854126,499,1
9.327534675598145,517,1
9.32802414894104,520,1
9.328346967697144,285,1
9.32863450050354,330,1
9.329367637634277,474,1
9.333188772201538,495,1
9.337138414382935,556,1
9.34237003326416,360,1
9.344926357269287,375,1
9.348907947540283,529,1
9.35281753540039,534,1
9.356611013412476,597,1
9.36050796508789,386,1
9.364645004272461,340,1
9.369264602661133,527,1
9.372397422790527,540,1
9.376187801361084,625,1
9.380180597305298,468,1
9.385744571685791,365,1
9.387909650802612,529,1
9.39183497428894,505,1
9.395901679992676,587,1
9.399976015090942,437,1
9.403701782226562,286,1
9.40745759010315,458,1
9.411421060562134,469,1
9.415847778320312,559,1
9.421470403671265,454,1
9.423120021820068,284,1
9.427034378051758,441,1
9.431157112121582,479,1
9.435035467147827,559,1
9.438858270645142,471,1
9.44286036491394,259,1
9.44701099395752,425,1
9.452399730682373,485,1
9.454699516296387,530,1
9.458384275436401,469,1
9.462416648864746,220,1
9.466963052749634,342,1
9.470149993896484,431,1
9.474042654037476,476,1
9.477903842926025,478,1
9.483388662338257,271,1
9.485788583755493,394,1
9.489794731140137,530,1
9.493799924850464,582,1
9.50085163116455,612,1
9.50369906425476,379,1
9.505437850952148,443,1
9.509235382080078,594,1
9.513120651245117,606,1
9.51941442489624,642,1
9.520947456359863,408,1
9.524842262268066,395,1
9.528760194778442,545,1
9.533674716949463,543,1
9.536969423294067,602,1
9.540610551834106,395,1
9.544429779052734,359,1
9.550652265548706,548,1
9.552852630615234,561,1
9.55619502067566,638,1
9.560055494308472,474,1
9.566837072372437,394,1
9.568511962890625,567,1
9.571817398071289,564,1
9.575685501098633,645,1
9.579709768295288,479,1
9.58826208114624,335,1
9.58935284614563,508,1
9.59142255783081,511,1
9.595292568206787,597,1
9.60057520866394,456,1
9.603334665298462,257,1
9.607046127319336,429,1
9.611003160476685,480,1
9.616651773452759,566,1
9.619140625,499,1
9.622638702392578,319,1
9.626583099365234,504,1
9.633217334747314,572,1
9.634579420089722,645,1
9.638512372970581,613,1
9.6423819065094,390,1
9.646099328994751,529,1
9.650716781616211,595,1
9.654470205307007,644,1
9.657893896102905,635,1
9.66189432144165,395,1
9.666809797286987,491,1
9.669668436050415,598,1
9.67358112335205,636,1
9.67766284942627,632,1
9.681775569915771,367,1
9.687060594558716,417,1
9.689204692840576,533,1
9.693057298660278,535,1
9.697510004043579,560,1
9.704835176467896,329,1
9.705268859863281,354,1
9.708710432052612,515,1
9.712679862976074,530,1
9.716752529144287,600,1
9.720550060272217,388,1
9.724447965621948,352,1
9.728249549865723,547,1
9.732488870620728,571,1
9.736860990524292,654,1
9.740094900131226,467,1
9.743921995162964,378,1
9.750379800796509,556,1
9.752480268478394,572,1
9.755811214447021,675,1
9.759644985198975,507,1
9.763810873031616,368,1
9.770196676254272,548,1
9.771819353103638,561,1
9.775269031524658,649,1
9.77920937538147,488,1
9.7845299243927,294,1
9.787158012390137,490,1
9.79095983505249,546,1
9.80394458770752,646,1
9.809777021408081,549,1
9.810146570205688,344,1
9.810423374176025,510,1
9.810596704483032,567,1
9.814674377441406,626,1
9.8211989402771,547,1
9.822282075881958,316,1
9.826051950454712,465,1
9.830667495727539,556,1
9.833879470825195,618,1
9.83809757232666,596,1
9.841741800308228,353,1
9.845768928527832,465,1
9.850809574127197,562,1
9.85378646850586,611,1
9.857489347457886,607,1
9.861448764801025,355,1
9.869169235229492,450,1
9.871060371398926,589,1
9.87308120727539,604,1
9.876955509185791,614,1
9.88218903541565,372,1
9.885785579681396,408,1
9.888752460479736,553,1
9.892746686935425,557,1
9.897398471832275,612,1
9.90555739402771,387,1
9.907814025878906,357,1
9.908287048339844,518,1
9.91215205192566,516,1
9.916930675506592,578,1
9.920506238937378,375,1
9.923908948898315,300,1
9.92787480354309,460,1
9.937700510025024,457,1
9.937952995300293,543,1
9.939683675765991,375,1
9.94353985786438,276,1
9.951735973358154,498,1
9.953746557235718,510,1
9.955174684524536,617,1
9.959205389022827,495,1
9.96343445777893,338,1
9.972508668899536,517,1
9.973271131515503,543,1
9.975074529647827,621,1
9.978646039962769,472,1
9.982908487319946,245,1
9.988712310791016,395,1
9.990554332733154,442,1
9.994487285614014,512,1
10.000582456588745,433,1
10.004533767700195,197,1
10.006995916366577,334,1
10.010201454162598,421,1
10.013980865478516,489,1
10.018870115280151,460,1
10.021895170211792,202,1
10.025592803955078,323,1
10.029627084732056,448,1
10.033833503723145,510,1
10.038198947906494,528,1
10.041358947753906,282,1
10.04523515701294,384,1
10.049593925476074,506,1
10.053144931793213,530,1
10.056879043579102,554,1
10.060945987701416,309,1
10.06587553024292,354,1
10.07098937034607,518,1
10.072580814361572,562,1
10.076542377471924,622,1
10.081958770751953,397,1
10.086352109909058,394,1
10.088182926177979,549,1
10.092102527618408,551,1
10.096077680587769,631,1
10.100380420684814,433,1
10.104068994522095,361,1
10.107771635055542,545,1
10.111823797225952,576,1
10.117320537567139,684,1
10.119534254074097,527,1
10.123577356338501,425,1
10.127698421478271,591,1
10.13127326965332,595,1
10.136415481567383,697,1
10.139052391052246,577,1
10.142956495285034,428,1
10.146863460540771,590,1
10.150862693786621,601,1
10.154763460159302,679,1
10.158790349960327,545,1
10.162622451782227,348,1
10.169937372207642,507,1
10.170933246612549,548,1
10.174226760864258,642,1
10.178232192993164,589,1
10.182180166244507,388,1
10.186052560806274,567,1
10.18997859954834,649,1
10.19386625289917,706,1
10.197948694229126,659,1
10.203200101852417,423,1
10.205536603927612,561,1
10.209492921829224,670,1
10.213626384735107,716,1
10.217907428741455,685,1
10.221243858337402,422,1
10.225117444992065,504,1
10.229004383087158,625,1
10.233094453811646,677,1
10.237253904342651,697,1
10.240823745727539,452,1
10.244767904281616,498,1
10.250413179397583,629,1
10.252737045288086,654,1
10.256484746932983,701,1
10.26050353050232,472,1
10.264362096786499,475,1
10.268697738647461,643,1
10.272056341171265,668,1
10.2759530544281,712,1
10.280640363693237,489,1
10.286276578903198,414,1
10.288074254989624,572,1
10.291792154312134,556,1
10.295751571655273,645,1
10.30006742477417,486,1
10.303464412689209,400,1
10.307352304458618,575,1
10.311195611953735,585,1
10.315368175506592,679,1
10.31930160522461,546,1
10.323100566864014,414,1
10.326913356781006,591,1
10.330772399902344,610,1
10.334939241409302,696,1
10.338646650314331,537,1
10.342499256134033,313,1
10.346439599990845,489,1
10.351340770721436,523,1
10.354401111602783,605,1
10.358156681060791,514,1
10.362120151519775,286,1
10.366395473480225,425,1
10.369900703430176,492,1
10.37384295463562,555,1
10.377860069274902,503,1
10.382019758224487,305,1
10.386017084121704,475,1
10.389605522155762,576,1
10.393457174301147,630,1
10.39746379852295,624,1
10.403605222702026,387,1
10.405108451843262,494,1
10.409107685089111,612,1
10.41295599937439,635,1
10.41737699508667,642,1
10.42084550857544,387,1
10.424923658370972,436,1
10.428619861602783,572,1
10.433165550231934,599,1
10.436609029769897,643,1
10.440342903137207,411,1
10.444470643997192,417,1
10.44918179512024,546,1
10.453346490859985,539,1
10.455990076065063,593,1
10.46005129814148,378,1
10.463927507400513,366,1
10.46823239326477,559,1
10.471548080444336,593,1
10.475554466247559,677,1
10.479476690292358,497,1
10.484392166137695,411,1
10.487550497055054,597,1
10.491174936294556,625,1
10.49510145187378,718,1
10.500004291534424,558,1
10.502939462661743,423,1
10.506749868392944,616,1
10.510842323303223,620,1
10.516533374786377,714,1
10.520472049713135,583,1
10.522535562515259,395,1
10.52646780014038,566,1
10.534029722213745,590,1
10.535563945770264,658,1
10.538114547729492,547,1
10.542099475860596,331,1
10.545897722244263,494,1
10.550435066223145,569,1
10.55375075340271,656,1
10.55783486366272,593,1
10.561600685119629,355,1
10.565854787826538,497,1
10.569657564163208,585,1
10.573410987854004,645,1
10.5773024559021,643,1
10.583510875701904,420,1
10.585566282272339,549,1
10.588918924331665,672,1
10.592928409576416,721,1
10.597135305404663,709,1
10.602938652038574,442,1
10.604708671569824,513,1
10.608556032180786,638,1
10.612489700317383,660,1
10.61673641204834,682,1
10.620273351669312,464,1
10.624165534973145,499,1
10.62808632850647,639,1
10.632032632827759,653,1
10.636252641677856,694,1
10.63984489440918,468,1
10.64367413520813,431,1
10.650767803192139,589,1
10.653743743896484,571,1
10.655470132827759,643,1
10.659469366073608,443,1
10.66348671913147,356,1
10.670300006866455,524,1
10.671126365661621,531,1
10.67498254776001,611,1
10.678957462310791,428,1
10.683250427246094,300,1
10.686811447143555,480,1
10.690835952758789,494,1
10.694563865661621,604,1
10.69881534576416,490,1
10.702550649642944,346,1
10.706375122070312,540,1
10.71018123626709,583,1
10.714183330535889,660,1
10.718003511428833,558,1
10.721942901611328,370,1
10.725846290588379,544,1
10.730603456497192,603,1
10.734036445617676,673,1
10.737558841705322,605,1
10.741516828536987,390,1
10.745496273040771,535,1
10.749467849731445,616,1
10.753304243087769,666,1
10.757141351699829,621,1
10.76113486289978,376,1
10.764957427978516,480,1
10.769152164459229,577,1
10.772839069366455,627,1
10.776990175247192,640,1
10.780661582946777,418,1
10.784668445587158,512,1
10.788594007492065,634,1
10.792476654052734,644,1
10.79640507698059,664,1
10.800347566604614,432,1
10.804067134857178,475,1
10.807997703552246,604,1
10.811925172805786,615,1
10.815840244293213,665,1
10.819737911224365,447,1
10.823825359344482,416,1
10.827532052993774,565,1
10.831491708755493,551,1
10.835538864135742,600,1
10.839420795440674,392,1
10.843261241912842,338,1
10.847200870513916,507,1
10.851047992706299,503,1
10.855072498321533,587,1
10.858937501907349,421,1
10.862810850143433,323,1
10.866867065429688,524,1
10.870798110961914,545,1
10.874657154083252,656,1
10.878496646881104,514,1
10.882630825042725,354,1
10.886438369750977,542,1
10.890268802642822,564,1
10.894200563430786,652,1
10.898198127746582,530,1
10.90202808380127,334,1
10.905856609344482,505,1
10.909826278686523,536,1
10.9139564037323,610,1
10.917534589767456,543,1
10.921483278274536,344,1
10.92548394203186,497,1
10.929641962051392,577,1
10.933380842208862,634,1
10.93717360496521,583,1
10.941285133361816,335,1
10.944948196411133,465,1
10.949045658111572,560,1
10.952793836593628,607,1
10.956745624542236,576,1
10.960851430892944,314,1
10.964687585830688,399,1
10.968544721603394,519,1
10.972514629364014,540,1
10.976325035095215,551,1
10.980562925338745,280,1
10.984305381774902,297,1
10.988016366958618,445,1
10.991983890533447,473,1
10.995852947235107,529,1
10.9999361038208,313,1
11.003773927688599,311,1
11.007588148117065,461,1
11.011795997619629,472,1
11.015869140625,538,1
11.019479036331177,342,1
11.023316144943237,293,1
11.027268171310425,454,1
11.031000852584839,432,1
11.034953355789185,504,1
11.038897275924683,352,1
11.042737483978271,265,1
11.046802997589111,440,1
11.050585746765137,431,1
11.05445647239685,516,1
11.058495044708252,362,1
11.062416315078735,209,1
11.066465854644775,376,1
11.0702064037323,392,1
11.074135065078735,504,1
11.077966213226318,374,1
11.081947326660156,194,1
11.085804462432861,382,1
11.089658737182617,442,1
11.093718767166138,530,1
11.097641706466675,456,1
11.101491928100586,249,1
11.105458498001099,409,1
11.109299421310425,489,1
11.113342523574829,558,1
11.117382287979126,519,1
11.12098503112793,297,1
11.12495231628418,432,1
11.128950357437134,501,1
11.132741451263428,556,1
11.137186765670776,546,1
11.140625715255737,297,1
11.144495725631714,415,1
11.148442029953003,562,1
11.152294158935547,606,1
11.156161546707153,608,1
11.160176515579224,350,1
11.164191246032715,365,1
11.168135643005371,468,1
11.171913862228394,475,1
11.176002025604248,505,1
11.17988109588623,258,1
11.183629512786865,277,1
11.187496662139893,433,1
11.191645383834839,440,1
11.195354223251343,499,1
11.199202060699463,258,1
11.203188419342041,182,1
11.208089113235474,323,1
11.211303949356079,318,1
11.21489953994751,408,1
11.21886134147644,237,1
11.222744703292847,166,1
11.226767778396606,359,1
11.230550527572632,363,1
11.234434843063354,461,1
11.238390922546387,326,1
11.24236798286438,202,1
11.246201992034912,379,1
11.25011157989502,388,1
11.254198789596558,493,1
11.257985591888428,361,1
11.261815071105957,184,1
11.265686988830566,370,1
11.269791603088379,416,1
11.273627281188965,498,1
11.277637720108032,402,1
11.281508445739746,197,1
11.285412311553955,359,1
11.289216756820679,426,1
11.293170928955078,493,1
11.297239542007446,438,1
11.301058292388916,216,1
11.305124759674072,338,1
11.308831453323364,428,1
11.31274676322937,481,1
11.316758394241333,465,1
11.320653438568115,230,1
11.324490547180176,351,1
11.328430414199829,473,1
11.332416534423828,494,1
11.336146116256714,501,1
11.340038061141968,276,1
11.34397840499878,354,1
11.347875356674194,475,1
11.351813077926636,481,1
11.355841398239136,516,1
11.35979413986206,282,1
11.363836765289307,303,1
11.367451906204224,470,1
11.371465682983398,523,1
11.37527060508728,611,1
11.379270792007446,403,1
11.383193969726562,387,1
11.3870530128479,584,1
11.390927791595459,602,1
11.394847393035889,680,1
11.39874529838562,501,1
11.402652263641357,423,1
11.406609296798706,602,1
11.410472631454468,613,1
11.414413213729858,710,1
11.418381452560425,546,1
11.422167778015137,415,1
11.426220417022705,602,1
11.43080186843872,592,1
11.433953762054443,657,1
11.437866926193237,508,1
11.441876649856567,321,1
11.446007490158081,482,1
11.44966435432434,518,1
11.453536987304688,612,1
11.45765209197998,526,1
11.461631774902344,330,1
11.465399026870728,507,1
11.46927785873413,582,1
11.47312307357788,658,1
11.477110862731934,596,1
11.480955600738525,361,1
11.485491514205933,498,1
11.488725900650024,591,1
11.492606401443481,654,1
11.496625900268555,619,1
11.500441551208496,363,1
11.504443168640137,465,1
11.508351802825928,567,1
11.512195348739624,597,1
11.516058444976807,570,1
11.519972085952759,311,1
11.524075508117676,378,1
11.527941465377808,515,1
11.531787872314453,544,1
11.543392896652222,567,1
11.543978929519653,336,1
11.544279098510742,386,1
11.547434568405151,566,1
11.55136752128601,594,1
11.555177211761475,663,1
11.559117555618286,460,1
11.57165002822876,449,1
11.577552795410156,615,1
11.577809810638428,621,1
11.578019857406616,693,1
11.578804731369019,506,1
11.582597494125366,440,1
11.586610317230225,613,1
11.590520858764648,594,1
11.594393014907837,668,1
11.598238468170166,512,1
11.60215139389038,393,1
11.606082916259766,572,1
11.610049962997437,587,1
11.613973140716553,693,1
11.619399070739746,552,1
11.622193574905396,369,1
11.62562108039856,527,1
11.629514217376709,551,1
11.633538007736206,647,1
11.637471914291382,554,1
11.64139723777771,360,1
11.645167589187622,544,1
11.649080753326416,606,1
11.652999639511108,698,1
11.656906366348267,623,1
11.660798072814941,409,1
11.664865970611572,560,1
11.668720722198486,623,1
11.672773122787476,661,1
11.676612854003906,608,1
11.680835247039795,356,1
11.684425115585327,480,1
11.688302278518677,558,1
11.692166090011597,598,1
11.696036100387573,588,1
11.700410604476929,346,1
11.703952312469482,434,1
11.707885026931763,562,1
11.711883783340454,605,1
11.715765953063965,632,1
11.719658374786377,399,1
11.723452806472778,453,1
11.727384090423584,600,1
11.731302738189697,614,1
11.73520827293396,662,1
11.739190101623535,449,1
11.743048429489136,451,1
11.746968269348145,608,1
11.750871658325195,620,1
11.760048627853394,706,1
11.771962642669678,513,1
11.77218222618103,437,1
11.77241039276123,609,1
11.77258586883545,612,1
11.774327754974365,679,1
11.778403997421265,495,1
11.784602642059326,383,1
11.787131786346436,563,1
11.789893865585327,567,1
11.793828248977661,662,1
11.79784870147705,534,1
11.804461479187012,396,1
11.805755138397217,574,1
11.809722423553467,573,1
11.813631296157837,658,1
11.818603992462158,539,1
11.821656465530396,348,1
11.825130462646484,526,1
11.82907748222351,568,1
11.833081245422363,650,1
11.836954593658447,564,1
11.840914964675903,339,1
11.844699382781982,503,1
11.84949803352356,582,1
11.854604959487915,645,1
11.856521368026733,594,1
11.860400438308716,338,1
11.865445137023926,467,1
11.86888337135315,573,1
11.872115135192871,620,1
11.876028537750244,604,1
11.880214214324951,359,1
11.885996103286743,461,1
11.88786268234253,576,1
11.891732692718506,615,1
11.89566707611084,632,1
11.90379810333252,380,1
11.906067848205566,446,1
11.908384799957275,581,1
11.911224126815796,605,1
11.915180921554565,662,1
11.922064542770386,433,1
11.923169374465942,436,1
11.926907539367676,593,1
11.932759761810303,607,1
11.937264442443848,677,1
11.938766479492188,483,1
11.942712783813477,422,1
11.946431875228882,571,1
11.95047903060913,563,1
11.954409122467041,639,1
11.958400011062622,465,1
11.962033748626709,368,1
11.966468572616577,552,1
11.97072982788086,564,1
11.973855972290039,648,1
11.977699279785156,487,1
11.981924057006836,331,1
11.986187219619751,507,1
11.989438772201538,533,1
11.993408203125,638,1
11.997974395751953,526,1
12.001967668533325,349,1
12.005131244659424,521,1
12.00901460647583,576,1
12.01291537284851,660,1
12.016922235488892,573,1
12.020805358886719,360,1
12.024731636047363,525,1
12.028666973114014,592,1
12.032801389694214,663,1
12.036561012268066,617,1
12.040372371673584,387,1
12.044360876083374,525,1
12.049537897109985,610,1
12.054992437362671,664,1
12.056015729904175,642,1
12.059860944747925,387,1
12.066223859786987,501,1
12.071534156799316,625,1
12.07186508178711,671,1
12.075520515441895,686,1
12.07950758934021,433,1
12.083808183670044,497,1
12.087506771087646,618,1
12.091164588928223,634,1
12.095200061798096,664,1
12.100317239761353,432,1
12.103918075561523,436,1
12.106864929199219,584,1
12.11075210571289,598,1
12.116195440292358,659,1
12.119717359542847,441,1
12.122475147247314,375,1
12.126471281051636,519,1
12.131030559539795,500,1
12.135698795318604,567,1
12.138100147247314,382,1
12.14205551147461,297,1
12.146010637283325,482,1
12.150012254714966,486,1
12.153860569000244,571,1
12.157897472381592,418,1
12.161788940429688,306,1
12.166300773620605,505,1
12.169631481170654,535,1
12.173475742340088,641,1
12.177361011505127,504,1
12.181358814239502,331,1
12.186167240142822,514,1
12.188934803009033,540,1
12.19297170639038,644,1
12.197921991348267,545,1
12.201916694641113,304,1
12.204788446426392,443,1
12.208582162857056,501,1
12.21251392364502,577,1
12.21654200553894,524,1
12.220439910888672,294,1
12.224186897277832,434,1
12.228061199188232,519,1
12.2325758934021,568,1
12.23604154586792,535,1
12.239795446395874,289,1
12.243841886520386,408,1
12.248653411865234,519,1
12.25725269317627,560,1
12.25799822807312,551,1
12.25949764251709,303,1
12.26382327079773,375,1
12.269949436187744,503,1
12.271185159683228,546,1
12.2750563621521,579,1
12.279030084609985,330,1
12.282987833023071,354,1
12.287695169448853,502,1
12.290816068649292,526,1
12.294849872589111,578,1
12.299992799758911,375,1
12.303658246994019,348,1
12.306423425674438,523,1
12.31024718284607,528,1
12.314459800720215,595,1
12.320255517959595,414,1
12.322392225265503,335,1
12.325965642929077,524,1
12.329840183258057,528,1
12.333746910095215,618,1
12.337762355804443,446,1
12.341712951660156,324,1
12.34548830986023,514,1
12.349743604660034,535,1
12.353944778442383,633,1
12.357167959213257,505,1
12.361103057861328,357,1
12.36729907989502,530,1
12.374628782272339,556,1
12.375240564346313,645,1
12.37686824798584,550,1
12.386428594589233,357,1
12.391222715377808,530,1
12.391508102416992,571,1
12.392521381378174,626,1
12.396419286727905,546,1
12.400307416915894,320,1
12.404987096786499,481,1
12.408011198043823,574,1
12.412119626998901,627,1
12.417187213897705,592,1
12.420041561126709,364,1
12.423712253570557,487,1
12.427618741989136,586,1
12.432882308959961,615,1
12.438213109970093,620,1
12.440358877182007,366,1
12.443394422531128,443,1
12.448155879974365,576,1
12.454384565353394,597,1
12.45503830909729,614,1
12.458919048309326,369,1
12.46291184425354,423,1
12.466838359832764,586,1
12.470777988433838,588,1
12.474544763565063,629,1
12.478498935699463,405,1
12.483367443084717,398,1
12.48893666267395,573,1
12.490195989608765,590,1
12.494126558303833,656,1
12.498451709747314,457,1
12.502352952957153,388,1
12.505813837051392,558,1
12.509821891784668,568,1
12.51450490951538,655,1
12.517858266830444,477,1
12.521626234054565,358,1
12.525547981262207,550,1
12.529484510421753,559,1
12.533494472503662,662,1
12.538838386535645,536,1
12.54111647605896,389,1
12.545097351074219,564,1
12.549702167510986,593,1
12.553672790527344,703,1
12.556797981262207,591,1
12.56074595451355,401,1
12.566505432128906,571,1
12.570874214172363,621,1
12.572514533996582,680,1
12.57641053199768,582,1
12.582169532775879,352,1
12.584352970123291,494,1
12.588219165802002,563,1
12.591923713684082,612,1
12.595873355865479,563,1
12.599921226501465,327,1
12.603864908218384,448,1
12.607726335525513,508,1
12.611511707305908,492,1
12.616584300994873,489,1
12.622464179992676,239,1
12.623325109481812,321,1
12.627151250839233,439,1
12.631104230880737,487,1
12.636118412017822,528,1
12.638961791992188,284,1
12.642759799957275,338,1
12.648571014404297,476,1
12.650911092758179,494,1
12.654556512832642,542,1
12.658509492874146,308,1
12.662484169006348,312,1
12.666436195373535,482,1
12.670743942260742,499,1
12.67417311668396,562,1
12.678036212921143,350,1
12.682854890823364,306,1
12.686872005462646,480,1
12.689852237701416,493,1
12.693825960159302,582,1
12.697904586791992,409,1
12.702472925186157,310,1
12.705524921417236,486,1
12.709399700164795,483,1
12.713501453399658,579,1
12.717230081558228,433,1
12.72104287147522,305,1
12.725006341934204,477,1
12.728955507278442,491,1
12.7331383228302,573,1
12.736774206161499,454,1
12.740774631500244,279,1
12.744526863098145,452,1
12.748748064041138,486,1
12.753523349761963,587,1
12.756276607513428,499,1
12.773267030715942,274,1
12.774412870407104,423,1
12.775713443756104,495,1
12.776230096817017,551,1
12.777348518371582,484,1
12.779728889465332,238,1
12.783742427825928,360,1
12.787612676620483,434,1
12.791541814804077,468,1
12.795523643493652,447,1
12.799840688705444,197,1
12.803392171859741,306,1
12.807171821594238,436,1
12.811050176620483,464,1
12.815443277359009,471,1
12.819484233856201,220,1
12.822864532470703,286,1
12.826748609542847,435,1
12.83090353012085,451,1
12.835174560546875,483,1
12.838557958602905,262,1
12.842542171478271,269,1
12.846399545669556,436,1
12.850428104400635,460,1
12.854326963424683,541,1
12.858035802841187,354,1
12.861884832382202,309,1
12.86626148223877,474,1
12.87015438079834,489,1
12.873671770095825,580,1
12.877650499343872,410,1
12.881648540496826,319,1
12.885640144348145,496,1
12.889371156692505,497,1
12.893166780471802,583,1
12.89716124534607,425,1
12.901095867156982,292,1
12.904922246932983,493,1
12.908775806427002,524,1
12.91288423538208,628,1
12.916908979415894,505,1
12.920820951461792,327,1
12.926831483840942,499,1
12.958309650421143,533,1
12.95883321762085,605,1
12.960499286651611,512,1
12.960802793502808,306,1
12.962038278579712,453,1
12.962454080581665,518,1
12.962806701660156,585,1
12.963025093078613,530,1
12.968589067459106,308,1
12.972551345825195,458,1
12.973528146743774,559,1
12.992077112197876,636,1
12.992302656173706,647,1
12.992804288864136,412,1
12.993253707885742,507,1
12.993974208831787,609,1
12.994188785552979,650,1
12.994916439056396,654,1
12.999443769454956,403,1
13.00277853012085,472,1
13.006842613220215,615,1
13.010565757751465,641,1
13.014527559280396,675,1
13.021379232406616,440,1
13.022259950637817,472,1
13.02640438079834,634,1
13.030206203460693,633,1
13.034012079238892,686,1
13.037963390350342,474,1
13.041874885559082,450,1
13.045871257781982,617,1
13.050093412399292,614,1
13.054016590118408,676,1
13.05758285522461,465,1
13.061440467834473,382,1
13.065857887268066,551,1
13.069231271743774,550,1
13.07311725616455,647,1
13.077160835266113,482,1
13.080950498580933,350,1
13.086995124816895,532,1
13.088754415512085,546,1
13.09285831451416,636,1
13.097674131393433,502,1
13.103012800216675,333,1
13.104474782943726,513,1
13.10843825340271,544,1
13.112340688705444,646,1
13.11675214767456,549,1
13.120237588882446,348,1
13.124137878417969,506,1
13.127911806106567,560,1
13.132173776626587,631,1
13.135991096496582,576,1
13.139846086502075,365,1
13.143710136413574,519,1
13.148219108581543,609,1
13.153915643692017,658,1
13.1553373336792,618,1
13.159268856048584,378,1
13.163225412368774,497,1
13.167010307312012,609,1
13.171181201934814,654,1
13.174919128417969,659,1
13.178836107254028,398,1
13.183850049972534,462,1
13.186635971069336,582,1
13.190606355667114,593,1
13.19446325302124,613,1
13.198568105697632,381,1
13.202837705612183,406,1
13.206230401992798,543,1
13.21008038520813,562,1
13.21450686454773,622,1
13.21805453300476,391,1
13.222023248672485,369,1
13.22576379776001,558,1
13.229701042175293,580,1
13.233832836151123,664,1
13.237605810165405,475,1
13.241530656814575,416,1
13.245518684387207,592,1
13.25029468536377,581,1
13.253437280654907,664,1
13.257070064544678,494,1
13.260900735855103,375,1
13.265303373336792,541,1
13.269907712936401,549,1
13.272762298583984,645,1
13.276545524597168,518,1
13.280770778656006,369,1
13.284627199172974,548,1
13.288424968719482,571,1
13.292236089706421,672,1
13.296130418777466,567,1
13.300379276275635,354,1
13.303947687149048,532,1
13.30788779258728,596,1
13.311843872070312,682,1
13.316062927246094,619,1
13.320127725601196,406,1
13.323521852493286,571,1
13.3275728225708,660,1
13.331509113311768,719,1
13.3360915184021,681,1
13.339185237884521,440,1
13.343092441558838,573,1
13.347009658813477,668,1
13.35096526145935,701,1
13.354841947555542,690,1
13.35895586013794,433,1
13.362696647644043,508,1
13.36693787574768,626,1
13.37047028541565,626,1
13.37442946434021,636,1
13.378453731536865,384,1
13.383686304092407,441,1
13.387584209442139,593,1
13.390034914016724,612,1
13.393978357315063,667,1
13.399472713470459,454,1
13.403459787368774,452,1
13.40579104423523,623,1
13.409632682800293,623,1
13.413915872573853,678,1
13.417483806610107,479,1
13.42153811454773,413,1
13.425204038619995,589,1
13.429168224334717,589,1
13.433032274246216,665,1
13.437036752700806,473,1
13.440966606140137,355,1
13.444983720779419,536,1
13.449626207351685,559,1
13.454441547393799,653,1
13.45676064491272,496,1
13.460530042648315,326,1
13.464568376541138,511,1
13.46930980682373,543,1
13.472259998321533,630,1
13.476098537445068,517,1
13.47997498512268,330,1
13.483877182006836,490,1
13.48787260055542,536,1
13.491799354553223,619,1
13.495783567428589,540,1
13.499656677246094,322,1
13.503653287887573,466,1
13.507542610168457,542,1
13.51129674911499,600,1
13.515284299850464,568,1
13.519246339797974,342,1
13.523047924041748,466,1
13.526931285858154,559,1
13.530831336975098,599,1
13.5347900390625,584,1
13.538932085037231,350,1
13.542730569839478,452,1
13.54679560661316,570,1
13.550527095794678,596,1
13.554342985153198,621,1
13.558289051055908,385,1
13.562222242355347,436,1
13.56611442565918,565,1
13.56997036933899,569,1
13.573917865753174,614,1
13.5778067111969,406,1
13.581795454025269,409,1
13.585741519927979,575,1
13.589516162872314,586,1
13.593547344207764,654,1
13.597502946853638,441,1
13.601253986358643,379,1
13.605219602584839,542,1
13.609209775924683,518,1
13.613020420074463,581,1
13.617014408111572,399,1
13.620989561080933,316,1
13.624695301055908,497,1
13.628718852996826,495,1
13.632758855819702,595,1
13.636519432067871,457,1
13.640430212020874,321,1
13.644363164901733,492,1
13.648297786712646,509,1
13.652114391326904,611,1
13.656092882156372,491,1
13.659997463226318,312,1
13.663813829421997,487,1
13.66776990890503,536,1
13.671653985977173,627,1
13.675614356994629,540,1
13.679546117782593,318,1
13.683556318283081,463,1
13.687482118606567,523,1
13.691337823867798,567,1
13.695192337036133,503,1
13.699084520339966,267,1
13.70303201675415,396,1
13.706949949264526,490,1
13.710962533950806,548,1
13.714867115020752,527,1
13.718660593032837,288,1
13.722528219223022,400,1
13.726615190505981,536,1
13.730448007583618,587,1
13.734429121017456,597,1
13.738235712051392,362,1
13.742147207260132,439,1
13.746074199676514,582,1
13.750016212463379,601,1
13.753895044326782,647,1
13.757945537567139,412,1
13.761864423751831,431,1
13.765743732452393,602,1
13.769536256790161,608,1
13.773520469665527,659,1
13.777451038360596,444,1
13.781191110610962,419,1
13.78520393371582,601,1
13.789036512374878,623,1
13.79299807548523,696,1
13.796926975250244,513,1
13.80090880393982,428,1
13.804850339889526,611,1
13.808763980865479,615,1
13.812549114227295,705,1
13.816473245620728,559,1
13.820417881011963,417,1
13.824331521987915,596,1
13.829819917678833,619,1
13.846367359161377,720,1
13.849710941314697,603,1
13.854676723480225,440,1
13.855053424835205,631,1
13.855358839035034,669,1
13.855623006820679,739,1
13.855810642242432,638,1
13.859528303146362,422,1
13.86650800704956,590,1
13.868807315826416,650,1
13.872291564941406,715,1
13.875633478164673,655,1
13.879028081893921,431,1
13.883854389190674,569,1
13.88829779624939,652,1
13.890899419784546,700,1
13.894837141036987,683,1
13.899616241455078,432,1
13.902858972549438,529,1
13.906872510910034,621,1
13.91045594215393,647,1
13.914405822753906,627,1
13.921581745147705,361,1
13.922077178955078,432,1
13.926044702529907,568,1
13.929951190948486,578,1
13.933868885040283,582,1
13.940636396408081,326,1
13.942639827728271,352,1
13.945550918579102,508,1
13.95031213760376,523,1
13.953726291656494,575,1
13.957221984863281,354,1
13.961178541183472,322,1
13.966214895248413,500,1
13.96899676322937,527,1
13.973055124282837,610,1
13.97691535949707,419,1
13.981266260147095,354,1
13.98599362373352,544,1
13.988790035247803,568,1
13.992609024047852,666,1
13.996433734893799,504,1
14.000821828842163,388,1
14.006917238235474,574,1
14.010420083999634,578,1
14.01199746131897,668,1
14.016872644424438,530,1
14.02229928970337,359,1
14.023825883865356,516,1
14.027641773223877,536,1
14.032624959945679,606,1
14.035742282867432,497,1
14.040419578552246,301,1
14.04342770576477,469,1
14.049381971359253,510,1
14.05615782737732,570,1
14.057283639907837,508,1
14.059065103530884,286,1
14.062983751296997,425,1
14.072059631347656,507,1
14.072430610656738,567,1
14.074713230133057,525,1
14.078567743301392,291,1
14.084275484085083,415,1
14.089199304580688,506,1
14.090306520462036,534,1
14.09423041343689,535,1
14.099743127822876,283,1
14.105487823486328,360,1
14.10686731338501,490,1
14.109968900680542,513,1
14.114138126373291,551,1
14.122070074081421,317,1
14.124143123626709,362,1
14.12554669380188,524,1
14.129542112350464,543,1
14.13344120979309,603,1
14.138139963150024,394,1
14.141117572784424,377,1
14.145036697387695,550,1
14.150452613830566,571,1
14.15633749961853,644,1
14.159847259521484,450,1
14.160836696624756,397,1
14.166812181472778,585,1
14.174311876296997,574,1
14.175192832946777,657,1
14.176515102386475,494,1
14.180353164672852,381,1
14.190804481506348,555,1
14.192201614379883,559,1
14.193425178527832,664,1
14.195964574813843,532,1
14.200901746749878,375,1
14.204137802124023,549,1
14.207810640335083,566,1
14.221495151519775,639,1
14.225424528121948,529,1
14.22588300704956,339,1
14.22633671760559,513,1
14.227211475372314,550,1
14.231121063232422,620,1
14.237946510314941,541,1
14.239115715026855,297,1
14.242869138717651,432,1
14.246906518936157,524,1
14.251304388046265,609,1
14.255152463912964,586,1
14.25866985321045,350,1
14.262433290481567,471,1
14.26704478263855,570,1
14.272840976715088,608,1
14.274230003356934,586,1
14.278079509735107,317,1
14.282972574234009,400,1
14.286136150360107,527,1
14.289780378341675,542,1
14.293764114379883,565,1
14.297834634780884,329,1
14.30547285079956,395,1
14.305837631225586,560,1
14.309403896331787,586,1
14.313300848007202,643,1
14.31823992729187,423,1
14.321601390838623,406,1
14.325068473815918,553,1
14.329006433486938,551,1
14.333006143569946,612,1
14.338775396347046,403,1
14.340756893157959,336,1
14.344726085662842,507,1
14.350618362426758,507,1
14.35388731956482,586,1
14.356310844421387,404,1
14.360284805297852,307,1
14.364198923110962,509,1
14.37255334854126,532,1
14.373947143554688,642,1
14.375842571258545,503,1
14.379811763763428,349,1
14.385602235794067,531,1
14.388478517532349,557,1
14.391629457473755,655,1
14.395498037338257,547,1
14.400417566299438,353,1
14.403831481933594,514,1
14.407168626785278,556,1
14.411128044128418,641,1
14.416879415512085,573,1
14.421886682510376,358,1
14.422816514968872,501,1
14.426697492599487,562,1
14.431141138076782,629,1
14.435558557510376,596,1
14.439112424850464,372,1
14.442524433135986,504,1
14.446234703063965,598,1
14.450729608535767,636,1
14.455434322357178,622,1
14.45812439918518,382,1
14.461909770965576,494,1
14.467422723770142,635,1
14.470023393630981,679,1
14.475780248641968,697,1
14.477820873260498,433,1
14.484084129333496,483,1
14.490338563919067,631,1
14.491889476776123,633,1
14.49502444267273,666,1
14.499096632003784,431,1
14.509176015853882,445,1
14.510520935058594,615,1
14.51094126701355,625,1
14.512924909591675,681,1
14.522238731384277,471,1
14.523254156112671,429,1
14.524570226669312,605,1
14.528495788574219,599,1
14.534382820129395,673,1
14.540158987045288,487,1
14.54279613494873,375,1
14.54405927658081,550,1
14.551029205322266,560,1
14.556423664093018,659,1
14.556906700134277,505,1
14.559873342514038,357,1
14.564073085784912,540,1
14.571786880493164,551,1
14.572064876556396,619,1
14.575516939163208,478,1
14.579310655593872,290,1
14.583353519439697,469,1
14.587105989456177,523,1
14.591030359268188,616,1
14.595033168792725,533,1
14.598941564559937,314,1
14.602860927581787,480,1
14.607213497161865,547,1
14.610764265060425,606,1
14.614708185195923,547,1
14.618481636047363,310,1
14.622301816940308,452,1
14.626639604568481,544,1
14.630410194396973,582,1
14.634119749069214,553,1
14.63798189163208,283,1
14.641908407211304,385,1
14.647803783416748,501,1
14.64975094795227,519,1
14.653876066207886,524,1
14.657627582550049,277,1
14.661592721939087,358,1
14.665421485900879,510,1
14.669490814208984,549,1
14.673145771026611,606,1
14.677135467529297,375,1
14.680965662002563,397,1
14.684922695159912,549,1
14.688817739486694,574,1
14.692765951156616,644,1
14.696630239486694,442,1
14.700592994689941,427,1
14.704524993896484,606,1
14.708427667617798,613,1
14.71640944480896,679,1
14.740067720413208,494,1
14.741796016693115,414,1
14.742132186889648,578,1
14.74291443824768,568,1
14.743688344955444,633,1
14.744376420974731,471,1
14.745211124420166,341,1
14.745965003967285,533,1
14.751407623291016,539,1
14.752819538116455,617,1
14.755423545837402,465,1
14.759216070175171,296,1
14.763284683227539,476,1
14.767850160598755,518,1
14.770950317382812,628,1
14.774938583374023,542,1
14.778870105743408,334,1
14.783456087112427,496,1
14.787065744400024,576,1
14.790575981140137,664,1
14.794559955596924,602,1
14.798525333404541,365,1
14.802384376525879,495,1
14.806349039077759,566,1
14.810123443603516,634,1
14.814007997512817,611,1
14.817886590957642,361,1
14.821874856948853,466,1
14.826437950134277,572,1
14.829720735549927,610,1
14.833906888961792,596,1
14.837878227233887,327,1
14.844150304794312,394,1
14.852668285369873,524,1
14.853839874267578,557,1
14.85478162765503,601,1
14.85699987411499,369,1
14.860952138900757,397,1
14.865179538726807,551,1
14.869028329849243,569,1
14.8726966381073,622,1
14.87664008140564,412,1
14.88069748878479,397,1
14.884784460067749,565,1
14.88840937614441,571,1
14.892184019088745,634,1
14.896190881729126,441,1
14.900422096252441,386,1
14.90423035621643,576,1
14.907910585403442,564,1
14.911885976791382,618,1
14.916006565093994,421,1
14.919856548309326,304,1
14.923677921295166,502,1
14.927511215209961,516,1
14.931604146957397,611,1
14.93539571762085,475,1
14.939258575439453,322,1
14.943238735198975,516,1
14.947617530822754,535,1
14.95287013053894,625,1
14.954820156097412,527,1
14.958964109420776,341,1
14.962820768356323,523,1
14.96700644493103,586,1
14.970544576644897,636,1
14.97454047203064,554,1
14.978317737579346,328,1
14.983611345291138,488,1
14.98619532585144,567,1
14.990139722824097,615,1
14.994019985198975,572,1
14.998036861419678,334,1
15.002332925796509,458,1
15.005829334259033,553,1
15.00959324836731,593,1
15.013872861862183,595,1
15.017749786376953,336,1
15.02143144607544,415,1
15.0252845287323,538,1
15.029128313064575,570,1
15.033799171447754,605,1
15.037175416946411,369,1
15.040860176086426,411,1
15.04481816291809,559,1
15.049054384231567,570,1
15.052799224853516,634,1
15.056669235229492,419,1
15.060540437698364,406,1
15.064493179321289,570,1
15.07116961479187,573,1
15.072374105453491,628,1
15.076079368591309,415,1
15.079991817474365,350,1
15.084070205688477,514,1
15.087829113006592,502,1
15.091813087463379,587,1
15.095712900161743,419,1
15.100351810455322,323,1
15.10360336303711,516,1
15.107446432113647,528,1
15.111302614212036,629,1
15.116500854492188,495,1
15.119897365570068,340,1
15.123043775558472,528,1
15.126923084259033,547,1
15.130951881408691,633,1
15.134921789169312,509,1
15.138746976852417,311,1
15.142585515975952,478,1
15.146579265594482,528,1
15.152185678482056,609,1
15.15455961227417,542,1
15.158252716064453,305,1
15.162214994430542,451,1
15.166359424591064,517,1
15.17024850845337,574,1
15.173897743225098,529,1
15.177805662155151,287,1
15.181916952133179,411,1
15.185789585113525,461,1
15.18955135345459,475,1
15.19348955154419,458,1
15.197489261627197,204,1
15.202314853668213,302,1
15.205233812332153,431,1
15.20916223526001,469,1
15.212999105453491,489,1
15.218012809753418,264,1
15.220910549163818,326,1
15.224896907806396,481,1
15.22881007194519,511,1
15.233483791351318,559,1
15.238422155380249,327,1
15.240415096282959,306,1
15.24442434310913,472,1
15.248234987258911,506,1
15.252621412277222,594,1
15.256119012832642,397,1
15.260056734085083,342,1
15.263874769210815,508,1
15.26882529258728,522,1
15.271924018859863,608,1
15.27577519416809,454,1
15.279536247253418,375,1
15.284674882888794,565,1
15.287483215332031,564,1
15.291307926177979,666,1
15.295322179794312,536,1
15.301002979278564,395,1
15.304781675338745,574,1
15.307003021240234,607,1
15.3108389377594,704,1
15.314842939376831,584,1
15.319772958755493,397,1
15.323474884033203,570,1
15.326501846313477,618,1
15.330846548080444,702,1
15.334478855133057,629,1
15.338225364685059,426,1
15.342247486114502,580,1
15.346042394638062,637,1
15.350403308868408,695,1
15.353973627090454,655,1
15.35780668258667,422,1
15.361655473709106,551,1
15.367234945297241,650,1
15.3711097240448,703,1
15.373576402664185,685,1
15.37751817703247,449,1
15.381248235702515,549,1
15.38690710067749,667,1
15.389052629470825,689,1
15.393014430999756,685,1
15.397125482559204,415,1
15.400972366333008,462,1
15.404711961746216,590,1
15.408728837966919,590,1
15.412777662277222,633,1
15.417070388793945,401,1
15.421343564987183,397,1
15.424333572387695,558,1
15.435713291168213,562,1
15.437690019607544,615,1
15.437952756881714,409,1
15.44155740737915,366,1
15.443961143493652,536,1
15.447770833969116,545,1
15.451923608779907,618,1
15.456368207931519,445,1
15.459551095962524,363,1
15.463781833648682,552,1
15.469619989395142,551,1
15.471203327178955,644,1
15.475183486938477,496,1
15.479061603546143,366,1
15.484961748123169,546,1
15.487411975860596,557,1
15.490898609161377,651,1
15.494697570800781,530,1
15.501094818115234,367,1
15.503097772598267,559,1
15.50667667388916,618,1
15.51049518585205,715,1
15.514554977416992,626,1
15.518588066101074,422,1
15.52214503288269,578,1
15.52601408958435,646,1
15.529998064041138,705,1
15.537070035934448,643,1
15.537767171859741,389,1
15.541656494140625,527,1
15.545655250549316,620,1
15.551891565322876,671,1
15.553598403930664,664,1
15.55731987953186,417,1
15.561291933059692,506,1
15.565364837646484,617,1
15.569709777832031,657,1
15.572959423065186,657,1
15.576875686645508,383,1
15.584588289260864,417,1
15.586117506027222,549,1
15.58859658241272,587,1
15.59257698059082,644,1
15.5965096950531,435,1
15.601804733276367,455,1
15.604236364364624,599,1
15.608177900314331,596,1
15.612179517745972,658,1
15.618763208389282,455,1
15.622438669204712,427,1
15.623817205429077,597,1
15.627772569656372,598,1
15.63358736038208,668,1
15.63710331916809,476,1
15.639482975006104,386,1
15.643448829650879,564,1
15.64737606048584,570,1
15.654426574707031,673,1
15.655236721038818,511,1
15.659001350402832,366,1
15.662991046905518,551,1
15.669320821762085,587,1
15.670873165130615,680,1
15.674795150756836,551,1
15.678626775741577,386,1
15.682523012161255,558,1
15.687181234359741,584,1
15.69027328491211,664,1
15.69420862197876,555,1
15.699960231781006,335,1
15.705171585083008,495,1
15.706499576568604,555,1
15.709882497787476,631,1
15.716891050338745,574,1
15.72118878364563,328,1
15.721658706665039,467,1
15.725548267364502,549,1
15.729509353637695,601,1
15.733611345291138,569,1
15.737675666809082,315,1
15.741194009780884,429,1
15.745054721832275,537,1
15.749676942825317,571,1
15.752987146377563,559,1
15.756832838058472,291,1
15.760695934295654,382,1
15.764698505401611,504,1
15.769057989120483,513,1
15.772544384002686,556,1
15.776393175125122,337,1
15.784929990768433,389,1
15.788764238357544,555,1
15.789224863052368,570,1
15.79201889038086,624,1
15.79598593711853,416,1
15.804012060165405,409,1
15.804582357406616,592,1
15.807662963867188,566,1
15.81162428855896,625,1
15.816776990890503,430,1
15.82159948348999,368,1
15.823558568954468,542,1
15.827247619628906,541,1
15.831604242324829,617,1
15.837913036346436,449,1
15.839067220687866,334,1
15.842976331710815,535,1
15.847125768661499,560,1
15.851857900619507,672,1
15.85627031326294,517,1
15.858614921569824,333,1
15.862504959106445,537,1
15.866562366485596,589,1
15.872454166412354,688,1
15.874229431152344,575,1
15.878093004226685,365,1
15.883496284484863,532,1
15.886909246444702,587,1
15.889774799346924,648,1
15.893906354904175,567,1
15.900082111358643,334,1
15.905094623565674,482,1
15.906955480575562,574,1
15.909525632858276,642,1
15.913335800170898,614,1
15.91747236251831,366,1
15.92148756980896,499,1
15.92500901222229,608,1
15.928940057754517,654,1
15.933686256408691,644,1
15.940246343612671,396,1
15.941161394119263,483,1
15.944635152816772,598,1
15.950655937194824,620,1
15.95410418510437,642,1
15.956392765045166,394,1
15.96029257774353,427,1
15.964507579803467,569,1
15.969107866287231,570,1
15.972766637802124,619,1
15.975881338119507,398,1
15.979824781417847,391,1
15.987879037857056,550,1
15.988102912902832,529,1
15.991576671600342,592,1
15.995606660842896,390,1
16.00168251991272,327,1
16.004924058914185,511,1
16.00718069076538,514,1
16.011095762252808,603,1
16.01686954498291,430,1
16.019898891448975,318,1
16.022902488708496,489,1
16.026795387268066,499,1
16.034565448760986,593,1
16.038187265396118,457,1
16.038564205169678,284,1
16.04251790046692,453,1
16.046477556228638,470,1
16.052759170532227,563,1
16.05514430999756,445,1
16.058072328567505,243,1
16.06203031539917,406,1
16.066999673843384,451,1
16.07037878036499,532,1
16.073874711990356,468,1
16.077799081802368,266,1
16.081807136535645,410,1
16.08912968635559,477,1
16.09001636505127,526,1
16.09322214126587,481,1
16.098084449768066,250,1
16.105127334594727,388,1
16.106449604034424,493,1
16.10905694961548,533,1
16.112895727157593,517,1
16.118900060653687,259,1
16.121182203292847,356,1
16.12474536895752,483,1
16.128523111343384,505,1
16.133883714675903,517,1
16.13836145401001,288,1
16.140233039855957,367,1
16.14411687850952,529,1
16.150968551635742,568,1
16.152645587921143,633,1
16.155917644500732,418,1
16.15986967086792,430,1
16.16470718383789,596,1
16.172502756118774,607,1
16.17424201965332,672,1
16.175520181655884,475,1
16.179336071014404,429,1
16.184688329696655,613,1
16.187530755996704,610,1
16.191035509109497,694,1
16.1950523853302,523,1
16.19985294342041,402,1
16.203795909881592,574,1
16.2067654132843,581,1
16.210594177246094,674,1
16.21704387664795,521,1
16.22056555747986,370,1
16.222432613372803,554,1
16.22640562057495,557,1
16.230610847473145,649,1
16.238389253616333,534,1
16.238674640655518,345,1
16.241976261138916,506,1
16.246027946472168,532,1
16.25003743171692,590,1
16.25433588027954,510,1
16.2576744556427,307,1
16.261727333068848,479,1
16.26641273498535,562,1
16.27106499671936,641,1
16.273272037506104,612,1
16.27723979949951,355,1
16.28139853477478,491,1
16.286541223526,591,1
16.288877725601196,653,1
16.29340171813965,638,1
16.296765327453613,389,1
16.300724744796753,491,1
16.304641008377075,612,1
16.308648109436035,636,1
16.312514543533325,641,1
16.317339420318604,404,1
16.32025122642517,474,1
16.324170112609863,592,1
16.328051805496216,602,1
16.33228635787964,641,1
16.336567163467407,406,1
16.339861154556274,418,1
16.343599796295166,588,1
16.34757900238037,611,1
16.3526132106781,684,1
16.35545253753662,480,1
16.35939073562622,454,1
16.3632755279541,620,1
16.37091088294983,613,1
16.372058868408203,697,1
16.375015258789062,524,1
16.378860473632812,441,1
16.38590145111084,619,1
16.396615028381348,630,1
16.404046297073364,725,1
16.4042866230011,555,1
16.406019687652588,410,1
16.407747507095337,607,1
16.40872573852539,632,1
16.410292625427246,723,1
16.417250633239746,594,1
16.419275283813477,420,1
16.421940565109253,575,1
16.425884246826172,604,1
16.429847478866577,696,1
16.43415880203247,612,1
16.43845772743225,411,1
16.441545963287354,593,1
16.445465803146362,650,1
16.44935131072998,715,1
16.453524589538574,658,1
16.45707607269287,431,1
16.46102237701416,580,1
16.467652082443237,665,1
16.4694344997406,703,1
16.47272276878357,691,1
16.47693133354187,437,1
16.48082137107849,540,1
16.487858057022095,650,1
16.488552808761597,692,1
16.492498874664307,703,1
16.496174097061157,438,1
16.501169681549072,509,1
16.50533938407898,652,1
16.508056163787842,672,1
16.51191210746765,698,1
16.517805576324463,470,1
16.520989894866943,499,1
16.523717641830444,651,1
16.527552127838135,654,1
16.534059762954712,712,1
16.536391735076904,500,1
16.53928518295288,466,1
16.543158531188965,624,1
16.54762554168701,632,1
16.55373501777649,710,1
16.55492615699768,517,1
16.558813333511353,430,1
16.562740564346313,618,1
16.56786847114563,636,1
16.571089506149292,721,1
16.574567317962646,559,1
16.578569650650024,433,1
16.58375358581543,625,1
16.58736801147461,640,1
16.59007692337036,735,1
16.593984127044678,587,1
16.60041642189026,413,1
16.60235619544983,589,1
16.605886220932007,619,1
16.609715223312378,701,1
16.6186261177063,583,1
16.62138056755066,378,1
16.622053146362305,535,1
16.625388383865356,586,1
16.629215240478516,655,1
16.634518146514893,593,1
16.63825535774231,365,1
16.641024351119995,501,1
16.645009994506836,590,1
16.65033745765686,647,1
16.652854681015015,616,1
16.65668034553528,366,1
16.66053032875061,482,1
16.66692352294922,601,1
16.670258045196533,637,1
16.672281742095947,633,1
16.676209211349487,368,1
16.680526733398438,443,1
16.686055183410645,575,1
16.68795394897461,597,1
16.691822052001953,623,1
16.69574499130249,389,1
16.70113754272461,429,1
16.704209804534912,582,1
16.707670211791992,591,1
16.71145534515381,639,1
16.71875810623169,395,1
16.71990132331848,346,1
16.72307801246643,469,1
16.72705841064453,447,1
16.733670234680176,504,1
16.73684000968933,310,1
16.73883080482483,236,1
16.742836952209473,419,1
16.746599912643433,426,1
16.75057029724121,519,1
16.755318880081177,370,1
16.758392572402954,259,1
16.762285947799683,442,1
16.769234657287598,433,1
16.772102117538452,539,1
16.774030685424805,445,1
16.777891397476196,314,1
16.785804271697998,504,1
16.78690242767334,543,1
16.789785623550415,653,1
16.793503046035767,567,1
16.79760193824768,368,1
16.803826332092285,528,1
16.805485725402832,581,1
16.809213399887085,659,1
16.813119173049927,594,1
16.822962045669556,376,1
16.82482409477234,547,1
16.825090169906616,624,1
16.828781366348267,669,1
16.836458921432495,632,1
16.838199615478516,398,1
16.8405864238739,520,1
16.844523429870605,622,1
16.85006093978882,657,1
16.85461163520813,655,1
16.856136560440063,401,1
16.86002779006958,492,1
16.86741852760315,621,1
16.870011806488037,635,1
16.871761083602905,659,1
16.875713348388672,422,1
16.879680395126343,459,1
16.88587212562561,590,1
16.890151023864746,597,1
16.8917818069458,645,1
16.895294904708862,416,1
16.89976406097412,387,1
16.90516448020935,542,1
16.906986474990845,551,1
16.910970449447632,634,1
16.914838552474976,445,1
16.92184329032898,391,1
16.92264723777771,575,1
16.926634073257446,590,1
16.930617332458496,677,1
16.935218334197998,494,1
16.93964195251465,375,1
16.942142963409424,574,1
16.946141719818115,580,1
16.952582597732544,664,1
16.955244302749634,517,1
16.957879543304443,354,1
16.961961030960083,527,1
16.967385053634644,551,1
16.970608234405518,616,1
16.973552227020264,475,1
16.977505445480347,269,1
16.981431245803833,432,1
16.988367080688477,490,1
16.98917269706726,565,1
16.993016719818115,462,1
16.99711036682129,242,1
17.001185655593872,405,1
17.0048086643219,483,1
17.00866937637329,556,1
17.012606143951416,529,1
17.016626119613647,290,1
17.020885229110718,421,1
17.024465799331665,524,1
17.028319597244263,577,1
17.033543825149536,578,1
17.037074327468872,325,1
17.039978981018066,423,1
17.04401969909668,551,1
17.048120498657227,584,1
17.05309534072876,615,1
17.055692672729492,369,1
17.059600830078125,414,1
17.063570976257324,562,1
17.068413496017456,578,1
17.071385145187378,619,1
17.07539677619934,379,1
17.079190731048584,380,1
17.083735466003418,535,1
17.087032556533813,519,1
17.09086513519287,583,1
17.09489631652832,388,1
17.100834846496582,347,1
17.103480577468872,533,1
17.106588125228882,540,1
17.11051893234253,618,1
17.114711046218872,435,1
17.11833882331848,332,1
17.122117280960083,516,1
17.126030683517456,518,1
17.13004183769226,598,1
17.13406991958618,438,1
17.138060092926025,293,1
17.14179515838623,467,1
17.145594835281372,464,1
17.15090537071228,557,1
17.155105113983154,453,1
17.157586812973022,275,1
17.161393642425537,457,1
17.167054176330566,497,1
17.171053409576416,577,1
17.17304039001465,494,1
17.176933526992798,281,1
17.18087100982666,452,1
17.18488383293152,515,1
17.18886113166809,581,1
17.192662239074707,541,1
17.19707417488098,299,1
17.20399785041809,423,1
17.204691410064697,523,1
17.208370208740234,568,1
17.212145566940308,542,1
17.216142416000366,283,1
17.220159769058228,390,1
17.22385549545288,511,1
17.227793216705322,541,1
17.231840133666992,560,1
17.235915899276733,325,1
17.239681005477905,408,1
17.24353003501892,552,1
17.247555017471313,583,1
17.254249572753906,634,1
17.255521297454834,401,1
17.259111166000366,429,1
17.262978315353394,595,1
17.267423152923584,612,1
17.270898580551147,689,1
17.274864435195923,474,1
17.278862953186035,436,1
17.282779216766357,608,1
17.28650403022766,623,1
17.290537118911743,698,1
17.2943115234375,487,1
17.29827356338501,401,1
17.302539110183716,597,1
17.30605697631836,589,1
17.30992078781128,666,1
17.31406021118164,488,1
17.317890405654907,359,1
17.321791172027588,556,1
17.325588941574097,570,1
17.329575300216675,668,1
17.333439350128174,545,1
17.33735489845276,365,1
17.34122323989868,538,1
17.345216274261475,567,1
17.34902262687683,652,1
17.35296940803528,544,1
17.356942176818848,333,1
17.360810041427612,500,1
17.3647723197937,571,1
17.368777751922607,630,1
17.372533321380615,562,1
17.37658452987671,322,1
17.380390405654907,485,1
17.384365558624268,588,1
17.388203144073486,650,1
17.39204430580139,631,1
17.396087884902954,386,1
17.400054693222046,484,1
17.40385365486145,578,1
17.407992601394653,615,1
17.411795616149902,635,1
17.420161962509155,391,1
17.420642614364624,471,1
17.423471450805664,606,1
17.427303791046143,631,1
17.431259632110596,659,1
17.435142040252686,420,1
17.439083099365234,440,1
17.442927360534668,594,1
17.44688057899475,615,1
17.4509015083313,668,1
17.454708337783813,443,1
17.458691596984863,398,1
17.462589979171753,568,1
17.466469526290894,571,1
17.470402479171753,645,1
17.474385023117065,460,1
17.478233814239502,383,1
17.482200860977173,566,1
17.48598837852478,565,1
17.489871501922607,661,1
17.493916034698486,510,1
17.49767279624939,380,1
17.50166368484497,547,1
17.505516052246094,554,1
17.51120901107788,658,1
17.51345992088318,528,1
17.51729393005371,370,1
17.521134614944458,549,1
17.525125741958618,585,1
17.528992176055908,673,1
17.53325057029724,572,1
17.536779642105103,379,1
17.54084014892578,540,1
17.544682264328003,590,1
17.548704862594604,668,1
17.56250762939453,608,1
17.5627179145813,382,1
17.564343690872192,535,1
17.56460928916931,622,1
17.568135023117065,666,1
17.572039127349854,633,1
17.575897216796875,397,1
17.57981538772583,516,1
17.583841562271118,633,1
17.60555672645569,663,1
17.608776330947876,638,1
17.6095712184906,386,1
17.6099853515625,486,1
17.610456705093384,610,1
17.61123514175415,614,1
17.61143922805786,647,1
17.615063905715942,422,1
17.618974685668945,463,1
17.627143144607544,617,1
17.64057683944702,632,1
17.64163064956665,692,1
17.644014596939087,469,1
17.64474105834961,448,1
17.646329879760742,627,1
17.647531986236572,639,1
17.65068030357361,700,1
17.654237508773804,497,1
17.658140182495117,436,1
17.661995887756348,632,1
17.665959119796753,645,1
17.678579092025757,724,1
17.679315328598022,558,1
17.679794788360596,425,1
17.68159818649292,583,1
17.68566393852234,578,1
17.689507484436035,670,1
17.693265438079834,528,1
17.697198390960693,371,1
17.701122283935547,548,1
17.705027103424072,577,1
17.71181631088257,654,1
17.725142240524292,488,1
17.72541117668152,250,1
17.726049423217773,400,1
17.72706389427185,448,1
17.728569984436035,512,1
17.73270869255066,424,1
17.738737106323242,185,1
17.740204572677612,344,1
17.74413275718689,438,1
17.74806785583496,487,1
17.752070903778076,445,1
17.755853414535522,193,1
17.778759241104126,298,1
17.779852867126465,400,1
17.780128955841064,441,1
17.782387733459473,437,1
17.7834415435791,197,1
17.78436255455017,297,1
17.78616237640381,435,1
17.787226676940918,472,1
17.791123390197754,503,1
17.794981241226196,279,1
17.799707889556885,323,1
17.820707321166992,479,1
17.821232795715332,497,1
17.821574687957764,562,1
17.822264194488525,330,1
17.822637796401978,300,1
17.823482513427734,457,1
17.826361179351807,451,1
17.830791234970093,526,1
17.83454418182373,337,1
17.838053464889526,282,1
17.842235803604126,469,1
17.869408130645752,474,1
17.86994695663452,547,1
17.870835781097412,382,1
17.877785205841064,282,1
17.878368139266968,469,1
17.879099130630493,479,1
17.879358291625977,580,1
17.879713535308838,447,1
17.8799889087677,293,1
17.881139278411865,488,1
17.885602235794067,519,1
17.888887882232666,617,1
17.892850875854492,501,1
17.896824836730957,309,1
17.900702953338623,492,1
17.90462589263916,546,1
17.913423538208008,631,1
17.942214727401733,557,1
17.995649099349976,331,1
18.041661500930786,500,1
18.070427656173706,584,1
18.075823545455933,640,1
18.077537536621094,603,1
18.090233325958252,379,1
18.111648082733154,547,1
18.142951488494873,685,1
18.146682024002075,746,1
18.18023133277893,728,1
18.21427321434021,476,1
18.225608110427856,570,1
18.2460834980011,664,1
18.25074005126953,701,1
18.254767179489136,716,1
18.279804944992065,465,1
18.307961225509644,514,1
18.322364568710327,651,1
18.329820156097412,658,1
18.34031367301941,698,1
18.352638006210327,477,1
18.36236834526062,463,1
18.372786283493042,620,1
18.374486207962036,642,1
18.3753502368927,709,1
18.376464366912842,507,1
18.377240419387817,456,1
18.377968072891235,628,1
18.385163068771362,645,1
18.391167640686035,734,1
18.3946590423584,547,1
18.405375957489014,436,1
18.423089027404785,617,1
18.428624868392944,625,1
18.44257950782776,715,1
18.444177865982056,562,1
18.445287942886353,413,1
18.451337814331055,590,1
18.457965850830078,580,1
18.46183943748474,645,1
18.46313166618347,493,1
18.47960615158081,301,1
18.489684581756592,475,1
18.49523615837097,530,1
18.496164321899414,613,1
18.49683451652527,523,1
18.498344898223877,309,1
18.500271797180176,482,1
18.501403331756592,563,1
18.503154039382935,639,1
18.50381898880005,595,1
18.50426197052002,356,1
18.50463080406189,496,1
18.504881381988525,595,1
18.50520396232605,642,1
18.505662202835083,627,1
18.506293535232544,392,1
18.508073806762695,497,1
18.55614686012268,615,1
18.573158025741577,638,1
18.578412771224976,654,1
18.588753938674927,399,1
18.60255455970764,472,1
18.604137659072876,624,1
18.60664176940918,652,1
18.609904050827026,699,1
18.610241413116455,466,1
18.61049461364746,482,1
18.61069941520691,659,1
18.611348867416382,672,1
18.612935781478882,730,1
18.62445044517517,515,1
18.626276969909668,469,1
18.62656807899475,634,1
18.626822471618652,636,1
18.627466201782227,714,1
18.627941131591797,530,1
18.62828016281128,439,1
18.62870693206787,620,1
18.628974676132202,630,1
18.629172325134277,719,1
18.62945580482483,579,1
18.629661321640015,449,1
18.629858016967773,616,1
18.630077123641968,603,1
18.63031578063965,681,1
18.63882851600647,547,1
18.63913083076477,369,1
18.63956093788147,547,1
18.63986825942993,590,1
18.64017605781555,674,1
18.640443801879883,583,1
18.640788316726685,387,1
18.641033172607422,577,1
18.641253232955933,637,1
18.641478538513184,693,1
18.641695737838745,642,1
18.642021894454956,411,1
18.642515897750854,555,1
18.642850875854492,639,1
18.643156051635742,679,1
18.64406180381775,651,1
18.645222902297974,414,1
18.645515203475952,534,1
18.645748138427734,649,1
18.645955562591553,681,1
18.646113634109497,686,1
18.64649248123169,438,1
18.646737575531006,500,1
18.651168823242188,611,1
18.65527892112732,628,1
18.655494928359985,679,1
18.655888080596924,454,1
18.65616536140442,478,1
18.65637755393982,632,1
18.656606197357178,645,1
18.65681481361389,708,1
18.657204627990723,502,1
18.657828330993652,471,1
18.658123254776,625,1
18.65837287902832,619,1
18.658641815185547,692,1
18.658852100372314,504,1
18.65912652015686,419,1
18.66037631034851,588,1
18.66140103340149,577,1
18.661773681640625,657,1
18.66201376914978,492,1
18.66220259666443,361,1
18.662405967712402,558,1
18.662617444992065,577,1
18.662834882736206,681,1
18.663135051727295,543,1
18.66340708732605,389,1
18.663630485534668,588,1
18.67054533958435,634,1
18.670856475830078,729,1
18.671101331710815,621,1
18.671448230743408,416,1
18.671695470809937,595,1
18.67189860343933,659,1
18.672187089920044,722,1
18.672348499298096,640,1
18.672598123550415,397,1
18.6728093624115,546,1
18.673043966293335,635,1
18.673264265060425,684,1
18.67347550392151,639,1
18.673704385757446,382,1
18.67389941215515,502,1
18.6740939617157,613,1
18.674344301223755,643,1
18.67462968826294,644,1
18.674960136413574,390,1
18.675284147262573,461,1
18.67593789100647,587,1
18.67706608772278,594,1
18.677467107772827,597,1
18.677701473236084,353,1
18.67795181274414,377,1
18.67817974090576,526,1
18.678439617156982,543,1
18.678764820098877,590,1
18.67902684211731,343,1
18.679278135299683,302,1
18.67951488494873,463,1
18.67977499961853,472,1
18.680145978927612,549,1
18.686835527420044,358,1
18.68747591972351,286,1
18.68826675415039,454,1
18.688505172729492,455,1
18.688758373260498,545,1
18.688987493515015,378,1
18.689205408096313,267,1
18.68936586380005,469,1
18.689523696899414,488,1
18.68975067138672,587,1
18.689956188201904,452,1
18.69015622138977,293,1
18.690396547317505,468,1
18.69076132774353,487,1
18.691091299057007,576,1
18.691437005996704,466,1
18.69235110282898,280,1
18.69317317008972,446,1
18.693373918533325,493,1
18.693751096725464,572,1
18.694061517715454,496,1
18.69429898262024,273,1
18.694513082504272,428,1
18.69476556777954,506,1
18.694966077804565,561,1
18.695151805877686,513,1
18.695347785949707,280,1
18.695597410202026,413,1
18.695796489715576,514,1
18.696000576019287,552,1
18.696202754974365,545,1
18.696406364440918,300,1
18.700112342834473,396,1
18.70352339744568,525,1
18.70673680305481,562,1
18.710527658462524,601,1
18.71717596054077,370,1
18.719639539718628,417,1
18.722217321395874,565,1
18.726236581802368,578,1
18.730080127716064,631,1
18.734756231307983,410,1
18.737961053848267,397,1
18.741925716400146,560,1
18.745885372161865,563,1
18.75151038169861,635,1
18.75373911857605,434,1
18.757565021514893,378,1
18.761382341384888,559,1
18.76946210861206,561,1
18.77162003517151,646,1
18.773067474365234,458,1
18.776939153671265,347,1
18.781450510025024,540,1
18.787907123565674,546,1
18.788809299468994,639,1
18.7926127910614,503,1
18.79654049873352,350,1
18.80203938484192,525,1
18.804449558258057,551,1
18.808445692062378,634,1
18.81214165687561,520,1
18.818296670913696,317,1
18.82003903388977,468,1
18.823935985565186,500,1
18.827887296676636,580,1
18.834603786468506,492,1
18.837372303009033,278,1
18.83954405784607,432,1
18.843522787094116,513,1
18.847449779510498,575,1
18.854485511779785,539,1
18.85547399520874,313,1
18.859134435653687,426,1
18.863013982772827,518,1
18.86717176437378,562,1
18.87122941017151,554,1
18.87495994567871,302,1
18.878847360610962,408,1
18.88430619239807,541,1
18.888519763946533,565,1
18.890533447265625,588,1
18.89446210861206,342,1
18.8985538482666,386,1
18.90220332145691,522,1
18.90616536140442,521,1
18.910024642944336,552,1
18.914029121398926,342,1
18.92170023918152,361,1
18.922040939331055,541,1
18.925828456878662,574,1
18.929526329040527,647,1
18.93415117263794,460,1
18.93794274330139,434,1
18.941259622573853,613,1
18.945316791534424,605,1
18.94921898841858,685,1
18.95356845855713,515,1
18.957020044326782,421,1
18.9608473777771,595,1
18.967418909072876,600,1
18.970916032791138,694,1
18.972662210464478,556,1
18.976583003997803,425,1
18.980859518051147,602,1
18.984416961669922,612,1
18.98824906349182,703,1
18.992207527160645,579,1
18.996053218841553,409,1
19.00072431564331,584,1
19.003889560699463,622,1
19.007765769958496,709,1
19.011831045150757,616,1
19.01567530632019,398,1
19.019652605056763,542,1
19.02351188659668,595,1
19.02747106552124,659,1
19.031557083129883,619,1
19.035257816314697,395,1
19.03908085823059,538,1
19.042988061904907,641,1
19.04696035385132,698,1
19.050821542739868,675,1
19.05492067337036,448,1
19.058592081069946,563,1
19.062617540359497,666,1
19.067012310028076,704,1
19.070560216903687,721,1
19.07432770729065,467,1
19.078231811523438,528,1
19.082518339157104,666,1
19.08735728263855,678,1
19.089998960494995,707,1
19.09389567375183,482,1
19.097811937332153,496,1
19.101624727249146,643,1
19.105714797973633,608,1
19.109580278396606,624,1
19.113521575927734,385,1
19.12106728553772,318,1
19.12182927131653,467,1
19.12516212463379,445,1
19.129104614257812,501,1
19.13398551940918,313,1
19.13698935508728,229,1
19.140922784805298,415,1
19.144832611083984,427,1
19.1486394405365,528,1
19.15422248840332,391,1
19.156554460525513,273,1
19.16044807434082,459,1
19.16451668739319,475,1
19.17097544670105,585,1
19.172128915786743,465,1
19.176023721694946,307,1
19.179959058761597,476,1
19.183987617492676,520,1
19.18782639503479,626,1
19.19173264503479,551,1
19.195586442947388,382,1
19.200918197631836,566,1
19.20357394218445,627,1
19.207284927368164,692,1
19.211212635040283,616,1
19.2151997089386,361,1
19.219606161117554,510,1
19.222923755645752,612,1
19.226821660995483,675,1
19.230940103530884,632,1
19.235228538513184,385,1
19.23866868019104,513,1
19.242583513259888,629,1
19.246543169021606,664,1
19.250735759735107,675,1
19.25428318977356,455,1
19.258290767669678,537,1
19.262080907821655,686,1
19.266069650650024,731,1
19.27046227455139,758,1
19.27377963066101,526,1
19.27774167060852,552,1
19.282373189926147,696,1
19.28640079498291,698,1
19.289511680603027,748,1
19.29344367980957,545,1
19.29751491546631,519,1
19.30169439315796,673,1
19.305245399475098,684,1
19.3090398311615,772,1
19.312894344329834,600,1
19.317265510559082,530,1
19.32086753845215,707,1
19.324817657470703,701,1
19.32855463027954,771,1
19.333917379379272,618,1
19.33682918548584,508,1
19.340417623519897,678,1
19.344244718551636,668,1
19.348103284835815,732,1
19.3544602394104,558,1
19.356066942214966,387,1
19.359827280044556,550,1
19.36410927772522,565,1
19.370566844940186,657,1
19.371662616729736,550,1
19.375521659851074,350,1
19.37948226928711,528,1
19.384154796600342,579,1
19.38724184036255,652,1
19.391144514083862,579,1
19.39507246017456,344,1
19.39910387992859,495,1
19.403791427612305,590,1
19.406981945037842,637,1
19.410768270492554,579,1
19.414774894714355,332,1
19.419474840164185,460,1
19.422525882720947,581,1
19.42643094062805,627,1
19.430256366729736,623,1
19.434265851974487,366,1
19.43817663192749,454,1
19.442015171051025,588,1
19.44589114189148,611,1
19.450592517852783,629,1
19.453735828399658,396,1
19.46151041984558,456,1
19.4698429107666,595,1
19.47096347808838,596,1
19.47179388999939,639,1
19.47326922416687,415,1
19.477216958999634,398,1
19.481231212615967,564,1
19.485399961471558,579,1
19.488933086395264,652,1
19.492893934249878,436,1
19.496915102005005,371,1
19.501489877700806,560,1
19.504833459854126,563,1
19.50849962234497,640,1
19.512523412704468,471,1
19.51707887649536,348,1
19.52026128768921,518,1
19.52416706085205,530,1
19.528037786483765,624,1
19.53286051750183,492,1
19.53693461418152,349,1
19.539841413497925,550,1
19.543729782104492,565,1
19.547725439071655,649,1
19.553383588790894,546,1
19.555601119995117,367,1
19.559474229812622,553,1
19.56336736679077,591,1
19.56748867034912,656,1
19.571375608444214,593,1
19.57500672340393,382,1
19.57897138595581,550,1
19.583123445510864,637,1
19.586994409561157,695,1
19.590648651123047,649,1
19.594568967819214,414,1
19.599225282669067,533,1
19.60359501838684,630,1
19.60643768310547,662,1
19.610234260559082,638,1
19.614294290542603,404,1
19.618228912353516,509,1
19.62205719947815,632,1
19.626006841659546,661,1
19.62980604171753,697,1
19.634024381637573,469,1
19.63774561882019,525,1
19.64157247543335,672,1
19.6454815864563,684,1
19.64951181411743,719,1
19.653491973876953,479,1
19.657158613204956,486,1
19.661063194274902,658,1
19.665143251419067,651,1
19.6694176197052,709,1
19.6728515625,516,1
19.67688822746277,464,1
19.68088459968567,644,1
19.685153007507324,638,1
19.68854331970215,694,1
19.692557334899902,512,1
19.696281671524048,407,1
19.700560331344604,577,1
19.70416760444641,576,1
19.708021640777588,657,1
19.71192169189453,500,1
19.716204166412354,346,1
19.719845294952393,541,1
19.723750114440918,568,1
19.727567672729492,653,1
19.731677770614624,536,1
19.735581874847412,353,1
19.739317893981934,527,1
19.743189334869385,565,1
19.747334480285645,637,1
19.75142765045166,569,1
19.754930019378662,369,1
19.75885772705078,530,1
19.762893676757812,586,1
19.767203092575073,654,1
19.770686149597168,601,1
19.774585008621216,352,1
19.778492212295532,493,1
19.78330659866333,591,1
19.786536931991577,630,1
19.790229558944702,620,1
19.794118881225586,384,1
19.798030138015747,483,1
19.802114725112915,600,1
19.805805683135986,632,1
19.809946298599243,633,1
19.814290523529053,369,1
19.81781554222107,420,1
19.82152795791626,552,1
19.825440883636475,572,1
19.829317092895508,600,1
19.833961963653564,370,1
19.837177515029907,387,1
19.841099977493286,557,1
19.845012187957764,564,1
19.84910488128662,640,1
19.85309100151062,458,1
19.856782913208008,418,1
19.860630989074707,587,1
19.864509344100952,574,1
19.86853337287903,659,1
19.8723087310791,480,1
19.876438856124878,387,1
19.8802227973938,562,1
19.885441541671753,566,1
19.888280630111694,666,1
19.892080545425415,520,1
19.895846128463745,383,1
19.900130033493042,565,1
19.90381908416748,577,1
19.907531023025513,655,1
19.911539793014526,536,1
19.915504217147827,363,1
19.91958713531494,544,1
19.923176050186157,573,1
19.927114725112915,639,1
19.931419610977173,539,1
19.934954166412354,324,1
19.93886947631836,477,1
19.94283413887024,537,1
19.94673204421997,598,1
19.95078134536743,540,1
19.954529762268066,309,1
19.958447217941284,444,1
19.962279796600342,507,1
19.966305017471313,559,1
19.970411777496338,522,1
19.974045515060425,290,1
19.97791314125061,417,1
19.98219060897827,525,1
19.986013889312744,552,1
19.98979115486145,564,1
19.993637561798096,319,1
19.997554779052734,388,1
20.00163960456848,527,1
20.00533366203308,548,1
20.009259462356567,584,1
20.013241052627563,354,1
20.018142223358154,392,1
20.021135807037354,539,1
20.02489995956421,539,1
20.02881646156311,605,1
20.033663988113403,409,1
20.036781787872314,388,1
20.04055118560791,566,1
20.044585466384888,558,1
20.04847741127014,625,1
20.053306341171265,430,1
20.05625557899475,343,1
20.06010866165161,488,1
20.064141750335693,476,1
20.068239212036133,545,1
20.071866750717163,367,1
20.075796365737915,246,1
20.079803228378296,426,1
20.084224224090576,438,1
20.08787488937378,542,1
20.091506958007812,435,1
20.095314502716064,281,1
20.103290796279907,468,1
20.112102031707764,508,1
20.11280059814453,583,1
20.113354206085205,455,1
20.124398708343506,280,1
20.125407934188843,470,1
20.126201152801514,538,1
20.126758098602295,645,1
20.132253646850586,607,1
20.138411283493042,387,1
20.139490842819214,537,1
20.142316341400146,624,1
20.146148443222046,682,1
20.15181064605713,650,1
20.154069185256958,406,1
20.157893896102905,530,1
20.161808490753174,632,1
20.167593717575073,669,1
20.170471668243408,657,1
20.17371916770935,423,1
20.1775860786438,517,1
20.1817843914032,628,1
20.187679290771484,635,1
20.189175128936768,667,1
20.19317364692688,445,1
20.197057723999023,499,1
20.200992584228516,649,1
20.204882383346558,651,1
20.20894145965576,695,1
20.21268081665039,468,1
20.217198133468628,454,1
20.22057032585144,626,1
20.224432706832886,646,1
20.228419303894043,716,1
20.234317541122437,516,1
20.236777782440186,449,1
20.240158557891846,608,1
20.2439706325531,602,1
20.248018741607666,684,1
20.25193500518799,528,1
20.25571584701538,418,1
20.259613752365112,594,1
20.26366639137268,593,1
20.270888805389404,679,1
20.271680116653442,541,1
20.275249481201172,377,1
20.2791805267334,561,1
20.28419303894043,587,1
20.28706932067871,640,1
20.29092574119568,513,1
20.29503560066223,308,1
20.29908275604248,468,1
20.3037052154541,496,1
20.306736707687378,565,1
20.310614109039307,479,1
20.31466317176819,251,1
20.318622827529907,405,1
20.32226061820984,493,1
20.326168060302734,564,1
20.33006191253662,551,1
20.334312438964844,319,1
20.337875366210938,450,1
20.341798305511475,561,1
20.345988512039185,600,1
20.35087823867798,594,1
20.353662729263306,351,1
20.357714891433716,447,1
20.36147665977478,571,1
20.366355895996094,594,1
20.37057662010193,608,1
20.373096704483032,358,1
20.377023220062256,387,1
20.38107132911682,554,1
20.385099411010742,570,1
20.38875722885132,618,1
20.392722606658936,384,1
20.396701335906982,375,1
20.402183294296265,542,1
20.40443706512451,545,1
20.408420085906982,609,1
20.41229796409607,420,1
20.416165351867676,368,1
20.420451164245605,545,1
20.42393922805786,543,1
20.42781138420105,616,1
20.432600736618042,439,1
20.437080144882202,342,1
20.439637899398804,531,1
20.44350576400757,525,1
20.447550058364868,602,1
20.451745748519897,446,1
20.455339670181274,298,1
20.45913600921631,497,1
20.463157653808594,514,1
20.467096090316772,601,1
20.471100330352783,484,1
20.475915670394897,312,1
20.478755235671997,490,1
20.483766555786133,538,1
20.486535787582397,620,1
20.490530967712402,545,1
20.494430541992188,317,1
20.498254776000977,477,1
20.50709366798401,551,1
20.508585453033447,612,1
20.51006269454956,556,1
20.514177560806274,305,1
20.517903327941895,439,1
20.521846771240234,556,1
20.52579355239868,607,1
20.529757499694824,598,1
20.534334182739258,359,1
20.537548065185547,463,1
20.541391849517822,580,1
20.545249938964844,626,1
20.549684047698975,653,1
20.553147554397583,405,1
20.556950092315674,447,1
20.560983180999756,573,1
20.564790964126587,563,1
20.5739688873291,584,1
20.57428479194641,361,1
20.576621055603027,374,1
20.58069634437561,541,1
20.588299989700317,544,1
20.588951110839844,603,1
20.592219591140747,398,1
20.5964138507843,350,1
20.600533485412598,538,1
20.608107328414917,562,1
20.609310626983643,637,1
20.611835479736328,442,1
20.616173028945923,345,1
20.62189555168152,531,1
20.626094341278076,549,1
20.62742590904236,643,1
20.631338357925415,494,1
20.635212659835815,341,1
20.639276266098022,527,1
20.64326786994934,548,1
20.646930932998657,634,1
20.65100884437561,519,1
20.65507435798645,342,1
20.661762952804565,493,1
20.662601232528687,519,1
20.66657829284668,603,1
20.670567750930786,501,1
20.674437999725342,279,1
20.678197860717773,434,1
20.683997869491577,517,1
20.688581943511963,603,1
20.690857887268066,576,1
20.693907976150513,367,1
20.698025703430176,517,1
20.701906204223633,645,1
20.70557403564453,665,1
20.70968008041382,654,1
20.713439226150513,403,1
20.717782020568848,505,1
20.72162961959839,606,1
20.725213289260864,634,1
20.72905993461609,652,1
20.73307991027832,411,1
20.736886024475098,486,1
20.74081826210022,629,1
20.74486994743347,641,1
20.749253511428833,680,1
20.753557205200195,461,1
20.756500244140625,485,1
20.76054048538208,612,1
20.764415740966797,607,1
20.76828360557556,635,1
20.772146463394165,424,1
20.776217699050903,379,1
20.779932737350464,519,1
20.784180164337158,521,1
20.787916898727417,606,1
20.791764736175537,434,1
20.795557260513306,351,1
20.800439834594727,541,1
20.803610801696777,539,1
20.807272911071777,631,1
20.811211585998535,485,1
20.816282272338867,354,1
20.8200786113739,514,1
20.82303500175476,527,1
20.82685422897339,619,1
20.83093762397766,487,1
20.836068630218506,307,1
20.83874273300171,473,1
20.84251093864441,527,1
20.846453428268433,632,1
20.850805521011353,555,1
20.85429310798645,352,1
20.85814642906189,532,1
20.862088441848755,582,1
20.866523265838623,648,1
20.870192766189575,600,1
20.87384867668152,367,1
20.877749919891357,513,1
20.881967782974243,593,1
20.88685178756714,623,1
20.88973593711853,577,1
20.89359474182129,346,1
20.897589921951294,447,1
20.902304649353027,553,1
20.9051730632782,590,1
20.90899968147278,610,1
20.912926197052002,360,1
20.917659044265747,438,1
20.921610832214355,586,1
20.924670934677124,579,1
20.928560972213745,597,1
20.932679653167725,368,1
20.93676447868347,397,1
20.940300941467285,529,1
20.944212436676025,538,1
20.950405597686768,604,1
20.954806804656982,401,1
20.955982208251953,388,1
20.959824085235596,538,1
20.96418833732605,516,1
20.968003034591675,550,1
20.971731901168823,331,1
20.975487232208252,271,1
20.97947072982788,447,1
20.983712673187256,450,1
20.987226963043213,528,1
20.99114727973938,371,1
20.995107173919678,243,1
20.999079704284668,425,1
21.00393056869507,427,1
21.00696563720703,495,1
21.010857582092285,354,1
21.014844179153442,181,1
21.019200086593628,366,1
21.022507190704346,392,1
21.026410818099976,478,1
21.030312299728394,375,1
21.034340620040894,183,1
21.038075923919678,353,1
21.042038917541504,413,1
21.045907258987427,504,1
21.05057382583618,447,1
21.05481505393982,225,1
21.057814359664917,358,1
21.061648845672607,453,1
21.065845012664795,515,1
21.069656372070312,498,1
21.073310613632202,269,1
21.077242851257324,410,1
21.0824294090271,517,1
21.087395191192627,551,1
21.08898663520813,550,1
21.09289836883545,293,1
21.09680700302124,384,1
21.100967168807983,513,1
21.10472011566162,534,1
21.108500242233276,569,1
21.112537145614624,332,1
21.116809368133545,375,1
21.12037944793701,532,1
21.124166011810303,546,1
21.128181219100952,610,1
21.132177114486694,374,1
21.136332035064697,344,1
21.139826774597168,500,1
21.143851280212402,514,1
21.147949934005737,591,1
21.153263807296753,394,1
21.15550136566162,343,1
21.159491539001465,533,1
21.163499355316162,542,1
21.167739152908325,618,1
21.171135902404785,453,1
21.17503571510315,363,1
21.17899751663208,563,1
21.183022260665894,570,1
21.187399864196777,666,1
21.19070601463318,527,1
21.19462251663208,365,1
21.198798418045044,552,1
21.203957557678223,573,1
21.20642352104187,660,1
21.210215091705322,541,1
21.214375257492065,350,1
21.218454599380493,525,1
21.222057580947876,569,1
21.225924491882324,633,1
21.22991943359375,552,1
21.234665155410767,347,1
21.238901615142822,499,1
21.241649389266968,555,1
21.245540618896484,589,1
21.250066995620728,529,1
21.254108428955078,280,1
21.257204055786133,393,1
21.26106572151184,485,1
21.265010118484497,531,1
21.269680976867676,526,1
21.272911310195923,269,1
21.276803255081177,355,1
21.281044960021973,482,1
21.284643173217773,516,1
21.288589000701904,539,1
21.292441368103027,310,1
21.29629635810852,371,1
21.301003217697144,523,1
21.30411982536316,545,1
21.30803108215332,576,1
21.312018156051636,343,1
21.316199779510498,348,1
21.320838928222656,517,1
21.323949813842773,515,1
21.32758092880249,585,1
21.33173155784607,386,1
21.336249589920044,320,1
21.33949112892151,490,1
21.343332767486572,493,1
21.347635984420776,585,1
21.35222625732422,413,1
21.355118989944458,326,1
21.35889172554016,526,1
21.36284899711609,535,1
21.366957426071167,614,1
21.372286796569824,464,1
21.37459945678711,341,1
21.37850785255432,544,1
21.382649421691895,577,1
21.38672184944153,663,1
21.390220403671265,534,1
21.394110202789307,342,1
21.398130178451538,507,1
21.40264081954956,545,1
21.405872583389282,637,1
21.409809589385986,558,1
21.413804054260254,352,1
21.42053771018982,519,1
21.421854496002197,584,1
21.425448417663574,642,1
21.429292917251587,588,1
21.43335747718811,372,1
21.437139987945557,527,1
21.441032648086548,619,1
21.44492769241333,656,1
21.450802087783813,632,1
21.45441484451294,372,1
21.45677375793457,468,1
21.460591793060303,580,1
21.46469235420227,611,1
21.46973943710327,618,1
21.47242307662964,351,1
21.476235389709473,408,1
21.480184078216553,555,1
21.484246492385864,593,1
21.48803162574768,644,1
21.492001056671143,384,1
21.495807886123657,389,1
21.502428770065308,548,1
21.50375509262085,576,1
21.50754165649414,652,1
21.511496782302856,450,1
21.517466068267822,418,1
21.521149396896362,582,1
21.523228645324707,570,1
21.527127027511597,635,1
21.531919956207275,452,1
21.538081645965576,372,1
21.53884220123291,538,1
21.542957067489624,525,1
21.546823263168335,625,1
21.553189277648926,475,1
21.55523180961609,336,1
21.558567762374878,514,1
21.562342882156372,520,1
21.567549467086792,623,1
21.573407411575317,494,1
21.574915170669556,318,1
21.577962160110474,507,1
21.584228992462158,563,1
21.588602304458618,651,1
21.58972668647766,542,1
21.59364652633667,314,1
21.598134517669678,492,1
21.605332851409912,544,1
21.606508255004883,598,1
21.609554290771484,543,1
21.613208532333374,340,1
21.620978116989136,510,1
21.621817111968994,610,1
21.624912977218628,663,1
21.62898349761963,630,1
21.635029077529907,379,1
21.637295722961426,504,1
21.640613317489624,618,1
21.644543170928955,639,1
21.650823831558228,640,1
21.653590440750122,388,1
21.656222343444824,458,1
21.660175323486328,596,1
21.6646466255188,609,1
21.670549631118774,637,1
21.671959161758423,396,1
21.675861358642578,411,1
21.67990469932556,561,1
21.68525505065918,559,1
21.68905997276306,642,1
21.69150185585022,408,1
21.695432662963867,386,1
21.70117425918579,568,1
21.70527982711792,565,1
21.70708441734314,645,1
21.711024045944214,482,1
21.717503547668457,425,1
21.719904899597168,616,1
21.722855806350708,629,1
21.72663950920105,710,1
21.73104190826416,539,1
21.738605737686157,404,1
21.738930463790894,596,1
21.74229407310486,594,1
21.746175050735474,710,1
21.750850915908813,581,1
21.754133224487305,426,1
21.757923126220703,601,1
21.761826992034912,616,1
21.768073081970215,683,1
21.771244764328003,579,1
21.77357769012451,385,1
21.777501821517944,562,1
21.78324794769287,600,1
21.787649869918823,663,1
21.78920888900757,589,1
21.79312801361084,354,1
21.797059059143066,507,1
21.801278352737427,590,1
21.804866552352905,642,1
21.808847904205322,610,1
21.81269407272339,355,1
21.817941904067993,473,1
21.821134328842163,593,1
21.82464361190796,633,1
21.839312076568604,638,1
21.841346740722656,392,1
21.841680765151978,487,1
21.842796802520752,632,1
21.84402060508728,668,1
21.848342418670654,695,1
21.85517168045044,468,1
21.85644769668579,516,1
21.859817504882812,677,1
21.86363410949707,669,1
21.86931276321411,720,1
21.87149739265442,483,1
21.875325679779053,462,1
21.879263401031494,603,1
21.886011600494385,608,1
21.887893199920654,675,1
21.89094376564026,489,1
21.894899368286133,404,1
21.90016269683838,566,1
21.902896404266357,568,1
21.906590700149536,640,1
21.910510301589966,459,1
21.91449522972107,353,1
21.920785903930664,548,1
21.92222309112549,564,1
21.926143646240234,676,1
21.930110454559326,542,1
21.93403124809265,393,1
21.93786597251892,567,1
21.94185495376587,589,1
21.945757150650024,667,1
21.951041221618652,548,1
21.95409917831421,340,1
21.957537412643433,502,1
21.961456775665283,543,1
21.965356826782227,622,1
21.96989107131958,554,1
21.97307825088501,322,1
21.977022409439087,476,1
21.98103165626526,564,1
21.985209465026855,610,1
21.98876667022705,556,1
21.9927179813385,318,1
21.99656343460083,431,1
22.001081228256226,527,1
22.004438161849976,570,1
22.008281469345093,564,1
22.012208223342896,311,1
22.01641058921814,406,1
22.02015781402588,537,1
22.023993492126465,541,1
22.02788233757019,569,1
22.03187084197998,336,1
22.03785228729248,406,1
22.039777994155884,548,1
22.043534517288208,584,1
22.047606229782104,631,1
22.051481246948242,405,1
22.055267333984375,389,1
22.05915880203247,548,1
22.06304931640625,541,1
22.06746220588684,599,1
22.07090997695923,395,1
22.07482147216797,344,1
22.0787935256958,510,1
22.083343982696533,504,1
22.088288068771362,591,1
22.090481281280518,423,1
22.094449043273926,323,1
22.0983943939209,511,1
22.103010416030884,516,1
22.106213808059692,587,1
22.110006093978882,377,1
22.11422324180603,180,1
22.119057655334473,334,1
22.12228012084961,344,1
22.125667810440063,438,1
22.12958550453186,331,1
22.142104387283325,139,1
22.151045083999634,308,1
22.15427803993225,355,1
22.155054330825806,443,1
22.15590262413025,372,1
22.157206535339355,171,1
22.157392024993896,364,1
22.160856008529663,452,1
22.164825677871704,515,1
22.16925859451294,455,1
22.172602653503418,221,1
22.176512479782104,372,1
22.180559873580933,493,1
22.184852600097656,563,1
22.18827199935913,549,1
22.192179679870605,294,1
22.196113109588623,403,1
22.200056314468384,546,1
22.203958988189697,587,1
22.20779585838318,600,1
22.211805820465088,353,1
22.216014862060547,430,1
22.22016215324402,595,1
22.223505973815918,626,1
22.227421283721924,670,1
22.23138451576233,436,1
22.235374212265015,449,1
22.239073514938354,608,1
22.24302101135254,628,1
22.24705171585083,702,1
22.251023292541504,505,1
22.255292892456055,460,1
22.258886575698853,642,1
22.262671947479248,657,1
22.266555547714233,727,1
22.27061915397644,539,1
22.274358987808228,442,1
22.27824902534485,621,1
22.282180070877075,632,1
22.28632354736328,732,1
22.290085077285767,585,1
22.293898820877075,461,1
22.302598476409912,643,1
22.304816722869873,651,1
22.306139707565308,753,1
22.30950903892517,638,1
22.313494443893433,448,1
22.31803250312805,605,1
22.32143807411194,640,1
22.32518243789673,735,1
22.329134464263916,650,1
22.33638095855713,457,1
22.33824586868286,629,1
22.340875387191772,683,1
22.344745874404907,748,1
22.348891973495483,683,1
22.35263681411743,441,1
22.356494665145874,583,1
22.360434770584106,657,1
22.364702463150024,682,1
22.37311625480652,641,1
22.374918222427368,391,1
22.376041412353516,507,1
22.3799250125885,610,1
22.38388729095459,638,1
22.387847661972046,645,1
22.39170241355896,391,1
22.395781755447388,467,1
22.399680852890015,610,1
22.40352153778076,632,1
22.407487630844116,657,1
22.412711143493652,433,1
22.420944452285767,464,1
22.421650409698486,622,1
22.422977685928345,639,1
22.42686414718628,701,1
22.431236505508423,499,1
22.435077905654907,479,1
22.43882131576538,664,1
22.44254159927368,653,1
22.446516036987305,724,1
22.451031923294067,541,1
22.456817865371704,464,1
22.45823907852173,655,1
22.462127923965454,658,1
22.466193914413452,749,1
22.47002148628235,582,1
22.473820686340332,447,1
22.47774910926819,620,1
22.48692297935486,620,1
22.489278554916382,716,1
22.48992133140564,564,1
22.493499517440796,386,1
22.497637033462524,566,1
22.501217126846313,596,1
22.50511622428894,695,1
22.509098291397095,594,1
22.512930154800415,379,1
22.518004179000854,527,1
22.52082657814026,575,1
22.52489924430847,639,1
22.52869987487793,560,1
22.53337287902832,330,1
22.53696298599243,480,1
22.5404691696167,550,1
22.54423975944519,569,1
22.548211812973022,524,1
22.55237913131714,287,1
22.556018590927124,408,1
22.55999231338501,509,1
22.564310550689697,549,1
22.570584535598755,551,1
22.57177710533142,301,1
22.575565576553345,369,1
22.579545497894287,497,1
22.584169387817383,529,1
22.58848786354065,549,1
22.591182947158813,317,1
22.595163345336914,356,1
22.6018648147583,516,1
22.605518579483032,520,1
22.60685634613037,568,1
22.6109037399292,343,1
22.614848613739014,326,1
22.62095808982849,492,1
22.62253165245056,505,1
22.626460075378418,587,1
22.630322456359863,405,1
22.638607263565063,346,1
22.63908362388611,526,1
22.642121076583862,530,1
22.64599847793579,630,1
22.650136709213257,485,1
22.6570143699646,372,1
22.660062313079834,553,1
22.661662340164185,568,1
22.66785717010498,659,1
22.670007467269897,498,1
22.673552751541138,329,1
22.677247047424316,513,1
22.68139624595642,520,1
22.685099363327026,599,1
22.68900442123413,477,1
22.692939281463623,280,1
22.696843147277832,446,1
22.70101308822632,478,1
22.704817533493042,554,1
22.70862603187561,504,1
22.712594270706177,289,1
22.717319011688232,441,1
22.720654249191284,531,1
22.724215984344482,596,1
22.728110313415527,563,1
22.732301235198975,326,1
22.736704111099243,459,1
22.739972591400146,564,1
22.74379301071167,611,1
22.74785614013672,601,1
22.751639366149902,346,1
22.75554847717285,440,1
22.759560108184814,571,1
22.76347589492798,588,1
22.76746439933777,601,1
22.77169442176819,368,1
22.775059461593628,413,1
22.778989791870117,562,1
22.783876180648804,571,1
22.78691577911377,617,1
22.790749073028564,400,1
22.794678926467896,397,1
22.799230337142944,563,1
22.80319333076477,581,1
22.806570053100586,647,1
22.81027054786682,456,1
22.814469575881958,404,1
22.821579456329346,580,1
22.823230743408203,560,1
22.825945138931274,633,1
22.829880714416504,466,1
22.83423900604248,363,1
22.83788013458252,565,1
22.841753005981445,589,1
22.845587015151978,691,1
22.850045204162598,548,1
22.854443073272705,394,1
22.85723638534546,576,1
22.861133813858032,594,1
22.86531949043274,671,1
22.86982822418213,565,1
22.87289309501648,377,1
22.87681484222412,561,1
22.880921363830566,610,1
22.885565042495728,696,1
22.88856315612793,619,1
22.892526388168335,376,1
22.896433353424072,525,1
22.900678873062134,607,1
22.904266595840454,653,1
22.908103942871094,596,1
22.91197371482849,359,1
22.91597056388855,497,1
22.920257568359375,583,1
22.923792839050293,621,1
22.927674770355225,611,1
22.932082891464233,343,1
22.936748504638672,424,1
22.939485549926758,536,1
22.94339394569397,558,1
22.947185277938843,575,1
22.951180934906006,342,1
22.955054759979248,407,1
22.958914518356323,558,1
22.962910652160645,586,1
22.973817348480225,648,1
22.975041151046753,445,1
22.976415634155273,435,1
22.97865581512451,587,1
23.010730504989624,591,1
23.011409521102905,652,1
23.020766496658325,443,1
23.021942138671875,397,1
23.02416706085205,571,1
23.030311346054077,559,1
23.061901807785034,632,1
23.067810535430908,452,1
23.074376106262207,355,1
23.075287103652954,526,1
23.076455116271973,532,1
23.07689380645752,622,1
23.077197790145874,486,1
23.077669620513916,355,1
23.077972888946533,557,1
23.078315019607544,589,1
23.078535318374634,682,1
23.07986092567444,563,1
23.080161809921265,366,1
23.08041548728943,540,1
23.08337712287903,573,1
23.08416724205017,650,1
23.08472228050232,576,1
23.085265398025513,365,1
23.0859375,525,1
23.086575984954834,592,1
23.086802005767822,661,1
23.088051795959473,615,1
23.09218668937683,385,1
23.12190818786621,524,1
23.12226438522339,612,1
23.122575521469116,656,1
23.122920513153076,623,1
23.123106241226196,343,1
23.123608827590942,450,1
23.12393546104431,581,1
23.12412452697754,613,1
23.127147674560547,627,1
23.13116478919983,387,1
23.13552737236023,471,1
23.138864040374756,630,1
23.14278793334961,625,1
23.146724462509155,652,1
23.151102542877197,420,1
23.15464687347412,434,1
23.15862488746643,585,1
23.162433385849,593,1
23.1677827835083,665,1
23.170605659484863,470,1
23.174081563949585,432,1
23.178067207336426,604,1
23.181955575942993,604,1
23.186808347702026,678,1
23.189725160598755,505,1
23.1937472820282,420,1
23.198235750198364,587,1
23.201617002487183,567,1
23.205513954162598,636,1
23.209288597106934,476,1
23.213273525238037,331,1
23.217662811279297,497,1
23.221165657043457,494,1
23.224982738494873,580,1
23.2288875579834,459,1
23.233035802841187,293,1
23.236953496932983,467,1
23.240602254867554,501,1
23.244543313980103,576,1
23.24865174293518,424,1
23.253050327301025,170,1
23.256269454956055,304,1
23.260206937789917,357,1
23.264260292053223,421,1
23.268017053604126,354,1
23.271934032440186,123,1
23.275868892669678,261,1
23.279871702194214,347,1
23.283812046051025,395,1
23.287665128707886,376,1
23.291650533676147,139,1
23.295475006103516,252,1
23.30024266242981,368,1
23.304203748703003,411,1
23.30712342262268,416,1
23.310991287231445,181,1
23.316022396087646,277,1
23.318904638290405,429,1
23.322928190231323,460,1
23.326855182647705,504,1
23.330599546432495,291,1
23.334795475006104,320,1
23.338499784469604,487,1
23.342347145080566,522,1
23.34629988670349,595,1
23.35083842277527,393,1
23.35422682762146,375,1
23.357930898666382,551,1
23.361849308013916,577,1
23.366766929626465,660,1
23.369803428649902,481,1
23.373665809631348,412,1
23.37751340866089,607,1
23.38154625892639,619,1
23.386053562164307,716,1
23.389294862747192,566,1
23.393152236938477,427,1
23.39707660675049,602,1
23.401119232177734,598,1
23.404953956604004,691,1
23.408822536468506,565,1
23.412872314453125,392,1
23.417691230773926,582,1
23.421013355255127,620,1
23.42450213432312,695,1
23.42851686477661,596,1
23.43302011489868,410,1
23.436376810073853,587,1
23.440140962600708,640,1
23.444052696228027,717,1
23.448063611984253,657,1
23.45536184310913,439,1
23.45604681968689,596,1
23.459875345230103,681,1
23.46362853050232,713,1
23.4682035446167,676,1
23.471503734588623,417,1
23.475394010543823,528,1
23.479411840438843,629,1
23.48428964614868,665,1
23.48761773109436,680,1
23.491110801696777,431,1
23.49490523338318,509,1
23.49882173538208,636,1
23.50320839881897,659,1
23.506911993026733,677,1
23.510682344436646,431,1
23.51476550102234,456,1
23.51871085166931,595,1
23.52231740951538,603,1
23.526201248168945,658,1
23.53017807006836,451,1
23.53432846069336,438,1
23.53802251815796,594,1
23.54183840751648,595,1
23.545868396759033,668,1
23.5502872467041,481,1
23.553624153137207,411,1
23.557506799697876,583,1
23.561444997787476,581,1
23.56551241874695,675,1
23.570122241973877,524,1
23.573112964630127,414,1
23.577045679092407,600,1
23.58112335205078,605,1
23.58503532409668,692,1
23.588781118392944,551,1
23.592745542526245,382,1
23.596599578857422,554,1
23.601162672042847,569,1
23.60448980331421,649,1
23.608474016189575,541,1
23.612282276153564,341,1
23.61685824394226,500,1
23.621187686920166,547,1
23.62402105331421,623,1
23.628016233444214,557,1
23.631855964660645,345,1
23.636160612106323,501,1
23.639724731445312,597,1
23.643595457077026,661,1
23.648112535476685,625,1
23.65407919883728,383,1
23.655338048934937,520,1
23.65919589996338,625,1
23.663094520568848,659,1
23.667266368865967,653,1
23.67100763320923,406,1
23.674811363220215,500,1
23.678983688354492,607,1
23.683667421340942,602,1
23.68720841407776,627,1
23.690596103668213,397,1
23.694498777389526,444,1
23.698471546173096,583,1
23.702388048171997,588,1
23.706124305725098,642,1
23.710057497024536,424,1
23.71428608894348,413,1
23.718332529067993,572,1
23.721991062164307,583,1
23.725712060928345,654,1
23.729609966278076,460,1
23.7337167263031,417,1
23.737917184829712,589,1
23.741436004638672,586,1
23.745283842086792,664,1
23.74976897239685,499,1
23.753783702850342,394,1
23.756969451904297,574,1
23.76091742515564,587,1
23.765337705612183,683,1
23.771132469177246,550,1
23.772676706314087,385,1
23.77656841278076,548,1
23.780589818954468,561,1
23.78464150428772,646,1
23.789392471313477,525,1
23.79235863685608,332,1
23.79616665840149,501,1
23.800971508026123,546,1
23.80491828918457,613,1
23.80796504020691,536,1
23.811849355697632,319,1
23.817623138427734,475,1
23.820475578308105,549,1
23.823585271835327,617,1
23.827523469924927,574,1
23.83146047592163,323,1
23.836827754974365,439,1
23.83917760848999,538,1
23.843377590179443,586,1
23.846997499465942,583,1
23.85188388824463,346,1
23.855202674865723,441,1
23.858708381652832,566,1
23.8627712726593,586,1
23.86699891090393,606,1
23.870625495910645,361,1
23.87449884414673,411,1
23.878247261047363,547,1
23.88224148750305,558,1
23.88695216178894,606,1
23.890028953552246,368,1
23.8939368724823,370,1
23.898658990859985,537,1
23.902191638946533,540,1
23.905691623687744,610,1
23.909587383270264,388,1
23.913538455963135,335,1
23.91756820678711,510,1
23.92166042327881,528,1
23.925237894058228,618,1
23.929122924804688,441,1
23.933695554733276,351,1
23.937142372131348,533,1
23.940860509872437,533,1
23.944771766662598,612,1
23.948957920074463,453,1
23.9526789188385,297,1
23.956712007522583,474,1
23.96055817604065,506,1
23.964476108551025,602,1
23.968459129333496,493,1
23.972164154052734,304,1
23.976064205169678,464,1
23.97997808456421,496,1
23.984418153762817,572,1
23.988048553466797,488,1
23.99172878265381,286,1
23.995633363723755,451,1
24.001192092895508,529,1
24.003735303878784,601,1
24.00751233100891,542,1
24.01137065887451,319,1
24.015307426452637,449,1
24.019415378570557,539,1
24.023001194000244,597,1
24.02693223953247,588,1
24.0316743850708,336,1
24.03500509262085,452,1
24.038691520690918,562,1
24.04269552230835,577,1
24.04666304588318,575,1
24.051039934158325,315,1
24.05510902404785,375,1
24.058236598968506,516,1
24.062245845794678,544,1
24.067513942718506,570,1
24.070016622543335,327,1
24.07386565208435,327,1
24.077913522720337,483,1
24.082003831863403,498,1
24.08793330192566,554,1
24.089553117752075,335,1
24.093724250793457,301,1
24.097684144973755,478,1
24.10141944885254,497,1
24.10520648956299,558,1
24.109105348587036,358,1
24.113062620162964,269,1
24.11722159385681,449,1
24.121063947677612,445,1
24.124834775924683,541,1
24.128661394119263,398,1
24.133402347564697,276,1
24.136805772781372,461,1
24.140557050704956,476,1
24.144463539123535,546,1
24.148449897766113,404,1
24.15448570251465,231,1
24.156103372573853,398,1
24.160040855407715,434,1
24.163892030715942,517,1
24.170318841934204,415,1
24.171733379364014,220,1
24.175703763961792,401,1
24.17952013015747,476,1
24.18417263031006,552,1
24.187495946884155,510,1
24.1912944316864,286,1
24.195168256759644,422,1
24.199549436569214,509,1
24.203561067581177,553,1
24.20687747001648,524,1
24.21088147163391,286,1
24.214986562728882,386,1
24.218640565872192,496,1
24.22254729270935,531,1
24.226595401763916,547,1
24.23046064376831,305,1
24.234692335128784,380,1
24.238268852233887,512,1
24.242095470428467,544,1
24.246060609817505,580,1
24.25019073486328,329,1
24.253945350646973,359,1
24.257945775985718,526,1
24.261784076690674,534,1
24.26654887199402,592,1
24.27030897140503,391,1
24.273513317108154,370,1
24.277362823486328,538,1
24.281524896621704,541,1
24.285274744033813,619,1
24.289036512374878,431,1
24.292944192886353,346,1
24.296865940093994,522,1
24.30147123336792,523,1
24.304895639419556,593,1
24.308640241622925,406,1
24.312543392181396,253,1
24.317376375198364,419,1
24.32166337966919,436,1
24.32447075843811,549,1
24.32828378677368,415,1
24.333468437194824,238,1
24.336966276168823,429,1
24.339890956878662,463,1
24.343839406967163,550,1
24.348594903945923,435,1
24.351773262023926,251,1
24.35559582710266,438,1
24.359607696533203,495,1
24.363450288772583,578,1
24.36813259124756,510,1
24.371253967285156,302,1
24.37512445449829,461,1
24.379056692123413,544,1
24.38464379310608,597,1
24.38855290412903,553,1
24.39079785346985,316,1
24.3947594165802,439,1
24.398924112319946,543,1
24.402859926223755,560,1
24.40647864341736,539,1
24.410295248031616,291,1
24.41584610939026,380,1
24.418893814086914,511,1
24.422038555145264,526,1
24.42597270011902,544,1
24.429893970489502,313,1
24.43419861793518,376,1
24.437734603881836,522,1
24.441611289978027,515,1
24.44561457633972,562,1
24.450056314468384,349,1
24.4536292552948,352,1
24.457319021224976,529,1
24.461193323135376,535,1
24.46542453765869,584,1
24.469666957855225,378,1
24.472965240478516,321,1
24.476828575134277,492,1
24.48120403289795,499,1
24.488173484802246,583,1
24.488659858703613,412,1
24.49255108833313,300,1
24.496456623077393,492,1
24.501171350479126,500,1
24.504242181777954,580,1
24.508150339126587,431,1
24.512036561965942,274,1
24.518206357955933,460,1
24.520191192626953,492,1
24.523958206176758,577,1
24.527740001678467,462,1
24.5358464717865,280,1
24.537108898162842,456,1
24.539588451385498,498,1
24.54334259033203,576,1
24.54728412628174,500,1
24.55176019668579,287,1
24.55521535873413,443,1
24.55901336669922,537,1
24.562891721725464,618,1
24.56706166267395,575,1
24.57081890106201,320,1
24.574663400650024,445,1
24.578585624694824,561,1
24.582740306854248,591,1
24.58746886253357,572,1
24.590290784835815,326,1
24.59425377845764,419,1
24.59816288948059,549,1
24.602237462997437,591,1
24.60594415664673,624,1
24.609850645065308,383,1
24.61390995979309,438,1
24.61786985397339,582,1
24.621591806411743,597,1
24.62550950050354,643,1
24.629495859146118,435,1
24.634299278259277,404,1
24.6373507976532,529,1
24.641139268875122,506,1
24.645086526870728,549,1
24.649271488189697,326,1
24.655585765838623,263,1
24.656848192214966,437,1
24.660908699035645,428,1
24.66540265083313,503,1
24.670243501663208,330,1
24.6726496219635,222,1
24.676478624343872,395,1
24.680286407470703,420,1
24.68435835838318,528,1
24.688459157943726,376,1
24.691993713378906,235,1
24.695950269699097,443,1
24.70070505142212,477,1
24.70385193824768,560,1
24.70782780647278,455,1
24.711766719818115,265,1
24.715700149536133,435,1
24.720125913619995,482,1
24.723323583602905,557,1
24.72720432281494,473,1
24.731172561645508,266,1
24.73530912399292,429,1
24.739019870758057,505,1
24.743001222610474,578,1
24.74678921699524,528,1
24.75105881690979,285,1
24.754736185073853,421,1
24.758617162704468,516,1
24.762563705444336,561,1
24.766573905944824,546,1
24.771241426467896,304,1
24.774240493774414,418,1
24.778192043304443,540,1
24.782062292099,574,1
24.78634262084961,612,1
24.789818048477173,371,1
24.79380440711975,451,1
24.798011779785156,603,1
24.804922580718994,606,1
24.805565118789673,635,1
24.80954885482788,407,1
24.813567876815796,420,1
24.81823992729187,572,1
24.82192349433899,564,1
24.82503652572632,622,1
24.828980207443237,405,1
24.834765434265137,373,1
24.83710241317749,551,1
24.840717315673828,550,1
24.844728708267212,624,1
24.84910011291504,449,1
24.85288691520691,354,1
24.856276750564575,522,1
24.860270261764526,515,1
24.864776372909546,594,1
24.87018656730652,439,1
24.871981620788574,307,1
24.875853061676025,491,1
24.879990816116333,499,1
24.88394045829773,591,1
24.891729831695557,458,1
24.892371892929077,300,1
24.89552640914917,506,1
24.900290489196777,552,1
24.903456926345825,627,1
24.90717077255249,548,1
24.91109561920166,351,1
24.915007829666138,526,1
24.919005632400513,587,1
24.922855854034424,647,1
24.926865816116333,567,1
24.930636644363403,325,1
24.935017824172974,485,1
24.93851351737976,579,1
24.942448139190674,616,1
24.946258783340454,591,1
24.950220823287964,350,1
24.9544517993927,452,1
24.966267585754395,550,1
24.971797704696655,574,1
24.972445249557495,574,1
24.972737550735474,333,1
24.973796606063843,415,1
24.977574110031128,556,1
24.98161005973816,590,1
24.987626552581787,631,1
24.989332675933838,410,1
24.993240118026733,431,1
24.997150659561157,555,1
25.001281261444092,560,1
25.00498366355896,613,1
25.008872985839844,392,1
25.01285982131958,363,1
25.017630100250244,533,1
25.020716905593872,520,1
25.02452540397644,594,1
25.02845811843872,395,1
25.032482624053955,307,1
25.036705255508423,479,1
25.040247201919556,497,1
25.044057846069336,587,1
25.048282384872437,429,1
25.051987409591675,317,1
25.055806398391724,517,1
25.05996322631836,552,1
25.06383204460144,651,1
25.06816005706787,529,1
25.071545362472534,362,1
25.075441360473633,548,1
25.079302549362183,597,1
25.08441734313965,681,1
25.087650060653687,564,1
25.091129779815674,360,1
25.095109939575195,523,1
25.09901523590088,566,1
25.103779792785645,622,1
25.10685133934021,533,1
25.110733032226562,308,1
25.114617824554443,456,1
25.118606567382812,537,1
25.122304677963257,595,1
25.126290798187256,564,1
25.13013005256653,296,1
25.13439178466797,394,1
25.138014793395996,494,1
25.141907453536987,527,1
25.145821571350098,526,1
25.150124311447144,285,1
25.154118061065674,373,1
25.157570838928223,500,1
25.161593198776245,531,1
25.16554021835327,573,1
25.1701180934906,340,1
25.173213720321655,382,1
25.177102088928223,526,1
25.18156385421753,518,1
25.185554027557373,555,1
25.189029216766357,332,1
25.192760229110718,309,1
25.196839332580566,467,1
25.201152086257935,474,1
25.204848527908325,551,1
25.208481550216675,351,1
25.212466716766357,306,1
25.21660280227661,513,1
25.221086740493774,513,1
25.224283456802368,594,1
25.228008031845093,446,1
25.2324538230896,348,1
25.237366437911987,531,1
25.239673852920532,533,1
25.243662357330322,637,1
25.24772310256958,500,1
25.251664638519287,350,1
25.255454778671265,541,1
25.259271383285522,576,1
25.263211727142334,663,1
25.26815366744995,566,1
25.27103352546692,395,1
25.27491807937622,580,1
25.278926134109497,640,1
25.284525394439697,717,1
25.28848886489868,625,1
25.290568113327026,386,1
25.294520378112793,535,1
25.298624753952026,603,1
25.304680585861206,660,1
25.30617928504944,633,1
25.310153484344482,376,1
25.31404709815979,480,1
25.318645477294922,574,1
25.321888208389282,601,1
25.325928211212158,590,1
25.329796314239502,341,1
25.334675073623657,422,1
25.337863445281982,543,1
25.34152388572693,569,1
25.345328092575073,584,1
25.349374532699585,349,1
25.354216814041138,393,1
25.35720157623291,536,1
25.36099410057068,547,1
25.364924430847168,589,1
25.36954641342163,385,1
25.37279224395752,406,1
25.37672758102417,579,1
25.380517959594727,603,1
25.38469099998474,679,1
25.388498306274414,483,1
25.392323970794678,437,1
25.39617085456848,613,1
25.401933193206787,630,1
25.40432333946228,719,1
25.407931804656982,547,1
25.41181445121765,446,1
25.417524099349976,628,1
25.422109365463257,625,1
25.423575401306152,692,1
25.427542448043823,561,1
25.43161678314209,416,1
25.43742060661316,600,1
25.439268589019775,613,1
25.443106174468994,690,1
25.447108507156372,560,1
25.45113444328308,365,1
25.455018043518066,539,1
25.458946704864502,581,1
25.462843656539917,650,1
25.467247247695923,563,1
25.470720052719116,356,1
25.47456121444702,522,1
25.478404998779297,593,1
25.483853816986084,661,1
25.488460302352905,624,1
25.490142583847046,400,1
25.494086742401123,543,1
25.498289585113525,631,1
25.505250215530396,670,1
25.505804538726807,650,1
25.509707927703857,411,1
25.51354718208313,512,1
25.520086526870728,617,1
25.521916151046753,642,1
25.525249481201172,661,1
25.529184579849243,411,1
25.53519630432129,464,1
25.537173986434937,601,1
25.540995359420776,585,1
25.544861316680908,613,1
25.552302598953247,403,1
25.554359674453735,417,1
25.556578397750854,579,1
25.560526132583618,588,1
25.568932056427002,661,1
25.570786237716675,473,1
25.572195768356323,426,1
25.576130151748657,592,1
25.58005166053772,591,1
25.585419178009033,686,1
25.58818244934082,503,1
25.591903924942017,401,1
25.595677614212036,567,1
25.600900888442993,574,1
25.60462522506714,666,1
25.607521057128906,524,1
25.61133313179016,390,1
25.615560293197632,577,1
25.620566368103027,608,1
25.62311100959778,719,1
25.627004146575928,590,1
25.631118059158325,390,1
25.636605978012085,561,1
25.63873529434204,576,1
25.642617225646973,638,1
25.646730422973633,540,1
25.651105165481567,329,1
25.65536141395569,501,1
25.658335208892822,568,1
25.662562370300293,641,1
25.66621232032776,584,1
25.67010474205017,359,1
25.673934936523438,511,1
25.677924633026123,606,1
25.68453621864319,656,1
25.68794274330139,640,1
25.68956160545349,373,1
25.693523168563843,463,1
25.69771981239319,570,1
25.70285964012146,610,1
25.705222845077515,623,1
25.70913290977478,369,1
25.7131028175354,437,1
25.718127965927124,574,1
25.721031427383423,584,1
25.724833488464355,616,1
25.728826761245728,379,1
25.73584294319153,384,1
25.736924409866333,543,1
25.740535020828247,546,1
25.74435305595398,590,1
25.750519037246704,373,1
25.75365948677063,343,1
25.7560875415802,517,1
25.75997257232666,522,1
25.76398015022278,601,1
25.76807928085327,419,1
25.771883487701416,346,1
25.77566957473755,528,1
25.779569387435913,530,1
25.784781455993652,621,1
25.787590980529785,469,1
25.791349172592163,346,1
25.795263290405273,533,1
25.802959442138672,531,1
25.807854413986206,612,1
25.80812644958496,478,1
25.810839891433716,303,1
25.81584143638611,477,1
25.82360863685608,504,1
25.82437825202942,603,1
25.82672429084778,520,1
25.830552577972412,316,1
25.838631629943848,488,1
25.839353561401367,553,1
25.842153310775757,621,1
25.846094608306885,565,1
25.851911544799805,342,1
25.85465145111084,499,1
25.857821941375732,585,1
25.861814737319946,642,1
25.865926265716553,613,1
25.870177507400513,370,1
25.873483657836914,487,1
25.877446174621582,582,1
25.88175058364868,580,1
25.88542151451111,559,1
25.889091730117798,312,1
25.893062829971313,406,1
25.897174835205078,536,1
25.90086317062378,560,1
25.904778242111206,594,1
25.908765077590942,370,1
25.912724256515503,404,1
25.91758942604065,565,1
25.92054796218872,586,1
25.924282550811768,640,1
25.928242683410645,427,1
25.932382583618164,418,1
25.93642830848694,590,1
25.939972162246704,603,1
25.94396686553955,680,1
25.94808793067932,490,1
25.95258069038391,400,1
25.955731630325317,572,1
25.95958161354065,586,1
25.963491201400757,697,1
25.967721700668335,556,1
25.971251964569092,438,1
25.975165605545044,624,1
25.979084730148315,628,1
25.983906745910645,723,1
25.98783779144287,583,1
25.99092745780945,422,1
25.99473786354065,612,1
25.999003887176514,643,1
26.003244876861572,708,1
26.006614446640015,571,1
26.010467767715454,357,1
26.015023231506348,518,1
26.018428564071655,559,1
26.022186756134033,629,1
26.026004314422607,561,1
26.030017137527466,345,1
26.034510135650635,516,1
26.03786540031433,596,1
26.041730165481567,641,1
26.045759439468384,608,1
26.050503969192505,381,1
26.054067134857178,507,1
26.057316541671753,599,1
26.06121563911438,627,1
26.0652916431427,620,1
26.071410417556763,366,1
26.0730402469635,460,1
26.07689642906189,596,1
26.08118963241577,620,1
26.084986686706543,622,1
26.08877968788147,385,1
26.092737436294556,432,1
26.096493005752563,581,1
26.101518154144287,593,1
26.104474306106567,642,1
26.10817241668701,434,1
26.112191200256348,438,1
26.116935968399048,598,1
26.120404481887817,618,1
26.1238751411438,700,1
26.127990007400513,519,1
26.132041454315186,474,1
26.137354612350464,652,1
26.13960552215576,640,1
26.143471717834473,703,1
26.147366762161255,541,1
26.154308319091797,441,1
26.155332803726196,616,1
26.159230709075928,618,1
26.162986755371094,698,1
26.167813301086426,548,1
26.1710147857666,390,1
26.174830198287964,574,1
26.17858600616455,599,1
26.18435835838318,688,1
26.187544345855713,565,1
26.1903076171875,363,1
26.194234371185303,536,1
26.19955277442932,594,1
26.204585552215576,686,1
26.20597267150879,614,1
26.209924936294556,401,1
26.213926076889038,556,1
26.217933416366577,628,1
26.22177743911743,684,1
26.225589513778687,637,1
26.229496717453003,399,1
26.233479022979736,524,1
26.237396955490112,609,1
26.241339921951294,648,1
26.245104551315308,637,1
26.24917507171631,371,1
26.252998113632202,465,1
26.25686240196228,578,1
26.260812282562256,581,1
26.264902591705322,583,1
26.269559144973755,349,1
26.272569179534912,405,1
26.27645516395569,543,1
26.280291318893433,569,1
26.284432411193848,620,1
26.288312911987305,391,1
26.29206371307373,392,1
26.304049015045166,553,1
26.308327198028564,567,1
26.308655977249146,642,1
26.309118270874023,430,1
26.311726570129395,365,1
26.31560754776001,532,1
26.320427656173706,533,1
26.32340979576111,600,1
26.32723307609558,411,1
26.331592798233032,303,1
26.335264682769775,472,1
26.3389573097229,468,1
26.342994928359985,554,1
26.34678030014038,409,1
26.351104259490967,276,1
26.35478973388672,448,1
26.358537197113037,471,1
26.362488269805908,572,1
26.36783194541931,465,1
26.370298624038696,309,1
26.374196767807007,485,1
26.378133535385132,531,1
26.382198810577393,610,1
26.38598656654358,514,1
26.389978647232056,290,1
26.393746376037598,446,1
26.397956371307373,520,1
26.402066707611084,583,1
26.40556526184082,532,1
26.40952205657959,303,1
26.413403034210205,432,1
26.42161226272583,528,1
26.436851978302002,574,1
26.43869161605835,551,1
26.43993043899536,305,1
26.441308736801147,408,1
26.44177556037903,528,1
26.442620515823364,569,1
26.44480538368225,586,1
26.45110249519348,349,1
26.45556664466858,420,1
26.45708465576172,570,1
26.46030569076538,590,1
26.464266777038574,630,1
26.470861434936523,413,1
26.472090244293213,446,1
26.47623872756958,615,1
26.47997236251831,641,1
26.485846042633057,703,1
26.49040985107422,498,1
26.491668224334717,464,1
26.495616674423218,620,1
26.501498222351074,596,1
26.504646062850952,661,1
26.5072124004364,483,1
26.51123356819153,399,1
26.51516890525818,571,1
26.52303433418274,565,1
26.523356676101685,656,1
26.526891946792603,510,1
26.53075361251831,371,1
26.536182641983032,543,1
26.538636445999146,558,1
26.542526960372925,633,1
26.54634428024292,488,1
26.551316022872925,300,1
26.55465078353882,471,1
26.558168172836304,500,1
26.562124252319336,578,1
26.56636929512024,484,1
26.571320295333862,289,1
26.573768138885498,462,1
26.577764749526978,528,1
26.581665992736816,601,1
26.586265802383423,551,1
26.59093141555786,322,1
26.59330177307129,465,1
26.597250938415527,560,1
26.6056125164032,614,1
26.606539964675903,587,1
26.60899257659912,361,1
26.612857818603516,484,1
26.617624044418335,606,1
26.62253713607788,642,1
26.624690771102905,655,1
26.628538370132446,413,1
26.63333773612976,495,1
26.63734221458435,631,1
26.640289783477783,639,1
26.64412569999695,640,1
26.650660037994385,394,1
26.656861543655396,429,1
26.65736174583435,568,1
26.659831523895264,570,1
26.663856983184814,623,1
26.667957305908203,418,1
26.671636819839478,389,1
26.67546844482422,564,1
26.679473638534546,570,1
26.684750080108643,646,1
26.6880304813385,446,1
26.69105362892151,376,1
26.694994688034058,555,1
26.70158815383911,561,1
26.703474044799805,654,1
26.706762075424194,495,1
26.710874557495117,380,1
26.714614152908325,571,1
26.720699071884155,575,1
26.72248864173889,659,1
26.726278066635132,526,1
26.7302827835083,357,1
26.734978914260864,516,1
26.73806858062744,539,1
26.741981267929077,611,1
26.74583601951599,485,1
26.75142765045166,272,1
26.75387954711914,437,1
26.757702112197876,486,1
26.76160478591919,565,1
26.765942335128784,512,1
26.769617319107056,302,1
26.773268699645996,455,1
26.77719783782959,549,1
26.78205633163452,618,1
26.786834001541138,595,1
26.789016485214233,366,1
26.792768716812134,511,1
26.796872854232788,617,1
26.800872325897217,651,1
26.804669618606567,662,1
26.80990242958069,423,1
26.81251811981201,495,1
26.820799350738525,611,1
26.821906805038452,635,1
26.824161291122437,662,1
26.828136682510376,409,1
26.83261466026306,436,1
26.83884882926941,586,1
26.83988857269287,581,1
26.843698501586914,629,1
26.84857201576233,403,1
26.857308387756348,385,1
26.85869789123535,551,1
26.859606742858887,568,1
26.86324405670166,660,1
26.868350744247437,476,1
26.872150897979736,405,1
26.874927520751953,587,1
26.878928899765015,589,1
26.88431477546692,680,1
26.887426614761353,501,1
26.89064311981201,368,1
26.89454746246338,542,1
26.901053428649902,549,1
26.90522289276123,639,1
26.906938552856445,504,1
26.910232067108154,360,1
26.91409397125244,556,1
26.922759294509888,590,1
26.923046588897705,675,1
26.925931692123413,539,1
26.92984676361084,337,1
26.934406518936157,491,1
26.9377384185791,511,1
26.941581964492798,584,1
26.945419788360596,495,1
26.950635194778442,264,1
26.95600914955139,421,1
26.957548141479492,489,1
26.961086750030518,538,1
26.968961715698242,491,1
26.97120690345764,257,1
26.972915410995483,379,1
26.976757526397705,470,1
26.9806010723114,516,1
26.987248182296753,510,1
26.989363431930542,279,1
26.992515563964844,392,1
26.9962637424469,522,1
27.00140380859375,553,1
27.004743814468384,590,1
27.007976293563843,362,1
27.011844635009766,414,1
27.01911687850952,561,1
27.02090334892273,593,1
27.023695945739746,640,1
27.027625560760498,410,1
27.031688928604126,389,1
27.03914213180542,542,1
27.040249347686768,543,1
27.04319930076599,609,1
27.047099590301514,422,1
27.052125930786133,390,1
27.05555295944214,578,1
27.05887007713318,595,1
27.06285047531128,687,1
27.067659854888916,526,1
27.0706627368927,433,1
27.074545860290527,617,1
27.07853627204895,628,1
27.082859754562378,718,1
27.089897632598877,569,1
27.09070348739624,427,1
27.094005346298218,609,1
27.101974964141846,622,1
27.103596448898315,697,1
27.105823755264282,572,1
27.109674215316772,399,1
27.113744735717773,586,1
27.118058443069458,612,1
27.121602773666382,682,1
27.125314474105835,596,1
27.129241228103638,394,1
27.134303092956543,558,1
27.13842272758484,632,1
27.140967845916748,702,1
27.14486265182495,663,1
27.151427745819092,434,1
27.156559705734253,568,1
27.157044649124146,650,1
27.16059708595276,673,1
27.165291786193848,638,1
27.172637939453125,388,1
27.1738498210907,498,1
27.176307439804077,628,1
27.18014168739319,647,1
27.184919357299805,651,1
27.18809461593628,395,1
27.191906690597534,460,1
27.195911407470703,600,1
27.201358795166016,612,1
27.20396637916565,653,1
27.207573652267456,421,1
27.211540937423706,429,1
27.216919660568237,585,1
27.22539186477661,593,1
27.22667169570923,651,1
27.22735857963562,437,1
27.231138467788696,404,1
27.236757516860962,570,1
27.23884677886963,558,1
27.242793798446655,637,1
27.24660086631775,469,1
27.251113891601562,386,1
27.254572868347168,558,1
27.25833535194397,557,1
27.262216329574585,630,1
27.266262531280518,471,1
27.270150899887085,340,1
27.273999452590942,535,1
27.277884483337402,558,1
27.28200888633728,640,1
27.285919189453125,507,1
27.289631605148315,325,1
27.293575048446655,493,1
27.297504663467407,528,1
27.3017258644104,622,1
27.305270195007324,533,1
27.309168100357056,323,1
27.313082933425903,481,1
27.317067861557007,527,1
27.321170568466187,567,1
27.32491111755371,509,1
27.328756093978882,285,1
27.334229707717896,434,1
27.337834358215332,532,1
27.340616941452026,582,1
27.34453272819519,550,1
27.348450899124146,297,1
27.35313868522644,393,1
27.356167793273926,484,1
27.360027551651,525,1
27.363963842391968,554,1
27.368664979934692,321,1
27.37201166152954,400,1
27.37569546699524,543,1
27.379752159118652,561,1
27.384084939956665,599,1
27.38759207725525,378,1
27.391342878341675,402,1
27.395272970199585,547,1
27.399234533309937,548,1
27.403489351272583,612,1
27.40700674057007,410,1
27.410921573638916,390,1
27.41514301300049,560,1
27.418804168701172,563,1
27.422640085220337,615,1
27.426559448242188,441,1
27.430521726608276,372,1
27.434879064559937,541,1
27.438594102859497,541,1
27.44218111038208,626,1
27.446166515350342,471,1
27.451467990875244,349,1
27.45490336418152,547,1
27.457961320877075,557,1
27.461973428726196,652,1
27.467469215393066,511,1
27.470099449157715,336,1
27.473552703857422,507,1
27.47752285003662,524,1
27.481892108917236,600,1
27.48917245864868,490,1
27.490564584732056,280,1
27.49311137199402,469,1
27.496989727020264,536,1
27.502205848693848,598,1
27.504842519760132,537,1
27.50870394706726,317,1
27.512755155563354,455,1
27.517890691757202,532,1
27.520570516586304,588,1
27.524462938308716,556,1
27.52825617790222,316,1
27.53600764274597,444,1
27.536349773406982,558,1
27.540038108825684,587,1
27.543925762176514,604,1
27.547966957092285,372,1
27.554362535476685,420,1
27.555670499801636,530,1
27.559577226638794,545,1
27.563501834869385,601,1
27.56777262687683,388,1
27.571575164794922,436,1
27.575234413146973,594,1
27.579155445098877,603,1
27.584949254989624,660,1
27.58701729774475,452,1
27.590935468673706,437,1
27.594810485839844,610,1
27.602102041244507,612,1
27.60413885116577,670,1
27.606537580490112,492,1
27.6106014251709,431,1
27.614500761032104,607,1
27.619940519332886,608,1
27.622222185134888,683,1
27.626059770584106,521,1
27.6299786567688,416,1
27.635684967041016,609,1
27.63789439201355,623,1
27.641782999038696,712,1
27.6457257270813,577,1
27.65147352218628,406,1
27.65358853340149,578,1
27.657366037368774,608,1
27.66127324104309,679,1
27.66969108581543,567,1
27.669981956481934,369,1
27.672993421554565,530,1
27.676883935928345,573,1
27.681334495544434,645,1
27.687212705612183,581,1
27.688771963119507,352,1
27.69257926940918,506,1
27.696535348892212,600,1
27.700708150863647,659,1
27.70448327064514,610,1
27.708205699920654,360,1
27.712109088897705,486,1
27.718195915222168,595,1
27.72026252746582,631,1
27.7238826751709,632,1
27.727912425994873,390,1
27.736045837402344,478,1
27.738737106323242,613,1
27.739574432373047,632,1
27.743459939956665,645,1
27.747334241867065,392,1
27.751755952835083,441,1
27.75533938407898,587,1
27.75907278060913,589,1
27.763007164001465,643,1
27.769585132598877,430,1
27.77086853981018,431,1
27.774757146835327,611,1
27.77863311767578,613,1
27.786725282669067,684,1
27.78824734687805,482,1
27.790351390838623,410,1
27.79426383972168,593,1
27.800244331359863,606,1
27.804035186767578,686,1
27.80606746673584,521,1
27.809911727905273,420,1
27.813822984695435,601,1
27.817987203598022,601,1
27.82195234298706,685,1
27.825655460357666,532,1
27.829617500305176,385,1
27.834668397903442,569,1
27.837443828582764,589,1
27.84126043319702,655,1
27.84512972831726,540,1
27.84941291809082,345,1
27.85309910774231,527,1
27.856898069381714,576,1
27.86091923713684,645,1
27.864769458770752,572,1
27.86972141265869,366,1
27.87254786491394,524,1
27.876471519470215,595,1
27.880343198776245,653,1
27.88513493537903,605,1
27.888233423233032,364,1
27.89212155342102,499,1
27.896002769470215,601,1
27.900275945663452,639,1
27.904144525527954,617,1
27.907750606536865,357,1
27.911693811416626,461,1
27.915783643722534,576,1
27.919967651367188,591,1
27.923532247543335,604,1
27.927279233932495,367,1
27.931464672088623,439,1
27.935954570770264,578,1
27.939002990722656,558,1
27.942940950393677,589,1
27.946868658065796,388,1
27.951226234436035,427,1
27.954708576202393,597,1
27.95856261253357,611,1
27.962525367736816,671,1
27.967576026916504,436,1
27.97115159034729,372,1
27.974249839782715,532,1
27.97828960418701,530,1
27.98222589492798,604,1
27.987431526184082,415,1
27.989849090576172,317,1
27.99380326271057,490,1
27.998557329177856,493,1
28.002225875854492,585,1
28.005677700042725,435,1
28.00948143005371,292,1
28.01347517967224,481,1
28.017577409744263,487,1
28.021188735961914,572,1
28.025070190429688,453,1
28.029034852981567,271,1
28.033323526382446,438,1
28.03689455986023,479,1
28.040823459625244,574,1
28.044857263565063,483,1
28.04861307144165,266,1
28.052693843841553,425,1
28.056490898132324,492,1
28.06028151512146,554,1
28.064722061157227,504,1
28.07044816017151,274,1
28.07214593887329,412,1
28.075955629348755,512,1
28.079953908920288,559,1
28.084003925323486,529,1
28.088010549545288,288,1
28.091603994369507,400,1
28.095542907714844,527,1
28.099586725234985,581,1
28.103442907333374,595,1
28.10727834701538,348,1
28.111154079437256,423,1
28.115201711654663,578,1
28.11918044090271,602,1
28.12293314933777,629,1
28.126813173294067,396,1
28.1311457157135,420,1
28.137136459350586,568,1
28.138752937316895,561,1
28.14252805709839,600,1
28.14636206626892,378,1
28.151206970214844,316,1
28.154425144195557,484,1
28.15813422203064,498,1
28.162114143371582,585,1
28.16737461090088,405,1
28.16998600959778,324,1
28.17373752593994,518,1
28.17772603034973,521,1
28.181675910949707,596,1
28.186334371566772,447,1
28.189550399780273,322,1
28.193321228027344,500,1
28.197251796722412,523,1
28.201351404190063,612,1
28.205097436904907,508,1
28.208921194076538,356,1
28.212915897369385,527,1
28.2177836894989,562,1
28.221033096313477,633,1
28.224804162979126,524,1
28.228672981262207,308,1
28.23275113105774,472,1
28.23753261566162,526,1
28.240274667739868,595,1
28.244201183319092,539,1
28.24838423728943,321,1
28.252069234848022,467,1
28.25589871406555,544,1
28.259855270385742,593,1
28.263771772384644,585,1
28.26769495010376,339,1
28.2719464302063,459,1
28.27559804916382,565,1
28.27940011024475,592,1
28.283568859100342,594,1
28.287916660308838,348,1
28.29118013381958,416,1
28.29508352279663,552,1
28.300511360168457,579,1
28.303624391555786,611,1
28.306880235671997,386,1
28.310638666152954,419,1
28.314706563949585,558,1
28.318761587142944,549,1
28.322650909423828,608,1
28.326322078704834,394,1
28.33030104637146,353,1
28.334389209747314,517,1
28.338066816329956,519,1
28.341975927352905,589,1
28.345879554748535,390,1
28.350237369537354,316,1
28.35416841506958,494,1
28.357641220092773,481,1
28.361680269241333,558,1
28.36558961868286,395,1
28.370169162750244,293,1
28.373274087905884,488,1
28.377188205718994,511,1
28.382752895355225,629,1
28.386478662490845,510,1
28.38900923728943,356,1
28.392818927764893,554,1
28.396848917007446,576,1
28.40117645263672,655,1
28.404701948165894,544,1
28.408527374267578,348,1
28.412496089935303,520,1
28.416923999786377,562,1
28.42108654975891,622,1
28.424129724502563,554,1
28.42803454399109,345,1
28.432034969329834,515,1
28.437235832214355,631,1
28.439853191375732,673,1
28.44376850128174,617,1
28.447970390319824,375,1
28.45446753501892,511,1
28.455588579177856,620,1
28.45931053161621,652,1
28.463288068771362,643,1
28.467835664749146,403,1
28.47139859199524,494,1
28.47526502609253,615,1
28.47898817062378,640,1
28.486568689346313,659,1
28.488975286483765,413,1
28.49073338508606,448,1
28.494571685791016,593,1
28.502764225006104,594,1
28.503690719604492,635,1
28.50627303123474,419,1
28.510175466537476,417,1
28.51412057876587,590,1
28.51881241798401,598,1
28.522038459777832,663,1
28.52588725090027,465,1
28.529762268066406,406,1
28.535708904266357,592,1
28.537654399871826,599,1
28.541560888290405,668,1
28.545555353164673,485,1
28.550409078598022,352,1
28.555906057357788,531,1
28.557165384292603,532,1
28.561059951782227,616,1
28.565263271331787,470,1
28.569089889526367,322,1
28.57291603088379,512,1
28.576780319213867,542,1
28.58082127571106,645,1
28.584726095199585,541,1
28.58877182006836,345,1
28.592347621917725,519,1
28.596245765686035,574,1
28.600234508514404,651,1
28.60500693321228,553,1
28.607972383499146,325,1
28.611903429031372,481,1
28.61709952354431,553,1
28.620165824890137,590,1
28.623645305633545,537,1
28.627565383911133,295,1
28.634368896484375,424,1
28.63790988922119,515,1
28.639334678649902,549,1
28.643282890319824,526,1
28.647218227386475,278,1
28.652068853378296,378,1
28.655821323394775,514,1
28.65886402130127,553,1
28.662789583206177,569,1
28.66713857650757,317,1
28.670920610427856,381,1
28.674649715423584,532,1
28.67852234840393,550,1
28.684735774993896,596,1
28.687767028808594,363,1
28.69014883041382,363,1
28.69405174255371,531,1
28.69805645942688,532,1
28.703802585601807,592,1
28.705833435058594,385,1
28.709712028503418,327,1
28.713606357574463,495,1
28.71809983253479,490,1
28.72183346748352,566,1
28.725322246551514,406,1
28.729260444641113,317,1
28.734264373779297,510,1
28.73892092704773,521,1
28.754027843475342,613,1
28.757951736450195,458,1
28.758361339569092,294,1
28.758552074432373,466,1
28.758878231048584,489,1
28.76057720184326,582,1
28.768293857574463,465,1
28.772055864334106,272,1
28.77243137359619,438,1
28.776206016540527,472,1
28.780162572860718,555,1
28.784112215042114,474,1
28.788187980651855,254,1
28.792063236236572,398,1
28.79582381248474,464,1
28.8038649559021,534,1
28.808790922164917,465,1
28.809446811676025,239,1
28.8115713596344,392,1
28.818166255950928,492,1
28.821064710617065,554,1
28.82332468032837,542,1
28.827112913131714,303,1
28.831465482711792,421,1
28.83729863166809,543,1
28.838950157165527,570,1
28.842888116836548,586,1
28.84680199623108,336,1
28.85353970527649,392,1
28.85540747642517,526,1
28.858410120010376,529,1
28.862366676330566,558,1
28.866302490234375,319,1
28.871739149093628,316,1
28.874013900756836,461,1
28.877925872802734,463,1
28.883578538894653,541,1
28.89034938812256,346,1
28.89082407951355,306,1
28.89359736442566,462,1
28.897597312927246,464,1
28.90468192100525,557,1
28.90679669380188,384,1
28.909281492233276,289,1
28.913137674331665,466,1
28.919116258621216,474,1
28.921171188354492,565,1
28.92492961883545,413,1
28.92877984046936,283,1
28.934686422348022,477,1
28.940086364746094,496,1
28.940630435943604,601,1
28.944570064544678,484,1
28.948991775512695,324,1
28.954602003097534,512,1
28.956218004226685,545,1
28.960120677947998,634,1
28.96406388282776,541,1
28.969005584716797,338,1
28.973673343658447,503,1
28.975853204727173,566,1
28.979640245437622,637,1
28.985655307769775,592,1
28.988521099090576,366,1
28.99152374267578,500,1
28.995286464691162,586,1
29.000632762908936,622,1
29.004507303237915,607,1
29.00706148147583,369,1
29.010976314544678,460,1
29.016216039657593,562,1
29.020764589309692,598,1
29.02274990081787,615,1
29.026641368865967,384,1
29.0307035446167,477,1
29.03463339805603,607,1
29.038422346115112,639,1
29.04222536087036,689,1
29.046220064163208,475,1
29.05038619041443,499,1
29.05511736869812,642,1
29.057859659194946,643,1
29.0619854927063,691,1
29.06871509552002,478,1
29.070310592651367,458,1
29.073614835739136,611,1
29.077556371688843,605,1
29.084490299224854,699,1
29.08777093887329,517,1
29.089159965515137,440,1
29.093092918395996,610,1
29.09709858894348,598,1
29.105061054229736,678,1
29.10593271255493,518,1
29.10875701904297,376,1
29.11268711090088,538,1
29.118860721588135,539,1
29.122591733932495,639,1
29.12632918357849,519,1
29.12990140914917,350,1
29.13690710067749,526,1
29.13730812072754,555,1
29.14005756378174,639,1
29.14405632019043,535,1
29.14873957633972,334,1
29.15542483329773,517,1
29.15695595741272,576,1
29.159636974334717,654,1
29.163663864135742,571,1
29.169710874557495,325,1
29.17217469215393,472,1
29.17529010772705,565,1
29.179224491119385,626,1
29.183473825454712,599,1
29.187105178833008,366,1
29.190954208374023,501,1
29.194859981536865,598,1
29.20158338546753,608,1
29.204766988754272,615,1
29.206640481948853,376,1
29.210596561431885,446,1
29.214648962020874,575,1
29.2209050655365,597,1
29.22223734855652,622,1
29.226127862930298,391,1
29.230096101760864,435,1
29.23562788963318,570,1
29.238298892974854,583,1
29.24190068244934,642,1
29.24591565132141,419,1
29.25454616546631,413,1
29.25622034072876,593,1
29.25756025314331,600,1
29.2615225315094,680,1
29.266357898712158,506,1
29.27112603187561,442,1
29.273088216781616,624,1
29.276966094970703,625,1
29.280888557434082,691,1
29.287336111068726,501,1
29.288800954818726,380,1
29.29261350631714,555,1
29.2965669631958,559,1
29.301554918289185,654,1
29.30435538291931,522,1
29.308265686035156,374,1
29.31215524673462,566,1
29.31766939163208,586,1
29.320919036865234,680,1
29.323903560638428,580,1
29.32782793045044,396,1
29.331809282302856,559,1
29.336262941360474,617,1
29.339571475982666,685,1
29.343507051467896,611,1
29.347472190856934,392,1
29.351321697235107,535,1
29.355180025100708,607,1
29.35910677909851,676,1
29.363011598587036,643,1
29.367570161819458,404,1
29.370905876159668,508,1
29.374748945236206,600,1
29.378719091415405,630,1
29.382720708847046,608,1
29.38748550415039,355,1
29.39055609703064,465,1
29.394343852996826,609,1
29.398521184921265,646,1
29.402318954467773,669,1
29.406105041503906,431,1
29.410028219223022,493,1
29.413972854614258,642,1
29.418407917022705,659,1
29.42175602912903,690,1
29.425652980804443,469,1
29.429635286331177,480,1
29.43479347229004,645,1
29.437543153762817,654,1
29.44124174118042,710,1
29.445270538330078,505,1
29.44989848136902,453,1
29.453186750411987,628,1
29.456949949264526,622,1
29.460814714431763,694,1
29.465741395950317,521,1
29.471019983291626,417,1
29.472612857818604,616,1
29.476537942886353,633,1
29.480360984802246,726,1
29.48603916168213,573,1
29.488280534744263,426,1
29.49210214614868,618,1
29.4961416721344,631,1
29.50498056411743,712,1
29.505197048187256,569,1
29.50781011581421,350,1
29.51171565055847,498,1
29.517789840698242,526,1
29.520591259002686,588,1
29.523571968078613,481,1
29.527316093444824,254,1
29.532192945480347,410,1
29.53593683242798,489,1
29.539275407791138,546,1
29.542967557907104,500,1
29.546870470046997,282,1
29.552205801010132,435,1
29.556021451950073,530,1
29.558673620224,562,1
29.56254267692566,546,1
29.569663763046265,308,1
29.5716233253479,417,1
29.574271202087402,530,1
29.57825994491577,537,1
29.584633111953735,548,1
29.586907863616943,300,1
29.59003710746765,355,1
29.593814611434937,483,1
29.598077297210693,491,1
29.603737831115723,533,1
29.605550050735474,291,1
29.60953164100647,298,1
29.613473892211914,457,1
29.618534564971924,452,1
29.62135601043701,498,1
29.625150203704834,289,1
29.62905478477478,256,1
29.634237051010132,441,1
29.63887310028076,440,1
29.640846252441406,523,1
29.644775867462158,352,1
29.65146517753601,271,1
29.657156467437744,470,1
29.65735125541687,486,1
29.66033363342285,556,1
29.664247035980225,403,1
29.669502019882202,284,1
29.672058820724487,474,1
29.675963640213013,491,1
29.679925680160522,584,1
29.68515706062317,470,1
29.687947988510132,292,1
29.691840171813965,461,1
29.69557499885559,476,1
29.702112913131714,544,1
29.70448899269104,449,1
29.707299947738647,245,1
29.711188077926636,405,1
29.717973232269287,467,1
29.72065496444702,528,1
29.72297716140747,468,1
29.726855039596558,258,1
29.730745315551758,398,1
29.737109184265137,494,1
29.740081548690796,550,1
29.74254822731018,536,1
29.746582984924316,303,1
29.75281000137329,423,1
29.756469011306763,535,1
29.75818109512329,573,1
29.76209855079651,591,1
29.76950693130493,355,1
29.771588802337646,434,1
29.77382731437683,561,1
29.777804851531982,571,1
29.78762459754944,604,1
29.788158416748047,369,1
29.789568662643433,372,1
29.793384313583374,499,1
29.79725742340088,495,1
29.803561449050903,556,1
29.806166172027588,350,1
29.809034824371338,327,1
29.812882900238037,513,1
29.818684577941895,527,1
29.823266983032227,598,1
29.82484269142151,431,1
29.82864999771118,369,1
29.832767724990845,551,1
29.8388774394989,546,1
29.840375423431396,627,1
29.844255208969116,465,1
29.848299503326416,329,1
29.85214376449585,515,1
29.855949878692627,548,1
29.86004114151001,643,1
29.863975286483765,502,1
29.867955923080444,336,1
29.872257947921753,505,1
29.875558137893677,532,1
29.879552364349365,631,1
29.883788108825684,525,1
29.893594980239868,310,1
29.894390106201172,463,1
29.90572476387024,521,1
29.910293102264404,615,1
29.922056913375854,565,1
29.922893285751343,326,1
29.92693591117859,469,1
29.927831172943115,587,1
29.928197383880615,668,1
29.92857027053833,644,1
29.938354969024658,393,1
29.940860271453857,508,1
29.942304372787476,610,1
29.942902088165283,634,1
29.94310188293457,622,1
29.945987224578857,365,1
29.96015214920044,445,1
29.96952199935913,576,1
29.969818592071533,593,1
29.970478534698486,623,1
29.976673364639282,376,1
29.97700333595276,407,1
29.9923255443573,556,1
29.9927761554718,561,1
29.993095874786377,615,1
29.993406057357788,392,1
29.99642252922058,385,1
29.997211933135986,557,1
29.997519969940186,562,1
30.007559776306152,633,1
30.010631561279297,460,1
30.022051572799683,401,1
30.02731227874756,577,1
30.030736446380615,576,1
30.053897619247437,647,1
30.055419445037842,485,1
30.060263872146606,391,1
30.06106662750244,570,1
30.062092542648315,557,1
30.074833154678345,635,1
30.07594585418701,516,1
30.076257705688477,395,1
30.07766819000244,583,1
30.079979181289673,608,1
30.0809965133667,693,1
30.092119216918945,584,1
30.093786478042603,387,1
30.097330331802368,559,1
30.098582983016968,617,1
30.102570295333862,699,1
30.105336666107178,637,1
30.1085467338562,387,1
30.14602828025818,518,1
30.14923357963562,577,1
30.15233564376831,625,1
30.15340256690979,590,1
30.159383535385132,356,1
30.160239219665527,481,1
30.161121129989624,582,1
30.163995027542114,617,1
30.174749851226807,613,1
30.177948474884033,378,1
30.180996894836426,472,1
30.188014030456543,588,1
30.18868589401245,600,1
30.19448685646057,616,1
30.195746898651123,374,1
30.19733476638794,410,1
30.202190399169922,559,1
30.208207607269287,560,1
30.20856475830078,599,1
30.208943843841553,374,1
30.20915651321411,362,1
30.20958375930786,531,1
30.209922313690186,530,1
30.210402250289917,608,1
30.211024522781372,447,1
30.211987018585205,388,1
30.212684869766235,563,1
30.215625286102295,562,1
30.219894409179688,646,1
30.221811771392822,490,1
30.22202181816101,373,1
30.222150564193726,564,1
30.222251415252686,582,1
30.22239327430725,677,1
30.223814249038696,534,1
30.227802991867065,385,1
30.231937170028687,560,1
30.236868619918823,566,1
30.24281597137451,637,1
30.247024536132812,510,1
30.25952696800232,315,1
30.260425806045532,479,1
30.26303267478943,530,1
30.26386070251465,602,1
30.26477813720703,522,1
30.272173643112183,311,1
30.280349254608154,480,1
30.280619859695435,556,1
30.280877590179443,608,1
30.287871599197388,573,1
30.293389081954956,340,1
30.29383134841919,467,1
30.294140100479126,564,1
30.298362493515015,623,1
30.306496620178223,611,1
30.3074848651886,363,1
30.309767961502075,452,1
30.31369113922119,596,1
30.323909521102905,621,1
30.325541019439697,627,1
30.326070070266724,385,1
30.329511880874634,441,1
30.333290338516235,583,1
30.33720898628235,613,1
30.34113597869873,674,1
30.34497833251953,458,1
30.349048852920532,468,1
30.35329842567444,638,1
30.356791973114014,648,1
30.360729455947876,708,1
30.364797830581665,520,1
30.369202375411987,472,1
30.372526168823242,635,1
30.376347541809082,625,1
30.380258321762085,687,1
30.38438057899475,490,1
30.388400077819824,370,1
30.3930344581604,535,1
30.395995140075684,539,1
30.408105850219727,632,1
30.408615589141846,490,1
30.409420251846313,353,1
30.411678075790405,552,1
30.41545820236206,583,1
30.419554471969604,683,1
30.424931526184082,571,1
30.449837684631348,404,1
30.457947492599487,581,1
30.458677053451538,606,1
30.46107840538025,687,1
30.461257457733154,596,1
30.461484909057617,370,1
30.462828397750854,514,1
30.46415662765503,579,1
30.46698808670044,635,1
30.469234943389893,565,1
30.469542026519775,316,1
30.470207452774048,443,1
30.47448754310608,535,1
30.494799852371216,583,1
30.505511045455933,558,1
30.506597995758057,322,1
30.507234573364258,425,1
30.508225917816162,550,1
30.508617401123047,599,1
30.508918523788452,612,1
30.509308338165283,348,1
30.509608507156372,384,1
30.51325273513794,512,1
30.517308950424194,529,1
30.5209801197052,573,1
30.5249605178833,336,1
30.52890658378601,350,1
30.53287410736084,516,1
30.536664962768555,530,1
30.54063844680786,590,1
30.544553756713867,373,1
30.548516750335693,340,1
30.552348375320435,504,1
30.55623173713684,513,1
30.56019949913025,609,1
30.564101696014404,431,1
30.567962646484375,340,1
30.57203197479248,531,1
30.5757737159729,551,1
30.579811334609985,634,1
30.583715200424194,484,1
30.58762836456299,359,1
30.591519355773926,535,1
30.595338821411133,557,1
30.599361419677734,637,1
30.60322594642639,516,1
30.607162714004517,355,1
30.631914138793945,534,1
30.63255548477173,588,1
30.633416414260864,678,1
30.633808612823486,575,1
30.634625673294067,383,1
30.634989023208618,550,1
30.635340690612793,602,1
30.638383388519287,664,1
30.642342567443848,603,1
30.646260023117065,385,1
30.65238642692566,518,1
30.657673120498657,589,1
30.658666849136353,625,1
30.661967754364014,623,1
30.665837049484253,412,1
30.669749975204468,536,1
30.673791885375977,669,1
30.67760944366455,719,1
30.681560277938843,723,1
30.690489053726196,481,1
30.69100308418274,555,1
30.693211793899536,695,1
30.697152137756348,708,1
30.701425790786743,749,1
30.707738637924194,527,1
30.71023726463318,542,1
30.712668418884277,686,1
30.716994524002075,700,1
30.72070598602295,753,1
30.724608182907104,539,1
30.72847819328308,496,1
30.732383966445923,663,1
30.736249685287476,655,1
30.74023699760437,715,1
30.74404788017273,536,1
30.748007774353027,451,1
30.75196123123169,622,1
30.756426572799683,649,1
30.759679555892944,736,1
30.76379108428955,584,1
30.768728256225586,458,1
30.77155041694641,642,1
30.775335788726807,637,1
30.779403686523438,707,1
30.783634662628174,576,1
30.78797483444214,399,1
30.790929079055786,568,1
30.794880151748657,620,1
30.798917293548584,698,1
30.80284357070923,580,1
30.806594133377075,373,1
30.810558795928955,523,1
30.81476616859436,563,1
30.818528652191162,632,1
30.822585582733154,592,1
30.826146364212036,373,1
30.83015537261963,511,1
30.83416986465454,595,1
30.83835005760193,651,1
30.84183955192566,626,1
30.845800638198853,392,1
30.849948167800903,508,1
30.85361647605896,619,1
30.85751724243164,644,1
30.86139941215515,634,1
30.86543035507202,388,1
30.86928415298462,452,1
30.87314486503601,572,1
30.877108812332153,599,1
30.880924940109253,637,1
30.884850025177002,405,1
30.88896083831787,436,1
30.89282989501953,609,1
30.896599531173706,631,1
30.90067148208618,696,1
30.904537677764893,500,1
30.908301830291748,493,1
30.912325859069824,661,1
30.916396856307983,665,1
30.920199394226074,735,1
30.924174785614014,552,1
30.927882194519043,482,1
30.931945323944092,658,1
30.935887575149536,648,1
30.93985891342163,722,1
30.94360065460205,563,1
30.947564363479614,413,1
30.95147204399109,576,1
30.95566487312317,603,1
30.959201335906982,687,1
30.963072061538696,527,1
30.96781611442566,358,1
30.97102117538452,525,1
30.97486424446106,541,1
30.978719472885132,630,1
30.982980251312256,530,1
30.98667311668396,326,1
30.99050736427307,497,1
30.994358777999878,557,1
30.998499155044556,633,1
31.002254962921143,561,1
31.006133556365967,355,1
31.010013341903687,512,1
31.014015436172485,577,1
31.018160581588745,601,1
31.022135496139526,548,1
31.025716304779053,322,1
31.029605865478516,455,1
31.03404998779297,561,1
31.037473440170288,602,1
31.041379928588867,645,1
31.045228242874146,432,1
31.049262285232544,521,1
31.053104400634766,643,1
31.057034492492676,655,1
31.0610032081604,692,1
31.065255403518677,487,1
31.06873393058777,523,1
31.07282042503357,661,1
31.076618671417236,669,1
31.08055877685547,717,1
31.084656953811646,518,1
31.08843469619751,519,1
31.09219002723694,687,1
31.096248149871826,698,1
31.100343465805054,771,1
31.104015827178955,589,1
31.10794234275818,538,1
31.111767053604126,705,1
31.115809679031372,692,1
31.1195867061615,770,1
31.123520374298096,613,1
31.12749934196472,518,1
31.131612062454224,689,1
31.135326623916626,679,1
31.13913321495056,750,1
31.143055200576782,603,1
31.14695978164673,437,1
31.15206789970398,593,1
31.155064582824707,616,1
31.15898084640503,706,1
31.162612915039062,590,1
31.166826009750366,398,1
31.170626401901245,551,1
31.174346446990967,597,1
31.1783390045166,679,1
31.18269968032837,576,1
31.186119556427002,352,1
31.190091848373413,506,1
31.193888425827026,598,1
31.197950839996338,654,1
31.20229172706604,590,1
31.205878496170044,358,1
31.209603548049927,472,1
31.213594436645508,580,1
31.21794319152832,625,1
31.2213773727417,607,1
31.225260019302368,370,1
31.229141235351562,462,1
31.233085870742798,586,1
31.23740267753601,599,1
31.24083948135376,600,1
31.244790077209473,358,1
31.248971462249756,393,1
31.25272536277771,502,1
31.256596088409424,495,1
31.26048469543457,520,1
31.26432776451111,305,1
31.268267393112183,322,1
31.272524118423462,494,1
31.27602243423462,514,1
31.280008792877197,589,1
31.2839937210083,409,1
31.288430213928223,380,1
31.29180073738098,563,1
31.295602798461914,562,1
31.299670219421387,626,1
31.303545236587524,449,1
31.30734372138977,354,1
31.311284065246582,538,1
31.31523585319519,538,1
31.319310903549194,606,1
31.323097705841064,451,1
31.326988458633423,307,1
31.330827474594116,482,1
31.334726810455322,507,1
31.338815927505493,597,1
31.34256148338318,494,1
31.34653067588806,300,1
31.35055446624756,456,1
31.35432243347168,493,1
31.358237981796265,562,1
31.362144470214844,479,1
31.366106033325195,254,1
31.370147705078125,392,1
31.37410306930542,468,1
31.37794780731201,529,1
31.3819797039032,476,1
31.385833740234375,258,1
31.39022922515869,369,1
31.393508195877075,449,1
31.397364377975464,486,1
31.40140151977539,483,1
31.405940055847168,260,1
31.409159898757935,358,1
31.412975788116455,479,1
31.417283296585083,503,1
31.42101788520813,517,1
31.42472243309021,275,1
31.428811073303223,340,1
31.435051918029785,501,1
31.43832015991211,531,1
31.44084858894348,598,1
31.444283723831177,381,1
31.44845175743103,377,1
31.452306032180786,545,1
31.456985235214233,567,1
31.460002183914185,625,1
31.463979244232178,424,1
31.46801781654358,383,1
31.472706079483032,564,1
31.47560739517212,565,1
31.4795663356781,623,1
31.484367847442627,432,1
31.487513780593872,335,1
31.491240978240967,471,1
31.495147466659546,459,1
31.499227285385132,535,1
31.502949953079224,416,1
31.506864309310913,312,1
31.510968446731567,459,1
31.51476287841797,453,1
31.518643617630005,541,1
31.522666454315186,427,1
31.526555061340332,274,1
31.530333518981934,421,1
31.534871101379395,455,1
31.53885531425476,545,1
31.54209613800049,468,1
31.54595398902893,299,1
31.549952507019043,408,1
31.554654598236084,425,1
31.557902812957764,489,1
31.561684608459473,431,1
31.56572461128235,248,1
31.569652318954468,375,1
31.57352113723755,441,1
31.577361345291138,502,1
31.58161759376526,488,1
31.585384368896484,281,1
31.589380979537964,389,1
31.59292960166931,469,1
31.596853256225586,496,1
31.601226091384888,514,1
31.605342864990234,340,1
31.60859775543213,426,1
31.612682342529297,534,1
31.617267847061157,563,1
31.620312690734863,605,1
31.62428903579712,391,1
31.628111124038696,427,1
31.632205486297607,566,1
31.63607406616211,565,1
31.639885425567627,601,1
31.643943786621094,386,1
31.64798140525818,360,1
31.65193247795105,521,1
31.655662059783936,536,1
31.659600734710693,626,1
31.66342067718506,442,1
31.667542457580566,363,1
31.671271324157715,536,1
31.675111055374146,544,1
31.67910933494568,631,1
31.683023691177368,476,1
31.686939001083374,355,1
31.691022872924805,528,1
31.694783687591553,536,1
31.698679447174072,620,1
31.702624797821045,495,1
31.706584692001343,350,1
31.710344552993774,531,1
31.7143235206604,577,1
31.718698978424072,666,1
31.7221257686615,571,1
31.726305961608887,388,1
31.72994875907898,576,1
31.734593391418457,638,1
31.739668607711792,719,1
31.741619110107422,648,1
31.745676040649414,409,1
31.74997568130493,590,1
31.753446102142334,687,1
31.75721573829651,756,1
31.76115846633911,715,1
31.76510000228882,413,1
31.768967628479004,551,1
31.772969484329224,691,1
31.776761054992676,729,1
31.780699014663696,722,1
31.78468942642212,434,1
31.78913187980652,539,1
31.792701721191406,695,1
31.79636001586914,716,1
31.800373077392578,734,1
31.804389715194702,458,1
31.808242797851562,473,1
31.812008142471313,645,1
31.81609058380127,668,1
31.820743322372437,728,1
31.823801279067993,490,1
31.82771897315979,468,1
31.83168053627014,653,1
31.83690905570984,671,1
31.8396053314209,753,1
31.84336256980896,536,1
31.847251892089844,462,1
31.851144790649414,643,1
31.855079174041748,625,1
31.85897970199585,717,1
31.86283826828003,545,1
31.867048263549805,408,1
31.870732307434082,610,1
31.8746817111969,623,1
31.87860369682312,706,1
31.882582902908325,558,1
31.886417150497437,388,1
31.89032483100891,609,1
31.894240617752075,655,1
31.898191452026367,753,1
31.90208101272583,626,1
31.905950784683228,403,1
31.9100079536438,591,1
31.91374373435974,639,1
31.917954921722412,714,1
31.921988248825073,624,1
31.925533771514893,376,1
31.929354190826416,565,1
31.93332314491272,662,1
31.9371976852417,720,1
31.941133737564087,681,1
31.945018529891968,401,1
31.94901180267334,555,1
31.952945232391357,681,1
31.956913232803345,721,1
31.960644483566284,693,1
31.964725017547607,411,1
31.968584775924683,511,1
31.97251534461975,645,1
31.976307153701782,665,1
31.980352640151978,693,1
31.984605312347412,402,1
31.988431215286255,453,1
31.991990327835083,605,1
31.99591851234436,599,1
31.99997353553772,621,1
32.00395679473877,387,1
32.00763988494873,402,1
32.01170349121094,575,1
32.01555919647217,592,1
32.01940608024597,658,1
32.023592948913574,461,1
32.02720904350281,405,1
32.03142595291138,569,1
32.03576445579529,568,1
32.03973960876465,644,1
32.04289722442627,459,1
32.04684281349182,330,1
32.05082392692566,501,1
32.054646492004395,513,1
32.05864882469177,618,1
32.062490463256836,463,1
32.06628608703613,300,1
32.070297718048096,466,1
32.07417273521423,458,1
32.078094244003296,553,1
32.08210873603821,439,1
32.08603525161743,263,1
32.09123349189758,439,1
32.09388327598572,477,1
32.09765648841858,560,1
32.1021249294281,490,1
32.10553956031799,285,1
32.10932946205139,469,1
32.11324143409729,557,1
32.11782264709473,638,1
32.12110209465027,596,1
32.125017166137695,364,1
32.12897562980652,490,1
32.13312745094299,574,1
32.137457609176636,613,1
32.14077877998352,594,1
32.14457678794861,332,1
32.14868974685669,432,1
32.1524715423584,544,1
32.15633749961853,575,1
32.160409688949585,583,1
32.164188623428345,332,1
32.16832375526428,393,1
32.17198038101196,529,1
32.175976514816284,557,1
32.17974877357483,599,1
32.1844539642334,374,1
32.187931537628174,392,1
32.19152474403381,563,1
32.19549512863159,579,1
32.199395179748535,638,1
32.20417070388794,425,1
32.20713210105896,391,1
32.211599588394165,566,1
32.22794437408447,568,1
32.22846460342407,650,1
32.22867727279663,460,1
32.228825092315674,355,1
32.23062586784363,538,1
32.23573398590088,554,1
32.23854613304138,648,1
32.24232769012451,479,1
32.246230125427246,337,1
32.2506628036499,528,1
32.25421857833862,544,1
32.25804400444031,633,1
32.261926889419556,505,1
32.26616716384888,300,1
32.27047848701477,461,1
32.27377772331238,521,1
32.27756476402283,615,1
32.2815477848053,535,1
32.28546643257141,343,1
32.289348125457764,511,1
32.293198585510254,583,1
32.29717421531677,640,1
32.30125427246094,584,1
32.30491256713867,359,1
32.30888772010803,510,1
32.31294226646423,620,1
32.31828737258911,664,1
32.32123351097107,647,1
32.32455110549927,406,1
32.32841730117798,514,1
32.332635164260864,635,1
32.33654427528381,676,1
32.34022903442383,693,1
32.34402370452881,444,1
32.348228454589844,499,1
32.35297703742981,647,1
32.356101512908936,682,1
32.35982704162598,709,1
32.36363768577576,469,1
32.36826825141907,487,1
32.371661901474,649,1
32.375412702560425,656,1
32.379339933395386,709,1
32.38438081741333,496,1
32.387964487075806,456,1
32.390998125076294,626,1
32.394920110702515,629,1
32.40075707435608,710,1
32.40468192100525,530,1
32.406734228134155,452,1
32.410573959350586,632,1
32.414888858795166,646,1
32.42129993438721,751,1
32.42247700691223,602,1
32.426233530044556,486,1
32.430110931396484,680,1
32.43447256088257,710,1
32.43792700767517,801,1
32.44182538986206,664,1
32.44586896896362,480,1
32.450425148010254,643,1
32.45403504371643,671,1
32.45753264427185,746,1
32.46152472496033,649,1
32.46558165550232,439,1
32.47038125991821,576,1
32.473453760147095,615,1
32.47710919380188,665,1
32.48099207878113,593,1
32.48499155044556,353,1
32.488813400268555,473,1
32.49281597137451,568,1
32.496623039245605,635,1
32.50085520744324,614,1
32.504643201828,367,1
32.5084331035614,477,1
32.51228380203247,591,1
32.51678705215454,622,1
32.52026963233948,628,1
32.524044036865234,398,1
32.52790594100952,480,1
32.532201051712036,610,1
32.53597068786621,628,1
32.539966344833374,656,1
32.543633460998535,424,1
32.54753518104553,457,1
32.552337408065796,626,1
32.55550408363342,651,1
32.559258699417114,702,1
32.56312966346741,492,1
32.568509340286255,468,1
32.572558879852295,619,1
32.57511115074158,622,1
32.57899212837219,706,1
32.583200454711914,509,1
32.5869996547699,425,1
32.59058499336243,611,1
32.59451937675476,622,1
32.59868359565735,711,1
32.60229539871216,544,1
32.6063175201416,433,1
32.6101291179657,635,1
32.61399054527283,651,1
32.618146896362305,732,1
32.621983766555786,596,1
32.62584567070007,442,1
32.62980079650879,620,1
32.633838415145874,648,1
32.63789701461792,744,1
32.641501903533936,620,1
32.64529085159302,416,1
32.64927959442139,584,1
32.653791666030884,637,1
32.657015800476074,707,1
32.660945653915405,621,1
32.66504454612732,379,1
32.669159173965454,510,1
32.67269539833069,593,1
32.67677545547485,666,1
32.68060898780823,632,1
32.684497594833374,393,1
32.68853235244751,520,1
32.692225217819214,633,1
32.69624614715576,670,1
32.70115113258362,658,1
32.70428204536438,409,1
32.70794749259949,503,1
32.71196460723877,634,1
32.7158100605011,685,1
32.71998620033264,720,1
32.72371506690979,481,1
32.72753095626831,507,1
32.73165941238403,641,1
32.735431432724,646,1
32.739354372024536,693,1
32.74332642555237,476,1
32.747069120407104,455,1
32.75126934051514,619,1
32.755030155181885,620,1
32.758891344070435,652,1
32.762763023376465,444,1
32.76770234107971,378,1
32.7706093788147,547,1
32.77455544471741,534,1
32.77828121185303,595,1
32.782318353652954,412,1
32.787083864212036,306,1
32.79006886482239,476,1
32.79391431808472,480,1
32.79787349700928,568,1
32.80298113822937,429,1
32.80583691596985,279,1
32.80958867073059,474,1
32.813536643981934,512,1
32.81810188293457,607,1
32.82134413719177,498,1
32.82522439956665,316,1
32.82915115356445,484,1
32.83532238006592,530,1
32.83857202529907,610,1
32.84091305732727,524,1
32.844950675964355,300,1
32.84886050224304,454,1
32.852829933166504,535,1
32.85673713684082,575,1
32.860517501831055,523,1
32.86440563201904,275,1
32.86953639984131,397,1
32.872387647628784,488,1
32.876102685928345,524,1
32.880051612854004,495,1
32.885470151901245,224,1
32.888657093048096,293,1
32.89200735092163,390,1
32.89586114883423,397,1
32.90187478065491,382,1
32.90453219413757,132,1
32.90750789642334,178,1
32.911288261413574,317,1
32.91640901565552,332,1
32.921590089797974,382,1
32.92303228378296,174,1
32.92693543434143,174,1
32.93085169792175,333,1
32.93519926071167,343,1
32.93896555900574,423,1
32.94258451461792,236,1
32.94659090042114,179,1
32.95098853111267,351,1
32.95580530166626,360,1
32.95826482772827,452,1
32.96212577819824,304,1
32.96615815162659,211,1
32.97103214263916,391,1
32.973875284194946,401,1
32.97782802581787,499,1
32.982117652893066,356,1
32.985907793045044,215,1
32.98965048789978,398,1
32.99350643157959,426,1
32.99745845794678,513,1
33.0015709400177,397,1
33.00564742088318,234,1
33.00914931297302,424,1
33.01305818557739,471,1
33.01857614517212,559,1
33.02112007141113,490,1
33.024901151657104,279,1
33.028804302215576,434,1
33.033395767211914,514,1
33.03697085380554,579,1
33.04040789604187,535,1
33.044360876083374,314,1
33.048325300216675,460,1
33.052218198776245,575,1
33.05606126785278,620,1
33.059945821762085,612,1
33.063960313797,369,1
33.06827235221863,459,1
33.07171988487244,567,1
33.07562971115112,583,1
33.07974910736084,585,1
33.084861278533936,343,1
33.088146686553955,406,1
33.091269731521606,550,1
33.09519147872925,574,1
33.0991005897522,627,1
33.103389263153076,404,1
33.106902837753296,406,1
33.110859632492065,561,1
33.11516046524048,560,1
33.11921191215515,620,1
33.12259221076965,418,1
33.12650394439697,373,1
33.13045907020569,556,1
33.13474988937378,552,1
33.13822555541992,640,1
33.14208936691284,485,1
33.14599967002869,400,1
33.15024781227112,582,1
33.15385150909424,576,1
33.15772724151611,648,1
33.16166925430298,518,1
33.16574168205261,392,1
33.17146849632263,581,1
33.17341089248657,616,1
33.17730355262756,716,1
33.18148446083069,606,1
33.18532204627991,429,1
33.189101457595825,579,1
33.19296193122864,615,1
33.19696283340454,686,1
33.20178270339966,591,1
33.20480442047119,375,1
33.20860528945923,520,1
33.21258234977722,584,1
33.21672797203064,638,1
33.222275733947754,575,1
33.224241495132446,347,1
33.228166580200195,479,1
33.23217415809631,566,1
33.23735952377319,607,1
33.23998284339905,583,1
33.2439649105072,344,1
33.248175621032715,454,1
33.2553813457489,569,1
33.256253242492676,594,1
33.25958704948425,606,1
33.2633912563324,383,1
33.268253326416016,457,1
33.2713098526001,588,1
33.27511382102966,612,1
33.27919316291809,652,1
33.2838237285614,423,1
33.28719115257263,441,1
33.29076027870178,609,1
33.294660568237305,635,1
33.298938035964966,670,1
33.30458068847656,461,1
33.306413650512695,448,1
33.310375928878784,625,1
33.31422829627991,623,1
33.31849932670593,693,1
33.32220435142517,499,1
33.32597374916077,401,1
33.32992911338806,567,1
33.33461594581604,568,1
33.33772110939026,652,1
33.34165954589844,506,1
33.3456757068634,390,1
33.34965443611145,581,1
33.354753494262695,601,1
33.35726857185364,692,1
33.36117911338806,544,1
33.365153789520264,345,1
33.36980581283569,502,1
33.373042583465576,526,1
33.37688183784485,614,1
33.38092875480652,513,1
33.38517880439758,304,1
33.388606786727905,461,1
33.39265751838684,509,1
33.39660835266113,579,1
33.40038728713989,507,1
33.407004833221436,282,1
33.408297061920166,439,1
33.41203260421753,537,1
33.416220903396606,589,1
33.42268371582031,579,1
33.42387342453003,347,1
33.42776417732239,466,1
33.431885719299316,589,1
33.438251972198486,633,1
33.439566135406494,609,1
33.443333864212036,322,1
33.455631494522095,384,1
33.45661282539368,527,1
33.45728778839111,558,1
33.46021580696106,599,1
33.462910413742065,364,1
33.46783995628357,397,1
33.47110462188721,559,1
33.47463941574097,569,1
33.47857356071472,620,1
33.483091831207275,393,1
33.48704934120178,367,1
33.49025559425354,543,1
33.494160652160645,557,1
33.498300552368164,635,1
33.50205135345459,435,1
33.50591778755188,343,1
33.50982332229614,523,1
33.51376724243164,548,1
33.51821279525757,643,1
33.52166724205017,450,1
33.52556276321411,309,1
33.52953481674194,476,1
33.534767866134644,496,1
33.53730392456055,605,1
33.54115033149719,476,1
33.54506850242615,321,1
33.54919934272766,511,1
33.55518841743469,548,1
33.55695033073425,652,1
33.560750007629395,545,1
33.56479573249817,343,1
33.56956768035889,518,1
33.57320976257324,574,1
33.576340198516846,639,1
33.580246686935425,566,1
33.5844829082489,331,1
33.58841562271118,478,1
33.59201645851135,554,1
33.595911741256714,603,1
33.60147523880005,565,1
33.60462975502014,318,1
33.6077618598938,440,1
33.611672163009644,547,1
33.61710524559021,586,1
33.619606494903564,585,1
33.623273849487305,333,1
33.62718415260315,433,1
33.63111901283264,582,1
33.63506627082825,615,1
33.63892936706543,644,1
33.64284896850586,386,1
33.64675951004028,434,1
33.65172052383423,596,1
33.65471911430359,608,1
33.6585373878479,648,1
33.66255044937134,428,1
33.66641592979431,417,1
33.67167258262634,589,1
33.67414832115173,593,1
33.678061723709106,666,1
33.681976556777954,479,1
33.68703818321228,420,1
33.689783811569214,602,1
33.69371700286865,612,1
33.697731256484985,685,1
33.701762437820435,505,1
33.70552468299866,400,1
33.709359884262085,591,1
33.713332414627075,600,1
33.718008041381836,690,1
33.721189737319946,541,1
33.7250120639801,379,1
33.7288932800293,552,1
33.73362350463867,575,1
33.737945318222046,679,1
33.740678548812866,592,1
33.74462556838989,409,1
33.749208211898804,582,1
33.75645995140076,619,1
33.756906270980835,697,1
33.76047205924988,636,1
33.76417422294617,411,1
33.76837730407715,552,1
33.771992683410645,617,1
33.77589416503906,658,1
33.77994227409363,598,1
33.784260749816895,357,1
33.78768754005432,487,1
33.79156994819641,582,1
33.795546531677246,613,1
33.799673318862915,588,1
33.80539870262146,351,1
33.80719351768494,464,1
33.81109356880188,583,1
33.81506824493408,599,1
33.8189857006073,603,1
33.8230299949646,381,1
33.82687044143677,467,1
33.830666065216064,616,1
33.834800004959106,620,1
33.838560342788696,648,1
33.84244084358215,432,1
33.84630060195923,442,1
33.85143804550171,597,1
33.854570150375366,588,1
33.857998847961426,635,1
33.86199378967285,444,1
33.86637306213379,429,1
33.871487855911255,595,1
33.873802185058594,579,1
33.877628803253174,652,1
33.88156056404114,503,1
33.88560700416565,421,1
33.88935446739197,581,1
33.893224477767944,570,1
33.89719247817993,652,1
33.90170431137085,516,1
33.90493822097778,389,1
33.90886878967285,556,1
33.91286540031433,575,1
33.91795206069946,658,1
33.92128372192383,540,1
33.92457675933838,386,1
33.928619384765625,562,1
33.93247890472412,593,1
33.93680953979492,661,1
33.94021415710449,566,1
33.94409799575806,377,1
33.94849443435669,525,1
33.95208120346069,581,1
33.95599341392517,649,1
33.95980381965637,597,1
33.96364092826843,396,1
33.968273639678955,522,1
33.97166585922241,596,1
33.97538924217224,637,1
33.979307413101196,602,1
33.98377776145935,380,1
33.987911224365234,488,1
33.99100375175476,581,1
33.994951248168945,606,1
33.9990451335907,613,1
34.00314164161682,386,1
34.00675821304321,456,1
34.01066207885742,587,1
34.014538049697876,613,1
34.01868486404419,657,1
34.02234101295471,456,1
34.02622413635254,486,1
34.03012943267822,616,1
34.0347695350647,609,1
34.03808903694153,655,1
34.04188895225525,449,1
34.04600405693054,417,1
34.049884557724,575,1
34.053990602493286,565,1
34.05760598182678,621,1
34.06152820587158,451,1
34.06558036804199,381,1
34.0707221031189,540,1
34.073222160339355,555,1
34.07712006568909,655,1
34.08109998703003,515,1
34.085204124450684,424,1
34.08888077735901,600,1
34.09276056289673,595,1
34.096789598464966,670,1
34.100791215896606,547,1
34.10460877418518,410,1
34.108381509780884,580,1
34.11234784126282,578,1
34.11655068397522,648,1
34.12024402618408,556,1
34.1240348815918,357,1
34.12797498703003,477,1
34.13224935531616,503,1
34.13773727416992,573,1
34.13971161842346,528,1
34.14361524581909,352,1
34.14767861366272,492,1
34.15185213088989,549,1
34.155829668045044,592,1
34.159340620040894,553,1
34.16321516036987,351,1
34.169899463653564,461,1
34.171574115753174,543,1
34.174930572509766,569,1
34.17891001701355,574,1
34.18416881561279,396,1
34.18667721748352,464,1
34.19058656692505,552,1
34.19452357292175,570,1
34.19848585128784,599,1
34.20275044441223,394,1
34.206292152404785,432,1
34.21012616157532,539,1
34.214200019836426,540,1
34.21828770637512,576,1
34.222044467926025,394,1
34.22588324546814,397,1
34.229711294174194,515,1
34.23412275314331,504,1
34.23797249794006,543,1
34.241496086120605,357,1
34.24532127380371,312,1
34.25008296966553,456,1
34.25315260887146,446,1
34.25709295272827,503,1
34.26099157333374,355,1
34.26531958580017,309,1
34.269999742507935,466,1
34.27356839179993,460,1
34.27675533294678,551,1
34.28062057495117,438,1
34.284940242767334,328,1
34.28838658332825,474,1
34.29225301742554,473,1
34.296178102493286,549,1
34.30121636390686,449,1
34.3042676448822,297,1
34.30802655220032,444,1
34.311816930770874,461,1
34.31607103347778,515,1
34.32012724876404,446,1
34.32361721992493,295,1
34.32757759094238,411,1
34.331735372543335,448,1
34.336347818374634,502,1
34.339292764663696,459,1
34.34311294555664,262,1
34.347039461135864,378,1
34.35116195678711,445,1
34.354926347732544,477,1
34.35877799987793,445,1
34.362677574157715,237,1
34.36707544326782,316,1
34.37083125114441,396,1
34.37437677383423,424,1
34.37831783294678,445,1
34.38237166404724,260,1
34.38910412788391,323,1
34.390178203582764,423,1
34.39397835731506,430,1
34.3978955745697,479,1
34.402846574783325,316,1
34.40574932098389,348,1
34.40960717201233,481,1
34.41359734535217,489,1
34.4183783531189,559,1
34.42176365852356,411,1
34.42527890205383,388,1
34.429226875305176,520,1
34.43382549285889,516,1
34.43741703033447,595,1
34.440940380096436,450,1
34.44500184059143,386,1
34.4494903087616,514,1
34.454041719436646,490,1
34.45663547515869,571,1
34.4605815410614,443,1
34.464431285858154,352,1
34.46858477592468,499,1
34.47243118286133,492,1
34.476117849349976,567,1
34.48008489608765,462,1
34.48565340042114,336,1
34.488155126571655,476,1
34.491836071014404,489,1
34.49569344520569,556,1
34.502809047698975,480,1
34.50521802902222,326,1
34.50755548477173,464,1
34.51141095161438,499,1
34.51680088043213,550,1
34.52662706375122,507,1
34.527191400527954,349,1
34.527499198913574,483,1
34.530882120132446,547,1
34.53697919845581,578,1
34.53879523277283,551,1
34.542781829833984,367,1
34.54663109779358,448,1
34.5522038936615,514,1
34.55716323852539,542,1
34.5583815574646,542,1
34.56221127510071,346,1
34.569451332092285,407,1
34.57507586479187,505,1
34.57535696029663,504,1
34.57796120643616,541,1
34.584595680236816,381,1
34.58997321128845,412,1
34.590238094329834,514,1
34.593589782714844,512,1
34.59761571884155,566,1
34.60354924201965,410,1
34.60521626472473,394,1
34.60917520523071,513,1
34.6130428314209,508,1
34.61781573295593,581,1
34.621119260787964,431,1
34.6247661113739,375,1
34.628910303115845,511,1
34.6336669921875,516,1
34.63720703125,605,1
34.640573263168335,506,1
34.6443555355072,421,1
34.648420333862305,553,1
34.65221834182739,540,1
34.65605640411377,612,1
34.66001892089844,511,1
34.6640899181366,388,1
34.66964602470398,522,1
34.67171120643616,529,1
34.67563462257385,597,1
34.67958855628967,520,1
34.68361973762512,375,1
34.68792796134949,510,1
34.6912739276886,530,1
34.69529747962952,578,1
34.699358224868774,534,1
34.70363926887512,367,1
34.707042932510376,485,1
34.71086239814758,524,1
34.71505832672119,575,1
34.7221941947937,558,1
34.72270441055298,374,1
34.7266321182251,488,1
34.73048639297485,577,1
34.73498487472534,620,1
34.73843479156494,635,1
34.74214315414429,446,1
34.74604654312134,501,1
34.750656604766846,559,1
34.75401258468628,562,1
34.75789141654968,579,1
34.76170825958252,409,1
34.765761375427246,452,1
34.76976203918457,566,1
34.773600339889526,578,1
34.77735686302185,641,1
34.781336069107056,497,1
34.785202741622925,496,1
34.78934979438782,615,1
34.79303026199341,609,1
34.7969491481781,679,1
34.80163860321045,550,1
34.80520796775818,535,1
34.80874156951904,663,1
34.81266689300537,648,1
34.817216634750366,726,1
34.821189403533936,592,1
34.824304819107056,508,1
34.82827186584473,635,1
34.83216881752014,628,1
34.83726239204407,703,1
34.83999276161194,588,1
34.843868017196655,474,1
34.847779989242554,608,1
34.851781606674194,604,1
34.85562348365784,673,1
34.85955452919006,580,1
34.86352467536926,433,1
34.867520570755005,565,1
34.87130546569824,586,1
34.875168800354004,646,1
34.879053831100464,589,1
34.88331890106201,432,1
34.887768268585205,560,1
34.890888929367065,602,1
34.89479398727417,645,1
34.89883494377136,615,1
34.902981758117676,420,1
34.906535387039185,506,1
34.91034460067749,559,1
34.91428232192993,587,1
34.91875410079956,589,1
34.92223596572876,393,1
34.92603302001953,455,1
34.929949045181274,523,1
34.93484044075012,515,1
34.93800973892212,523,1
34.94171476364136,350,1
34.94562220573425,393,1
34.94999933242798,484,1
34.95372915267944,493,1
34.95731043815613,549,1
34.96127247810364,398,1
34.965341091156006,411,1
34.969149351119995,512,1
34.97300052642822,500,1
34.976900815963745,552,1
34.98092079162598,398,1
34.98545026779175,353,1
34.98970293998718,465,1
34.99259042739868,454,1
34.99667572975159,528,1
35.00079846382141,383,1
35.004793882369995,310,1
35.00823497772217,452,1
35.012118101119995,451,1
35.01617956161499,533,1
35.02032923698425,418,1
35.023850202560425,313,1
35.0278434753418,457,1
35.03186345100403,465,1
35.03816485404968,532,1
35.039671182632446,431,1
35.04341220855713,290,1
35.04737687110901,415,1
35.05167508125305,432,1
35.05564546585083,495,1
35.05902051925659,427,1
35.062955141067505,275,1
35.06711745262146,407,1
35.070921421051025,466,1
35.07481122016907,512,1
35.078611612319946,482,1
35.082724809646606,309,1
35.08654284477234,407,1
35.09032106399536,459,1
35.09425902366638,501,1
35.098278760910034,506,1
35.102367639541626,318,1
35.10595440864563,389,1
35.109896421432495,462,1
35.11383056640625,480,1
35.11863589286804,495,1
35.121666431427,312,1
35.12561750411987,366,1
35.129611015319824,463,1
35.13443732261658,475,1
35.13871359825134,519,1
35.1412250995636,363,1
35.14519190788269,370,1
35.14924144744873,478,1
35.153162240982056,478,1
35.157172203063965,547,1
35.16088914871216,410,1
35.16514039039612,385,1
35.169206380844116,499,1
35.172598361968994,483,1
35.17643451690674,557,1
35.18039345741272,433,1
35.184858560562134,384,1
35.188321590423584,522,1
35.192049503326416,503,1
35.196019887924194,565,1
35.20024919509888,443,1
35.205416679382324,353,1
35.20772457122803,490,1
35.2116379737854,489,1
35.21790599822998,574,1
35.222023248672485,483,1
35.2233350276947,365,1
35.22724533081055,498,1
35.23121166229248,506,1
35.23542141914368,573,1
35.23918890953064,512,1
35.24293541908264,367,1
35.246944427490234,477,1
35.25101661682129,492,1
35.25543570518494,550,1
35.25865459442139,517,1
35.262595653533936,349,1
35.26682686805725,460,1
35.27186465263367,506,1
35.27422618865967,543,1
35.27813720703125,555,1
35.2823851108551,379,1
35.28608536720276,460,1
35.28997540473938,532,1
35.293994665145874,561,1
35.2977876663208,584,1
35.301671743392944,396,1
35.305580139160156,450,1
35.30942702293396,531,1
35.31354761123657,541,1
35.31747484207153,575,1
35.32133078575134,400,1
35.32509970664978,428,1
35.3289577960968,536,1
35.333014249801636,524,1
35.337363719940186,587,1
35.34089493751526,443,1
35.344630002975464,433,1
35.348633766174316,551,1
35.35355091094971,542,1
35.356497049331665,605,1
35.360260009765625,447,1
35.36423110961914,392,1
35.36876583099365,525,1
35.37338137626648,521,1
35.37599778175354,618,1
35.3798508644104,521,1
35.38411593437195,448,1
35.389472246170044,588,1
35.391594648361206,589,1
35.395503997802734,662,1
35.399800062179565,566,1
35.40402865409851,460,1
35.40719938278198,612,1
35.411112785339355,631,1
35.415321826934814,716,1
35.41898488998413,625,1
35.422845125198364,469,1
35.426759004592896,597,1
35.43067026138306,628,1
35.43471932411194,664,1
35.4386248588562,615,1
35.442513942718506,449,1
35.4463529586792,567,1
35.450568437576294,618,1
35.45508360862732,659,1
35.45807194709778,646,1
35.461979150772095,481,1
35.46612858772278,582,1
35.47083044052124,659,1
35.473759174346924,679,1
35.47783899307251,693,1
35.481693267822266,510,1
35.486796855926514,551,1
35.489482402801514,604,1
35.493783712387085,606,1
35.49734044075012,638,1
35.50588774681091,465,1
35.50611758232117,486,1
35.508962631225586,598,1
35.51294445991516,611,1
35.51748299598694,667,1
35.52213096618652,501,1
35.52470016479492,491,1
35.52894830703735,616,1
35.5324912071228,615,1
35.536972761154175,675,1
35.54023289680481,517,1
35.544201374053955,466,1
35.54802966117859,592,1
35.55273246765137,579,1
35.55589842796326,657,1
35.55987095832825,526,1
35.56366848945618,437,1
35.56800556182861,576,1
35.571630239486694,582,1
35.57547473907471,660,1
35.57940983772278,548,1
35.583847761154175,429,1
35.58795475959778,564,1
35.591108560562134,577,1
35.59498643875122,644,1
35.600346088409424,566,1
35.603517293930054,434,1
35.60672640800476,569,1
35.610636711120605,596,1
35.61462759971619,657,1
35.61899995803833,608,1
35.6229350566864,451,1
35.62627816200256,577,1
35.63020849227905,623,1
35.63464403152466,657,1
35.63865113258362,622,1
35.64194583892822,434,1
35.64590311050415,541,1
35.65006756782532,610,1
35.65378475189209,627,1
35.657668352127075,632,1
35.661654472351074,450,1
35.665627241134644,503,1
35.669769525527954,567,1
35.6732439994812,580,1
35.677125453948975,603,1
35.681124687194824,417,1
35.68505334854126,462,1
35.688941955566406,564,1
35.69292116165161,566,1
35.6967236995697,601,1
35.701157093048096,442,1
35.7051956653595,437,1
35.708658933639526,537,1
35.71261739730835,512,1
35.71631860733032,566,1
35.72118091583252,426,1
35.724143743515015,387,1
35.72800135612488,515,1
35.73230600357056,513,1
35.73672890663147,592,1
35.73987674713135,466,1
35.74374556541443,408,1
35.74759578704834,554,1
35.75181865692139,546,1
35.75562310218811,618,1
35.759323835372925,492,1
35.76328492164612,373,1
35.76829695701599,512,1
35.771294355392456,514,1
35.77508568763733,580,1
35.77886915206909,486,1
35.78290343284607,357,1
35.78844356536865,479,1
35.79061031341553,501,1
35.79456973075867,577,1
35.7985520362854,536,1
35.80295157432556,387,1
35.80626726150513,516,1
35.810123920440674,549,1
35.814170122146606,575,1
35.81838607788086,533,1
35.82206678390503,359,1
35.82579064369202,471,1
35.82980728149414,542,1
35.83411717414856,575,1
35.8377468585968,572,1
35.84157681465149,403,1
35.84543418884277,500,1
35.849422454833984,563,1
35.853569984436035,572,1
35.857157468795776,608,1
35.861026763916016,430,1
35.86540389060974,487,1
35.87149381637573,584,1
35.87292671203613,580,1
35.87665820121765,606,1
35.88060283660889,431,1
35.8873827457428,443,1
35.897301197052,546,1
35.906229734420776,524,1
35.907076358795166,579,1
35.90747547149658,432,1
35.90776515007019,411,1
35.907963037490845,504,1
35.91186857223511,486,1
35.91792392730713,556,1
35.92135667800903,428,1
35.92359757423401,364,1
35.92759871482849,500,1
35.93176627159119,493,1
35.93578386306763,577,1
35.93926477432251,463,1
35.943140745162964,364,1
35.94709491729736,507,1
35.9519464969635,523,1
35.95519948005676,614,1
35.95897626876831,528,1
35.96279835700989,406,1
35.96725082397461,529,1
35.970669746398926,555,1
35.97453951835632,633,1
35.978379011154175,568,1
35.98236584663391,416,1
35.986254930496216,537,1
35.990127086639404,562,1
35.994006633758545,618,1
35.997920751571655,587,1
36.002166509628296,414,1
36.00593161582947,519,1
36.00969171524048,544,1
36.01358103752136,555,1
36.01808261871338,535,1
36.02172231674194,336,1
36.02533483505249,377,1
36.029245376586914,421,1
36.033644914627075,428,1
36.03811550140381,430,1
36.04094195365906,260,1
36.04487705230713,339,1
36.04890561103821,425,1
36.05311727523804,415,1
36.05665993690491,453,1
36.060588359832764,278,1
36.064550161361694,301,1
36.06920838356018,419,1
36.07229518890381,420,1
36.07622408866882,481,1
36.08009672164917,334,1
36.084892988204956,345,1
36.088562965393066,467,1
36.091835498809814,448,1
36.095927000045776,508,1
36.10009479522705,376,1
36.104180335998535,322,1
36.107593297958374,444,1
36.111401081085205,432,1
36.11544632911682,510,1
36.1206693649292,388,1
36.12316012382507,301,1
36.127116203308105,429,1
36.130987882614136,435,1
36.13529109954834,523,1
36.13883137702942,436,1
36.14270806312561,301,1
36.14667725563049,432,1
36.152448654174805,459,1
36.15465521812439,534,1
36.158384561538696,454,1
36.16227197647095,310,1
36.168710231781006,446,1
36.172494649887085,473,1
36.17406964302063,530,1
36.177902698516846,492,1
36.1823787689209,336,1
36.185972452163696,459,1
36.189862966537476,517,1
36.1937210559845,557,1
36.19755816459656,552,1
36.201722383499146,396,1
36.2053747177124,500,1
36.20918607711792,575,1
36.213144302368164,608,1
36.21715545654297,623,1
36.221094369888306,458,1
36.224894523620605,521,1
36.229047536849976,612,1
36.233640909194946,627,1
36.23697090148926,658,1
36.24056911468506,499,1
36.24441719055176,535,1
36.248552322387695,631,1
36.25238394737244,626,1
36.25616192817688,683,1
36.2600622177124,524,1
36.26406645774841,504,1
36.26837420463562,605,1
36.272058963775635,594,1
36.275837898254395,656,1
36.27967357635498,488,1
36.28385090827942,451,1
36.28785538673401,582,1
36.29137897491455,556,1
36.295369386672974,621,1
36.29961133003235,482,1
36.30321955680847,399,1
36.307053089141846,532,1
36.31097769737244,527,1
36.31531000137329,624,1
36.318958044052124,537,1
36.32333588600159,425,1
36.326643228530884,557,1
36.33055853843689,572,1
36.33477306365967,646,1
36.33836817741394,562,1
36.34238958358765,395,1
36.346158504486084,501,1
36.353161096572876,513,1
36.35707688331604,577,1
36.35796570777893,519,1
36.36190056800842,356,1
36.366008281707764,475,1
36.37104558944702,513,1
36.373574018478394,542,1
36.3775429725647,520,1
36.381359577178955,358,1
36.385528802871704,454,1
36.389204025268555,508,1
36.39306926727295,527,1
36.39709949493408,542,1
36.40200662612915,369,1
36.40487885475159,444,1
36.40876293182373,523,1
36.41270589828491,543,1
36.41757416725159,550,1
36.42103409767151,357,1
36.42438578605652,394,1
36.42825651168823,509,1
36.432613134384155,529,1
36.43777012825012,574,1
36.44003462791443,422,1
36.44393563270569,436,1
36.44794750213623,538,1
36.45205330848694,524,1
36.45565748214722,580,1
36.45959234237671,434,1
36.46356987953186,405,1
36.46768641471863,528,1
36.47148823738098,509,1
36.475221157073975,575,1
36.47917056083679,450,1
36.48310923576355,372,1
36.4888129234314,501,1
36.491156339645386,493,1
36.49487566947937,579,1
36.50231194496155,470,1
36.507729053497314,367,1
36.5087206363678,523,1
36.51054382324219,535,1
36.514617681503296,616,1
36.52590608596802,538,1
36.5286431312561,403,1
36.529760122299194,521,1
36.530113220214844,536,1
36.54144501686096,584,1
36.54233908653259,507,1
36.542672634124756,333,1
36.545716762542725,463,1
36.551613569259644,533,1
36.55568528175354,604,1
36.55738949775696,565,1
36.56132221221924,376,1
36.56712198257446,479,1
36.572592973709106,545,1
36.573638677597046,602,1
36.576927185058594,608,1
36.58090305328369,422,1
36.586047649383545,503,1
36.5891592502594,589,1
36.59260082244873,618,1
36.59661531448364,662,1
36.600468158721924,483,1
36.604588985443115,530,1
36.60824918746948,626,1
36.61212611198425,634,1
36.616082191467285,683,1
36.62014842033386,513,1
36.623865604400635,531,1
36.627946615219116,644,1
36.63187217712402,651,1
36.63605856895447,706,1
36.639596939086914,560,1
36.64362859725952,537,1
36.64733004570007,646,1
36.65213942527771,634,1
36.655229330062866,715,1
36.65908908843994,586,1
36.6629958152771,502,1
36.66776466369629,624,1
36.67167043685913,620,1
36.67490577697754,698,1
36.67869448661804,578,1
36.683181285858154,469,1
36.68671131134033,608,1
36.690377950668335,591,1
36.6943736076355,657,1
36.69863939285278,557,1
36.70220351219177,435,1
36.70605826377869,569,1
36.709996700286865,556,1
36.7138671875,597,1
36.718151807785034,526,1
36.721922874450684,343,1
36.72564935684204,459,1
36.7295937538147,496,1
36.73510003089905,549,1
36.738017082214355,505,1
36.74140238761902,331,1
36.745198488235474,453,1
36.7492995262146,505,1
36.753212213516235,558,1
36.75700545310974,571,1
36.76104521751404,389,1
36.76518416404724,472,1
36.77169322967529,546,1
36.77293562889099,581,1
36.776668071746826,600,1
36.78038668632507,430,1
36.78430414199829,497,1
36.788599252700806,589,1
36.7920823097229,618,1
36.79597735404968,645,1
36.800467014312744,457,1
36.80424618721008,477,1
36.8078932762146,586,1
36.81173086166382,588,1
36.81595182418823,637,1
36.8235764503479,481,1
36.824240922927856,470,1
36.82737135887146,602,1
36.83125615119934,583,1
36.837461709976196,660,1
36.839051961898804,529,1
36.843026876449585,444,1
36.84699535369873,572,1
36.85170388221741,575,1
36.85544729232788,657,1
36.85860991477966,554,1
36.86261487007141,476,1
36.8664665222168,607,1
36.870728969573975,602,1
36.874253034591675,686,1
36.8782160282135,581,1
36.882089376449585,460,1
36.886107444763184,596,1
36.88996648788452,585,1
36.8938934803009,643,1
36.897884130477905,556,1
36.9018235206604,405,1
36.905600786209106,518,1
36.909563302993774,549,1
36.9133574962616,599,1
36.918224573135376,542,1
36.921804666519165,355,1
36.925081729888916,451,1
36.92904758453369,490,1
36.93309831619263,515,1
36.9372353553772,498,1
36.9409613609314,318,1
36.944698333740234,401,1
36.948692321777344,479,1
36.952789306640625,486,1
36.95643424987793,473,1
36.96043419837952,285,1
36.9643657207489,353,1
36.96874284744263,441,1
36.972110748291016,456,1
36.975980281829834,500,1
36.97986698150635,335,1
36.984867334365845,374,1
36.98851156234741,495,1
36.99166679382324,504,1
36.99559831619263,527,1
36.99973464012146,345,1
37.004743337631226,313,1
37.007256746292114,419,1
37.011146783828735,399,1
37.015358448028564,466,1
37.019821643829346,318,1
37.02379751205444,263,1
37.026901960372925,401,1
37.030866384506226,419,1
37.03506112098694,489,1
37.038721799850464,351,1
37.04257678985596,275,1
37.04635000228882,419,1
37.05093812942505,423,1
37.05462193489075,513,1
37.05812358856201,400,1
37.06204056739807,278,1
37.06597280502319,424,1
37.0708589553833,445,1
37.073782444000244,527,1
37.07771563529968,454,1
37.0818829536438,308,1
37.08676862716675,429,1
37.08990454673767,432,1
37.093366622924805,464,1
37.09732985496521,394,1
37.10141134262085,223,1
37.105063676834106,331,1
37.1089723110199,372,1
37.11292767524719,422,1
37.117743730545044,399,1
37.12147903442383,223,1
37.12466478347778,336,1
37.12875485420227,409,1
37.132554054260254,432,1
37.136948347091675,445,1
37.140273332595825,279,1
37.14418125152588,358,1
37.148115396499634,449,1
37.15468168258667,467,1
37.15604543685913,500,1
37.15986514091492,326,1
37.163885831832886,367,1
37.16859817504883,463,1
37.17174577713013,477,1
37.17553663253784,519,1
37.17948770523071,360,1
37.183863162994385,355,1
37.18775773048401,474,1
37.19115924835205,465,1
37.19502377510071,524,1
37.199045181274414,382,1
37.20319652557373,347,1
37.20697045326233,468,1
37.21072244644165,453,1
37.2146213054657,519,1
37.219011306762695,392,1
37.22266173362732,328,1
37.226381063461304,466,1
37.23027181625366,450,1
37.237633228302,536,1
37.2387421131134,442,1
37.24198794364929,353,1
37.245943546295166,501,1
37.25007247924805,507,1
37.25493359565735,578,1
37.2722704410553,485,1
37.27300310134888,351,1
37.27334713935852,487,1
37.273613929748535,513,1
37.2740318775177,577,1
37.27721619606018,514,1
37.281099796295166,338,1
37.28522706031799,449,1
37.28917598724365,478,1
37.29297995567322,541,1
37.29692506790161,543,1
37.30077004432678,389,1
37.30478096008301,509,1
37.30870771408081,583,1
37.31246280670166,629,1
37.31673312187195,628,1
37.32857847213745,439,1
37.35696339607239,528,1
37.357590198516846,605,1
37.35883927345276,628,1
37.359915256500244,653,1
37.36032581329346,500,1
37.410688638687134,554,1
37.41176104545593,648,1
37.42303776741028,645,1
37.445611238479614,678,1
37.45855689048767,492,1
37.45903468132019,489,1
37.459383487701416,590,1
37.45977210998535,583,1
37.4601674079895,631,1
37.460383892059326,491,1
37.46059250831604,469,1
37.46077084541321,593,1
37.460912466049194,593,1
37.46118974685669,678,1
37.46165657043457,550,1
37.46222639083862,487,1
37.462520122528076,617,1
37.46277570724487,610,1
37.46308493614197,696,1
37.46332764625549,578,1
37.463581800460815,483,1
37.4638135433197,625,1
37.464049100875854,629,1
37.4643759727478,716,1
37.46467208862305,623,1
37.46544551849365,479,1
37.46582007408142,580,1
37.46678304672241,575,1
37.46989607810974,618,1
37.47031092643738,531,1
37.47065567970276,368,1
37.47511291503906,493,1
37.475428104400635,518,1
37.47568416595459,557,1
37.476749897003174,524,1
37.480891704559326,355,1
37.48821306228638,455,1
37.49176621437073,504,1
37.49375081062317,543,1
37.49635171890259,552,1
37.50051307678223,394,1
37.50439238548279,472,1
37.50803208351135,526,1
37.51193165779114,536,1
37.516064405441284,546,1
37.520041942596436,358,1
37.52367305755615,417,1
37.52763390541077,533,1
37.53173589706421,545,1
37.53634715080261,577,1
37.53930974006653,409,1
37.54324555397034,431,1
37.547141313552856,530,1
37.55109190940857,526,1
37.555148124694824,585,1
37.559014081954956,451,1
37.562888860702515,443,1
37.567270040512085,558,1
37.57119917869568,558,1
37.5745267868042,631,1
37.57843041419983,494,1
37.58238244056702,445,1
37.586345195770264,574,1
37.590166091918945,557,1
37.5940842628479,639,1
37.59797787666321,522,1
37.60296988487244,435,1
37.605982542037964,563,1
37.609753370285034,566,1
37.61369705200195,650,1
37.61776661872864,552,1
37.62166380882263,435,1
37.625524282455444,570,1
37.6292679309845,597,1
37.63337278366089,674,1
37.637178897857666,583,1
37.64101839065552,422,1
37.64511322975159,551,1
37.64907264709473,589,1
37.65316700935364,659,1
37.656676292419434,618,1
37.660752296447754,457,1
37.6645302772522,582,1
37.66942381858826,625,1
37.67238688468933,641,1
37.67621564865112,611,1
37.68016052246094,431,1
37.684163331985474,526,1
37.68805146217346,593,1
37.69200682640076,623,1
37.69594216346741,631,1
37.69982981681824,444,1
37.70412278175354,499,1
37.7076199054718,567,1
37.711599349975586,561,1
37.71542167663574,579,1
37.72044134140015,400,1
37.72335648536682,436,1
37.72713923454285,543,1
37.73099732398987,539,1
37.735835790634155,594,1
37.73920035362244,445,1
37.742783069610596,443,1
37.746673822402954,548,1
37.75082445144653,529,1
37.75530433654785,595,1
37.75857138633728,455,1
37.76228427886963,411,1
37.76636600494385,542,1
37.77043581008911,522,1
37.77422213554382,599,1
37.77801465988159,468,1
37.78194069862366,367,1
37.78644895553589,484,1
37.79035425186157,477,1
37.79364490509033,546,1
37.79757809638977,448,1
37.802077293395996,345,1
37.805347204208374,486,1
37.80924439430237,498,1
37.813220739364624,564,1
37.81793570518494,492,1
37.82184362411499,349,1
37.8249089717865,461,1
37.82881426811218,471,1
37.832773208618164,521,1
37.837148904800415,457,1
37.840599060058594,290,1
37.84457206726074,396,1
37.84895205497742,431,1
37.85335159301758,485,1
37.856289863586426,474,1
37.860119581222534,308,1
37.86399698257446,411,1
37.86822748184204,479,1
37.872004985809326,513,1
37.8758761882782,523,1
37.879865407943726,347,1
37.884408473968506,416,1
37.890138387680054,495,1
37.89161205291748,513,1
37.89532399177551,525,1
37.899354696273804,345,1
37.903240442276,384,1
37.9070303440094,473,1
37.91111707687378,477,1
37.91526484489441,533,1
37.919349193573,375,1
37.922937870025635,373,1
37.92661499977112,491,1
37.93059206008911,463,1
37.93463945388794,515,1
37.9384229183197,371,1
37.9422447681427,353,1
37.94623613357544,472,1
37.95015096664429,446,1
37.95440149307251,519,1
37.957886934280396,386,1
37.961820125579834,324,1
37.96573996543884,471,1
37.969889640808105,494,1
37.97367548942566,592,1
37.977587938308716,489,1
37.98135447502136,382,1
37.98558044433594,513,1
37.98919749259949,507,1
37.993077993392944,563,1
37.99700403213501,470,1
38.00097465515137,335,1
38.005011320114136,468,1
38.00878429412842,499,1
38.01266360282898,569,1
38.016817569732666,509,1
38.02117156982422,356,1
38.02453327178955,484,1
38.028398275375366,520,1
38.03230404853821,568,1
38.03657817840576,535,1
38.04005193710327,365,1
38.04395318031311,457,1
38.04799151420593,524,1
38.05268096923828,575,1
38.05574107170105,587,1
38.059629678726196,396,1
38.06358528137207,472,1
38.06779193878174,544,1
38.071683406829834,571,1
38.07528853416443,590,1
38.07921242713928,425,1
38.08333230018616,469,1
38.08847165107727,557,1
38.09097909927368,559,1
38.09493970870972,579,1
38.09903001785278,398,1
38.10319757461548,399,1
38.106632471084595,506,1
38.110584020614624,500,1
38.11437153816223,570,1
38.11854839324951,425,1
38.12243103981018,397,1
38.12620186805725,517,1
38.13004183769226,514,1
38.134297609329224,600,1
38.139742612838745,479,1
38.14194083213806,412,1
38.14586806297302,535,1
38.15014719963074,519,1
38.154123067855835,596,1
38.15743827819824,488,1
38.16132092475891,397,1
38.1655478477478,529,1
38.16928005218506,551,1
38.17316174507141,647,1
38.1769642829895,567,1
38.18091797828674,444,1
38.185139894485474,560,1
38.189537525177,572,1
38.19270658493042,630,1
38.19663643836975,566,1
38.200618505477905,417,1
38.204615116119385,537,1
38.20837664604187,574,1
38.212169885635376,617,1
38.216179847717285,569,1
38.22078037261963,392,1
38.22417402267456,501,1
38.22784781455994,557,1
38.232152223587036,590,1
38.23646926879883,582,1
38.23973894119263,403,1
38.24363660812378,510,1
38.24747180938721,598,1
38.25146198272705,626,1
38.25549507141113,655,1
38.25915718078613,490,1
38.26311254501343,532,1
38.267436027526855,616,1
38.27114152908325,615,1
38.27489352226257,631,1
38.278844594955444,447,1
38.28284764289856,482,1
38.28719973564148,595,1
38.290547609329224,592,1
38.29436373710632,636,1
38.298513889312744,480,1
38.30284237861633,465,1
38.30619215965271,571,1
38.30998516082764,539,1
38.31389594078064,605,1
38.31794738769531,470,1
38.3219792842865,427,1
38.32563805580139,571,1
38.32960796356201,560,1
38.333693981170654,636,1
38.33781886100769,519,1
38.341302156448364,416,1
38.34523558616638,553,1
38.34927797317505,556,1
38.35431694984436,645,1
38.35736131668091,540,1
38.36105155944824,398,1
38.365235567092896,527,1
38.36919450759888,533,1
38.372676610946655,604,1
38.37654376029968,543,1
38.380545139312744,406,1
38.38461446762085,529,1
38.38936233520508,564,1
38.39221119880676,622,1
38.39607238769531,586,1
38.400126695632935,422,1
38.404435873031616,526,1
38.4080171585083,585,1
38.4117546081543,639,1
38.41584324836731,636,1
38.41987586021423,468,1
38.42367649078369,563,1
38.427478551864624,619,1
38.43137073516846,655,1
38.43604230880737,663,1
38.43964743614197,470,1
38.44313669204712,534,1
38.44717574119568,617,1
38.45203447341919,621,1
38.455106258392334,651,1
38.45879912376404,477,1
38.462676763534546,496,1
38.468944787979126,607,1
38.47233581542969,616,1
38.47439217567444,667,1
38.47821354866028,509,1
38.48220252990723,510,1
38.49003863334656,650,1
38.490299224853516,649,1
38.49396729469299,722,1
38.49787712097168,585,1
38.50191855430603,536,1
38.50567698478699,657,1
38.50960946083069,632,1
38.51344394683838,692,1
38.51738953590393,566,1
38.52155804634094,484,1
38.525153398513794,614,1
38.52911829948425,611,1
38.53298044204712,685,1
38.5370078086853,571,1
38.540977001190186,448,1
38.544920921325684,575,1
38.548715114593506,578,1
38.552873373031616,649,1
38.55658483505249,575,1
38.56035327911377,430,1
38.56423830986023,550,1
38.56893563270569,554,1
38.57218313217163,610,1
38.57599663734436,566,1
38.579920053482056,409,1
38.58411526679993,520,1
38.58826804161072,551,1
38.59191560745239,591,1
38.59567904472351,568,1
38.59980058670044,400,1
38.60387682914734,496,1
38.60732698440552,557,1
38.611273527145386,605,1
38.61528158187866,628,1
38.62025761604309,454,1
38.62312316894531,522,1
38.62692332267761,594,1
38.630863189697266,600,1
38.634952783584595,620,1
38.63897752761841,446,1
38.64256310462952,498,1
38.646427631378174,588,1
38.65040349960327,580,1
38.65459656715393,625,1
38.65822219848633,468,1
38.662665128707886,478,1
38.66609835624695,588,1
38.67122006416321,575,1
38.6744863986969,628,1
38.67770528793335,476,1
38.68204474449158,438,1
38.686150550842285,553,1
38.69052863121033,533,1
38.69338870048523,603,1
38.69727897644043,474,1
38.7018346786499,385,1
38.70562267303467,516,1
38.70901966094971,494,1
38.71303749084473,560,1
38.7171196937561,452,1
38.721508741378784,339,1
38.72477388381958,468,1
38.72881841659546,458,1
38.73267126083374,534,1
38.73657464981079,428,1
38.74036478996277,283,1
38.74425172805786,402,1
38.748215436935425,409,1
38.75302982330322,468,1
38.75609564781189,417,1
38.759936571121216,270,1
38.76390719413757,409,1
38.769129276275635,458,1
38.77169179916382,499,1
38.77565145492554,464,1
38.779425859451294,285,1
38.78378248214722,368,1
38.78791332244873,409,1
38.79119873046875,425,1
38.79509782791138,426,1
38.79909133911133,248,1
38.803091526031494,343,1
38.8068904876709,426,1
38.81077003479004,448,1
38.81468725204468,488,1
38.81918120384216,318,1
38.822810888290405,350,1
38.826536893844604,425,1
38.8303759098053,414,1
38.83443593978882,450,1
38.838204860687256,288,1
38.84199905395508,309,1
38.84594750404358,425,1
38.850133180618286,425,1
38.85426712036133,493,1
38.857686042785645,348,1
38.861743450164795,339,1
38.86558127403259,453,1
38.87007021903992,441,1
38.87342143058777,531,1
38.87730383872986,416,1
38.8811559677124,378,1
38.886383295059204,507,1
38.889015197753906,503,1
38.89286231994629,606,1
38.896958351135254,495,1
38.90108060836792,398,1
38.905428647994995,524,1
38.908591508865356,524,1
38.9125862121582,595,1
38.91641116142273,493,1
38.92113161087036,390,1
38.92417597770691,532,1
38.9280903339386,553,1
38.93211555480957,642,1
38.936967849731445,573,1
38.93983459472656,415,1
38.94384026527405,539,1
38.94768691062927,575,1
38.95177340507507,633,1
38.95566725730896,592,1
38.95938229560852,418,1
38.963491678237915,537,1
38.96759867668152,595,1
38.97134566307068,633,1
38.97507333755493,634,1
38.97905135154724,459,1
38.9829044342041,531,1
38.987735748291016,594,1
38.99070620536804,625,1
38.99467134475708,638,1
38.99867367744446,451,1
39.00480127334595,518,1
39.00636696815491,606,1
39.010265827178955,600,1
39.014182329177856,622,1
39.01837515830994,462,1
39.022051095962524,517,1
39.025885581970215,633,1
39.0298638343811,636,1
39.03429555892944,698,1
39.037843465805054,532,1
39.04161071777344,518,1
39.04556226730347,641,1
39.04938054084778,644,1
39.05570578575134,715,1
39.05723690986633,577,1
39.06111001968384,514,1
39.065239906311035,616,1
39.06982421875,592,1
39.07296705245972,666,1
39.07693529129028,542,1
39.08079957962036,446,1
39.08478593826294,580,1
39.08894157409668,568,1
39.09240484237671,619,1
39.096346616744995,532,1
39.1004741191864,418,1
39.104371070861816,560,1
39.108116149902344,586,1
39.11205434799194,664,1
39.11608052253723,595,1
39.12020230293274,447,1
39.1237518787384,577,1
39.12767028808594,605,1
39.13163161277771,650,1
39.13712406158447,605,1
39.13938665390015,442,1
39.14330220222473,549,1
39.14718747138977,607,1
39.15116763114929,655,1
39.15518045425415,646,1
39.15892052650452,481,1
39.16287636756897,575,1
39.16707396507263,617,1
39.17088341712952,628,1
39.17464995384216,633,1
39.17856788635254,443,1
39.18241000175476,513,1
39.18663835525513,590,1
39.19020056724548,581,1
39.19413208961487,609,1
39.19807553291321,433,1
39.20265984535217,459,1
39.20589542388916,544,1
39.209900856018066,535,1
39.213717460632324,583,1
39.21779799461365,423,1
39.222439765930176,428,1
39.225393295288086,549,1
39.22930860519409,543,1
39.23336982727051,602,1
39.23736071586609,472,1
39.2410728931427,426,1
39.244951486587524,560,1
39.24899911880493,545,1
39.2532377243042,629,1
39.25680756568909,509,1
39.26068377494812,435,1
39.264686822891235,570,1
39.26894783973694,553,1
39.27240967750549,648,1
39.27626442909241,563,1
39.28019642829895,451,1
39.28441095352173,578,1
39.28813171386719,577,1
39.29192852973938,630,1
39.296014070510864,561,1
39.29993796348572,426,1
39.303975105285645,545,1
39.30761384963989,548,1
39.31153655052185,582,1
39.31547260284424,517,1
39.31992268562317,362,1
39.32320594787598,483,1
39.32709455490112,512,1
39.33102345466614,544,1
39.33580303192139,536,1
39.339200258255005,350,1
39.342785596847534,443,1
39.346678018569946,520,1
39.350762605667114,562,1
39.35464787483215,557,1
39.35846996307373,368,1
39.36235523223877,437,1
39.36630463600159,497,1
39.37123370170593,499,1
39.374091148376465,518,1
39.3779821395874,341,1
39.38224244117737,385,1
39.38618564605713,496,1
39.38982272148132,511,1
39.39361071586609,556,1
39.39760637283325,394,1
39.401976346969604,398,1
39.405346155166626,506,1
39.40932273864746,502,1
39.41322159767151,571,1
39.417447090148926,435,1
39.42113208770752,403,1
39.424973011016846,519,1
39.42903661727905,514,1
39.43292689323425,607,1
39.437530755996704,494,1
39.44066381454468,440,1
39.44459295272827,590,1
39.448622703552246,570,1
39.45286750793457,642,1
39.457255840301514,529,1
39.46024537086487,417,1
39.46414375305176,547,1
39.468350410461426,542,1
39.471962451934814,607,1
39.475926637649536,533,1
39.47972130775452,401,1
39.483701944351196,526,1
39.48816800117493,542,1
39.49155116081238,601,1
39.49540901184082,545,1
39.499411821365356,385,1
39.5039439201355,503,1
39.507078647613525,549,1
39.51099491119385,616,1
39.51492214202881,584,1
39.519081830978394,403,1
39.52301287651062,526,1
39.52666687965393,563,1
39.53064751625061,593,1
39.534661531448364,592,1
39.53901267051697,408,1
39.54241323471069,478,1
39.54625988006592,539,1
39.55122518539429,561,1
39.55474066734314,584,1
39.557939767837524,425,1
39.56192445755005,475,1
39.56595754623413,565,1
39.56994986534119,578,1
39.57364273071289,611,1
39.57757925987244,432,1
39.581395387649536,425,1
39.586142778396606,510,1
39.58922624588013,502,1
39.59311604499817,559,1
39.59709072113037,398,1
39.60113310813904,372,1
39.60505938529968,489,1
39.608779191970825,483,1
39.612900495529175,556,1
39.61688160896301,415,1
39.62131977081299,358,1
39.624465227127075,498,1
39.62837266921997,501,1
39.632407665252686,609,1
39.63646745681763,507,1
39.640114545822144,417,1
39.64406943321228,561,1
39.64798283576965,573,1
39.652207136154175,657,1
39.655890464782715,574,1
39.659733057022095,451,1
39.66374325752258,581,1
39.66779589653015,596,1
39.67156672477722,661,1
39.67535853385925,596,1
39.67926216125488,446,1
39.68338894844055,569,1
39.69011640548706,595,1
39.691052198410034,641,1
39.694947719573975,609,1
39.69892716407776,447,1
39.702996253967285,570,1
39.707026958465576,612,1
39.71068000793457,634,1
39.71449112892151,624,1
39.71851897239685,460,1
39.72282290458679,559,1
39.72618532180786,625,1
39.730082750320435,649,1
39.73456931114197,688,1
39.73793888092041,552,1
39.74179029464722,643,1
39.745721101760864,742,1
39.74973821640015,761,1
39.75384211540222,785,1
39.757588386535645,608,1
39.76137328147888,636,1
39.765642166137695,754,1
39.770750284194946,748,1
39.77332043647766,793,1
39.77707839012146,626,1
39.78094410896301,590,1
39.78522229194641,686,1
39.7892701625824,670,1
39.79265999794006,729,1
39.796743631362915,582,1
39.8006854057312,521,1
39.8045129776001,638,1
39.80832481384277,609,1
39.81222057342529,677,1
39.81655168533325,551,1
39.820332050323486,469,1
39.823994398117065,611,1
39.82794451713562,604,1
39.832194805145264,674,1
39.83812403678894,575,1
39.83978724479675,462,1
39.843602418899536,584,1
39.847590923309326,602,1
39.85155916213989,698,1
39.85610294342041,634,1
39.85921239852905,489,1
39.86323428153992,603,1
39.86715316772461,618,1
39.87210035324097,674,1
39.874919414520264,626,1
39.87884712219238,443,1
39.88270688056946,535,1
39.88961362838745,562,1
39.89095139503479,583,1
39.894407987594604,540,1
39.898696184158325,357,1
39.90258193016052,442,1
39.906128883361816,499,1
39.91003942489624,521,1
39.913926124572754,546,1
39.918325901031494,378,1
39.922083139419556,441,1
39.925671100616455,517,1
39.92967867851257,531,1
39.93355846405029,587,1
39.93788766860962,434,1
39.94138026237488,476,1
39.94521999359131,566,1
39.949228286743164,559,1
39.953222036361694,615,1
39.95710563659668,469,1
39.96095895767212,469,1
39.964866161346436,558,1
39.96977186203003,551,1
39.97262668609619,614,1
39.97659468650818,476,1
39.98045468330383,438,1
39.98481059074402,572,1
39.98895263671875,561,1
39.992361307144165,650,1
39.99619436264038,539,1
40.007007360458374,468,1
40.00756764411926,603,1
40.00782036781311,597,1
40.01199913024902,679,1
40.017757177352905,585,1
40.02148771286011,468,1
40.02361464500427,588,1
40.02741241455078,603,1
40.03127574920654,669,1
40.035282611846924,584,1
40.03916072845459,461,1
40.04304838180542,599,1
40.047022104263306,615,1
40.051071643829346,680,1
40.05497598648071,631,1
40.05885410308838,468,1
40.062634229660034,590,1
40.0666561126709,623,1
40.07054400444031,666,1
40.0743408203125,653,1
40.078266620635986,477,1
40.08226728439331,571,1
40.08617949485779,608,1
40.09001803398132,616,1
40.09390592575073,631,1
40.09781813621521,461,1
40.10204315185547,531,1
40.10568165779114,613,1
40.109644412994385,623,1
40.1134831905365,644,1
40.1176233291626,464,1
40.122117042541504,515,1
40.12525296211243,605,1
40.12919878959656,593,1
40.13312745094299,650,1
40.13751697540283,480,1
40.14099168777466,468,1
40.14479088783264,580,1
40.148979902267456,571,1
40.15314245223999,632,1
40.156684160232544,478,1
40.160433530807495,435,1
40.16440558433533,561,1
40.16833281517029,547,1
40.17253255844116,625,1
40.17605638504028,497,1
40.1800582408905,428,1
40.18414568901062,552,1
40.18832468986511,543,1
40.191725969314575,618,1
40.19563126564026,515,1
40.19978857040405,409,1
40.20555377006531,536,1
40.20747399330139,517,1
40.211257457733154,570,1
40.21547198295593,470,1
40.220049142837524,345,1
40.2233202457428,496,1
40.22689604759216,521,1
40.2309775352478,583,1
40.23516821861267,523,1
40.238715410232544,362,1
40.24263048171997,474,1
40.2465705871582,505,1
40.25081253051758,542,1
40.254735708236694,492,1
40.25819253921509,307,1
40.262091636657715,400,1
40.2662034034729,429,1
40.27075743675232,439,1
40.274006605148315,419,1
40.27791666984558,245,1
40.28205990791321,320,1
40.28585767745972,398,1
40.28963541984558,426,1
40.293439626693726,456,1
40.29736280441284,284,1
40.30153036117554,311,1
40.30563187599182,396,1
40.30909276008606,414,1
40.313310623168945,454,1
40.317002296447754,289,1
40.32167840003967,306,1
40.324747800827026,408,1
40.328638792037964,411,1
40.33269762992859,476,1
40.33692002296448,329,1
40.34038019180298,314,1
40.34432792663574,451,1
40.34826374053955,472,1
40.35315227508545,564,1
40.35655617713928,455,1
40.36004137992859,402,1
40.36385941505432,536,1
40.36825370788574,530,1
40.37213945388794,607,1
40.37573194503784,505,1
40.379822969436646,417,1
40.38404393196106,558,1
40.38792872428894,557,1
40.391274213790894,639,1
40.395132541656494,553,1
40.39907264709473,428,1
40.403515100479126,540,1
40.40686273574829,535,1
40.41081166267395,600,1
40.41484999656677,545,1
40.41867399215698,411,1
40.42266869544983,536,1
40.42657017707825,556,1
40.430323123931885,602,1
40.434306144714355,556,1
40.440725564956665,395,1
40.44210481643677,502,1
40.44617772102356,541,1
40.45027565956116,571,1
40.45471715927124,560,1
40.45770978927612,376,1
40.46160864830017,472,1
40.46579122543335,540,1
40.46990728378296,587,1
40.473872661590576,613,1
40.47735548019409,441,1
40.481245040893555,500,1
40.48569178581238,592,1
40.48972415924072,604,1
40.492958307266235,639,1
40.4968638420105,460,1
40.500792026519775,476,1
40.50485324859619,581,1
40.50862956047058,591,1
40.51279163360596,641,1
40.51665115356445,486,1
40.520535707473755,449,1
40.52430772781372,536,1
40.52826809883118,502,1
40.532063722610474,551,1
40.53733015060425,411,1
40.53995752334595,342,1
40.54383182525635,454,1
40.547709703445435,447,1
40.551783323287964,517,1
40.55611443519592,394,1
40.55945372581482,306,1
40.56344127655029,431,1
40.56740140914917,430,1
40.571272134780884,521,1
40.57505941390991,435,1
40.579007625579834,322,1
40.58328723907471,448,1
40.58739352226257,465,1
40.590808391571045,550,1
40.594754457473755,494,1
40.598700761795044,363,1
40.603304624557495,494,1
40.60659337043762,526,1
40.610355377197266,586,1
40.61427164077759,543,1
40.618297815322876,372,1
40.62251543998718,497,1
40.62597131729126,552,1
40.62995672225952,605,1
40.63445806503296,608,1
40.63786172866821,437,1
40.64165472984314,532,1
40.64559483528137,600,1
40.64943885803223,628,1
40.65368890762329,625,1
40.65723705291748,442,1
40.661147594451904,508,1
40.66532301902771,592,1
40.66989231109619,609,1
40.67291307449341,634,1
40.676922082901,453,1
40.680718183517456,478,1
40.68488621711731,559,1
40.689072370529175,539,1
40.692434549331665,565,1
40.6963472366333,403,1
40.70058488845825,405,1
40.704363107681274,522,1
40.708092212677,522,1
40.71200227737427,574,1
40.71602249145508,433,1
40.72214388847351,396,1
40.72380876541138,520,1
40.727632999420166,505,1
40.731626987457275,584,1
40.73606753349304,453,1
40.73950386047363,360,1
40.74328947067261,475,1
40.74721121788025,456,1
40.751277446746826,527,1
40.755497455596924,419,1
40.75901961326599,318,1
40.76286315917969,460,1
40.767863750457764,473,1
40.77114248275757,541,1
40.77473163604736,464,1
40.77869749069214,334,1
40.782703161239624,435,1
40.78653335571289,437,1
40.79045057296753,491,1
40.79418110847473,438,1
40.79813838005066,287,1
40.802266120910645,417,1
40.8059241771698,460,1
40.80997967720032,509,1
40.813754081726074,484,1
40.818578243255615,321,1
40.821857213974,430,1
40.825440883636475,493,1
40.8293399810791,530,1
40.83331084251404,540,1
40.83878803253174,368,1
40.84108114242554,441,1
40.845019817352295,507,1
40.84894299507141,521,1
40.85373783111572,544,1
40.856926918029785,376,1
40.86069464683533,422,1
40.8646285533905,532,1
40.86976099014282,555,1
40.87250304222107,613,1
40.87631869316101,453,1
40.88020968437195,475,1
40.88419461250305,585,1
40.88836050033569,583,1
40.891944885253906,638,1
40.89584302902222,495,1
40.89993596076965,464,1
40.90468120574951,597,1
40.90774917602539,575,1
40.911622524261475,636,1
40.91551637649536,508,1
40.920027017593384,432,1
40.923285245895386,565,1
40.92714786529541,565,1
40.931102991104126,647,1
40.93538022041321,550,1
40.93906617164612,455,1
40.94278883934021,579,1
40.946709871292114,579,1
40.9509162902832,663,1
40.95477914810181,589,1
40.95845675468445,478,1
40.96242713928223,622,1
40.9667444229126,636,1
40.97037410736084,694,1
40.97409749031067,638,1
40.978017807006836,489,1
40.98219013214111,614,1
40.98737859725952,645,1
40.99017786979675,698,1
40.99369192123413,665,1
40.99764609336853,482,1
41.00185990333557,578,1
41.005887031555176,636,1
41.009326219558716,665,1
41.01321721076965,642,1
41.017181396484375,452,1
41.021403789520264,544,1
41.02502226829529,624,1
41.02893018722534,656,1
41.03300094604492,671,1
41.03685903549194,483,1
41.040635108947754,534,1
41.044607162475586,614,1
41.048810958862305,625,1
41.053305864334106,658,1
41.05640769004822,485,1
41.060173749923706,490,1
41.0641131401062,590,1
41.06810903549194,587,1
41.071940183639526,653,1
41.075865268707275,495,1
41.07973504066467,470,1
41.08436918258667,571,1
41.088260889053345,551,1
41.091694831848145,612,1
41.09539532661438,474,1
41.09945607185364,409,1
41.10333704948425,539,1
41.10715174674988,539,1
41.11106753349304,625,1
41.11504006385803,507,1
41.12032723426819,416,1
41.122887134552,551,1
41.126784324645996,550,1
41.13091731071472,630,1
41.13524317741394,541,1
41.138920307159424,410,1
41.1423864364624,524,1
41.146302223205566,542,1
41.15042209625244,616,1
41.155622720718384,553,1
41.15800380706787,414,1
41.161882638931274,546,1
41.165899991989136,577,1
41.16977381706238,621,1
41.17363095283508,574,1
41.17765784263611,412,1
41.18155860900879,528,1
41.18581581115723,566,1
41.19036245346069,583,1
41.19320321083069,557,1
41.197142124176025,389,1
41.2021918296814,485,1
41.205190658569336,544,1
41.208818197250366,556,1
41.212759494781494,571,1
41.21690106391907,414,1
41.22086834907532,481,1
41.22455859184265,565,1
41.22853207588196,581,1
41.23231506347656,642,1
41.23707032203674,501,1
41.24019265174866,542,1
41.244051456451416,643,1
41.247941970825195,632,1
41.25331950187683,661,1
41.25580930709839,484,1
41.25985074043274,454,1
41.26370167732239,558,1
41.267805099487305,532,1
41.2721893787384,572,1
41.27539348602295,426,1
41.27926683425903,363,1
41.283249616622925,478,1
41.287412881851196,471,1
41.291040658950806,553,1
41.2949960231781,437,1
41.299368381500244,364,1
41.30341291427612,504,1
41.30663728713989,498,1
41.310617208480835,582,1
41.314576148986816,484,1
41.319271087646484,390,1
41.32287335395813,530,1
41.32617688179016,543,1
41.33015704154968,611,1
41.33511185646057,546,1
41.3379909992218,412,1
41.34191942214966,545,1
41.345991134643555,566,1
41.34998369216919,619,1
41.35503530502319,579,1
41.35788130760193,424,1
41.36145544052124,543,1
41.365570068359375,598,1
41.36982774734497,636,1
41.373209714889526,600,1
41.37707829475403,425,1
41.381043672561646,526,1
41.387402296066284,586,1
41.389291763305664,609,1
41.392751693725586,612,1
41.396684408187866,438,1
41.40087413787842,524,1
41.40533423423767,610,1
41.40839385986328,625,1
41.412272691726685,656,1
41.4163453578949,481,1
41.420159578323364,528,1
41.4240198135376,628,1
41.42793130874634,630,1
41.432125091552734,675,1
41.43679738044739,501,1
41.439762115478516,496,1
41.443612575531006,603,1
41.447638750076294,596,1
41.45159077644348,666,1
41.45558047294617,514,1
41.45923447608948,472,1
41.463149070739746,583,1
41.468950033187866,569,1
41.471280574798584,635,1
41.47490620613098,507,1
41.478832960128784,430,1
41.48335337638855,563,1
41.49295616149902,554,1
41.49404191970825,629,1
41.49834895133972,527,1
41.506996393203735,423,1
41.51470065116882,556,1
41.52556371688843,557,1
41.52633547782898,631,1
41.528252601623535,552,1
41.52863883972168,416,1
41.53017020225525,540,1
41.53634262084961,570,1
41.53869676589966,637,1
41.53954863548279,579,1
41.540785789489746,420,1
41.54142737388611,544,1
41.54535746574402,583,1
41.549861431121826,612,1
41.55709767341614,572,1
41.557557821273804,391,1
41.561002254486084,497,1
41.56506848335266,559,1
41.57232141494751,592,1
41.5739049911499,589,1
41.57670044898987,414,1
41.58056163787842,498,1
41.58547759056091,580,1
41.58935332298279,590,1
41.5922417640686,612,1
41.59614634513855,450,1
41.60018014907837,516,1
41.60446333885193,607,1
41.60802912712097,609,1
41.61188721656799,641,1
41.615745544433594,472,1
41.620452880859375,482,1
41.62360501289368,605,1
41.62758159637451,606,1
41.63160824775696,669,1
41.636218309402466,512,1
41.639281034469604,489,1
41.643171310424805,619,1
41.64703154563904,613,1
41.65283012390137,676,1
41.65513277053833,536,1
41.65872883796692,476,1
41.66275405883789,600,1
41.666927099227905,590,1
41.67311334609985,653,1
41.67437767982483,525,1
41.67834663391113,409,1
41.682523250579834,511,1
41.68667650222778,499,1
41.69112944602966,574,1
41.70645570755005,479,1
41.7077214717865,344,1
41.70879769325256,475,1
41.70927405357361,505,1
41.70966696739197,587,1
41.713592529296875,532,1
41.71760010719299,388,1
41.7221405506134,515,1
41.725231885910034,547,1
41.72914361953735,595,1
41.73322319984436,578,1
41.737086057662964,411,1
41.74098181724548,508,1
41.74498438835144,561,1
41.74882388114929,594,1
41.753392457962036,587,1
41.756611824035645,413,1
41.76045083999634,496,1
41.764338970184326,564,1
41.76871681213379,588,1
41.77265739440918,603,1
41.776082277297974,411,1
41.780075550079346,470,1
41.78417634963989,579,1
41.78805208206177,612,1
41.79186677932739,674,1
41.79564309120178,514,1
41.799670457839966,526,1
41.80383539199829,623,1
41.80757737159729,633,1
41.81140351295471,704,1
41.815269470214844,560,1
41.82243728637695,529,1
41.82317233085632,639,1
41.827009201049805,630,1
41.830865144729614,701,1
41.835277795791626,567,1
41.83877754211426,525,1
41.84263372421265,659,1
41.84655237197876,653,1
41.85052990913391,718,1
41.85434436798096,592,1
41.85823035240173,509,1
41.86214303970337,633,1
41.866278648376465,620,1
41.8710355758667,695,1
41.873871088027954,605,1
41.87793827056885,480,1
41.881797313690186,596,1
41.88619065284729,604,1
41.89004421234131,662,1
41.893572092056274,581,1
41.89743685722351,423,1
41.901572704315186,548,1
41.905266761779785,570,1
41.90911293029785,634,1
41.91301679611206,593,1
41.91846179962158,396,1
41.92317581176758,489,1
41.92480993270874,541,1
41.928712368011475,580,1
41.932833194732666,556,1
41.937214374542236,373,1
41.940447092056274,472,1
41.94429087638855,536,1
41.948270082473755,557,1
41.95254850387573,580,1
41.95637583732605,411,1
41.95999836921692,472,1
41.96399903297424,550,1
41.96811318397522,548,1
41.9719295501709,574,1
41.97568988800049,400,1
41.979570388793945,439,1
41.98344874382019,552,1
41.98761034011841,573,1
41.991252422332764,634,1
41.995195627212524,490,1
41.99918603897095,487,1
42.0038845539093,601,1
42.00696516036987,597,1
42.01079535484314,653,1
42.01478457450867,514,1
42.01883840560913,471,1
42.02279329299927,602,1
42.02658414840698,598,1
42.030373334884644,676,1
42.03440737724304,540,1
42.03841543197632,470,1
42.0420937538147,613,1
42.04603409767151,612,1
42.050066232681274,698,1
42.05413007736206,606,1
42.057751417160034,495,1
42.06168818473816,612,1
42.06617975234985,604,1
42.070372104644775,674,1
42.07343649864197,599,1
42.07731556892395,445,1
42.08122944831848,546,1
42.08571934700012,561,1
42.089237213134766,615,1
42.092963218688965,544,1
42.09690713882446,379,1
42.101600646972656,493,1
42.10478377342224,522,1
42.10863399505615,555,1
42.112592458724976,526,1
42.11660885810852,343,1
42.121326208114624,441,1
42.124385356903076,499,1
42.12815809249878,528,1
42.13222551345825,536,1
42.136953353881836,347,1
42.1399199962616,410,1
42.14394283294678,498,1
42.147865533828735,527,1
42.15170884132385,563,1
42.15587520599365,391,1
42.15956139564514,419,1
42.16341972351074,506,1
42.16742777824402,515,1
42.17123532295227,567,1
42.175132751464844,420,1
42.17905783653259,429,1
42.183035135269165,522,1
42.188072204589844,493,1
42.190818309783936,542,1
42.19472789764404,395,1
42.19875121116638,368,1
42.202847719192505,499,1
42.206560134887695,471,1
42.21035623550415,527,1
42.214253664016724,392,1
42.218398571014404,321,1
42.22218585014343,449,1
42.225977182388306,429,1
42.22987365722656,517,1
42.23408341407776,424,1
42.2378203868866,335,1
42.24170184135437,475,1
42.245617151260376,481,1
42.24951148033142,552,1
42.25370144844055,461,1
42.25740027427673,320,1
42.26118612289429,440,1
42.265111446380615,458,1
42.269960165023804,516,1
42.27293658256531,458,1
42.276968002319336,305,1
42.28086757659912,434,1
42.28490352630615,487,1
42.288939237594604,527,1
42.29259538650513,502,1
42.29643750190735,337,1
42.30044484138489,446,1
42.30521059036255,507,1
42.30816674232483,541,1
42.31211590766907,526,1
42.316022872924805,341,1
42.321179151535034,428,1
42.32403516769409,504,1
42.327707052230835,533,1
42.331725120544434,566,1
42.3359739780426,394,1
42.33949422836304,444,1
42.34333419799805,531,1
42.347251892089844,537,1
42.35121297836304,575,1
42.35513496398926,410,1
42.35902118682861,420,1
42.362942695617676,502,1
42.367055892944336,493,1
42.37158417701721,557,1
42.374669551849365,406,1
42.37884473800659,360,1
42.382689476013184,480,1
42.38880896568298,485,1
42.390347719192505,564,1
42.394219160079956,414,1
42.39812111854553,333,1
42.40350818634033,448,1
42.40612435340881,433,1
42.409881353378296,511,1
42.413857221603394,401,1
42.41793370246887,305,1
42.422240257263184,433,1
42.4257869720459,437,1
42.429561614990234,523,1
42.43338751792908,437,1
42.43752932548523,324,1
42.44114279747009,457,1
42.445077657699585,458,1
42.449223279953,513,1
42.4539430141449,441,1
42.45697808265686,297,1
42.46337962150574,433,1
42.47550964355469,486,1
42.47604036331177,542,1
42.476548194885254,500,1
42.47694492340088,350,1
42.48032999038696,480,1
42.488409757614136,548,1
42.49098253250122,580,1
42.4920334815979,569,1
42.49596071243286,400,1
42.504496335983276,500,1
42.50693130493164,573,1
42.50777840614319,600,1
42.5117130279541,613,1
42.51562261581421,450,1
42.52370738983154,521,1
42.52424693107605,614,1
42.52731013298035,632,1
42.53112244606018,674,1
42.53668546676636,517,1
42.5389940738678,536,1
42.543047189712524,628,1
42.54684495925903,625,1
42.55165219306946,677,1
42.554760456085205,525,1
42.558640003204346,507,1
42.562435150146484,624,1
42.56720972061157,616,1
42.57460975646973,678,1
42.575573444366455,542,1
42.578045129776,513,1
42.58226537704468,664,1
42.586281299591064,668,1
42.59003305435181,750,1
42.59375977516174,618,1
42.59763765335083,510,1
42.60340619087219,634,1
42.60564422607422,622,1
42.60948848724365,689,1
42.61328148841858,588,1
42.618507385253906,480,1
42.62122893333435,607,1
42.625075340270996,584,1
42.628995180130005,643,1
42.63427138328552,570,1
42.63973617553711,430,1
42.64071536064148,553,1
42.64480257034302,582,1
42.64904475212097,613,1
42.655590295791626,559,1
42.65673899650574,401,1
42.66032934188843,514,1
42.66415524482727,556,1
42.66894197463989,597,1
42.67259430885315,561,1
42.67591691017151,377,1
42.68001389503479,463,1
42.68491244316101,518,1
42.69069576263428,547,1
42.69160985946655,556,1
42.6955029964447,370,1
42.69951248168945,443,1
42.70527672767639,492,1
42.70725965499878,476,1
42.711095571517944,481,1
42.71505522727966,305,1
42.72084903717041,348,1
42.72337245941162,449,1
42.726919651031494,452,1
42.730820417404175,495,1
42.73545694351196,336,1
42.738868713378906,342,1
42.74240589141846,466,1
42.74628400802612,461,1
42.75129532814026,542,1
42.75418949127197,390,1
42.75805473327637,339,1
42.762146949768066,482,1
42.76595973968506,492,1
42.770267963409424,577,1
42.77380585670471,463,1
42.777689695358276,398,1
42.78174710273743,532,1
42.787630796432495,511,1
42.78953981399536,590,1
42.79329586029053,499,1
42.797205209732056,400,1
42.80205321311951,527,1
42.805593490600586,524,1
42.8090295791626,588,1
42.81279397010803,501,1
42.817049980163574,365,1
42.82081413269043,501,1
42.82460904121399,531,1
42.82857036590576,594,1
42.83245873451233,550,1
42.83913612365723,413,1
42.840181827545166,543,1
42.84412956237793,586,1
42.84802222251892,622,1
42.85266399383545,600,1
42.85612511634827,431,1
42.8597469329834,521,1
42.86371445655823,578,1
42.86842155456543,614,1
42.87195658683777,618,1
42.87544536590576,440,1
42.879313945770264,525,1
42.88453769683838,608,1
42.88756585121155,630,1
42.891091108322144,653,1
42.89501476287842,468,1
42.899118423461914,502,1
42.90451526641846,592,1
42.906731367111206,599,1
42.91064715385437,628,1
42.9145724773407,456,1
42.91949439048767,463,1
42.923521280288696,570,1
42.926246643066406,554,1
42.9302122592926,618,1
42.93529200553894,481,1
42.938151359558105,436,1
42.94192719459534,544,1
42.945972204208374,532,1
42.951367139816284,617,1
42.95471429824829,509,1
42.95760250091553,447,1
42.9615113735199,571,1
42.96585512161255,542,1
42.970295667648315,617,1
42.973456382751465,507,1
42.97723054885864,390,1
42.98107123374939,522,1
42.985071897506714,537,1
42.98888039588928,612,1
42.99280261993408,510,1
42.99680829048157,370,1
43.00089406967163,499,1
43.004634141922,505,1
43.0083863735199,559,1
43.012351989746094,502,1
43.016358613967896,350,1
43.02027249336243,476,1
43.02407240867615,526,1
43.027968406677246,569,1
43.03964710235596,540,1
43.040143728256226,383,1
43.04041242599487,486,1
43.04501509666443,531,1
43.04759979248047,545,1
43.052042722702026,532,1
43.055384397506714,346,1
43.05926442146301,421,1
43.06322765350342,501,1
43.06730771064758,523,1
43.07121825218201,542,1
43.07492446899414,362,1
43.07897710800171,420,1
43.082797050476074,526,1
43.08840727806091,535,1
43.09060454368591,576,1
43.09458899497986,394,1
43.09840631484985,400,1
43.102824687957764,495,1
43.106284618377686,485,1
43.110146045684814,543,1
43.11401677131653,404,1
43.118446350097656,399,1
43.12219047546387,523,1
43.125964403152466,520,1
43.12973117828369,590,1
43.1341450214386,464,1
43.13862657546997,410,1
43.14142823219299,537,1
43.14543032646179,520,1
43.1492486000061,601,1
43.15411853790283,486,1
43.15717387199402,397,1
43.1610050201416,532,1
43.16490721702576,521,1
43.16904830932617,582,1
43.17295837402344,491,1
43.17666935920715,376,1
43.180612325668335,502,1
43.18470573425293,508,1
43.18963932991028,568,1
43.19228410720825,504,1
43.19619965553284,367,1
43.20019865036011,483,1
43.20486235618591,507,1
43.208131313323975,552,1
43.21191954612732,507,1
43.21577167510986,342,1
43.221275329589844,463,1
43.22367882728577,508,1
43.22766733169556,531,1
43.23141551017761,506,1
43.235867500305176,322,1
43.23923134803772,389,1
43.24313020706177,437,1
43.2470645904541,479,1
43.25122618675232,502,1
43.25530791282654,324,1
43.25876545906067,380,1
43.26289701461792,462,1
43.26677846908569,486,1
43.2709538936615,535,1
43.274447441101074,374,1
43.27863430976868,411,1
43.282716512680054,522,1
43.286561250686646,535,1
43.29045295715332,593,1
43.294026613235474,440,1
43.29807448387146,432,1
43.30341696739197,556,1
43.30650568008423,564,1
43.30980324745178,623,1
43.31365203857422,469,1
43.318151235580444,419,1
43.321614265441895,540,1
43.32533812522888,524,1
43.32922410964966,614,1
43.33318495750427,517,1
43.33748769760132,457,1
43.34107184410095,597,1
43.34502720832825,590,1
43.348904848098755,662,1
43.35387086868286,559,1
43.35686469078064,448,1
43.360647678375244,573,1
43.36448860168457,569,1
43.36838340759277,631,1
43.37226438522339,551,1
43.37618064880371,402,1
43.38013172149658,529,1
43.38407897949219,543,1
43.38998746871948,588,1
43.391908168792725,547,1
43.3957302570343,384,1
43.39967083930969,488,1
43.40402674674988,517,1
43.40745258331299,545,1
43.41133975982666,530,1
43.415770053863525,355,1
43.4205002784729,438,1
43.42319631576538,484,1
43.427006006240845,503,1
43.4311101436615,499,1
43.435285568237305,314,1
43.43882489204407,400,1
43.442644119262695,489,1
43.44659876823425,490,1
43.450599670410156,512,1
43.4550940990448,331,1
43.45840287208557,356,1
43.46223258972168,457,1
43.466176986694336,457,1
43.470680475234985,483,1
43.47396683692932,318,1
43.4778938293457,319,1
43.48246645927429,429,1
43.48574471473694,429,1
43.48971438407898,503,1
43.49358344078064,375,1
43.497405767440796,342,1
43.50175380706787,460,1
43.50530123710632,434,1
43.50916624069214,509,1
43.51310753822327,392,1
43.517035722732544,312,1
43.521291732788086,429,1
43.52490854263306,418,1
43.528831005096436,516,1
43.53275489807129,425,1
43.537047386169434,330,1
43.5405387878418,469,1
43.544363498687744,464,1
43.54827308654785,539,1
43.55394172668457,448,1
43.55629253387451,312,1
43.560102224349976,450,1
43.56416296958923,472,1
43.570066690444946,529,1
43.57221484184265,472,1
43.57589673995972,314,1
43.57974457740784,428,1
43.58496332168579,457,1
43.588401317596436,491,1
43.591313123703,462,1
43.59530973434448,313,1
43.599167346954346,412,1
43.605369091033936,460,1
43.60705876350403,491,1
43.61087679862976,495,1
43.614964962005615,314,1
43.619378089904785,397,1
43.623679637908936,490,1
43.626629114151,521,1
43.63047790527344,533,1
43.63614368438721,344,1
43.640141010284424,369,1
43.64221811294556,441,1
43.64615488052368,433,1
43.650087118148804,469,1
43.657580614089966,310,1
43.660430908203125,317,1
43.6617705821991,421,1
43.6659255027771,436,1
43.670435428619385,533,1
43.673667192459106,400,1
43.67740750312805,382,1
43.68134951591492,505,1
43.68594837188721,508,1
43.68957805633545,608,1
43.693031311035156,488,1
43.69707632064819,416,1
43.70291781425476,536,1
43.70490503311157,506,1
43.708765506744385,593,1
43.71272134780884,489,1
43.71663451194763,391,1
43.72096133232117,528,1
43.724366188049316,530,1
43.72832107543945,606,1
43.7323944568634,508,1
43.73931813240051,381,1
43.74071192741394,512,1
43.743953227996826,523,1
43.74789023399353,603,1
43.75264263153076,532,1
43.75715637207031,375,1
43.759594202041626,491,1
43.76354360580444,519,1
43.76879024505615,566,1
43.77188515663147,519,1
43.77519488334656,344,1
43.77921748161316,459,1
43.783196687698364,497,1
43.79129147529602,532,1
43.839069843292236,535,1
43.839468002319336,355,1
43.839768409729004,428,1
43.84003496170044,501,1
43.84026479721069,530,1
43.84053373336792,547,1
43.840800285339355,392,1
43.841076612472534,469,1
43.853540658950806,560,1
43.855587005615234,576,1
43.86641311645508,615,1
43.868921518325806,445,1
43.86926984786987,464,1
43.8732008934021,564,1
43.89130902290344,571,1
43.89175224304199,635,1
43.89209771156311,470,1
43.89238452911377,436,1
43.892674684524536,539,1
43.89295148849487,518,1
43.89319133758545,590,1
43.89343023300171,454,1
43.893667221069336,397,1
43.89389729499817,536,1
43.894121408462524,517,1
43.89434742927551,590,1
43.89456748962402,488,1
43.896543741226196,404,1
43.90058898925781,527,1
43.90453743934631,522,1
43.908268213272095,600,1
43.91211986541748,501,1
43.91617274284363,383,1
43.921446561813354,509,1
43.94671130180359,522,1
43.94721531867981,602,1
43.94758367538452,521,1
43.94784712791443,372,1
43.94809889793396,498,1
43.9483859539032,529,1
43.95140480995178,586,1
43.95238924026489,552,1
43.95524573326111,404,1
43.959556579589844,525,1
43.96301746368408,562,1
43.966984272003174,595,1
43.97099423408508,593,1
43.97490477561951,410,1
43.97871923446655,498,1
43.98260712623596,562,1
43.986589670181274,581,1
43.99070453643799,594,1
43.99434995651245,428,1
43.99830412864685,499,1
44.00221133232117,584,1
44.006362438201904,588,1
44.010090589523315,597,1
44.014018535614014,418,1
44.018041372299194,442,1
44.021695137023926,535,1
44.02567911148071,548,1
44.02949023246765,607,1
44.03340125083923,456,1
44.037365674972534,464,1
44.04170227050781,567,1
44.04518222808838,542,1
44.04911684989929,614,1
44.05320715904236,488,1
44.05739188194275,449,1
44.0607852935791,561,1
44.06471109390259,542,1
44.068872928619385,619,1
44.07265067100525,507,1
44.07651996612549,428,1
44.08049154281616,541,1
44.084373235702515,534,1
44.08820128440857,613,1
44.09207367897034,508,1
44.096057176589966,394,1
44.10013294219971,510,1
44.10394644737244,511,1
44.10809588432312,581,1
44.11173391342163,495,1
44.11571526527405,364,1
44.120118141174316,498,1
44.12434458732605,521,1
44.12735199928284,582,1
44.13125801086426,530,1
44.13541030883789,376,1
44.13903832435608,505,1
44.14311695098877,550,1
44.14704990386963,598,1
44.15081429481506,586,1
44.15468883514404,423,1
44.15866470336914,530,1
44.16249752044678,603,1
44.16659760475159,635,1
44.17060732841492,648,1
44.17531991004944,471,1
44.17828917503357,531,1
44.18227815628052,587,1
44.18628668785095,589,1
44.19025778770447,612,1
44.19394135475159,433,1
44.1977162361145,459,1
44.20171022415161,548,1
44.20571947097778,556,1
44.20964217185974,611,1
44.21335577964783,457,1
44.217451095581055,463,1
44.22122383117676,602,1
44.22523260116577,614,1
44.22912049293518,680,1
44.232927083969116,544,1
44.237088680267334,507,1
44.24172067642212,625,1
44.244871377944946,615,1
44.24871063232422,692,1
44.25301647186279,563,1
44.2572762966156,489,1
44.260281562805176,606,1
44.26426601409912,581,1
44.26825165748596,664,1
44.27209544181824,574,1
44.27623629570007,485,1
44.27986240386963,618,1
44.2840461730957,619,1
44.28776264190674,693,1
44.29171681404114,624,1
44.295624017715454,496,1
44.29955983161926,620,1
44.30341553688049,660,1
44.30798077583313,727,1
44.311184883117676,663,1
44.315165281295776,508,1
44.3193461894989,631,1
44.32301306724548,674,1
44.32696080207825,732,1
44.330751180648804,692,1
44.33472943305969,508,1
44.33860206604004,602,1
44.34271717071533,658,1
44.34663200378418,701,1
44.350364446640015,701,1
44.35421109199524,533,1
44.358224868774414,600,1
44.362067222595215,670,1
44.36601734161377,696,1
44.37032628059387,718,1
44.37457227706909,548,1
44.37778067588806,584,1
44.38190674781799,657,1
44.38567066192627,655,1
44.389639377593994,706,1
44.39332818984985,555,1
44.397298097610474,581,1
44.40115547180176,691,1
44.40508794784546,685,1
44.409132957458496,739,1
44.413076400756836,583,1
44.41702485084534,552,1
44.420812129974365,668,1
44.4250283241272,653,1
44.428715467453,728,1
44.43248414993286,601,1
44.43663144111633,537,1
44.44090485572815,645,1
44.44424748420715,624,1
44.448094844818115,682,1
44.45217537879944,559,1
44.45614838600159,463,1
44.45997953414917,578,1
44.4637885093689,557,1
44.46772909164429,628,1
44.47166180610657,546,1
44.475722312927246,437,1
44.47944617271423,565,1
44.48332595825195,576,1
44.49130964279175,633,1
44.493239879608154,553,1
44.495124101638794,398,1
44.49916481971741,520,1
44.50547981262207,533,1
44.506927728652954,569,1
44.51073408126831,517,1
44.51465582847595,360,1
44.51880979537964,465,1
44.52255129814148,508,1
44.52635073661804,544,1
44.53025817871094,536,1
44.534289836883545,369,1
44.53812217712402,465,1
44.5420823097229,518,1
44.54611825942993,555,1
44.54977083206177,585,1
44.5538694858551,423,1
44.55785155296326,478,1
44.56166625022888,530,1
44.565674781799316,511,1
44.569828748703,509,1
44.57327079772949,325,1
44.57733726501465,336,1
44.581087827682495,434,1
44.58521747589111,431,1
44.59007501602173,471,1
44.59303092956543,317,1
44.596744775772095,303,1
44.60078692436218,421,1
44.60464119911194,411,1
44.60861587524414,474,1
44.612488985061646,331,1
44.6163854598999,281,1
44.62028384208679,403,1
44.624271392822266,383,1
44.62818169593811,466,1
44.6321325302124,354,1
44.63651514053345,280,1
44.640204429626465,410,1
44.643842458724976,406,1
44.64771795272827,485,1
44.65169286727905,393,1
44.65548491477966,293,1
44.659422874450684,425,1
44.663352489471436,432,1
44.66721701622009,496,1
44.67106294631958,403,1
44.67515993118286,264,1
44.67906427383423,387,1
44.68297028541565,409,1
44.68678832054138,467,1
44.691242933273315,417,1
44.694655418395996,263,1
44.69852089881897,400,1
44.702882289886475,478,1
44.70726943016052,536,1
44.71015167236328,523,1
44.714252948760986,344,1
44.71808934211731,433,1
44.722092390060425,491,1
44.72591590881348,522,1
44.73000907897949,539,1
44.73369216918945,362,1
44.73767280578613,429,1
44.74154758453369,541,1
44.74547529220581,569,1
44.74930262565613,596,1
44.75328469276428,428,1
44.75740885734558,471,1
44.76120948791504,573,1
44.76506209373474,577,1
44.76896905899048,629,1
44.77292251586914,475,1
44.77684545516968,446,1
44.78064513206482,523,1
44.784656047821045,494,1
44.7886803150177,560,1
44.792314291000366,412,1
44.79628562927246,375,1
44.80017399787903,500,1
44.804070234298706,478,1
44.808120012283325,545,1
44.811922550201416,423,1
44.81597399711609,348,1
44.819751262664795,482,1
44.823835611343384,477,1
44.827590465545654,560,1
44.83158564567566,456,1
44.83539891242981,363,1
44.839744091033936,503,1
44.84320425987244,513,1
44.84713673591614,598,1
44.85120749473572,522,1
44.855140209198,394,1
44.8589813709259,528,1
44.862754106521606,552,1
44.866710901260376,615,1
44.870630979537964,543,1
44.87461733818054,383,1
44.878496170043945,485,1
44.88240432739258,515,1
44.886879682540894,561,1
44.89019274711609,545,1
44.89407229423523,363,1
44.898085832595825,468,1
44.90224075317383,504,1
44.90598726272583,522,1
44.9100604057312,510,1
44.9136757850647,344,1
44.91768455505371,441,1
44.921422243118286,523,1
44.925347566604614,540,1
44.929275035858154,552,1
44.93329071998596,391,1
44.937613010406494,444,1
44.94105529785156,529,1
44.94514226913452,538,1
44.949063301086426,587,1
44.95272898674011,436,1
44.95667243003845,458,1
44.96065044403076,570,1
44.96447968482971,568,1
44.9686553478241,620,1
44.97317719459534,469,1
44.9762065410614,454,1
44.98023557662964,547,1
44.98407816886902,535,1
44.98800253868103,624,1
44.99210572242737,489,1
44.99592423439026,433,1
44.99977421760559,550,1
45.00378775596619,530,1
45.007481813430786,594,1
45.0114049911499,468,1
45.01549482345581,362,1
45.01923155784607,485,1
45.023648738861084,485,1
45.02701544761658,562,1
45.03101897239685,475,1
45.0354118347168,373,1
45.03895568847656,519,1
45.04269504547119,527,1
45.04666328430176,599,1
45.05076575279236,548,1
45.05509877204895,408,1
45.05834460258484,530,1
45.062257528305054,567,1
45.066394090652466,611,1
45.070226430892944,565,1
45.07510495185852,390,1
45.07837200164795,503,1
45.08186149597168,560,1
45.085827350616455,585,1
45.08976197242737,567,1
45.09362578392029,366,1
45.097535133361816,435,1
45.10149335861206,512,1
45.10569405555725,538,1
45.1092095375061,548,1
45.11314916610718,366,1
45.11703014373779,426,1
45.1211678981781,522,1
45.124868631362915,543,1
45.12879037857056,574,1
45.1329288482666,417,1
45.13665175437927,450,1
45.140493631362915,555,1
45.14439105987549,561,1
45.148335456848145,622,1
45.15277361869812,475,1
45.15669822692871,459,1
45.16009187698364,565,1
45.16415548324585,556,1
45.16810131072998,621,1
45.171926736831665,488,1
45.175687074661255,443,1
45.179691553115845,568,1
45.18367290496826,548,1
45.1875433921814,627,1
45.19132447242737,515,1
45.195241928100586,424,1
45.19920802116394,558,1
45.20312690734863,546,1
45.20722031593323,628,1
45.21128797531128,530,1
45.214930057525635,408,1
45.21912980079651,526,1
45.22323656082153,529,1
45.226600885391235,590,1
45.230464696884155,506,1
45.23484683036804,369,1
45.23841190338135,522,1
45.24261951446533,560,1
45.24615669250488,621,1
45.25010633468628,575,1
45.254019021987915,411,1
45.25839686393738,529,1
45.2618842124939,569,1
45.2656946182251,600,1
45.26991820335388,581,1
45.27409553527832,399,1
45.277857542037964,481,1
45.28133821487427,546,1
45.2861545085907,574,1
45.2892279624939,580,1
45.29313588142395,386,1
45.297094106674194,445,1
45.30103278160095,526,1
45.30492568016052,533,1
45.30886197090149,553,1
45.31267762184143,385,1
45.31674313545227,418,1
45.32092905044556,537,1
45.32477021217346,552,1
45.32834458351135,604,1
45.33239722251892,451,1
45.336198806762695,448,1
45.34042477607727,547,1
45.34394335746765,542,1
45.347840785980225,611,1
45.35179662704468,476,1
45.356462478637695,435,1
45.35966777801514,542,1
45.363582611083984,519,1
45.367549657821655,600,1
45.371525287628174,480,1
45.37550377845764,397,1
45.3791446685791,533,1
45.38330554962158,541,1
45.387206077575684,639,1
45.39103674888611,546,1
45.394787311553955,430,1
45.39884924888611,564,1
45.40287637710571,594,1
45.40746712684631,673,1
45.41044235229492,604,1
45.41436052322388,462,1
45.41830062866211,566,1
45.42230200767517,558,1
45.42613935470581,606,1
45.430084228515625,562,1
45.43412804603577,408,1
45.437886476516724,523,1
45.44184422492981,569,1
45.44595527648926,613,1
45.449894428253174,588,1
45.45386457443237,408,1
45.45810008049011,510,1
45.46135854721069,575,1
45.465280055999756,588,1
45.469247579574585,568,1
45.47315263748169,391,1
45.47702503204346,469,1
45.480849504470825,549,1
45.48483371734619,561,1
45.48869037628174,598,1
45.49269485473633,429,1
45.496601819992065,472,1
45.50047945976257,559,1
45.50441288948059,559,1
45.508830070495605,592,1
45.51220226287842,438,1
45.51612329483032,451,1
45.520042419433594,557,1
45.52411890029907,559,1
45.527990102767944,628,1
45.53180766105652,489,1
45.536088943481445,457,1
45.540831089019775,579,1
45.54357719421387,577,1
45.54737305641174,653,1
45.55140495300293,531,1
45.555211544036865,474,1
45.55915069580078,621,1
45.56302833557129,637,1
45.567031383514404,705,1
45.5710027217865,595,1
45.57510542869568,508,1
45.57882213592529,630,1
45.58267688751221,632,1
45.58667969703674,718,1
45.59123635292053,641,1
45.59431600570679,507,1
45.598358154296875,623,1
45.60256242752075,637,1
45.606300354003906,702,1
45.61003303527832,641,1
45.61397838592529,468,1
45.61784625053406,564,1
45.62179636955261,591,1
45.62567210197449,639,1
45.629677534103394,580,1
45.63349103927612,400,1
45.64016675949097,513,1
45.6417932510376,564,1
45.64518070220947,592,1
45.64929962158203,577,1
45.65318703651428,398,1
45.65748620033264,465,1
45.66099762916565,511,1
45.66483020782471,534,1
45.669342279434204,563,1
45.67299723625183,389,1
45.67644238471985,433,1
45.6805534362793,521,1
45.68456816673279,549,1
45.68821454048157,591,1
45.69941830635071,415,1
45.700164794921875,422,1
45.700660705566406,529,1
45.704463720321655,538,1
45.70781588554382,606,1
45.711854696273804,456,1
45.715778827667236,430,1
45.71984028816223,532,1
45.724005460739136,511,1
45.72736668586731,582,1
45.73136878013611,447,1
45.73537611961365,396,1
45.73917603492737,525,1
45.74302530288696,527,1
45.74715757369995,617,1
45.7508385181427,506,1
45.75491714477539,421,1
45.758756160736084,561,1
45.76267886161804,567,1
45.766676902770996,655,1
45.77065300941467,578,1
45.77538061141968,481,1
45.77816843986511,631,1
45.78225874900818,642,1
45.78641200065613,708,1
45.790555238723755,648,1
45.794018268585205,496,1
45.797778367996216,615,1
45.802332639694214,647,1
45.8057758808136,698,1
45.809443950653076,653,1
45.813366413116455,480,1
45.81734323501587,599,1
45.821321964263916,648,1
45.82509922981262,691,1
45.82920837402344,671,1
45.83293581008911,487,1
45.836830377578735,570,1
45.840747594833374,631,1
45.84467339515686,646,1
45.848652601242065,652,1
45.852699756622314,466,1
45.856409311294556,543,1
45.860347270965576,627,1
45.86424970626831,635,1
45.86825489997864,672,1
45.87206792831421,512,1
45.87594389915466,548,1
45.87985396385193,641,1
45.88397693634033,635,1
45.88777756690979,673,1
45.89168190956116,502,1
45.895617723464966,491,1
45.899431228637695,587,1
45.903342962265015,557,1
45.90726566314697,605,1
45.91115593910217,472,1
45.9150915145874,437,1
45.91899919509888,553,1
45.92308855056763,529,1
45.92682194709778,605,1
45.93073773384094,489,1
45.936676025390625,414,1
45.93863296508789,534,1
45.942649841308594,520,1
45.94643783569336,592,1
45.95031189918518,484,1
45.95435833930969,361,1
45.958173751831055,484,1
45.9620680809021,506,1
45.966111183166504,570,1
45.97007727622986,489,1
45.97418737411499,358,1
45.97766709327698,488,1
45.98165440559387,527,1
45.98588800430298,598,1
45.98969388008118,559,1
45.993330240249634,397,1
45.99725532531738,495,1
46.001256465911865,520,1
46.005123138427734,532,1
46.00898265838623,492,1
46.01302886009216,328,1
46.01704001426697,428,1
46.02079200744629,491,1
46.02467727661133,516,1
46.028626441955566,522,1
46.03247833251953,347,1
46.03641605377197,413,1
46.04092311859131,479,1
46.04420757293701,495,1
46.04807448387146,531,1
46.05206489562988,366,1
46.056925773620605,397,1
46.059975385665894,489,1
46.06378173828125,496,1
46.067708015441895,541,1
46.07170009613037,385,1
46.07547688484192,397,1
46.079427003860474,510,1
46.08337163925171,507,1
46.087281465530396,573,1
46.09113264083862,435,1
46.095011711120605,390,1
46.099077463150024,506,1
46.10313081741333,502,1
46.10724997520447,574,1
46.1107177734375,456,1
46.11466360092163,399,1
46.1189398765564,538,1
46.1227753162384,539,1
46.126442670822144,623,1
46.13034534454346,512,1
46.13429498672485,405,1
46.138107776641846,532,1
46.142112493515015,535,1
46.14591670036316,602,1
46.14984679222107,519,1
46.15376591682434,406,1
46.157694816589355,523,1
46.16164946556091,528,1
46.165897607803345,577,1
46.16999292373657,519,1
46.173447608947754,364,1
46.17723989486694,494,1
46.18112349510193,533,1
46.18523693084717,577,1
46.1890971660614,553,1
46.19286918640137,385,1
46.19683885574341,484,1
46.20072841644287,534,1
46.20466160774231,562,1
46.20867943763733,552,1
46.212432622909546,368,1
46.216410398483276,445,1
46.22036838531494,530,1
46.224411487579346,545,1
46.2280797958374,565,1
46.23202157020569,390,1
46.23640823364258,426,1
46.23982644081116,515,1
46.243725538253784,533,1
46.2476601600647,575,1
46.25243139266968,408,1
46.25604844093323,421,1
46.25934171676636,524,1
46.26325297355652,514,1
46.267290353775024,558,1
46.27106976509094,419,1
46.27524447441101,392,1
46.2791953086853,497,1
46.28288292884827,482,1
46.28677582740784,538,1
46.29126858711243,415,1
46.29469847679138,366,1
46.29849147796631,487,1
46.30291771888733,471,1
46.307013511657715,541,1
46.3102023601532,410,1
46.31410884857178,316,1
46.318089723587036,453,1
46.32195711135864,459,1
46.32593536376953,537,1
46.32976293563843,443,1
46.333751916885376,326,1
46.33902835845947,457,1
46.341922760009766,475,1
46.345407247543335,543,1
46.34932351112366,475,1
46.35378694534302,315,1
46.35778284072876,418,1
46.361093521118164,444,1
46.36497235298157,495,1
46.369460582733154,474,1
46.37359309196472,314,1
46.37669491767883,430,1
46.38064742088318,495,1
46.384647846221924,532,1
46.38943791389465,525,1
46.392375230789185,345,1
46.39624905586243,435,1
46.400227308273315,503,1
46.40412950515747,536,1
46.40805625915527,538,1
46.41194009780884,358,1
46.41609334945679,426,1
46.42054271697998,517,1
46.423861503601074,528,1
46.42761206626892,575,1
46.431493282318115,412,1
46.4355103969574,425,1
46.43943214416504,516,1
46.443214416503906,494,1
46.44710397720337,540,1
46.451085567474365,380,1
46.455392837524414,359,1
46.45885729789734,467,1
46.46288514137268,447,1
46.46683716773987,502,1
46.47074747085571,351,1
46.47464847564697,308,1
46.478610038757324,441,1
46.482476472854614,434,1
46.48630094528198,514,1
46.49018979072571,398,1
46.49408841133118,322,1
46.498040437698364,463,1
46.50284218788147,469,1
46.506879568099976,553,1
46.509761333465576,462,1
46.51371741294861,345,1
46.51775574684143,486,1
46.521528005599976,499,1
46.525415897369385,565,1
46.52933168411255,478,1
46.53322148323059,326,1
46.53722095489502,452,1
46.541099548339844,476,1
46.5449755191803,533,1
46.54917526245117,489,1
46.5532066822052,319,1
46.55722260475159,438,1
46.56073474884033,476,1
46.56456780433655,503,1
46.5685932636261,482,1
46.57240915298462,305,1
46.57634902000427,421,1
46.581438302993774,500,1
46.585777044296265,522,1
46.58799695968628,528,1
46.591997385025024,324,1
46.59582209587097,404,1
46.59990191459656,517,1
46.60407757759094,537,1
46.607643604278564,585,1
46.611449003219604,419,1
46.615368604660034,460,1
46.62275552749634,591,1
46.62431716918945,595,1
46.627127170562744,651,1
46.63101887702942,488,1
46.63646149635315,493,1
46.63891649246216,643,1
46.642742395401,653,1
46.64668154716492,719,1
46.65132117271423,554,1
46.65712261199951,486,1
46.65845775604248,634,1
46.66232228279114,636,1
46.666255474090576,706,1
46.67020869255066,568,1
46.674134731292725,473,1
46.67793941497803,601,1
46.681856870651245,582,1
46.68596816062927,665,1
46.68970227241516,564,1
46.693663120269775,435,1
46.697606801986694,586,1
46.7023389339447,619,1
46.70721650123596,693,1
46.70926380157471,597,1
46.7131462097168,437,1
46.71874976158142,587,1
46.72109532356262,633,1
46.724942207336426,700,1
46.72878575325012,652,1
46.73286437988281,477,1
46.73907995223999,614,1
46.740647077560425,670,1
46.74445581436157,709,1
46.74836778640747,657,1
46.75290536880493,459,1
46.75646662712097,557,1
46.76008749008179,608,1
46.76405310630798,636,1
46.76890158653259,634,1
46.772605180740356,415,1
46.77583146095276,473,1
46.779688596725464,544,1
46.786869525909424,531,1
46.79124569892883,547,1
46.79146456718445,364,1
46.79532051086426,410,1
46.79939651489258,524,1
46.80626678466797,539,1
46.81028628349304,586,1
46.81101894378662,413,1
46.81499195098877,417,1
46.82584047317505,546,1
46.82820224761963,548,1
46.84319281578064,605,1
46.84364986419678,451,1
46.8442759513855,412,1
46.84529399871826,551,1
46.84587526321411,545,1
46.84652519226074,625,1
46.85014009475708,497,1
46.854750633239746,447,1
46.85791516304016,604,1
46.861910581588745,600,1
46.86583471298218,703,1
46.870217084884644,609,1
46.873647928237915,512,1
46.87748861312866,651,1
46.88135623931885,664,1
46.88546681404114,747,1
46.88926696777344,653,1
46.89310050010681,514,1
46.897040605545044,635,1
46.9010968208313,642,1
46.90578866004944,699,1
46.90888237953186,628,1
46.912729024887085,467,1
46.916741132736206,581,1
46.92148160934448,623,1
46.9244179725647,677,1
46.92831063270569,650,1
46.93268871307373,494,1
46.93708848953247,612,1
46.940086364746094,661,1
46.94398617744446,685,1
46.94790196418762,675,1
46.9527428150177,504,1
46.95579195022583,582,1
46.95967745780945,642,1
46.96375918388367,661,1
46.96791744232178,684,1
46.97161149978638,505,1
46.97525453567505,540,1
46.97917127609253,617,1
46.98321223258972,604,1
46.98805069923401,628,1
46.99103355407715,472,1
46.994799852371216,499,1
46.99872803688049,604,1
47.003565549850464,587,1
47.00661516189575,625,1
47.010464668273926,474,1
47.01437449455261,461,1
47.018564224243164,572,1
47.022462606430054,547,1
47.026106119155884,605,1
47.030017375946045,472,1
47.03442621231079,414,1
47.0381019115448,538,1
47.041749715805054,547,1
47.04568314552307,635,1
47.04972457885742,532,1
47.05475163459778,451,1
47.05742907524109,573,1
47.06133151054382,578,1
47.06523251533508,669,1
47.07011437416077,579,1
47.07306432723999,467,1
47.07697606086731,602,1
47.08102607727051,602,1
47.08503007888794,657,1
47.08904695510864,587,1
47.09278106689453,451,1
47.09659028053284,577,1
47.10057711601257,597,1
47.10655975341797,654,1
47.10834240913391,601,1
47.112245082855225,432,1
47.116151571273804,536,1
47.12043571472168,571,1
47.12414836883545,615,1
47.12794375419617,596,1
47.13176345825195,423,1
47.13628053665161,523,1
47.139694690704346,586,1
47.14361906051636,620,1
47.14737844467163,643,1
47.15133738517761,467,1
47.15555667877197,535,1
47.1591260433197,614,1
47.16302037239075,621,1
47.167380809783936,645,1
47.17134690284729,478,1
47.174784421920776,512,1
47.17871308326721,624,1
47.1826913356781,643,1
47.18771147727966,691,1
47.19060802459717,539,1
47.19433617591858,528,1
47.19825077056885,633,1
47.203049421310425,617,1
47.206180810928345,663,1
47.210020780563354,512,1
47.213911294937134,475,1
47.218315839767456,576,1
47.22186636924744,557,1
47.22572135925293,629,1
47.229597330093384,504,1
47.233789682388306,417,1
47.238150119781494,536,1
47.24137735366821,529,1
47.24520206451416,615,1
47.249242067337036,506,1
47.253207206726074,382,1
47.25696587562561,519,1
47.26082801818848,534,1
47.26484155654907,600,1
47.2703812122345,526,1
47.27268958091736,409,1
47.276469707489014,541,1
47.2804057598114,568,1
47.284669637680054,636,1
47.28839421272278,588,1
47.29212427139282,430,1
47.296051263809204,541,1
47.300050497055054,561,1
47.304646015167236,592,1
47.30779671669006,558,1
47.3117241859436,386,1
47.31576871871948,477,1
47.320342779159546,527,1
47.323643922805786,557,1
47.327378273010254,559,1
47.33127689361572,398,1
47.33540725708008,494,1
47.33913779258728,583,1
47.34301424026489,599,1
47.347012996673584,630,1
47.35105299949646,463,1
47.35512161254883,496,1
47.35867643356323,569,1
47.36260986328125,562,1
47.36677384376526,584,1
47.37119221687317,410,1
47.37427806854248,410,1
47.378193855285645,498,1
47.38210725784302,479,1
47.386656761169434,533,1
47.38998579978943,397,1
47.39385986328125,370,1
47.39773964881897,490,1
47.40213203430176,498,1
47.40570330619812,582,1
47.409613847732544,456,1
47.41341543197632,384,1
47.41757369041443,501,1
47.42216515541077,495,1
47.42517685890198,583,1
47.42910861968994,482,1
47.43304920196533,402,1
47.43783211708069,541,1
47.4408483505249,554,1
47.44472122192383,624,1
47.44870901107788,549,1
47.453075885772705,440,1
47.456430435180664,567,1
47.460421323776245,573,1
47.464353799819946,625,1
47.46845984458923,549,1
47.47216200828552,389,1
47.47608828544617,481,1
47.48003077507019,492,1
47.48519229888916,538,1
47.4887158870697,512,1
47.491721868515015,343,1
47.495681047439575,426,1
47.4995379447937,477,1
47.504783630371094,535,1
47.50767779350281,546,1
47.51123666763306,363,1
47.51521325111389,429,1
47.520200967788696,500,1
47.52302622795105,517,1
47.526912689208984,527,1
47.530781269073486,353,1
47.536518812179565,401,1
47.53886866569519,468,1
47.542640209198,464,1
47.546611309051514,516,1
47.55220890045166,373,1
47.55556869506836,384,1
47.558152198791504,486,1
47.56210970878601,491,1
47.566049098968506,549,1
47.57282853126526,412,1
47.57398581504822,402,1
47.57772135734558,527,1
47.58167099952698,535,1
47.585932970047,614,1
47.59158658981323,485,1
47.593390226364136,425,1
47.597320556640625,538,1
47.60384249687195,514,1
47.60645627975464,570,1
47.60902643203735,448,1
47.61292815208435,356,1
47.61831831932068,476,1
47.62113618850708,487,1
47.624693870544434,569,1
47.62863278388977,480,1
47.6328010559082,364,1
47.63709831237793,499,1
47.64031505584717,518,1
47.64420533180237,598,1
47.64816880226135,541,1
47.65285062789917,397,1
47.65612554550171,520,1
47.65985870361328,568,1
47.663793325424194,627,1
47.66912508010864,571,1
47.67176914215088,424,1
47.675612688064575,536,1
47.67942690849304,601,1
47.68343472480774,641,1
47.68747520446777,628,1
47.69121789932251,469,1
47.69507360458374,550,1
47.69951891899109,588,1
47.70419096946716,599,1
47.707088470458984,593,1
47.7107355594635,416,1
47.71482181549072,469,1
47.72193741798401,523,1
47.72318768501282,523,1
47.7264449596405,553,1
47.7303032875061,400,1
47.734312534332275,434,1
47.73813319206238,527,1
47.742064237594604,521,1
47.74597382545471,576,1
47.74993538856506,433,1
47.753989696502686,427,1
47.75768208503723,530,1
47.761667251586914,524,1
47.76564288139343,609,1
47.76943063735962,502,1
47.773351192474365,472,1
47.777262926101685,595,1
47.78116011619568,583,1
47.785053968429565,664,1
47.789148807525635,546,1
47.80967092514038,465,1
47.81080174446106,588,1
47.812230587005615,586,1
47.81354594230652,652,1
47.823302030563354,550,1
47.82579803466797,445,1
47.82667803764343,561,1
47.82917833328247,568,1
47.8294415473938,639,1
47.829821825027466,573,1
47.83207058906555,443,1
47.836079359054565,559,1
47.84009766578674,576,1
47.84493398666382,611,1
47.848111629486084,560,1
47.85395669937134,418,1
47.85952877998352,521,1
47.85998344421387,561,1
47.863362550735474,599,1
47.868277072906494,564,1
47.87670373916626,403,1
47.877363443374634,502,1
47.878976345062256,561,1
47.885117053985596,593,1
47.89072060585022,596,1
47.89141082763672,427,1
47.89473533630371,490,1
47.908169984817505,553,1
47.90978670120239,565,1
47.92294907569885,586,1
47.92425084114075,407,1
47.92555379867554,438,1
47.9260516166687,540,1
47.92647051811218,542,1
47.92748689651489,583,1
47.92990970611572,425,1
47.94240713119507,434,1
47.94504165649414,540,1
47.945314168930054,537,1
47.94626760482788,606,1
47.954519510269165,481,1
47.96060037612915,447,1
47.961318016052246,566,1
47.96176242828369,577,1
47.965107440948486,656,1
47.96923327445984,529,1
47.974982500076294,451,1
47.97693157196045,568,1
47.98088312149048,568,1
47.98746204376221,657,1
47.99218964576721,547,1
47.99261236190796,419,1
47.99640679359436,523,1
48.00372576713562,514,1
48.007346868515015,583,1
48.00808095932007,501,1
48.01211428642273,390,1
48.017157316207886,525,1
48.02501153945923,535,1
48.02525973320007,585,1
48.027751445770264,528,1
48.03164076805115,389,1
48.03664684295654,508,1
48.0405809879303,536,1
48.043359994888306,591,1
48.047280073165894,572,1
48.052589416503906,416,1
48.05507850646973,516,1
48.0590078830719,569,1
48.06290006637573,594,1
48.06923770904541,591,1
48.07651114463806,417,1
48.07738280296326,495,1
48.078545570373535,565,1
48.082627058029175,592,1
48.08864212036133,622,1
48.09026336669922,453,1
48.094202518463135,502,1
48.0981011390686,583,1
48.10580515861511,594,1
48.106637716293335,635,1
48.10977029800415,479,1
48.11378860473633,493,1
48.12034368515015,586,1
48.1230993270874,567,1
48.125425577163696,618,1
48.129321336746216,473,1
48.13345813751221,442,1
48.13798260688782,550,1
48.14106559753418,542,1
48.14503741264343,621,1
48.14928698539734,481,1
48.156344175338745,409,1
48.15676426887512,539,1
48.16081404685974,542,1
48.164650440216064,624,1
48.17057991027832,514,1
48.17244338989258,424,1
48.176310300827026,549,1
48.180294036865234,547,1
48.184365034103394,620,1
48.18930244445801,534,1
48.19205355644226,419,1
48.19589138031006,541,1
48.202401876449585,560,1
48.206337213516235,625,1
48.20764207839966,548,1
48.21146845817566,406,1
48.215444564819336,528,1
48.22162938117981,557,1
48.22326350212097,610,1
48.22719597816467,580,1
48.23109269142151,407,1
48.235557556152344,504,1
48.24159216880798,556,1
48.24289083480835,589,1
48.24679946899414,590,1
48.25230598449707,417,1
48.256432056427,489,1
48.258443117141724,535,1
48.262351751327515,553,1
48.26648712158203,558,1
48.27022337913513,398,1
48.27410316467285,449,1
48.27799129486084,532,1
48.28205394744873,545,1
48.28691220283508,589,1
48.29026412963867,439,1
48.29368877410889,475,1
48.29769444465637,559,1
48.30217218399048,556,1
48.305551290512085,611,1
48.30930018424988,468,1
48.31323051452637,460,1
48.31778573989868,565,1
48.32114362716675,554,1
48.32494235038757,623,1
48.328967332839966,491,1
48.333126068115234,434,1
48.33816599845886,522,1
48.340696811676025,480,1
48.34454131126404,536,1
48.34842777252197,411,1
48.35241436958313,334,1
48.35630512237549,446,1
48.36016774177551,432,1
48.364060163497925,495,1
48.368632555007935,402,1
48.372150897979736,289,1
48.37596917152405,412,1
48.3797128200531,413,1
48.383756160736084,466,1
48.38827085494995,390,1
48.391480922698975,256,1
48.39541006088257,379,1
48.39936327934265,405,1
48.40545392036438,459,1
48.40708112716675,441,1
48.41112971305847,324,1
48.41496706008911,461,1
48.41935443878174,511,1
48.42286133766174,565,1
48.426666498184204,558,1
48.43068242073059,390,1
48.43555951118469,475,1
48.43896675109863,533,1
48.442341804504395,566,1
48.446261167526245,568,1
48.450340270996094,404,1
48.454890727996826,477,1
48.45794200897217,563,1
48.46187233924866,570,1
48.46589517593384,598,1
48.470109939575195,451,1
48.47505068778992,492,1
48.4776406288147,572,1
48.48142457008362,576,1
48.48601269721985,624,1
48.49041676521301,463,1
48.49320864677429,453,1
48.49708533287048,557,1
48.50101041793823,551,1
48.50534176826477,600,1
48.508931159973145,448,1
48.512818813323975,410,1
48.51952624320984,526,1
48.52105474472046,514,1
48.52460265159607,568,1
48.52836275100708,437,1
48.532487630844116,368,1
48.53776693344116,481,1
48.5401337146759,460,1
48.54406142234802,527,1
48.54804873466492,418,1
48.55213117599487,331,1
48.55711817741394,450,1
48.55971598625183,441,1
48.56371593475342,519,1
48.56945252418518,453,1
48.57163858413696,335,1
48.5753538608551,460,1
48.57929849624634,475,1
48.58767604827881,525,1
48.58880662918091,473,1
48.59100651741028,334,1
48.5950562953949,454,1
48.59948992729187,485,1
48.605186223983765,527,1
48.60672044754028,499,1
48.61062574386597,334,1
48.61447048187256,433,1
48.61865282058716,484,1
48.62235069274902,524,1
48.62616419792175,538,1
48.63008213043213,381,1
48.635895013809204,474,1
48.638744592666626,541,1
48.641955852508545,554,1
48.64574670791626,569,1
48.654048442840576,406,1
48.655072927474976,444,1
48.657525062561035,534,1
48.66140866279602,534,1
48.66538667678833,583,1
48.673182010650635,434,1
48.67434048652649,461,1
48.677048444747925,579,1
48.68093991279602,576,1
48.68651843070984,632,1
48.688875675201416,511,1
48.69267463684082,478,1
48.69663715362549,571,1
48.702361822128296,555,1
48.70603847503662,637,1
48.70840620994568,508,1
48.7123498916626,422,1
48.720946073532104,530,1
48.723334550857544,534,1
48.724101066589355,612,1
48.727959394454956,503,1
48.731993675231934,412,1
48.739277839660645,535,1
48.740785121917725,526,1
48.743666887283325,600,1
48.74744749069214,521,1
48.753249406814575,381,1
48.75573706626892,490,1
48.759236335754395,503,1
48.763128995895386,581,1
48.76956915855408,536,1
48.7716863155365,371,1
48.7748339176178,468,1
48.77877855300903,472,1
48.78296089172363,517,1
48.78681564331055,482,1
48.790637493133545,328,1
48.79439163208008,446,1
48.798317432403564,503,1
48.8028678894043,540,1
48.80618214607239,524,1
48.81004571914673,358,1
48.81412720680237,438,1
48.81855750083923,514,1
48.82182288169861,546,1
48.82569098472595,564,1
48.829686403274536,392,1
48.83375096321106,445,1
48.837876081466675,525,1
48.8413143157959,534,1
48.856743812561035,567,1
48.86095094680786,412,1
48.861196517944336,443,1
48.86157155036926,539,1
48.86178112030029,534,1
48.86482310295105,592,1
48.868993520736694,446,1
48.872968435287476,431,1
48.87666940689087,540,1
48.88045787811279,525,1
48.884509325027466,590,1
48.88848090171814,479,1
48.892192125320435,442,1
48.89612698554993,572,1
48.900288105010986,567,1
48.904247522354126,638,1
48.90804600715637,524,1
48.911792039871216,433,1
48.91603922843933,541,1
48.92103147506714,542,1
48.923484802246094,624,1
48.92750430107117,521,1
48.93132710456848,395,1
48.93558478355408,522,1
48.93929934501648,544,1
48.943084478378296,596,1
48.94706416130066,517,1
48.95152974128723,378,1
48.95511507987976,500,1
48.95876669883728,513,1
48.96270823478699,569,1
48.9668653011322,543,1
48.970489263534546,385,1
48.97444224357605,489,1
48.97825217247009,517,1
48.98232340812683,545,1
48.986238956451416,539,1
48.99014449119568,385,1
48.994139194488525,492,1
48.997987031936646,569,1
49.00194048881531,591,1
49.006569147109985,586,1
49.00964140892029,404,1
49.01349186897278,450,1
49.018669843673706,520,1
49.02167081832886,531,1
49.025200605392456,564,1
49.02912139892578,387,1
49.03575015068054,406,1
49.03927493095398,503,1
49.04096841812134,505,1
49.04478454589844,559,1
49.04869723320007,402,1
49.05302691459656,402,1
49.056644678115845,524,1
49.06038236618042,528,1
49.06431698799133,604,1
49.06946682929993,477,1
49.07230567932129,446,1
49.07606649398804,566,1
49.079955101013184,535,1
49.08481192588806,598,1
49.088722944259644,479,1
49.091715574264526,403,1
49.09571170806885,520,1
49.09967851638794,503,1
49.10351610183716,583,1
49.107365131378174,492,1
49.11130094528198,383,1
49.11528038978577,516,1
49.11940550804138,542,1
49.12320852279663,601,1
49.12691259384155,514,1
49.130860567092896,384,1
49.13507390022278,507,1
49.13882350921631,520,1
49.14263200759888,569,1
49.146618604660034,526,1
49.15045976638794,380,1
49.15487337112427,494,1
49.158236026763916,533,1
49.162153244018555,571,1
49.16625475883484,542,1
49.17186093330383,372,1
49.173858404159546,461,1
49.17779302597046,507,1
49.181718587875366,549,1
49.18619203567505,565,1
49.18963122367859,400,1
49.19346070289612,462,1
49.19760704040527,535,1
49.20380401611328,559,1
49.20544385910034,576,1
49.20909547805786,403,1
49.213050842285156,445,1
49.21697211265564,527,1
49.221317529678345,525,1
49.224897384643555,584,1
49.22882318496704,442,1
49.232845067977905,478,1
49.23936724662781,597,1
49.24094247817993,591,1
49.24442148208618,642,1
49.24820327758789,497,1
49.25268602371216,489,1
49.25606560707092,611,1
49.26001453399658,594,1
49.26397633552551,652,1
49.26816773414612,511,1
49.27172112464905,436,1
49.27563118934631,545,1
49.27948236465454,513,1
49.283583879470825,575,1
49.288336515426636,451,1
49.29122495651245,334,1
49.29516649246216,448,1
49.29925203323364,440,1
49.30350112915039,505,1
49.30686402320862,413,1
49.310784101486206,294,1
49.31487679481506,416,1
49.31897830963135,434,1
49.32262468338013,498,1
49.326629400253296,439,1
49.33035397529602,293,1
49.33582091331482,414,1
49.33873152732849,446,1
49.342100620269775,490,1
49.34606671333313,475,1
49.350144147872925,333,1
49.35428214073181,444,1
49.35775661468506,499,1
49.36168122291565,540,1
49.36583471298218,533,1
49.36989402770996,368,1
49.373687744140625,445,1
49.377310037612915,508,1
49.3812358379364,536,1
49.38683605194092,566,1
49.38987398147583,400,1
49.39303517341614,463,1
49.3970582485199,549,1
49.401917695999146,540,1
49.405632972717285,565,1
49.40864968299866,413,1
49.412625789642334,430,1
49.41808223724365,523,1
49.42177605628967,519,1
49.42425274848938,577,1
49.428218126297,436,1
49.43205714225769,407,1
49.436131954193115,512,1
49.44008946418762,496,1
49.44381022453308,562,1
49.44783616065979,431,1
49.45262694358826,363,1
49.45579552650452,482,1
49.459426403045654,464,1
49.46339154243469,536,1
49.46744751930237,439,1
49.47216844558716,360,1
49.47511696815491,491,1
49.47905158996582,493,1
49.48300886154175,565,1
49.48704814910889,477,1
49.49076437950134,368,1
49.49470901489258,494,1
49.498695373535156,497,1
49.50308346748352,553,1
49.50645923614502,489,1
49.5103018283844,347,1
49.51424288749695,477,1
49.51978874206543,531,1
49.52216958999634,607,1
49.525975942611694,592,1
49.52995991706848,431,1
49.53872299194336,541,1
49.540724992752075,611,1
49.54217195510864,656,1
49.54567623138428,650,1
49.55410408973694,482,1
49.55637454986572,568,1
49.55732226371765,631,1
49.56117606163025,662,1
49.565107345581055,681,1
49.569798707962036,517,1
49.573028564453125,544,1
49.57688879966736,593,1
49.580936908721924,594,1
49.587209939956665,628,1
49.588666677474976,478,1
49.592445850372314,523,1
49.59641218185425,643,1
49.60258460044861,659,1
49.605079889297485,715,1
49.608113527297974,570,1
49.6120982170105,547,1
49.62001705169678,631,1
49.621071338653564,601,1
49.62376952171326,662,1
49.62770056724548,526,1
49.63164210319519,472,1
49.63583064079285,596,1
49.63948059082031,586,1
49.64335489273071,647,1
49.64723205566406,511,1
49.6535530090332,421,1
49.65530753135681,545,1
49.658974170684814,533,1
49.66289830207825,623,1
49.66891694068909,535,1
49.672839879989624,421,1
49.67468619346619,536,1
49.67862391471863,528,1
49.68257427215576,603,1
49.68896985054016,531,1
49.69032001495361,408,1
49.69417405128479,537,1
49.6981680393219,568,1
49.70248508453369,636,1
49.70686459541321,600,1
49.709967851638794,454,1
49.713780641555786,571,1
49.71972060203552,606,1
49.72191071510315,651,1
49.72554302215576,637,1
49.72943878173828,472,1
49.736878395080566,571,1
49.738617181777954,621,1
49.74111318588257,629,1
49.74502468109131,593,1
49.74956941604614,385,1
49.75515675544739,460,1
49.75679636001587,546,1
49.76069092750549,548,1
49.76466393470764,558,1
49.77149820327759,377,1
49.772627115249634,404,1
49.776336669921875,496,1
49.78038311004639,509,1
49.78597855567932,562,1
49.78859186172485,410,1
49.79203724861145,422,1
49.79596519470215,530,1
49.803542137145996,515,1
49.80574989318848,567,1
49.80768156051636,432,1
49.81170678138733,390,1
49.81545925140381,498,1
49.820326805114746,510,1
49.8232798576355,597,1
49.827213764190674,491,1
49.831286668777466,429,1
49.837029695510864,560,1
49.83932065963745,551,1
49.84289789199829,624,1
49.846794843673706,519,1
49.85077905654907,423,1
49.8548583984375,553,1
49.85850548744202,549,1
49.862454891204834,614,1
49.86663770675659,519,1
49.8728301525116,389,1
49.874162673950195,504,1
49.87805461883545,516,1
49.881980180740356,562,1
49.88657569885254,518,1
49.889933586120605,384,1
49.89372229576111,496,1
49.89770197868347,544,1
49.90222907066345,601,1
49.90554070472717,558,1
49.90936613082886,370,1
49.91334772109985,461,1
49.91981101036072,504,1
49.92225766181946,544,1
49.924957275390625,554,1
49.929014921188354,384,1
49.933013677597046,467,1
49.93751096725464,564,1
49.94068455696106,591,1
49.944679737091064,592,1
49.94848084449768,421,1
49.95240783691406,462,1
49.95635223388672,544,1
49.96027970314026,542,1
49.964120864868164,580,1
49.969263792037964,408,1
49.972636699676514,422,1
49.97588634490967,518,1
49.979989767074585,513,1
49.98396873474121,561,1
49.9894757270813,425,1
49.99161672592163,424,1
49.995505571365356,537,1
49.999351501464844,525,1
50.003467082977295,607,1
50.00713801383972,510,1
50.011027336120605,464,1
50.0149781703949,589,1
50.01935911178589,581,1
50.02279806137085,659,1
50.0267288684845,546,1
50.030855655670166,458,1
50.03473615646362,584,1
50.03920936584473,584,1
50.042518615722656,658,1
50.04627084732056,555,1
50.0504252910614,422,1
50.05472135543823,538,1
50.05815815925598,545,1
50.06208634376526,608,1
50.066174030303955,555,1
50.074418783187866,420,1
50.07504415512085,535,1
50.07766675949097,567,1
50.0816216468811,613,1
50.08876180648804,579,1
50.090052366256714,415,1
50.09321212768555,529,1
50.097115993499756,582,1
50.10122108459473,616,1
50.1051549911499,602,1
50.108882427215576,436,1
50.11277794837952,522,1
50.11713647842407,581,1
50.121941566467285,599,1
50.124494791030884,619,1
50.128413677215576,439,1
50.1325318813324,485,1
50.13674283027649,553,1
50.140180587768555,556,1
50.1440634727478,596,1
50.14800715446472,438,1
50.15417265892029,462,1
50.15603470802307,564,1
50.16553354263306,567,1
50.173484802246094,625,1
50.17466902732849,475,1
50.17568278312683,472,1
50.17615842819214,603,1
50.17927575111389,600,1
50.183269739151,674,1
50.18944501876831,548,1
50.1911735534668,492,1
50.19495415687561,596,1
50.198976278305054,581,1
50.20575284957886,663,1
50.20690035820007,554,1
50.21063756942749,469,1
50.214489698410034,579,1
50.21917796134949,553,1
50.22229504585266,629,1
50.22619962692261,541,1
50.23012590408325,423,1
50.23506736755371,542,1
50.23878502845764,524,1
50.241963386535645,566,1
50.24597930908203,473,1
50.2497878074646,342,1
50.25470304489136,474,1
50.25749945640564,508,1
50.261496782302856,585,1
50.2655291557312,552,1
50.26966881752014,393,1
50.27316117286682,511,1
50.277093172073364,548,1
50.281163454055786,586,1
50.28517770767212,567,1
50.28991174697876,412,1
50.29282474517822,502,1
50.296677350997925,552,1
50.30071759223938,574,1
50.304734230041504,588,1
50.30837416648865,415,1
50.3123676776886,481,1
50.31630754470825,557,1
50.32181477546692,583,1
50.32417869567871,612,1
50.328070640563965,439,1
50.331871032714844,470,1
50.33598613739014,577,1
50.33970046043396,573,1
50.34365773200989,616,1
50.34762406349182,455,1
50.35212206840515,439,1
50.355427503585815,524,1
50.35924577713013,506,1
50.36312508583069,564,1
50.36967992782593,430,1
50.372756481170654,394,1
50.374915599823,518,1
50.378767251968384,504,1
50.38286566734314,575,1
50.387194871902466,474,1
50.39078879356384,405,1
50.394426345825195,528,1
50.39839482307434,505,1
50.404935121536255,581,1
50.407241344451904,484,1
50.410157680511475,379,1
50.414085149765015,514,1
50.418216943740845,525,1
50.421831130981445,591,1
50.425878047943115,512,1
50.42972755432129,384,1
50.433730363845825,503,1
50.43854761123657,517,1
50.44231557846069,577,1
50.445308446884155,533,1
50.44942331314087,391,1
50.45396065711975,519,1
50.457042932510376,562,1
50.46108531951904,609,1
50.46505951881409,575,1
50.47118616104126,408,1
50.47334265708923,508,1
50.47680950164795,568,1
50.4805109500885,605,1
50.485514640808105,605,1
50.48842120170593,434,1
50.49237275123596,510,1
50.49615430831909,571,1
50.50012135505676,581,1
50.504517793655396,606,1
50.508100271224976,442,1
50.512776136398315,496,1
50.51599454879761,587,1
50.52305579185486,579,1
50.523711919784546,617,1
50.52745175361633,467,1
50.5313663482666,485,1
50.536080837249756,587,1
50.53921937942505,566,1
50.543359994888306,616,1
50.54712462425232,444,1
50.550994873046875,390,1
50.55506682395935,492,1
50.55885076522827,480,1
50.56272554397583,561,1
50.56672120094299,442,1
50.57297682762146,385,1
50.577635765075684,502,1
50.57837271690369,493,1
50.582356214523315,570,1
50.58622431755066,459,1
50.59008717536926,362,1
50.59409260749817,490,1
50.60170555114746,499,1
50.60495948791504,569,1
50.60664463043213,467,1
50.60974645614624,337,1
50.613667726516724,444,1
50.61746406555176,455,1
50.623634576797485,518,1
50.62565207481384,462,1
50.62924790382385,320,1
50.63701367378235,436,1
50.638866901397705,464,1
50.64128756523132,511,1
50.64518451690674,473,1
50.64885234832764,318,1
50.65284276008606,425,1
50.65716075897217,471,1
50.66059589385986,513,1
50.664451360702515,510,1
50.66893410682678,339,1
50.67651128768921,415,1
50.67879629135132,465,1
50.68088722229004,476,1
50.692768573760986,497,1
50.69333600997925,329,1
50.69526672363281,385,1
50.695931911468506,467,1
50.69977617263794,473,1
50.703777551651,508,1
50.71120762825012,354,1
50.712055683135986,367,1
50.71535277366638,473,1
50.72942590713501,475,1
50.730199098587036,540,1
50.73066544532776,411,1
50.73127222061157,411,1
50.7355899810791,526,1
50.741982221603394,522,1
50.7427237033844,591,1
50.74667978286743,458,1
50.75079584121704,404,1
50.75439667701721,524,1
50.762025356292725,512,1
50.76529788970947,601,1
50.77365589141846,491,1
50.77778506278992,394,1
50.77836012840271,510,1
50.778852701187134,517,1
50.781893491744995,609,1
50.79057717323303,536,1
50.79345679283142,420,1
50.80505442619324,537,1
50.808006286621094,537,1
50.80855131149292,592,1
50.80929660797119,524,1
50.8124623298645,389,1
50.81471538543701,515,1
50.8170690536499,545,1
50.82095789909363,589,1
50.82486152648926,549,1
50.82890439033508,392,1
50.832746744155884,482,1
50.836586713790894,511,1
50.84066843986511,563,1
50.84436845779419,554,1
50.84833765029907,398,1
50.85233664512634,495,1
50.85645031929016,555,1
50.86004066467285,593,1
50.864065408706665,616,1
50.86835551261902,443,1
50.874985456466675,507,1
50.8757586479187,594,1
50.87970471382141,606,1
50.88353204727173,648,1
50.88752269744873,483,1
50.891260623931885,512,1
50.89519381523132,593,1
50.89914393424988,552,1
50.90312743186951,584,1
50.92145133018494,427,1
50.9240083694458,415,1
50.924848318099976,524,1
50.925472259521484,508,1
50.92574143409729,573,1
50.92663240432739,444,1
50.930421113967896,402,1
50.9344208240509,520,1
50.93833780288696,489,1
50.94216012954712,558,1
50.94616436958313,434,1
50.95028066635132,348,1
50.958256006240845,462,1
50.962276458740234,437,1
50.963621616363525,513,1
50.96603989601135,409,1
50.97126507759094,295,1
50.97382426261902,431,1
50.977431774139404,451,1
50.981301069259644,531,1
50.98863482475281,464,1
50.989232778549194,321,1
50.99308633804321,437,1
50.99705266952515,475,1
51.001173973083496,526,1
51.004823207855225,472,1
51.00872206687927,318,1
51.01264786720276,437,1
51.02442455291748,474,1
51.05280876159668,509,1
51.058857679367065,497,1
51.06033945083618,332,1
51.060951709747314,422,1
51.062190771102905,472,1
51.062427043914795,486,1
51.062628746032715,497,1
51.06281495094299,338,1
51.06332302093506,409,1
51.063639402389526,490,1
51.063971519470215,489,1
51.06421136856079,510,1
51.067466259002686,337,1
51.07201647758484,365,1
51.07518815994263,455,1
51.07924556732178,459,1
51.084184646606445,500,1
51.08805274963379,346,1
51.09084916114807,353,1
51.09488272666931,470,1
51.09866714477539,467,1
51.103331565856934,547,1
51.10647225379944,420,1
51.11035776138306,391,1
51.11426305770874,512,1
51.118330001831055,493,1
51.12239336967468,564,1
51.126160860061646,448,1
51.13002896308899,390,1
51.134687423706055,534,1
51.138625383377075,529,1
51.14170718193054,610,1
51.14567947387695,511,1
51.14971351623535,405,1
51.15347170829773,527,1
51.15731167793274,524,1
51.16122245788574,590,1
51.165130615234375,512,1
51.16987085342407,379,1
51.17300295829773,483,1
51.17702007293701,500,1
51.180827140808105,568,1
51.1848521232605,513,1
51.189157247543335,358,1
51.19265294075012,470,1
51.196441411972046,506,1
51.20095419883728,560,1
51.20480298995972,529,1
51.208173513412476,375,1
51.21215081214905,467,1
51.21606636047363,509,1
51.22032022476196,539,1
51.224122047424316,542,1
51.227736473083496,352,1
51.23172402381897,425,1
51.23588824272156,498,1
51.23957967758179,517,1
51.24343156814575,533,1
51.24727439880371,364,1
51.25137662887573,409,1
51.25556445121765,497,1
51.25914430618286,507,1
51.26292300224304,550,1
51.26708436012268,398,1
51.271496295928955,417,1
51.27478075027466,510,1
51.27865791320801,509,1
51.282840728759766,566,1
51.286948680877686,419,1
51.29151177406311,406,1
51.29422569274902,522,1
51.29820775985718,518,1
51.30354404449463,614,1
51.30643653869629,516,1
51.30986928939819,468,1
51.31388187408447,591,1
51.31781601905823,584,1
51.32219171524048,655,1
51.3255250453949,532,1
51.32942080497742,422,1
51.333483934402466,550,1
51.3385374546051,549,1
51.3412082195282,632,1
51.345049142837524,552,1
51.34897708892822,433,1
51.35320782661438,557,1
51.35691547393799,572,1
51.360732555389404,644,1
51.364689111709595,587,1
51.36897897720337,442,1
51.37248420715332,565,1
51.37635564804077,585,1
51.38034915924072,623,1
51.38429927825928,584,1
51.38922667503357,429,1
51.392094373703,525,1
51.39603090286255,581,1
51.399980783462524,611,1
51.40385580062866,600,1
51.40777897834778,436,1
51.411643743515015,508,1
51.41554880142212,579,1
51.420233726501465,612,1
51.42363262176514,625,1
51.42721915245056,449,1
51.431132316589355,504,1
51.43550705909729,587,1
51.43898391723633,602,1
51.44286751747131,645,1
51.446847677230835,494,1
51.451544761657715,503,1
51.455342054367065,581,1
51.458728313446045,579,1
51.462485790252686,629,1
51.466513872146606,463,1
51.47039604187012,432,1
51.47430348396301,525,1
51.478076219558716,517,1
51.48203468322754,595,1
51.486239194869995,503,1
51.48985004425049,466,1
51.493733644485474,595,1
51.497761249542236,583,1
51.50179171562195,645,1
51.50558638572693,534,1
51.50938010215759,447,1
51.5133957862854,561,1
51.517576932907104,550,1
51.52202272415161,623,1
51.52504348754883,514,1
51.52900409698486,400,1
51.53580117225647,536,1
51.537283182144165,554,1
51.540729999542236,620,1
51.54464554786682,549,1
51.54848051071167,405,1
51.55262899398804,518,1
51.55636978149414,537,1
51.560221433639526,589,1
51.56418228149414,538,1
51.569334506988525,392,1
51.572136878967285,526,1
51.575907707214355,578,1
51.579790353775024,611,1
51.58381509780884,597,1
51.58832287788391,435,1
51.59166073799133,523,1
51.59552454948425,565,1
51.60044527053833,584,1
51.604798793792725,600,1
51.6072461605072,424,1
51.61109781265259,479,1
51.615005016326904,560,1
51.6193904876709,566,1
51.62304902076721,599,1
51.62674927711487,443,1
51.63070034980774,490,1
51.63481068611145,571,1
51.63857960700989,560,1
51.64244222640991,628,1
51.64635372161865,484,1
51.6503643989563,461,1
51.654625415802,554,1
51.65807604789734,547,1
51.661938190460205,619,1
51.66618514060974,480,1
51.669822692871094,430,1
51.673696994781494,522,1
51.677738189697266,508,1
51.68170928955078,590,1
51.68610215187073,464,1
51.68967270851135,392,1
51.69329023361206,517,1
51.69716215133667,522,1
51.7015814781189,611,1
51.70509099960327,522,1
51.70889973640442,414,1
51.712910413742065,535,1
51.71686315536499,523,1
51.72263026237488,571,1
51.72467279434204,483,1
51.72877216339111,346,1
51.73291039466858,465,1
51.73642873764038,497,1
51.74026083946228,567,1
51.74418807029724,522,1
51.74816060066223,375,1
51.75382876396179,502,1
51.75610589981079,547,1
51.76112103462219,596,1
51.76380896568298,576,1
51.76808547973633,390,1
51.77611446380615,493,1
51.77660608291626,552,1
51.77941274642944,585,1
51.787102460861206,589,1
51.79026174545288,399,1
51.79266166687012,463,1
51.79501485824585,528,1
51.79894161224365,539,1
51.80578351020813,554,1
51.806838035583496,384,1
51.810744285583496,424,1
51.8146493434906,506,1
51.81859612464905,509,1
51.82548999786377,553,1
51.82638597488403,363,1
51.838974952697754,372,1
51.84037232398987,491,1
51.8406445980072,482,1
51.841986417770386,546,1
51.84583783149719,404,1
51.84988069534302,357,1
51.853906869888306,472,1
51.85762166976929,453,1
51.861451625823975,520,1
51.86544609069824,398,1
51.87003707885742,327,1
51.87324595451355,452,1
51.87713170051575,443,1
51.88105750083923,516,1
51.88620162010193,417,1
51.88948392868042,319,1
51.89284157752991,434,1
51.896790981292725,418,1
51.901090145111084,491,1
51.905065059661865,402,1
51.908427715301514,276,1
51.91236352920532,385,1
51.916274309158325,395,1
51.92030215263367,470,1
51.924054861068726,427,1
51.92806649208069,275,1
51.9321391582489,403,1
51.93617272377014,421,1
51.93971824645996,451,1
51.94368076324463,433,1
51.947646379470825,285,1
51.95261764526367,397,1
51.95584487915039,452,1
51.95925259590149,487,1
51.9632031917572,491,1
51.968106746673584,333,1
51.97123098373413,432,1
51.97500920295715,491,1
51.97897386550903,500,1
51.982969760894775,517,1
51.98695135116577,361,1
51.99073266983032,425,1
51.99446249008179,519,1
51.99842095375061,535,1
52.00241231918335,588,1
52.006216287612915,430,1
52.01011538505554,458,1
52.01404786109924,577,1
52.01817750930786,568,1
52.022430658340454,618,1
52.02582001686096,478,1
52.02973222732544,457,1
52.03377914428711,565,1
52.03996253013611,543,1
52.04197692871094,618,1
52.04537796974182,500,1
52.049543142318726,446,1
52.05535697937012,560,1
52.05754613876343,549,1
52.06099772453308,628,1
52.06493353843689,499,1
52.06924271583557,402,1
52.07284760475159,524,1
52.076706409454346,521,1
52.080673694610596,603,1
52.0860641002655,502,1
52.08930802345276,393,1
52.09230303764343,515,1
52.09624719619751,524,1
52.10028839111328,612,1
52.10682678222656,556,1
52.10794806480408,431,1
52.11187553405762,556,1
52.11618185043335,576,1
52.12012481689453,637,1
52.123727798461914,617,1
52.127525806427,477,1
52.13142466545105,591,1
52.135809659957886,634,1
52.13989186286926,665,1
52.143295764923096,659,1
52.147127628326416,485,1
52.15108776092529,580,1
52.155516624450684,633,1
52.15880370140076,636,1
52.162702798843384,631,1
52.166826248168945,458,1
52.17119359970093,524,1
52.17447257041931,610,1
52.178412437438965,620,1
52.182300090789795,635,1
52.18678855895996,455,1
52.19012784957886,482,1
52.194029808044434,584,1
52.19811034202576,580,1
52.202720642089844,631,1
52.2060010433197,481,1
52.20979452133179,459,1
52.21367049217224,536,1
52.21926999092102,494,1
52.2224018573761,537,1
52.2253303527832,385,1
52.229219913482666,346,1
52.233272075653076,474,1
52.23796486854553,467,1
52.24096488952637,552,1
52.245075941085815,442,1
52.248852252960205,377,1
52.25289559364319,505,1
52.25668787956238,498,1
52.26048803329468,574,1
52.264482259750366,480,1
52.26850891113281,361,1
52.27228355407715,480,1
52.276142835617065,487,1
52.28014349937439,548,1
52.28424310684204,483,1
52.28855776786804,350,1
52.291834592819214,467,1
52.29572892189026,489,1
52.29974818229675,557,1
52.30406832695007,520,1
52.307474851608276,369,1
52.3113808631897,489,1
52.315327167510986,545,1
52.31970715522766,597,1
52.32317757606506,585,1
52.32701897621155,422,1
52.33099150657654,520,1
52.33677530288696,584,1
52.33930778503418,628,1
52.34273362159729,644,1
52.34674620628357,471,1
52.3506224155426,524,1
52.35457229614258,586,1
52.35873341560364,595,1
52.36224412918091,594,1
52.36647391319275,419,1
52.3726601600647,443,1
52.37402391433716,532,1
52.37795114517212,538,1
52.38195276260376,585,1
52.38680934906006,452,1
52.39073967933655,463,1
52.39365291595459,571,1
52.397717237472534,583,1
52.40258049964905,651,1
52.405802488327026,502,1
52.409202575683594,473,1
52.41325902938843,603,1
52.41732621192932,600,1
52.42246222496033,666,1
52.42499303817749,548,1
52.42884564399719,477,1
52.43310618400574,558,1
52.4369330406189,522,1
52.44048261642456,607,1
52.444353103637695,514,1
52.44830870628357,413,1
52.45258951187134,522,1
52.45611357688904,511,1
52.460023164749146,583,1
52.463934659957886,493,1
52.46789765357971,328,1
52.47202110290527,432,1
52.47576332092285,447,1
52.47963213920593,513,1
52.48375368118286,469,1
52.488929748535156,321,1
52.49129915237427,439,1
52.49527955055237,471,1
52.49938702583313,510,1
52.50340437889099,491,1
52.506951332092285,329,1
52.511011600494385,436,1
52.514830112457275,483,1
52.51953911781311,520,1
52.522921323776245,540,1
52.5266592502594,365,1
52.530447483062744,452,1
52.535550117492676,529,1
52.539565324783325,566,1
52.54223680496216,605,1
52.54610300064087,436,1
52.5506272315979,490,1
52.55483341217041,578,1
52.557817697525024,572,1
52.56173348426819,598,1
52.565781354904175,449,1
52.57036900520325,470,1
52.57356667518616,556,1
52.57739496231079,545,1
52.58129072189331,604,1
52.58572196960449,453,1
52.58922481536865,414,1
52.59305286407471,518,1
52.59707951545715,509,1
52.60245490074158,582,1
52.60483694076538,443,1
52.60879945755005,377,1
52.612661600112915,491,1
52.61678338050842,494,1
52.6206419467926,567,1
52.62437868118286,458,1
52.62827777862549,363,1
52.63228440284729,489,1
52.636170387268066,487,1
52.64002799987793,540,1
52.6440966129303,442,1
52.64795756340027,318,1
52.65181350708008,433,1
52.65610408782959,456,1
52.659789085388184,545,1
52.66349935531616,491,1
52.6676070690155,356,1
52.67232370376587,483,1
52.67524313926697,521,1
52.679141998291016,577,1
52.68322420120239,536,1
52.687108755111694,378,1
52.69106841087341,497,1
52.694822788238525,548,1
52.698729276657104,594,1
52.70288395881653,588,1
52.70652914047241,420,1
52.710466384887695,505,1
52.7143132686615,574,1
52.71882915496826,605,1
52.72224688529968,624,1
52.72609877586365,467,1
52.73003935813904,531,1
52.73406791687012,615,1
52.73817801475525,632,1
52.74170470237732,678,1
52.745685338974,509,1
52.74970889091492,540,1
52.75369906425476,649,1
52.757375717163086,644,1
52.7612578868866,701,1
52.765358209609985,582,1
52.76918888092041,559,1
52.773008584976196,634,1
52.77689528465271,608,1
52.78080701828003,678,1
52.784913778305054,555,1
52.7888867855072,511,1
52.79267358779907,612,1
52.796491861343384,580,1
52.80058264732361,645,1
52.80562424659729,526,1
52.80822706222534,461,1
52.81211519241333,595,1
52.81621193885803,585,1
52.820114612579346,657,1
52.82396459579468,560,1
52.827889919281006,428,1
52.83171558380127,539,1
52.84468960762024,541,1
52.84530591964722,616,1
52.84569525718689,553,1
52.84983158111572,411,1
52.85727834701538,526,1
52.85850286483765,558,1
52.8592472076416,598,1
52.86297845840454,557,1
52.86970567703247,396,1
52.87396717071533,481,1
52.874890089035034,510,1
52.878740310668945,539,1
52.88276386260986,524,1
52.88680100440979,346,1
52.890366554260254,424,1
52.89428520202637,482,1
52.89816236495972,519,1
52.902196168899536,531,1
52.90603947639465,358,1
52.90994882583618,432,1
52.91380047798157,517,1
52.9183292388916,535,1
52.922542333602905,570,1
52.92569899559021,405,1
52.92947006225586,441,1
52.93348240852356,535,1
52.93734908103943,533,1
52.94123888015747,596,1
52.94521903991699,455,1
52.94929599761963,443,1
52.95309400558472,553,1
52.956974267959595,563,1
52.960861682891846,642,1
52.964765310287476,504,1
52.96965742111206,460,1
52.97268629074097,592,1
52.976449966430664,591,1
52.98040699958801,674,1
52.984493017196655,565,1
52.98838233947754,503,1
52.992085695266724,627,1
52.996153593063354,616,1
53.00038456916809,692,1
53.00451636314392,599,1
53.00782632827759,498,1
53.011706590652466,623,1
53.015711069107056,633,1
53.02330303192139,713,1
53.02392864227295,634,1
53.027376890182495,493,1
53.0311975479126,620,1
53.035754919052124,636,1
53.03909087181091,682,1
53.042964220047,624,1
53.04702925682068,468,1
53.05120658874512,588,1
53.055485248565674,606,1
53.05866098403931,643,1
53.06253361701965,623,1
53.06682205200195,462,1
53.07084536552429,567,1
53.07423400878906,635,1
53.078157901763916,676,1
53.082157373428345,681,1
53.08686637878418,504,1
53.090632915496826,558,1
53.09383964538574,625,1
53.097840547561646,639,1
53.10228776931763,673,1
53.10578751564026,496,1
53.10948872566223,515,1
53.11340856552124,587,1
53.11769914627075,580,1
53.12186026573181,599,1
53.1252498626709,438,1
53.129016637802124,440,1
53.13296437263489,527,1
53.1375687122345,514,1
53.14076495170593,578,1
53.14468955993652,424,1
53.14875078201294,387,1
53.152527809143066,473,1
53.1563880443573,429,1
53.16035509109497,480,1
53.16421127319336,364,1
53.16923785209656,296,1
53.17215085029602,420,1
53.17607140541077,427,1
53.17992877960205,514,1
53.18441152572632,408,1
53.18936371803284,301,1
53.19178509712219,412,1
53.195510387420654,418,1
53.199644804000854,486,1
53.20369482040405,399,1
53.20722317695618,282,1
53.21115207672119,415,1
53.215094804763794,423,1
53.21973538398743,482,1
53.22292709350586,439,1
53.22688102722168,289,1
53.23076796531677,407,1
53.23526573181152,430,1
53.23923444747925,467,1
53.242480993270874,429,1
53.24642467498779,270,1
53.250365018844604,362,1
53.254218101501465,399,1
53.258105754852295,432,1
53.26199007034302,429,1
53.266183376312256,259,1
53.26985573768616,334,1
53.273799657821655,413,1
53.27773356437683,447,1
53.281688928604126,459,1
53.285836935043335,280,1
53.28939771652222,312,1
53.29331564903259,386,1
53.2973735332489,400,1
53.30300188064575,427,1
53.30533051490784,254,1
53.309173345565796,261,1
53.3129403591156,373,1
53.31706738471985,382,1
53.32098579406738,439,1
53.324951171875,294,1
53.32864737510681,277,1
53.33247709274292,389,1
53.336540937423706,396,1
53.34026646614075,468,1
53.344165325164795,345,1
53.34811210632324,278,1
53.35278296470642,379,1
53.35610508918762,372,1
53.359790563583374,463,1
53.363914489746094,355,1
53.36784553527832,254,1
53.371939182281494,363,1
53.37548327445984,359,1
53.37942957878113,439,1
53.38351011276245,355,1
53.38953924179077,263,1
53.391114234924316,399,1
53.39506244659424,435,1
53.39906406402588,538,1
53.40301299095154,493,1
53.40681982040405,351,1
53.41075086593628,468,1
53.41468048095703,481,1
53.419209718704224,532,1
53.42280840873718,512,1
53.42629528045654,376,1
53.43037295341492,498,1
53.4342679977417,547,1
53.44017314910889,594,1
53.44217133522034,596,1
53.44599390029907,432,1
53.45004177093506,523,1
53.45386099815369,592,1
53.457704067230225,630,1
53.46167993545532,665,1
53.46550965309143,504,1
53.470473527908325,571,1
53.47374415397644,661,1
53.477171421051025,679,1
53.48108148574829,713,1
53.485315799713135,545,1
53.4892144203186,562,1
53.49302959442139,639,1
53.496798276901245,618,1
53.500972032547,669,1
53.505460023880005,533,1
53.50847911834717,531,1
53.5124249458313,622,1
53.516759157180786,598,1
53.523473024368286,650,1
53.52418756484985,512,1
53.52804350852966,473,1
53.53197407722473,590,1
53.53626227378845,586,1
53.53979015350342,673,1
53.5438129901886,573,1
53.547637939453125,502,1
53.552140951156616,616,1
53.5557005405426,621,1
53.55934119224548,709,1
53.56326675415039,613,1
53.56721830368042,491,1
53.57231903076172,600,1
53.57500433921814,599,1
53.57892465591431,672,1
53.58311867713928,608,1
53.58693885803223,453,1
53.59074521064758,565,1
53.594642639160156,595,1
53.59855675697327,659,1
53.60375213623047,626,1
53.60650610923767,468,1
53.61024069786072,577,1
53.614163637161255,624,1
53.61837387084961,667,1
53.622785806655884,657,1
53.62596583366394,494,1
53.629950523376465,586,1
53.63387846946716,624,1
53.63995718955994,627,1
53.64165806770325,626,1
53.64543557167053,459,1
53.649577379226685,523,1
53.65348696708679,601,1
53.657262086868286,601,1
53.66119360923767,606,1
53.66514301300049,420,1
53.670591831207275,433,1
53.67335915565491,516,1
53.67677927017212,527,1
53.68070697784424,570,1
53.68510055541992,405,1
53.690300941467285,409,1
53.6923611164093,532,1
53.69628691673279,535,1
53.70206880569458,601,1
53.70517015457153,461,1
53.70809030532837,436,1
53.711928606033325,567,1
53.715890407562256,558,1
53.72016525268555,630,1
53.72375535964966,514,1
53.72766637802124,444,1
53.73147702217102,551,1
53.73591995239258,536,1
53.739734411239624,607,1
53.74317026138306,501,1
53.74712014198303,392,1
53.7515652179718,499,1
53.75579071044922,494,1
53.75899314880371,578,1
53.76275277137756,513,1
53.76697516441345,395,1
53.771705627441406,540,1
53.77449917793274,572,1
53.77842140197754,627,1
53.782379388809204,589,1
53.79038715362549,440,1
53.79074788093567,568,1
53.794095277786255,600,1
53.79800820350647,639,1
53.8025279045105,617,1
53.8058545589447,449,1
53.80972218513489,542,1
53.81365919113159,593,1
53.81841254234314,627,1
53.82377004623413,644,1
53.82540583610535,458,1
53.84162521362305,523,1
53.872844219207764,601,1
53.87354302406311,632,1
53.87523436546326,645,1
53.91529703140259,465,1
53.92489838600159,503,1
53.92736601829529,579,1
53.92767572402954,583,1
53.92789602279663,625,1
53.9281051158905,470,1
53.9283230304718,478,1
53.928486824035645,574,1
53.92864513397217,562,1
53.928826570510864,624,1
53.92901039123535,482,1
53.929187059402466,454,1
53.92935514450073,565,1
53.929502725601196,551,1
53.92968463897705,618,1
53.92984056472778,495,1
53.930028438568115,438,1
53.93021821975708,553,1
53.930365800857544,515,1
53.930553674697876,573,1
53.9307324886322,453,1
53.93087601661682,356,1
53.9310507774353,479,1
53.9350950717926,478,1
53.93908882141113,562,1
53.94726228713989,480,1
53.94809150695801,361,1
53.95074105262756,491,1
53.96380066871643,510,1
53.96451258659363,574,1
53.9648175239563,510,1
53.96684670448303,364,1
53.97084951400757,462,1
53.97413086891174,482,1
53.97792100906372,528,1
53.98199415206909,509,1
53.98629093170166,341,1
53.98980474472046,439,1
53.9936420917511,505,1
53.997485399246216,544,1
54.001522064208984,548,1
54.005565881729126,376,1
54.00918221473694,443,1
54.01322340965271,495,1
54.01714539527893,512,1
54.02140283584595,531,1
54.0250289440155,358,1
54.0288200378418,396,1
54.03291153907776,469,1
54.03718852996826,474,1
54.040563344955444,514,1
54.044416666030884,373,1
54.04834175109863,409,1
54.05236315727234,523,1
54.056329011917114,518,1
54.06020188331604,575,1
54.06399202346802,434,1
54.06854009628296,426,1
54.07274580001831,547,1
54.075761556625366,557,1
54.07977080345154,634,1
54.08369731903076,506,1
54.08765983581543,448,1
54.09136199951172,560,1
54.095298290252686,554,1
54.09945797920227,607,1
54.10370588302612,492,1
54.10706305503845,405,1
54.1111273765564,523,1
54.114827394485474,541,1
54.11907148361206,640,1
54.12324571609497,563,1
54.126662254333496,449,1
54.130496978759766,572,1
54.1347234249115,589,1
54.138925075531006,669,1
54.142245292663574,607,1
54.14614486694336,466,1
54.15018439292908,587,1
54.15442371368408,592,1
54.158113956451416,622,1
54.1619074344635,572,1
54.165743827819824,406,1
54.1699583530426,499,1
54.17378258705139,536,1
54.177488565444946,581,1
54.181509494781494,571,1
54.18588042259216,407,1
54.189318895339966,500,1
54.19309639930725,571,1
54.19711446762085,590,1
54.201260566711426,601,1
54.20511221885681,442,1
54.20889592170715,495,1
54.21271204948425,559,1
54.21672558784485,548,1
54.221073150634766,586,1
54.22441649436951,461,1
54.22829270362854,515,1
54.232263803482056,630,1
54.236968755722046,635,1
54.2401282787323,699,1
54.244094133377075,581,1
54.24805808067322,602,1
54.25197196006775,717,1
54.256282806396484,707,1
54.25971031188965,777,1
54.26353859901428,654,1
54.26769828796387,610,1
54.2714467048645,715,1
54.2752947807312,705,1
54.27914023399353,770,1
54.283108711242676,653,1
54.287209272384644,578,1
54.29103755950928,697,1
54.29484534263611,685,1
54.29872536659241,749,1
54.3033013343811,649,1
54.30665469169617,529,1
54.31044030189514,633,1
54.31436228752136,643,1
54.318525552749634,731,1
54.32233786582947,678,1
54.32609701156616,549,1
54.33014225959778,669,1
54.33429932594299,682,1
54.341694593429565,721,1
54.342113733291626,667,1
54.34575319290161,510,1
54.34985089302063,621,1
54.35355830192566,650,1
54.35753917694092,682,1
54.361337184906006,666,1
54.36531591415405,484,1
54.37020826339722,558,1
54.37326669692993,597,1
54.37697625160217,607,1
54.38099217414856,629,1
54.38485288619995,446,1
54.38905191421509,509,1
54.392677783966064,569,1
54.39655423164368,575,1
54.400524854660034,610,1
54.40489625930786,473,1
54.40826606750488,525,1
54.412209033966064,609,1
54.416240215301514,604,1
54.42029857635498,656,1
54.42407250404358,516,1
54.427871227264404,505,1
54.43183374404907,587,1
54.436203479766846,579,1
54.43969392776489,644,1
54.4434654712677,520,1
54.44749164581299,484,1
54.45290184020996,609,1
54.45531702041626,601,1
54.45912790298462,664,1
54.46313667297363,541,1
54.46824908256531,467,1
54.47626519203186,569,1
54.476619482040405,530,1
54.478841066360474,580,1
54.48286962509155,469,1
54.4875648021698,371,1
54.49065327644348,504,1
54.494327545166016,515,1
54.49825143814087,594,1
54.50408387184143,520,1
54.50976538658142,385,1
54.51016092300415,501,1
54.514023303985596,510,1
54.51846098899841,561,1
54.52317142486572,517,1
54.52694129943848,366,1
54.529666900634766,464,1
54.53346633911133,484,1
54.53782367706299,523,1
54.541276931762695,505,1
54.54518485069275,349,1
54.54914402961731,458,1
54.55316686630249,513,1
54.55732536315918,558,1
54.5608549118042,559,1
54.56484079360962,375,1
54.56888747215271,436,1
54.573068380355835,498,1
54.57653832435608,522,1
54.58064031600952,538,1
54.5845844745636,354,1
54.58859372138977,385,1
54.59217286109924,482,1
54.596091985702515,489,1
54.600130796432495,541,1
54.60460019111633,396,1
54.607808351516724,400,1
54.61178421974182,474,1
54.61576008796692,460,1
54.62007975578308,519,1
54.623597621917725,375,1
54.6273980140686,348,1
54.631319761276245,471,1
54.6361939907074,475,1
54.639132499694824,548,1
54.643094539642334,421,1
54.64693212509155,366,1
54.65096879005432,480,1
54.656086444854736,475,1
54.658756732940674,560,1
54.66261553764343,450,1
54.66656470298767,339,1
54.67330980300903,440,1
54.67430782318115,429,1
54.67824649810791,502,1
54.6821186542511,429,1
54.68644642829895,306,1
54.69003176689148,426,1
54.693864583969116,454,1
54.697821617126465,528,1
54.70331025123596,475,1
54.706517934799194,326,1
54.709532022476196,435,1
54.713446617126465,472,1
54.71733808517456,529,1
54.721914768218994,500,1
54.72515344619751,341,1
54.72906541824341,439,1
54.73329997062683,482,1
54.737738847732544,519,1
54.7408344745636,513,1
54.74472117424011,346,1
54.7486846446991,439,1
54.75320267677307,519,1
54.75651574134827,552,1
54.76044154167175,570,1
54.76428985595703,396,1
54.76816201210022,454,1
54.7723491191864,532,1
54.77610373497009,549,1
54.77999663352966,577,1
54.78405475616455,417,1
54.78839731216431,444,1
54.791743516922,554,1
54.79564118385315,556,1
54.79986357688904,601,1
54.80398941040039,465,1
54.80733942985535,450,1
54.81120586395264,556,1
54.81516933441162,553,1
54.820470094680786,622,1
54.82344627380371,495,1
54.82698655128479,433,1
54.830965757369995,541,1
54.837480783462524,513,1
54.84046173095703,586,1
54.84251570701599,485,1
54.84641194343567,393,1
54.8504102230072,500,1
54.85475254058838,488,1
54.85822916030884,588,1
54.86209750175476,526,1
54.86653733253479,437,1
54.870091915130615,572,1
54.87397503852844,565,1
54.877912521362305,624,1
54.88176727294922,572,1
54.886080503463745,423,1
54.89046931266785,519,1
54.89340615272522,543,1
54.897276639938354,601,1
54.90327596664429,571,1
54.90582299232483,418,1
54.90909552574158,509,1
54.91289234161377,535,1
54.91686153411865,569,1
54.921900510787964,567,1
54.92480993270874,409,1
54.928744077682495,491,1
54.93260645866394,552,1
54.939383029937744,590,1
54.94033980369568,603,1
54.944244623184204,426,1
54.948127031326294,486,1
54.95340323448181,550,1
54.956162452697754,553,1
54.95983862876892,579,1
54.963918685913086,415,1
54.96910095214844,425,1
54.97213363647461,504,1
54.9755744934082,483,1
54.97951579093933,529,1
54.98335552215576,392,1
54.99178719520569,390,1
54.992897510528564,490,1
54.99514555931091,480,1
54.99915814399719,552,1
55.00646162033081,434,1
55.00862455368042,406,1
55.01078820228577,526,1
55.01469922065735,525,1
55.02058172225952,630,1
55.02406406402588,535,1
55.02639937400818,484,1
55.030288219451904,622,1
55.03460097312927,612,1
55.04022192955017,707,1
55.04219961166382,615,1
55.04610824584961,500,1
55.05003094673157,620,1
55.0559401512146,619,1
55.058881521224976,682,1
55.06173300743103,613,1
55.06558179855347,480,1
55.07170367240906,587,1
55.073354959487915,602,1
55.077232122421265,667,1
55.08123850822449,621,1
55.085121393203735,487,1
55.08910655975342,617,1
55.09313917160034,656,1
55.09698009490967,690,1
55.101003885269165,661,1
55.10487246513367,505,1
55.10849666595459,605,1
55.112473011016846,653,1
55.11644792556763,691,1
55.12121844291687,687,1
55.124374866485596,497,1
55.128095388412476,544,1
55.13205814361572,598,1
55.137107133865356,596,1
55.139968156814575,625,1
55.14375901222229,468,1
55.14770865440369,512,1
55.1517288684845,584,1
55.15552091598511,569,1
55.159464836120605,619,1
55.163310050964355,480,1
55.16731142997742,487,1
55.17332625389099,579,1
55.175013303756714,574,1
55.17902088165283,645,1
55.18329668045044,510,1
55.18710994720459,486,1
55.19084882736206,600,1
55.19467544555664,591,1
55.198511362075806,661,1
55.20317602157593,537,1
55.20632457733154,463,1
55.21024489402771,580,1
55.21419382095337,567,1
55.21883749961853,633,1
55.22204852104187,538,1
55.22603678703308,452,1
55.22995114326477,574,1
55.23382902145386,572,1
55.23854041099548,653,1
55.24165964126587,581,1
55.2454617023468,457,1
55.249486207962036,578,1
55.25408601760864,588,1
55.25720238685608,636,1
55.26124167442322,579,1
55.26499652862549,422,1
55.2690863609314,532,1
55.27297759056091,560,1
55.276731967926025,616,1
55.280739307403564,601,1
55.28498816490173,441,1
55.289146184921265,536,1
55.29241704940796,588,1
55.2963171005249,635,1
55.30030035972595,648,1
55.307021379470825,487,1
55.30812668800354,555,1
55.31196475028992,612,1
55.315868854522705,650,1
55.32027196884155,662,1
55.32381558418274,475,1
55.32767081260681,488,1
55.33152389526367,559,1
55.335869550704956,563,1
55.33939170837402,611,1
55.343252420425415,446,1
55.347153425216675,458,1
55.3521614074707,552,1
55.35550236701965,553,1
55.358867168426514,633,1
55.36285376548767,505,1
55.36679148674011,481,1
55.371063470840454,569,1
55.37466812133789,549,1
55.378501892089844,604,1
55.38237118721008,472,1
55.386505126953125,394,1
55.3911349773407,496,1
55.39411950111389,494,1
55.39812159538269,555,1
55.40215849876404,444,1
55.406163930892944,353,1
55.40974235534668,483,1
55.41373157501221,484,1
55.41788911819458,570,1
55.42170763015747,501,1
55.42543649673462,392,1
55.42930603027344,521,1
55.43352651596069,541,1
55.44044065475464,619,1
55.44113564491272,579,1
55.445149421691895,434,1
55.44906497001648,529,1
55.45292639732361,552,1
55.456931829452515,592,1
55.4606831073761,564,1
55.464563846588135,410,1
55.46871876716614,514,1
55.4730167388916,555,1
55.476900815963745,586,1
55.48027181625366,571,1
55.485721826553345,399,1
55.491400718688965,470,1
55.49220395088196,531,1
55.49584603309631,558,1
55.499913454055786,582,1
55.50801944732666,432,1
55.50864934921265,490,1
55.511528730392456,563,1
55.515445709228516,573,1
55.519712924957275,601,1
55.52339291572571,431,1
55.52732253074646,447,1
55.53104829788208,552,1
55.53592896461487,537,1
55.53916144371033,582,1
55.542933225631714,424,1
55.54683542251587,387,1
55.550848722457886,483,1
55.55502963066101,485,1
55.55839562416077,551,1
55.56230545043945,402,1
55.566367626190186,347,1
55.570929527282715,452,1
55.574240922927856,426,1
55.57800769805908,498,1
55.58188080787659,391,1
55.58599519729614,303,1
55.58997845649719,416,1
55.59368395805359,413,1
55.59752011299133,492,1
55.601685523986816,404,1
55.60601258277893,299,1
55.60931658744812,426,1
55.61318826675415,442,1
55.617295026779175,515,1
55.62159013748169,455,1
55.624932289123535,329,1
55.62882351875305,450,1
55.632981061935425,481,1
55.63751244544983,547,1
55.64072847366333,528,1
55.64447021484375,385,1
55.64843535423279,493,1
55.65274620056152,530,1
55.65632510185242,569,1
55.66009879112244,551,1
55.66402506828308,357,1
55.66805601119995,409,1
55.67259740829468,462,1
55.675812005996704,503,1
55.67972779273987,514,1
55.68370819091797,346,1
55.68834638595581,422,1
55.691423177719116,490,1
55.69540190696716,504,1
55.69923400878906,557,1
55.703895807266235,414,1
55.707141637802124,455,1
55.711148262023926,552,1
55.71507740020752,554,1
55.719550132751465,608,1
55.723209381103516,451,1
55.726755142211914,442,1
55.73052644729614,535,1
55.73473501205444,503,1
55.73865294456482,573,1
55.74238181114197,441,1
55.75490474700928,391,1
55.76196479797363,507,1
55.76234722137451,510,1
55.76253867149353,589,1
55.762826442718506,483,1
55.76577568054199,407,1
55.77058124542236,517,1
55.773714542388916,507,1
55.77751636505127,588,1
55.781421422958374,486,1
55.78544735908508,381,1
55.78983974456787,509,1
55.793131828308105,500,1
55.79712915420532,558,1
55.801578521728516,485,1
55.80518817901611,361,1
55.80878686904907,494,1
55.81295895576477,543,1
55.81670117378235,623,1
55.82052421569824,604,1
55.82446765899658,464,1
55.82834196090698,565,1
55.83236527442932,591,1
55.836371421813965,639,1
55.84010195732117,622,1
55.84406232833862,465,1
55.84792160987854,579,1
55.85194993019104,649,1
55.8561372756958,677,1
55.859745264053345,677,1
55.86355113983154,503,1
55.8676221370697,567,1
55.871861696243286,631,1
55.8752806186676,653,1
55.87929391860962,687,1
55.88315773010254,528,1
55.888293981552124,575,1
55.891066789627075,655,1
55.894850730895996,636,1
55.89876580238342,649,1
55.90299201011658,478,1
55.90668845176697,478,1
55.91049933433533,574,1
55.9144344329834,560,1
55.91860342025757,611,1
55.92259979248047,470,1
55.9261679649353,445,1
55.930052518844604,550,1
55.93411064147949,528,1
55.93825626373291,577,1
55.942012786865234,449,1
55.94581985473633,386,1
55.94975471496582,507,1
55.954195976257324,513,1
55.95750331878662,597,1
55.961381912231445,508,1
55.965252161026,429,1
55.96957755088806,554,1
55.97331714630127,563,1
55.977009296417236,637,1
55.98112082481384,555,1
55.985496520996094,431,1
55.989911794662476,542,1
55.99270272254944,545,1
55.99666213989258,594,1
56.000579595565796,533,1
56.00474238395691,387,1
56.00829529762268,508,1
56.01224231719971,543,1
56.0165855884552,598,1
56.02020716667175,574,1
56.02396273612976,413,1
56.02803349494934,505,1
56.03178811073303,541,1
56.035889625549316,565,1
56.03982090950012,553,1
56.043514013290405,401,1
56.04749870300293,496,1
56.051692724227905,556,1
56.055806159973145,574,1
56.059199810028076,596,1
56.06311225891113,441,1
56.06733417510986,500,1
56.07158923149109,599,1
56.07511925697327,626,1
56.07884359359741,685,1
56.08289170265198,534,1
56.086716651916504,551,1
56.091002464294434,641,1
56.09440565109253,624,1
56.09830379486084,674,1
56.102355003356934,530,1
56.10614538192749,510,1
56.11010766029358,626,1
56.11418271064758,615,1
56.118722915649414,676,1
56.1224422454834,558,1
56.125755071640015,505,1
56.129788637161255,614,1
56.13360238075256,600,1
56.13785099983215,686,1
56.141355752944946,591,1
56.14536166191101,498,1
56.1491584777832,624,1
56.15323328971863,626,1
56.15718078613281,700,1
56.161059856414795,617,1
56.16496825218201,495,1
56.16899752616882,636,1
56.17337131500244,639,1
56.176536560058594,681,1
56.18048810958862,599,1
56.18470764160156,452,1
56.18937849998474,566,1
56.19224405288696,598,1
56.19626235961914,660,1
56.200110912323,633,1
56.204556465148926,484,1
56.20781660079956,584,1
56.21174240112305,627,1
56.215744972229004,662,1
56.21995186805725,651,1
56.22370934486389,489,1
56.227378606796265,562,1
56.2312958240509,622,1
56.2355272769928,650,1
56.23916411399841,654,1
56.24304747581482,476,1
56.2471399307251,539,1
56.251168966293335,602,1
56.255271434783936,607,1
56.258750438690186,642,1
56.26265573501587,480,1
56.26660656929016,496,1
56.27080845832825,580,1
56.274449825286865,572,1
56.27829194068909,626,1
56.282204389572144,488,1
56.286344051361084,486,1
56.29085087776184,597,1
56.29420828819275,602,1
56.29788780212402,683,1
56.30212163925171,532,1
56.30672264099121,469,1
56.30957770347595,570,1
56.313642501831055,559,1
56.317487716674805,627,1
56.32168436050415,505,1
56.325305223464966,417,1
56.32908248901367,521,1
56.33344745635986,502,1
56.33744239807129,575,1
56.34082889556885,487,1
56.34474301338196,369,1
56.34869122505188,500,1
56.352779388427734,489,1
56.35682678222656,554,1
56.36056351661682,495,1
56.36435508728027,365,1
56.36875367164612,477,1
56.372822284698486,501,1
56.37603950500488,546,1
56.379985332489014,496,1
56.38416123390198,338,1
56.3882577419281,442,1
56.39174962043762,478,1
56.395672082901,531,1
56.39963436126709,517,1
56.4038667678833,350,1
56.40744662284851,445,1
56.411287784576416,506,1
56.41517996788025,540,1
56.4195556640625,562,1
56.423160791397095,417,1
56.42705249786377,496,1
56.43094801902771,570,1
56.434895753860474,584,1
56.439019203186035,617,1
56.442596673965454,464,1
56.44645357131958,485,1
56.45040321350098,560,1
56.45567011833191,558,1
56.458210945129395,594,1
56.46231007575989,445,1
56.46638345718384,422,1
56.4710955619812,516,1
56.47390127182007,497,1
56.47780108451843,570,1
56.48171067237854,453,1
56.48593711853027,422,1
56.48952317237854,532,1
56.493403911590576,524,1
56.4973201751709,604,1
56.50124478340149,495,1
56.5052170753479,429,1
56.509069204330444,548,1
56.513147830963135,522,1
56.51713752746582,597,1
56.52136993408203,497,1
56.52477312088013,392,1
56.52866721153259,514,1
56.53259611129761,535,1
56.538877725601196,611,1
56.54080843925476,525,1
56.54424476623535,399,1
56.54821014404297,514,1
56.55224108695984,516,1
56.55633735656738,566,1
56.56004500389099,525,1
56.563843727111816,394,1
56.569581031799316,488,1
56.57319235801697,499,1
56.5756630897522,521,1
56.57948136329651,503,1
56.5835075378418,336,1
56.58799695968628,431,1
56.59127140045166,493,1
56.59511041641235,526,1
56.599019289016724,532,1
56.6031551361084,367,1
56.60689115524292,426,1
56.610809564590454,467,1
56.61477041244507,474,1
56.61872744560242,490,1
56.62259125709534,333,1
56.62651824951172,377,1
56.6304030418396,455,1
56.63435220718384,457,1
56.63845658302307,498,1
56.64204788208008,333,1
56.64603900909424,334,1
56.65009260177612,426,1
56.654181718826294,423,1
56.65786266326904,481,1
56.6618230342865,343,1
56.665807247161865,314,1
56.669663429260254,416,1
56.67352509498596,404,1
56.67729568481445,494,1
56.68119835853577,370,1
56.68525218963623,303,1
56.68927025794983,408,1
56.69296479225159,406,1
56.69697618484497,502,1
56.70116949081421,404,1
56.70491075515747,319,1
56.70874047279358,429,1
56.71261763572693,426,1
56.71651744842529,498,1
56.72060441970825,428,1
56.72429871559143,313,1
56.72812008857727,421,1
56.732038736343384,428,1
56.73656940460205,496,1
56.739962339401245,435,1
56.74397039413452,299,1
56.74775815010071,408,1
56.75186109542847,438,1
56.7557213306427,484,1
56.75943183898926,456,1
56.76338005065918,320,1
56.76882529258728,449,1
56.77186417579651,507,1
56.77519655227661,545,1
56.779101610183716,551,1
56.78320837020874,391,1
56.78738355636597,470,1
56.790765047073364,538,1
56.79468536376953,552,1
56.7986695766449,562,1
56.802846908569336,390,1
56.806443214416504,435,1
56.81030321121216,522,1
56.814271450042725,522,1
56.81830954551697,565,1
56.82538056373596,419,1
56.82644057273865,430,1
56.82995963096619,523,1
56.834031105041504,516,1
56.84002900123596,566,1
56.84168004989624,432,1
56.84548473358154,425,1
56.84952974319458,540,1
56.853496074676514,510,1
56.857229709625244,560,1
56.86114978790283,422,1
56.86511564254761,360,1
56.86930060386658,469,1
56.87333846092224,464,1
56.876818895339966,531,1
56.880741357803345,404,1
56.88597059249878,314,1
56.890822410583496,439,1
56.89254331588745,438,1
56.896320819854736,533,1
56.90048384666443,471,1
56.9042866230011,369,1
56.908087730407715,498,1
56.912044048309326,514,1
56.9165141582489,598,1
56.920159101486206,555,1
56.924211263656616,434,1
56.92785930633545,539,1
56.931654930114746,562,1
56.935654640197754,605,1
56.93948936462402,561,1
56.94330191612244,390,1
56.94723343849182,483,1
56.95115303993225,532,1
56.95512676239014,569,1
56.95914173126221,561,1
56.96308898925781,414,1
56.97641181945801,517,1
56.97717595100403,589,1
56.9818377494812,620,1
56.98698592185974,650,1
56.988346576690674,495,1
56.9894745349884,544,1
56.99026274681091,627,1
56.99418544769287,636,1
56.9980628490448,682,1
57.00244140625,544,1
57.006014347076416,576,1
57.00978946685791,673,1
57.01374578475952,681,1
57.018136739730835,723,1
57.022173166275024,553,1
57.02545475959778,513,1
57.029366970062256,595,1
57.033382415771484,576,1
57.03781080245972,626,1
57.0411536693573,494,1
57.04502081871033,434,1
57.05053186416626,538,1
57.05287218093872,539,1
57.05732083320618,640,1
57.060781717300415,539,1
57.06465411186218,461,1
57.06852340698242,576,1
57.0728862285614,577,1
57.076340436935425,668,1
57.0802788734436,576,1
57.08419418334961,481,1
57.088573932647705,615,1
57.09214782714844,627,1
57.095862865448,701,1
57.09996008872986,625,1
57.10436773300171,483,1
57.107702016830444,604,1
57.11157965660095,621,1
57.11543250083923,685,1
57.11949133872986,616,1
57.12335681915283,448,1
57.12717890739441,561,1
57.13116955757141,615,1
57.1353497505188,658,1
57.139769077301025,647,1
57.142860889434814,479,1
57.14675688743591,563,1
57.15082335472107,620,1
57.1551079750061,651,1
57.15876054763794,657,1
57.16235661506653,481,1
57.16639161109924,545,1
57.17103290557861,624,1
57.17416715621948,650,1
57.1780104637146,683,1
57.18204116821289,518,1
57.18743705749512,546,1
57.18989944458008,628,1
57.19371700286865,622,1
57.19777297973633,650,1
57.20170068740845,470,1
57.20683789253235,449,1
57.20932173728943,554,1
57.21330761909485,546,1
57.21732020378113,604,1
57.22151184082031,464,1
57.2249801158905,428,1
57.228999853134155,547,1
57.23337411880493,532,1
57.237016916275024,597,1
57.2414448261261,484,1
57.244548320770264,413,1
57.248589754104614,526,1
57.252429485321045,528,1
57.25682306289673,620,1
57.2601592540741,534,1
57.26417541503906,441,1
57.268277168273926,565,1
57.27210783958435,574,1
57.27583456039429,658,1
57.27974510192871,579,1
57.28376364707947,448,1
57.28838109970093,557,1
57.2914834022522,562,1
57.29543161392212,606,1
57.29932236671448,534,1
57.30372905731201,374,1
57.307167768478394,466,1
57.31104612350464,501,1
57.3149790763855,550,1
57.31902551651001,533,1
57.32291913032532,378,1
57.326802492141724,465,1
57.33069825172424,516,1
57.334681034088135,545,1
57.33870315551758,577,1
57.34245276451111,401,1
57.34625577926636,455,1
57.35026526451111,528,1
57.3550078868866,543,1
57.35809946060181,551,1
57.36193871498108,395,1
57.36579728126526,448,1
57.37011647224426,519,1
57.37384295463562,526,1
57.3775110244751,571,1
57.3814640045166,438,1
57.385496854782104,432,1
57.38971257209778,517,1
57.39322113990784,524,1
57.39721918106079,587,1
57.4013249874115,446,1
57.40570306777954,416,1
57.40882635116577,532,1
57.412744760513306,526,1
57.416900873184204,597,1
57.420796155929565,467,1
57.42446684837341,397,1
57.42839527130127,506,1
57.43230676651001,486,1
57.43702840805054,568,1
57.44011950492859,452,1
57.44405007362366,339,1
57.44814991950989,457,1
57.45212149620056,462,1
57.455852031707764,532,1
57.459757566452026,446,1
57.46375489234924,336,1
57.467546463012695,467,1
57.47144865989685,496,1
57.47538757324219,564,1
57.479286193847656,504,1
57.48324131965637,360,1
57.48715877532959,474,1
57.493364334106445,516,1
57.4950110912323,574,1
57.498932123184204,554,1
57.5091917514801,401,1
57.51112508773804,507,1
57.5117290019989,566,1
57.51454210281372,615,1
57.51851749420166,609,1
57.52582144737244,446,1
57.52673840522766,514,1
57.53037190437317,566,1
57.53618574142456,582,1
57.54027771949768,605,1
57.54203748703003,451,1
57.54589104652405,508,1
57.55081033706665,600,1
57.55803298950195,628,1
57.5590500831604,659,1
57.56146311759949,484,1
57.57500171661377,481,1
57.57743835449219,558,1
57.577887296676636,553,1
57.578935861587524,606,1
57.580991983413696,457,1
57.58735513687134,430,1
57.58998227119446,528,1
57.595014810562134,517,1
57.59674692153931,591,1
57.601053953170776,466,1
57.606369733810425,410,1
57.608407497406006,521,1
57.61225771903992,503,1
57.61646604537964,571,1
57.62124252319336,462,1
57.63057279586792,381,1
57.63770246505737,495,1
57.64851474761963,485,1
57.648762941360474,572,1
57.649230003356934,485,1
57.655922174453735,367,1
57.657445430755615,477,1
57.65912652015686,479,1
57.65939736366272,539,1
57.65969657897949,468,1
57.6631715297699,345,1
57.66705513000488,455,1
57.67115569114685,469,1
57.674917459487915,528,1
57.67879772186279,495,1
57.68294143676758,351,1
57.68714761734009,464,1
57.690847635269165,511,1
57.69440937042236,548,1
57.69832754135132,535,1
57.7022807598114,374,1
57.70615243911743,457,1
57.71006178855896,522,1
57.714144229888916,552,1
57.71797227859497,554,1
57.72267436981201,383,1
57.72588086128235,445,1
57.72970652580261,527,1
57.733614683151245,550,1
57.73777222633362,579,1
57.741363286972046,420,1
57.74527835845947,439,1
57.749170541763306,523,1
57.75331354141235,529,1
57.75724411010742,582,1
57.76095128059387,432,1
57.76482558250427,440,1
57.770869970321655,538,1
57.7736439704895,519,1
57.77665638923645,589,1
57.780505657196045,456,1
57.78457498550415,404,1
57.788792848587036,520,1
57.79222774505615,513,1
57.79615879058838,588,1
57.80010724067688,481,1
57.8050217628479,406,1
57.80801582336426,527,1
57.811813831329346,523,1
57.81578207015991,608,1
57.819825172424316,523,1
57.82368278503418,426,1
57.82742977142334,546,1
57.83132886886597,558,1
57.83574867248535,632,1
57.83936071395874,560,1
57.84315848350525,437,1
57.84716176986694,600,1
57.8520073890686,635,1
57.85505247116089,686,1
57.85874652862549,626,1
57.86279559135437,467,1
57.866660356521606,560,1
57.87057662010193,588,1
57.874401807785034,634,1
57.878315925598145,621,1
57.88229322433472,453,1
57.886741638183594,533,1
57.89080214500427,582,1
57.89419436454773,610,1
57.89813756942749,608,1
57.90198850631714,426,1
57.906973361968994,485,1
57.90966320037842,556,1
57.91350221633911,569,1
57.91742420196533,594,1
57.921974420547485,437,1
57.9252245426178,475,1
57.92922329902649,570,1
57.93344807624817,584,1
57.93695855140686,627,1
57.94105005264282,476,1
57.944809436798096,478,1
57.948734998703,574,1
57.95269322395325,561,1
57.95663022994995,623,1
57.960554361343384,473,1
57.96450209617615,434,1
57.96859788894653,538,1
57.97251558303833,524,1
57.97610878944397,588,1
57.98005390167236,453,1
57.98412084579468,383,1
57.98891997337341,497,1
57.99190878868103,495,1
57.995699644088745,575,1
57.99982690811157,476,1
58.00381326675415,401,1
58.00773906707764,541,1
58.011468172073364,562,1
58.01531767845154,645,1
58.01929235458374,581,1
58.023313760757446,468,1
58.027077198028564,576,1
58.030879735946655,591,1
58.034868478775024,654,1
58.03903794288635,600,1
58.04281663894653,448,1
58.046589851379395,556,1
58.050578117370605,586,1
58.054505825042725,623,1
58.05826449394226,599,1
58.06227159500122,432,1
58.06655931472778,528,1
58.070446491241455,578,1
58.073991775512695,620,1
58.0778272151947,633,1
58.081791162490845,476,1
58.08575367927551,547,1
58.08974575996399,601,1
58.09345746040344,620,1
58.097434520721436,626,1
58.10130858421326,439,1
58.105538845062256,478,1
58.10927081108093,557,1
58.113017559051514,552,1
58.1171088218689,582,1
58.12256598472595,420,1
58.12479591369629,434,1
58.128772258758545,515,1
58.132668256759644,503,1
58.13755464553833,549,1
58.14046359062195,384,1
58.1443305015564,355,1
58.1482458114624,473,1
58.152331829071045,471,1
58.15646982192993,545,1
58.1600558757782,428,1
58.16391444206238,394,1
58.16784477233887,517,1
58.172536849975586,530,1
58.175721645355225,625,1
58.179550647735596,524,1
58.1837522983551,434,1
58.18745255470276,556,1
58.19133448600769,557,1
58.19518971443176,635,1
58.19916081428528,551,1
58.20393466949463,428,1
58.20709037780762,535,1
58.21088933944702,538,1
58.21490550041199,593,1
58.21887993812561,521,1
58.22298574447632,373,1
58.226513624191284,491,1
58.23040556907654,524,1
58.23475980758667,582,1
58.238457441329956,546,1
58.242268085479736,399,1
58.24604153633118,500,1
58.25012731552124,544,1
58.25427603721619,600,1
58.25806474685669,611,1
58.2618293762207,456,1
58.26584506034851,550,1
58.270190715789795,609,1
58.273454666137695,612,1
58.27739119529724,618,1
58.28124499320984,446,1
58.28578448295593,504,1
58.28915071487427,583,1
58.29302740097046,594,1
58.29703426361084,634,1
58.300864458084106,480,1
58.3050582408905,509,1
58.30885195732117,600,1
58.31254434585571,600,1
58.31649875640869,651,1
58.32111930847168,522,1
58.32432436943054,521,1
58.32821202278137,613,1
58.33213186264038,595,1
58.33609080314636,663,1
58.34002637863159,527,1
58.34399080276489,472,1
58.34778547286987,594,1
58.351852893829346,591,1
58.35564589500427,671,1
58.35950207710266,559,1
58.36342263221741,483,1
58.367411851882935,604,1
58.371474742889404,601,1
58.37513327598572,688,1
58.3790864944458,609,1
58.38340353965759,494,1
58.38885450363159,607,1
58.39089393615723,609,1
58.394752740859985,670,1
58.3988401889801,591,1
58.404463052749634,445,1
58.40655207633972,549,1
58.410467863082886,576,1
58.41431522369385,631,1
58.41946458816528,592,1
58.42232418060303,439,1
58.42619800567627,537,1
58.42990207672119,573,1
58.43395709991455,615,1
58.43978786468506,610,1
58.4417769908905,458,1
58.445539236068726,536,1
58.449469327926636,591,1
58.453439474105835,623,1
58.457292556762695,644,1
58.46120762825012,471,1
58.465107917785645,515,1
58.469828844070435,585,1
58.47293949127197,600,1
58.4768340587616,631,1
58.4807710647583,474,1
58.488044023513794,506,1
58.49211621284485,592,1
58.492554664611816,585,1
58.49646282196045,615,1
58.50035643577576,464,1
58.5044264793396,459,1
58.50813364982605,551,1
58.51207685470581,542,1
58.51611137390137,615,1
58.52083945274353,497,1
58.52378964424133,467,1
58.527748823165894,583,1
58.531675815582275,573,1
58.53556537628174,641,1
58.53943586349487,521,1
58.543377161026,434,1
58.54744911193848,553,1
58.554218769073486,556,1
58.55867862701416,633,1
58.559422969818115,528,1
58.563003063201904,411,1
58.566927671432495,518,1
58.57084131240845,504,1
58.574798822402954,576,1
58.57863235473633,506,1
58.58247113227844,382,1
58.58799147605896,499,1
58.59031057357788,510,1
58.59418535232544,556,1
58.598119258880615,500,1
58.60309720039368,358,1
58.606098890304565,466,1
58.609827756881714,510,1
58.613778829574585,574,1
58.61824345588684,561,1
58.62268948554993,406,1
58.62555003166199,511,1
58.62950348854065,586,1
58.63673210144043,638,1
58.63896131515503,642,1
58.641165018081665,472,1
58.645058393478394,535,1
58.649014949798584,595,1
58.65340757369995,593,1
58.6568603515625,619,1
58.66075849533081,455,1
58.664716482162476,481,1
58.669455766677856,561,1
58.672547578811646,570,1
58.676355838775635,619,1
58.680304765701294,475,1
58.68577265739441,478,1
58.68903088569641,572,1
58.69199562072754,571,1
58.69609618186951,629,1
58.70036745071411,492,1
58.70816946029663,468,1
58.70919442176819,579,1
58.71156024932861,569,1
58.71549201011658,628,1
58.720935344696045,496,1
58.723350286483765,432,1
58.72720670700073,530,1
58.7311065196991,503,1
58.737000465393066,575,1
58.73911929130554,475,1
58.742878675460815,389,1
58.74680829048157,510,1
58.75478172302246,505,1
58.75662684440613,583,1
58.758503913879395,520,1
58.76241636276245,411,1
58.766520261764526,529,1
58.77228355407715,544,1
58.77420711517334,611,1
58.77814984321594,552,1
58.78196859359741,415,1
58.787325382232666,524,1
58.78984713554382,550,1
58.793766498565674,600,1
58.79771375656128,563,1
58.80419182777405,390,1
58.806167125701904,478,1
58.80946660041809,522,1
58.81335210800171,552,1
58.81888008117676,540,1
58.827486991882324,363,1
58.8296103477478,430,1
58.83030343055725,495,1
58.83383512496948,524,1
58.8425018787384,557,1
58.844353675842285,395,1
58.84559226036072,441,1
58.854719161987305,535,1
58.86107897758484,570,1
58.86195635795593,619,1
58.86219930648804,475,1
58.86416292190552,481,1
58.87073254585266,554,1
58.872517347335815,534,1
58.87588357925415,575,1
58.87981057167053,419,1
58.883808851242065,400,1
58.889946699142456,504,1
58.891547203063965,488,1
58.89548993110657,563,1
58.89943861961365,436,1
58.906588554382324,383,1
58.90788388252258,496,1
58.91110587120056,486,1
58.91509747505188,569,1
58.9217791557312,456,1
58.923420906066895,366,1
58.92673110961914,488,1
58.9307541847229,491,1
58.93470764160156,572,1
58.939358711242676,487,1
58.94239664077759,388,1
58.946428060531616,518,1
58.950297355651855,527,1
58.95574235916138,604,1
58.95805382728577,553,1
58.96211862564087,418,1
58.965951919555664,523,1
58.97077465057373,544,1
58.97411108016968,592,1
58.97771620750427,575,1
58.98150968551636,425,1
58.985482931137085,514,1
58.99038076400757,539,1
58.99323534965515,559,1
58.99730849266052,533,1
59.0022087097168,364,1
59.00631237030029,458,1
59.00909233093262,534,1
59.012850284576416,552,1
59.01733183860779,548,1
59.026328563690186,377,1
59.02668023109436,415,1
59.0284423828125,483,1
59.032371520996094,498,1
59.03945350646973,533,1
59.04106068611145,383,1
59.044286012649536,401,1
59.048091650009155,495,1
59.052958726882935,490,1
59.05612850189209,521,1
59.05983805656433,360,1
59.06386160850525,331,1
59.0685772895813,423,1
59.072744846343994,421,1
59.07543063163757,474,1
59.07938575744629,329,1
59.08470320701599,270,1
59.08944487571716,374,1
59.09103989601135,361,1
59.095009565353394,449,1
59.09891724586487,339,1
59.10290002822876,276,1
59.10671305656433,404,1
59.11069321632385,412,1
59.11452865600586,498,1
59.1184720993042,408,1
59.12238550186157,306,1
59.1262583732605,427,1
59.130157470703125,424,1
59.134361743927,490,1
59.138298988342285,429,1
59.142030239105225,308,1
59.14598536491394,440,1
59.149837255477905,470,1
59.153868436813354,550,1
59.15760660171509,516,1
59.16147017478943,372,1
59.165371894836426,487,1
59.16970181465149,523,1
59.17326474189758,567,1
59.17711663246155,570,1
59.18102192878723,419,1
59.18581986427307,513,1
59.18962812423706,567,1
59.192784786224365,592,1
59.19677519798279,600,1
59.201425075531006,431,1
59.20487141609192,497,1
59.2083945274353,583,1
59.21234703063965,608,1
59.216681241989136,635,1
59.22079348564148,467,1
59.22406315803528,486,1
59.22800970077515,567,1
59.231868505477905,567,1
59.236584424972534,608,1
59.23991799354553,453,1
59.243744134902954,450,1
59.24754476547241,543,1
59.251813650131226,531,1
59.25566744804382,586,1
59.25928711891174,448,1
59.26315951347351,421,1
59.26718235015869,540,1
59.27143669128418,538,1
59.27521800994873,606,1
59.27885293960571,481,1
59.282806396484375,412,1
59.288432598114014,535,1
59.29058313369751,533,1
59.29450869560242,622,1
59.29856896400452,529,1
59.30279517173767,422,1
59.306312084198,533,1
59.31016302108765,536,1
59.314223289489746,597,1
59.31863808631897,507,1
59.32323455810547,363,1
59.32575535774231,469,1
59.32979440689087,479,1
59.33378791809082,546,1
59.337579011917114,493,1
59.341418981552124,346,1
59.345348834991455,463,1
59.34929347038269,507,1
59.35336208343506,553,1
59.35705089569092,521,1
59.361132860183716,360,1
59.365079402923584,468,1
59.36953043937683,537,1
59.37286829948425,588,1
59.37670087814331,584,1
59.380626916885376,412,1
59.384870767593384,483,1
59.38843750953674,549,1
59.392388105392456,569,1
59.39627647399902,596,1
59.40011167526245,428,1
59.40416240692139,472,1
59.40808320045471,559,1
59.411853551864624,558,1
59.41575360298157,594,1
59.419933557510376,446,1
59.423691511154175,475,1
59.42750906944275,574,1
59.43149447441101,563,1
59.436073541641235,620,1
59.43967151641846,502,1
59.44313597679138,509,1
59.447086811065674,622,1
59.452030420303345,597,1
59.45548486709595,665,1
59.45878195762634,528,1
59.462754011154175,452,1
59.466768980026245,558,1
59.47058606147766,533,1
59.474425077438354,612,1
59.478352785110474,503,1
59.482258319854736,406,1
59.48689341545105,520,1
59.490073442459106,517,1
59.49397897720337,606,1
59.49804377555847,536,1
59.50256395339966,433,1
59.507455587387085,571,1
59.50974178314209,575,1
59.51357340812683,642,1
59.521103620529175,593,1
59.522319316864014,454,1
59.52535796165466,565,1
59.52918338775635,597,1
59.53346633911133,649,1
59.53921627998352,609,1
59.540953397750854,446,1
59.54484677314758,550,1
59.54876708984375,592,1
59.5538604259491,626,1
59.55670952796936,611,1
59.56048130989075,423,1
59.564412355422974,485,1
59.57002639770508,533,1
59.57385468482971,556,1
59.57614254951477,569,1
59.58009600639343,391,1
59.58814454078674,446,1
59.58983063697815,519,1
59.59183049201965,530,1
59.595736503601074,584,1
59.59986138343811,425,1
59.606197118759155,453,1
59.60744881629944,561,1
59.61133527755737,592,1
59.61526370048523,678,1
59.61976504325867,554,1
59.623377561569214,551,1
59.62709045410156,662,1
59.63098955154419,651,1
59.64380431175232,712,1
59.645119428634644,573,1
59.6488983631134,512,1
59.64929389953613,623,1
59.65160655975342,612,1
59.65507745742798,687,1
59.658297300338745,559,1
59.66218948364258,468,1
59.66610288619995,572,1
59.67023849487305,558,1
59.6742000579834,643,1
59.67785048484802,552,1
59.68175387382507,443,1
59.687801361083984,570,1
59.68976974487305,587,1
59.693471908569336,650,1
59.69739270210266,567,1
59.701884269714355,425,1
59.70561170578003,545,1
59.70915198326111,568,1
59.71312189102173,607,1
59.71708345413208,545,1
59.72317695617676,382,1
59.72478461265564,490,1
59.72874426841736,534,1
59.732699155807495,557,1
59.736570596694946,512,1
59.74043846130371,325,1
59.74437189102173,402,1
59.748263359069824,457,1
59.75225877761841,484,1
59.757471561431885,496,1
59.76015591621399,337,1
59.76409292221069,410,1
59.768139123916626,485,1
59.77243757247925,530,1
59.775710582733154,569,1
59.779563426971436,410,1
59.78378677368164,442,1
59.78864645957947,521,1
59.791388750076294,525,1
59.795210123062134,573,1
59.7991042137146,424,1
59.803258180618286,427,1
59.807251930236816,525,1
59.8108696937561,512,1
59.81477999687195,567,1
59.81883382797241,450,1
59.82271647453308,409,1
59.82650136947632,517,1
59.830410957336426,514,1
59.83448934555054,596,1
59.84069204330444,486,1
59.84221625328064,422,1
59.84612798690796,539,1
59.850114583969116,513,1
59.85402202606201,575,1
59.85798692703247,470,1
59.8617422580719,362,1
59.86568069458008,488,1
59.8702175617218,495,1
59.873510122299194,546,1
59.87739706039429,443,1
59.88136076927185,314,1
59.88658332824707,438,1
59.88946533203125,473,1
59.89309811592102,538,1
59.896939516067505,482,1
59.90194916725159,329,1
59.90528845787048,433,1
59.90884256362915,448,1
59.91267490386963,483,1
59.916805267333984,462,1
59.921802043914795,307,1
59.92434644699097,411,1
59.92822241783142,471,1
59.932173013687134,503,1
59.93629813194275,512,1
59.940046310424805,332,1
59.94385600090027,381,1
59.94777965545654,444,1
59.95246171951294,459,1
59.9558629989624,483,1
59.959580183029175,322,1
59.96350860595703,371,1
59.96737241744995,458,1
59.97267031669617,445,1
59.97521114349365,484,1
59.97907900810242,327,1
59.983344078063965,338,1
59.987154960632324,441,1
59.99082708358765,449,1
59.99475026130676,530,1
59.998974323272705,389,1
60.0028190612793,341,1
60.006579875946045,430,1
60.01036810874939,408,1
60.014397859573364,488,1
60.01832818984985,389,1
60.02216362953186,330,1
60.026066064834595,455,1
60.03013825416565,459,1
60.034005641937256,545,1
60.0383038520813,443,1
60.04174494743347,356,1
60.04573941230774,477,1
60.04947805404663,480,1
60.05370092391968,560,1
60.057400941848755,484,1
60.06134533882141,369,1
60.06514525413513,485,1
60.06947994232178,492,1
60.073121786117554,576,1
60.07707619667053,536,1
60.08083629608154,385,1
60.08519101142883,489,1
60.08939266204834,515,1
60.09253454208374,574,1
60.09646010398865,543,1
60.10042119026184,372,1
60.10466504096985,460,1
60.108309745788574,500,1
60.112099170684814,530,1
60.11603140830994,525,1
60.12112307548523,341,1
60.12385392189026,417,1
60.127755641937256,494,1
60.131712436676025,528,1
60.13609170913696,554,1
60.14013171195984,393,1
60.143423557281494,443,1
60.14731526374817,527,1
60.15151405334473,518,1
60.15606069564819,546,1
60.159061908721924,391,1
60.162952184677124,420,1
60.16696000099182,532,1
60.17274212837219,534,1
60.17556571960449,587,1
60.1787314414978,445,1
60.1825852394104,440,1
60.189629316329956,551,1
60.19061088562012,532,1
60.19433259963989,597,1
60.19821619987488,481,1
60.20227766036987,419,1
60.20787453651428,524,1
60.21010398864746,511,1
60.21399998664856,581,1
60.21787214279175,464,1
60.22178649902344,372,1
60.22554421424866,497,1
60.229456186294556,490,1
60.23347592353821,562,1
60.23944807052612,470,1
60.24140810966492,353,1
60.24515771865845,479,1
60.249022006988525,495,1
60.25465750694275,571,1
60.25692582130432,508,1
60.2607696056366,373,1
60.2646918296814,485,1
60.268765926361084,502,1
60.27253532409668,549,1
60.27644634246826,503,1
60.28033137321472,348,1
60.284451961517334,443,1
60.289469957351685,478,1
60.292075395584106,521,1
60.29604387283325,514,1
60.300111293792725,346,1
60.303961992263794,433,1
60.30781555175781,497,1
60.31171631813049,533,1
60.315521001815796,542,1
60.31993794441223,371,1
60.32342743873596,434,1
60.32737731933594,519,1
60.331178188323975,525,1
60.3366494178772,555,1
60.339308977127075,388,1
60.34303283691406,420,1
60.34692358970642,498,1
60.35081386566162,510,1
60.354785680770874,559,1
60.358699321746826,415,1
60.36245656013489,416,1
60.36678647994995,518,1
60.370415925979614,510,1
60.37449383735657,574,1
60.378265142440796,448,1
60.382241010665894,397,1
60.38641142845154,502,1
60.389949321746826,483,1
60.393776655197144,558,1
60.39780282974243,439,1
60.40187215805054,367,1
60.405661821365356,483,1
60.40943193435669,471,1
60.413373708724976,544,1
60.41737699508667,452,1
60.421942949295044,346,1
60.42516231536865,475,1
60.429227113723755,484,1
60.46601390838623,554,1
60.47302222251892,481,1
60.47332406044006,359,1
60.4737114906311,471,1
60.47397804260254,475,1
60.474199533462524,543,1
60.48200058937073,511,1
60.482359170913696,376,1
60.492671489715576,486,1
60.546687602996826,511,1
60.55537939071655,553,1
60.55745530128479,536,1
60.55780267715454,368,1
60.55949020385742,457,1
60.56099724769592,511,1
60.56136155128479,547,1
60.56178832054138,546,1
60.56216788291931,381,1
60.56260347366333,458,1
60.59912824630737,535,1
60.60638642311096,554,1
60.608378648757935,579,1
60.6087601184845,418,1
60.60911679267883,451,1
60.609344244003296,545,1
60.60968542098999,549,1
60.60992884635925,595,1
60.610191345214844,446,1
60.61043429374695,443,1
60.610647439956665,530,1
60.61089015007019,512,1
60.611103773117065,565,1
60.61134171485901,417,1
60.61160588264465,380,1
60.611817598342896,492,1
60.6119966506958,491,1
60.61225152015686,582,1
60.61250448226929,476,1
60.61277198791504,405,1
60.61304020881653,509,1
60.61324501037598,500,1
60.613664865493774,579,1
60.61384105682373,480,1
60.61407017707825,389,1
60.61429286003113,511,1
60.61451244354248,509,1
60.61468172073364,597,1
60.61680603027344,523,1
60.62078547477722,385,1
60.624757528305054,490,1
60.628549575805664,513,1
60.6324405670166,569,1
60.637190103530884,504,1
60.640331745147705,363,1
60.64414048194885,485,1
60.648072957992554,509,1
60.652100801467896,551,1
60.65596413612366,511,1
60.65981578826904,349,1
60.663792848587036,446,1
60.667797565460205,499,1
60.67193412780762,544,1
60.67552733421326,552,1
60.67936372756958,396,1
60.6834557056427,480,1
60.687243938446045,539,1
60.69108748435974,571,1
60.69499135017395,583,1
60.69902181625366,407,1
60.70318675041199,442,1
60.706852197647095,518,1
60.71069288253784,529,1
60.7145574092865,565,1
60.71867251396179,404,1
60.72283053398132,419,1
60.72628426551819,519,1
60.730207681655884,517,1
60.734238386154175,577,1
60.73825407028198,433,1
60.74201512336731,410,1
60.746041774749756,539,1
60.75018572807312,538,1
60.75494027137756,601,1
60.757710456848145,479,1
60.76151704788208,435,1
60.76541447639465,549,1
60.76949977874756,524,1
60.77366304397583,593,1
60.77724552154541,476,1
60.78113389015198,393,1
60.78533148765564,513,1
60.78940200805664,509,1
60.79295635223389,596,1
60.79676795005798,505,1
60.80092167854309,395,1
60.80517506599426,517,1
60.80845522880554,536,1
60.81241416931152,600,1
60.81626796722412,532,1
60.820560455322266,390,1
60.82422709465027,519,1
60.82822060585022,551,1
60.831915855407715,606,1
60.8364794254303,566,1
60.839829206466675,408,1
60.84378385543823,511,1
60.84760332107544,552,1
60.85154128074646,600,1
60.855708599090576,593,1
60.85935068130493,416,1
60.863229513168335,496,1
60.86719536781311,558,1
60.872098207473755,577,1
60.87514305114746,572,1
60.87886095046997,389,1
60.88298773765564,437,1
60.88731527328491,511,1
60.890721797943115,530,1
60.89460825920105,572,1
60.89850616455078,413,1
60.90252733230591,449,1
60.90713930130005,541,1
60.91016864776611,522,1
60.91421890258789,558,1
60.9183247089386,418,1
60.922308683395386,422,1
60.92585325241089,547,1
60.92979717254639,570,1
60.93385696411133,634,1
60.938127756118774,517,1
60.94158458709717,481,1
60.94548559188843,584,1
60.949474573135376,557,1
60.95423889160156,609,1
60.95758390426636,477,1
60.961058616638184,377,1
60.96510887145996,497,1
60.96913242340088,492,1
60.973644733428955,570,1
60.97677659988403,478,1
60.9806911945343,371,1
60.98461318016052,493,1
60.98861312866211,495,1
60.99235725402832,557,1
60.99636769294739,479,1
61.00029921531677,347,1
61.00425672531128,466,1
61.00845718383789,498,1
61.01193904876709,565,1
61.01587462425232,513,1
61.019858837127686,360,1
61.023703813552856,463,1
61.027541160583496,516,1
61.03146052360535,564,1
61.03567576408386,542,1
61.04014587402344,374,1
61.04320740699768,473,1
61.04727816581726,530,1
61.051053524017334,572,1
61.05535697937012,570,1
61.058846950531006,400,1
61.06285095214844,474,1
61.066766023635864,530,1
61.07086944580078,519,1
61.074493646621704,521,1
61.07850885391235,340,1
61.08231973648071,355,1
61.08640813827515,436,1
61.09024620056152,455,1
61.09405279159546,507,1
61.09810185432434,354,1
61.10210824012756,363,1
61.106879472732544,468,1
61.10986566543579,463,1
61.113707542419434,533,1
61.11762070655823,398,1
61.12144589424133,372,1
61.12538242340088,491,1
61.12926006317139,487,1
61.13345122337341,569,1
61.13741588592529,457,1
61.141228675842285,398,1
61.14493465423584,532,1
61.14900541305542,512,1
61.153748750686646,586,1
61.156984090805054,492,1
61.160704612731934,408,1
61.16447830200195,531,1
61.16928958892822,528,1
61.17456245422363,594,1
61.17624354362488,509,1
61.18014121055603,398,1
61.184287309646606,527,1
61.188865423202515,540,1
61.192009925842285,604,1
61.1957848072052,553,1
61.20025563240051,416,1
61.20385026931763,525,1
61.20749092102051,549,1
61.2114098072052,595,1
61.215418338775635,560,1
61.2195782661438,401,1
61.22316575050354,509,1
61.2270941734314,553,1
61.231003761291504,578,1
61.23508262634277,556,1
61.23947215080261,369,1
61.24276375770569,441,1
61.246708154678345,513,1
61.250688791275024,519,1
61.25549030303955,529,1
61.25840425491333,375,1
61.26228904724121,427,1
61.266173362731934,530,1
61.270448446273804,544,1
61.27447772026062,571,1
61.277947187423706,413,1
61.282047748565674,433,1
61.28591585159302,537,1
61.290297985076904,540,1
61.293546199798584,600,1
61.29757881164551,470,1
61.30159544944763,458,1
61.30635356903076,561,1
61.309187173843384,546,1
61.31310558319092,616,1
61.317492723464966,495,1
61.32150435447693,440,1
61.32494521141052,557,1
61.3288152217865,558,1
61.33280873298645,645,1
61.33714175224304,543,1
61.34217977523804,442,1
61.34445095062256,564,1
61.34836030006409,574,1
61.352810859680176,643,1
61.35641121864319,551,1
61.360087871551514,433,1
61.36415386199951,555,1
61.36840462684631,579,1
61.371854305267334,642,1
61.375773429870605,579,1
61.379783153533936,446,1
61.3837456703186,565,1
61.38778805732727,590,1
61.39137840270996,640,1
61.39530158042908,598,1
61.399418592453,452,1
61.40316820144653,550,1
61.40795850753784,591,1
61.410959243774414,632,1
61.41496968269348,615,1
61.41891288757324,437,1
61.42298436164856,511,1
61.42654871940613,557,1
61.43048977851868,568,1
61.43453812599182,576,1
61.44125986099243,418,1
61.442223072052,488,1
61.446149587631226,569,1
61.45013976097107,584,1
61.455207109451294,618,1
61.458094358444214,465,1
61.46177935600281,494,1
61.46572279930115,595,1
61.47023057937622,595,1
61.474353313446045,642,1
61.477516651153564,502,1
61.48134922981262,492,1
61.485495805740356,588,1
61.48961281776428,591,1
61.49306058883667,656,1
61.496987104415894,529,1
61.50168538093567,478,1
61.506476402282715,578,1
61.50892996788025,554,1
61.51271438598633,610,1
61.51685547828674,489,1
61.52137017250061,416,1
61.52443766593933,547,1
61.52831959724426,546,1
61.532270193099976,607,1
61.536375522613525,491,1
61.54039168357849,370,1
61.54395127296448,490,1
61.547868728637695,509,1
61.551894187927246,586,1
61.556036710739136,521,1
61.559744119644165,394,1
61.563472270965576,531,1
61.5674946308136,562,1
61.57241201400757,619,1
61.575234174728394,578,1
61.57912874221802,430,1
61.58326482772827,522,1
61.58757257461548,552,1
61.590938329696655,584,1
61.59484553337097,559,1
61.598766803741455,398,1
61.602874994277954,501,1
61.60692548751831,563,1
61.61042761802673,603,1
61.61436605453491,620,1
61.61860966682434,455,1
61.62259221076965,517,1
61.62612557411194,583,1
61.63015532493591,594,1
61.63413858413696,623,1
61.63835620880127,468,1
61.641828536987305,511,1
61.64568114280701,594,1
61.64961862564087,602,1
61.654189586639404,646,1
61.65742301940918,505,1
61.66130518913269,508,1
61.665302753448486,598,1
61.67032551765442,594,1
61.67323899269104,641,1
61.67710614204407,492,1
61.680851221084595,448,1
61.68624472618103,567,1
61.68942594528198,558,1
61.69268488883972,625,1
61.696529150009155,519,1
61.70059847831726,464,1
61.70517587661743,579,1
61.70837187767029,560,1
61.7121844291687,637,1
61.71608018875122,538,1
61.72034502029419,436,1
61.72405648231506,545,1
61.727842569351196,535,1
61.73179292678833,618,1
61.73641538619995,546,1
61.74024796485901,419,1
61.74357509613037,538,1
61.747458934783936,557,1
61.75137281417847,619,1
61.75532341003418,575,1
61.75919795036316,426,1
61.763060331344604,531,1
61.767260789871216,544,1
61.77126121520996,585,1
61.77521061897278,556,1
61.77879524230957,374,1
61.78256964683533,470,1
61.78695821762085,519,1
61.79045081138611,547,1
61.79430031776428,559,1
61.798282861709595,411,1
61.802430391311646,493,1
61.806607723236084,559,1
61.81005024909973,581,1
61.813886880874634,598,1
61.81794595718384,440,1
61.822335720062256,501,1
61.82576656341553,572,1
61.82950758934021,569,1
61.833524227142334,607,1
61.84040880203247,462,1
61.841453313827515,496,1
61.845224380493164,581,1
61.84916830062866,567,1
61.85380291938782,642,1
61.85691833496094,520,1
61.860923051834106,507,1
61.864779233932495,608,1
61.868863105773926,601,1
61.8726544380188,676,1
61.87644362449646,553,1
61.880356311798096,495,1
61.88435173034668,594,1
61.88860511779785,581,1
61.892147064208984,655,1
61.8961284160614,539,1
61.900227069854736,446,1
61.9041268825531,561,1
61.90779185295105,564,1
61.91176748275757,641,1
61.9156219959259,550,1
61.91989183425903,434,1
61.92339777946472,547,1
61.927316188812256,565,1
61.93121528625488,658,1
61.93544030189514,615,1
61.93923330307007,474,1
61.94309425354004,575,1
61.94689393043518,596,1
61.950849771499634,630,1
61.954930543899536,585,1
61.9587082862854,430,1
61.96259927749634,533,1
61.96670866012573,582,1
61.97168207168579,622,1
61.974923849105835,623,1
61.9782280921936,472,1
61.98211669921875,575,1
61.98682618141174,650,1
61.990118741989136,683,1
61.99382400512695,688,1
61.99779295921326,513,1
62.0022873878479,567,1
62.00642991065979,630,1
62.00953030586243,626,1
62.01340699195862,660,1
62.01733207702637,500,1
62.022995710372925,510,1
62.025105476379395,567,1
62.029104471206665,537,1
62.03347444534302,583,1
62.03694272041321,450,1
62.040815353393555,438,1
62.04476475715637,546,1
62.04861044883728,536,1
62.05270504951477,604,1
62.0573194026947,485,1
62.060336112976074,440,1
62.06425857543945,557,1
62.068177461624146,544,1
62.07220268249512,597,1
62.0760452747345,473,1
62.08003377914429,400,1
62.083911418914795,532,1
62.08806085586548,533,1
62.09173011779785,619,1
62.09553122520447,533,1
62.09946036338806,419,1
62.10403919219971,544,1
62.10726523399353,548,1
62.11127686500549,630,1
62.11508083343506,577,1
62.11988806724548,455,1
62.12314796447754,574,1
62.126834869384766,587,1
62.13077712059021,634,1
62.134944915771484,588,1
62.1410710811615,408,1
62.1425883769989,507,1
62.14648199081421,524,1
62.15037131309509,560,1
62.154584646224976,546,1
62.158206939697266,375,1
62.16205167770386,462,1
62.16594433784485,525,1
62.16998362541199,570,1
62.17420244216919,583,1
62.17773771286011,410,1
62.181589126586914,475,1
62.185574769973755,554,1
62.18940210342407,574,1
62.193381786346436,610,1
62.197261571884155,441,1
62.20130801200867,474,1
62.20607376098633,556,1
62.20908856391907,552,1
62.21300745010376,607,1
62.21701455116272,455,1
62.22094655036926,464,1
62.22480297088623,568,1
62.228546142578125,570,1
62.23249292373657,638,1
62.237260818481445,492,1
62.240344524383545,439,1
62.24422216415405,538,1
62.24824595451355,529,1
62.25232982635498,607,1
62.256412982940674,487,1
62.259854316711426,415,1
62.26379156112671,528,1
62.267813205718994,524,1
62.27221083641052,612,1
62.27549695968628,529,1
62.27939057350159,436,1
62.28363299369812,545,1
62.287899017333984,527,1
62.291216135025024,592,1
62.29524350166321,498,1
62.29901361465454,357,1
62.30307865142822,475,1
62.3072304725647,491,1
62.31085991859436,550,1
62.31505799293518,500,1
62.31914806365967,353,1
62.3225736618042,471,1
62.32637429237366,513,1
62.330304861068726,553,1
62.334275245666504,534,1
62.338541984558105,380,1
62.342496156692505,473,1
62.34596037864685,533,1
62.350362062454224,568,1
62.354196071624756,563,1
62.35784673690796,396,1
62.36154222488403,471,1
62.36548042297363,534,1
62.369547843933105,552,1
62.373278856277466,575,1
62.37722659111023,414,1
62.381206035614014,451,1
62.385335206985474,530,1
62.38930344581604,530,1
62.392865896224976,574,1
62.396886110305786,437,1
62.400883197784424,461,1
62.404842138290405,564,1
62.408830404281616,548,1
62.41241931915283,598,1
62.422139167785645,456,1
62.427916049957275,446,1
62.428284645080566,547,1
62.42848324775696,526,1
62.432106494903564,593,1
62.43611812591553,471,1
62.44018244743347,412,1
62.44396185874939,531,1
62.44771695137024,534,1
62.451801776885986,597,1
62.455552101135254,493,1
62.459372997283936,418,1
62.46337008476257,540,1
62.46729874610901,523,1
62.47219777107239,595,1
62.4750599861145,521,1
62.47909688949585,408,1
62.482885122299194,527,1
62.487645864486694,535,1
62.49085736274719,603,1
62.49455523490906,543,1
62.498488664627075,399,1
62.502482652664185,506,1
62.506558656692505,521,1
62.510204792022705,556,1
62.51411032676697,530,1
62.51828694343567,375,1
62.5220263004303,463,1
62.52598834037781,501,1
62.52983236312866,544,1
62.53375053405762,539,1
62.538225412368774,370,1
62.54153919219971,448,1
62.54547166824341,513,1
62.54933309555054,550,1
62.55394458770752,590,1
62.5572235584259,443,1
62.561084032058716,494,1
62.56509566307068,572,1
62.56922483444214,596,1
62.57294726371765,631,1
62.5767776966095,463,1
62.5807466506958,477,1
62.584739446640015,572,1
62.588645219802856,576,1
62.592376708984375,626,1
62.596296310424805,490,1
62.600346088409424,475,1
62.605308055877686,561,1
62.60817790031433,563,1
62.61201453208923,636,1
62.615967988967896,495,1
62.62008738517761,445,1
62.6237359046936,553,1
62.62769269943237,534,1
62.63150930404663,610,1
62.63638114929199,493,1
62.64014506340027,415,1
62.64324116706848,532,1
62.6471848487854,533,1
62.65113925933838,604,1
62.655105113983154,495,1
62.658865213394165,378,1
62.662808656692505,498,1
62.667076110839844,503,1
62.67113900184631,566,1
62.67466878890991,493,1
62.678431034088135,351,1
62.68244910240173,466,1
62.68664765357971,493,1
62.6905722618103,549,1
62.694252014160156,512,1
62.69801568984985,383,1
62.7022430896759,488,1
62.706161975860596,515,1
62.709986209869385,544,1
62.7137246131897,520,1
62.717570543289185,344,1
62.723092794418335,418,1
62.725382804870605,474,1
62.72927403450012,507,1
62.73331809043884,524,1
62.738216161727905,374,1
62.74130177497864,463,1
62.74495840072632,557,1
62.74885869026184,589,1
62.753971099853516,623,1
62.756861448287964,456,1
62.76058006286621,467,1
62.76457691192627,543,1
62.768500566482544,545,1
62.773162841796875,600,1
62.7762930393219,459,1
62.78016996383667,480,1
62.78419780731201,594,1
62.78827667236328,589,1
62.79185748100281,660,1
62.795799016952515,534,1
62.79978656768799,486,1
62.80430889129639,601,1
62.807936906814575,591,1
62.8114447593689,655,1
62.8153350353241,530,1
62.81942653656006,448,1
62.823222637176514,564,1
62.82709074020386,559,1
62.8311083316803,628,1
62.8353066444397,518,1
62.83887028694153,410,1
62.84293293952942,518,1
62.84680700302124,508,1
62.85060906410217,576,1
62.854525327682495,491,1
62.858415842056274,368,1
62.862295150756836,480,1
62.86622953414917,507,1
62.87029671669006,590,1
62.874104499816895,558,1
62.87813138961792,415,1
62.881890535354614,536,1
62.88590455055237,572,1
62.89030408859253,620,1
62.89359474182129,603,1
62.89751601219177,443,1
62.90151381492615,551,1
62.90600800514221,598,1
62.90932011604309,626,1
62.913166522979736,608,1
62.917182207107544,430,1
62.92217254638672,499,1
62.925208568573,563,1
62.928890228271484,569,1
62.9328670501709,588,1
62.936930656433105,413,1
62.94173192977905,462,1
62.944478034973145,536,1
62.948400020599365,521,1
62.95255708694458,562,1
62.956299781799316,397,1
62.96009659767151,414,1
62.96399688720703,506,1
62.96944284439087,483,1
62.971964836120605,535,1
62.97595453262329,381,1
62.97972059249878,360,1
62.98369073867798,478,1
62.98795509338379,472,1
62.99140906333923,542,1
62.995322465896606,427,1
62.99927282333374,384,1
63.003403663635254,511,1
63.0070595741272,507,1
63.01094651222229,591,1
63.01501488685608,502,1
63.01941227912903,404,1
63.023247957229614,521,1
63.02658653259277,527,1
63.030606269836426,625,1
63.034745931625366,547,1
63.03851819038391,417,1
63.04228448867798,543,1
63.046292304992676,560,1
63.05030560493469,625,1
63.054831981658936,563,1
63.05801463127136,431,1
63.06201934814453,540,1
63.065924406051636,577,1
63.06986665725708,611,1
63.0738320350647,558,1
63.07748031616211,382,1
63.08144783973694,490,1
63.08548021316528,536,1
63.08998227119446,571,1
63.09316062927246,570,1
63.097058057785034,391,1
63.1011483669281,465,1
63.1067590713501,515,1
63.10913133621216,527,1
63.112821102142334,544,1
63.11686968803406,386,1
63.121307373046875,448,1
63.124431848526,525,1
63.12831687927246,531,1
63.132240772247314,560,1
63.13635492324829,401,1
63.140599727630615,414,1
63.1442289352417,509,1
63.147866010665894,508,1
63.1524543762207,552,1
63.15625619888306,397,1
63.15968036651611,387,1
63.16356706619263,502,1
63.16758370399475,490,1
63.171701192855835,531,1
63.17538785934448,404,1
63.1792254447937,385,1
63.18315863609314,518,1
63.187384605407715,519,1
63.19111442565918,596,1
63.194843769073486,498,1
63.19879484176636,432,1
63.202834367752075,555,1
63.206732988357544,555,1
63.21046233177185,633,1
63.2144775390625,548,1
63.21843218803406,442,1
63.22308659553528,552,1
63.226239919662476,553,1
63.230146169662476,629,1
63.23414421081543,578,1
63.238237142562866,453,1
63.24192786216736,561,1
63.245829343795776,579,1
63.24976420402527,643,1
63.25433111190796,609,1
63.25743317604065,467,1
63.26132082939148,579,1
63.26525068283081,627,1
63.26939797401428,661,1
63.27340126037598,633,1
63.27708697319031,473,1
63.280924797058105,560,1
63.285024642944336,609,1
63.28924798965454,641,1
63.29272198677063,670,1
63.296570777893066,509,1
63.300442934036255,568,1
63.304895877838135,645,1
63.30850005149841,664,1
63.31223678588867,680,1
63.316086769104004,509,1
63.32014203071594,541,1
63.32412672042847,608,1
63.32784700393677,583,1
63.3318030834198,606,1
63.33584237098694,433,1
63.34001278877258,417,1
63.34348130226135,517,1
63.34744095802307,513,1
63.35139727592468,586,1
63.3556706905365,453,1
63.359111070632935,426,1
63.36312770843506,547,1
63.366981744766235,551,1
63.37117600440979,640,1
63.37491965293884,515,1
63.37877535820007,436,1
63.38277721405029,568,1
63.3871796131134,562,1
63.39046812057495,635,1
63.394343852996826,540,1
63.398231506347656,432,1
63.402334451675415,530,1
63.40681505203247,514,1
63.410202980041504,579,1
63.413960456848145,494,1
63.41789364814758,368,1
63.42192554473877,492,1
63.42573571205139,510,1
63.429587602615356,569,1
63.43371081352234,513,1
63.43841242790222,372,1
63.44136381149292,485,1
63.445317029953,523,1
63.449174642562866,565,1
63.45346689224243,544,1
63.45722317695618,386,1
63.460834980010986,481,1
63.46490979194641,525,1
63.469104528427124,551,1
63.47376227378845,547,1
63.47658181190491,386,1
63.48041605949402,452,1
63.4876172542572,518,1
63.4912166595459,537,1
63.4921989440918,552,1
63.496062994003296,381,1
63.500524044036865,429,1
63.5040864944458,536,1
63.50780630111694,560,1
63.51176190376282,608,1
63.51571536064148,453,1
63.521026611328125,459,1
63.52350950241089,546,1
63.52733516693115,537,1
63.53136134147644,581,1
63.53526258468628,445,1
63.539416790008545,432,1
63.543097257614136,552,1
63.54703402519226,548,1
63.550936698913574,620,1
63.55530118942261,495,1
63.55874443054199,427,1
63.56256699562073,542,1
63.566787004470825,548,1
63.57054829597473,638,1
63.57447004318237,533,1
63.57824945449829,450,1
63.58212065696716,555,1
63.58677649497986,538,1
63.59057903289795,609,1
63.593891859054565,533,1
63.59787178039551,424,1
63.60192561149597,553,1
63.606364250183105,576,1
63.609596729278564,653,1
63.613409996032715,603,1
63.617494344711304,460,1
63.6215980052948,566,1
63.62516951560974,584,1
63.62922716140747,641,1
63.64317774772644,624,1
63.65037822723389,457,1
63.65359663963318,541,1
63.65627193450928,577,1
63.65844416618347,618,1
63.6587769985199,603,1
63.65897274017334,426,1
63.66040253639221,513,1
63.66427969932556,582,1
63.66837501525879,591,1
63.672224283218384,601,1
63.67602777481079,437,1
63.68002367019653,473,1
63.68401885032654,547,1
63.688262939453125,558,1
63.691734790802,596,1
63.69560480117798,443,1
63.69950771331787,467,1
63.70398306846619,547,1
63.707438945770264,537,1
63.711230993270874,584,1
63.71515083312988,441,1
63.7192804813385,409,1
63.72316384315491,509,1
63.7268807888031,497,1
63.73080015182495,548,1
63.73491096496582,423,1
63.73931837081909,386,1
63.74253869056702,505,1
63.746469497680664,494,1
63.750521421432495,570,1
63.75462818145752,455,1
63.75825095176697,367,1
63.76214361190796,493,1
63.76604771614075,503,1
63.76996350288391,593,1
63.77414870262146,505,1
63.77781820297241,401,1
63.781729221343994,529,1
63.785722494125366,533,1
63.78995704650879,587,1
63.79336380958557,523,1
63.797470569610596,410,1
63.80134439468384,542,1
63.80533146858215,573,1
63.809136629104614,652,1
63.81298470497131,632,1
63.817134618759155,482,1
63.823445558547974,595,1
63.82487630844116,641,1
63.828593492507935,675,1
63.83253192901611,641,1
63.83653974533081,463,1
63.84037256240845,539,1
63.8442177772522,594,1
63.84813141822815,622,1
63.85215735435486,628,1
63.85648965835571,465,1
63.85990834236145,514,1
63.86382436752319,568,1
63.867990255355835,587,1
63.8718204498291,621,1
63.87551760673523,475,1
63.879427671432495,514,1
63.88340973854065,603,1
63.887320041656494,608,1
63.89115285873413,652,1
63.895097970962524,513,1
63.89910078048706,484,1
63.90335154533386,565,1
63.90700578689575,551,1
63.910780906677246,596,1
63.914753437042236,449,1
63.91873240470886,411,1
63.922595739364624,515,1
63.92641043663025,509,1
63.93040060997009,587,1
63.93448519706726,467,1
63.93872427940369,387,1
63.94216251373291,489,1
63.94601845741272,479,1
63.950294494628906,546,1
63.95693826675415,431,1
63.95777106285095,338,1
63.961716651916504,447,1
63.96550416946411,450,1
63.96983528137207,541,1
63.973464488983154,487,1
63.97725534439087,339,1
63.981306314468384,437,1
63.98523306846619,453,1
63.98962879180908,512,1
63.99303865432739,465,1
63.99686884880066,329,1
64.00088667869568,432,1
64.0057020187378,465,1
64.00857019424438,520,1
64.01250648498535,495,1
64.01636838912964,331,1
64.02086424827576,434,1
64.02420902252197,481,1
64.02828216552734,520,1
64.0320839881897,540,1
64.03616833686829,394,1
64.04014325141907,485,1
64.0437843799591,555,1
64.0477499961853,576,1
64.05178761482239,601,1
64.05600762367249,438,1
64.05941271781921,492,1
64.06333327293396,587,1
64.06730103492737,595,1
64.07167959213257,631,1
64.07512474060059,477,1
64.07893466949463,493,1
64.08288407325745,586,1
64.08772850036621,591,1
64.09082317352295,673,1
64.09474301338196,544,1
64.09854626655579,511,1
64.10265445709229,601,1
64.10641813278198,578,1
64.11027812957764,648,1
64.11418867111206,529,1
64.11859846115112,467,1
64.12268233299255,564,1
64.12588381767273,554,1
64.12980437278748,637,1
64.13407325744629,537,1
64.13820338249207,442,1
64.1418354511261,559,1
64.14554762840271,560,1
64.14941453933716,641,1
64.15342473983765,562,1
64.1574194431305,425,1
64.16112017631531,547,1
64.16504955291748,576,1
64.16978597640991,639,1
64.17296314239502,565,1
64.20904898643494,407,1
64.2118911743164,522,1
64.22793626785278,543,1
64.25848960876465,582,1
64.258780002594,542,1
64.25899314880371,385,1
64.25916910171509,483,1
64.259348154068,532,1
64.2594997882843,566,1
64.2596685886383,555,1
64.25980281829834,387,1
64.25997185707092,482,1
64.26039457321167,557,1
64.26066470146179,588,1
64.26083421707153,601,1
64.26099419593811,429,1
64.26115846633911,488,1
64.26130628585815,554,1
64.26145362854004,545,1
64.26160621643066,563,1
64.26175355911255,390,1
64.26188850402832,414,1
64.26287317276001,498,1
64.26698303222656,503,1
64.27175331115723,570,1
64.27462720870972,430,1
64.27928161621094,418,1
64.28245449066162,517,1
64.28648281097412,500,1
64.29422855377197,571,1
64.29486584663391,443,1
64.29801058769226,394,1
64.30211520195007,489,1
64.30594825744629,459,1
64.30978989601135,528,1
64.31374144554138,409,1
64.31766033172607,327,1
64.32150602340698,439,1
64.32555317878723,434,1
64.32935571670532,512,1
64.3334059715271,409,1
64.33749413490295,296,1
64.34145855903625,396,1
64.34502053260803,381,1
64.3489294052124,441,1
64.35339713096619,375,1
64.35764789581299,225,1
64.36077570915222,327,1
64.36453199386597,365,1
64.36851692199707,440,1
64.37241458892822,394,1
64.37629795074463,244,1
64.38018441200256,348,1
64.3841905593872,390,1
64.38825821876526,444,1
64.39282250404358,422,1
64.39602398872375,253,1
64.39989900588989,348,1
64.40396070480347,412,1
64.4091374874115,446,1
64.41149568557739,446,1
64.41542100906372,271,1
64.41938185691833,328,1
64.42428469657898,400,1
64.42711925506592,415,1
64.43103766441345,446,1
64.43505811691284,297,1
64.43899726867676,340,1
64.44281840324402,427,1
64.44675159454346,424,1
64.4507098197937,491,1
64.45456600189209,345,1
64.45845627784729,338,1
64.46239566802979,444,1
64.46623015403748,444,1
64.47070956230164,511,1
64.47425127029419,379,1
64.47812604904175,343,1
64.48189735412598,467,1
64.48612475395203,458,1
64.48989868164062,511,1
64.49375009536743,373,1
64.49761152267456,300,1
64.50158047676086,405,1
64.51405024528503,372,1
64.51529335975647,446,1
64.51579022407532,347,1
64.51716208457947,256,1
64.52111744880676,385,1
64.52516865730286,408,1
64.52889037132263,507,1
64.53287816047668,448,1
64.53692817687988,312,1
64.54088187217712,409,1
64.54450368881226,400,1
64.54841160774231,448,1
64.55269312858582,401,1
64.55623507499695,242,1
64.56015372276306,334,1
64.56406879425049,362,1
64.56805944442749,404,1
64.57190155982971,370,1
64.57578325271606,206,1
64.57976412773132,298,1
64.58377599716187,350,1
64.58762788772583,396,1
64.59181332588196,404,1
64.59533429145813,234,1
64.59929037094116,304,1
64.60373783111572,368,1
64.60771608352661,393,1
64.61104726791382,401,1
64.61506247520447,222,1
64.6190893650055,263,1
64.62283444404602,366,1
64.627281665802,388,1
64.63056802749634,427,1
64.63472390174866,280,1
64.63857364654541,308,1
64.64254665374756,435,1
64.64628410339355,449,1
64.65032649040222,510,1
64.65413784980774,385,1
64.65817594528198,364,1
64.66192173957825,471,1
64.66585063934326,464,1
64.66983246803284,536,1
64.6736524105072,411,1
64.67755031585693,354,1
64.68156123161316,478,1
64.68543100357056,477,1
64.68926692008972,576,1
64.69315838813782,478,1
64.69706773757935,380,1
64.70099711418152,500,1
64.70505714416504,490,1
64.7088463306427,561,1
64.71278810501099,482,1
64.71689701080322,365,1
64.72080159187317,468,1
64.72529554367065,475,1
64.72835326194763,542,1
64.73238515853882,488,1
64.7365152835846,355,1
64.74012994766235,475,1
64.74405264854431,501,1
64.74800729751587,555,1
64.75219345092773,525,1
64.75586366653442,370,1
64.75973272323608,465,1
64.76355862617493,520,1
64.7675371170044,575,1
64.77143168449402,569,1
64.77535009384155,402,1
64.77922415733337,495,1
64.78314971923828,558,1
64.78717947006226,575,1
64.79111456871033,589,1
64.79515314102173,421,1
64.79879951477051,482,1
64.80294394493103,564,1
64.80672240257263,569,1
64.81053924560547,593,1
64.81445407867432,417,1
64.81853795051575,433,1
64.82238459587097,529,1
64.8263590335846,528,1
64.83009123802185,575,1
64.83404970169067,421,1
64.83802771568298,403,1
64.84200286865234,503,1
64.84585046768188,499,1
64.8497941493988,595,1
64.85440611839294,477,1
64.85751533508301,411,1
64.86153531074524,521,1
64.86529111862183,509,1
64.86960053443909,585,1
64.8732841014862,466,1
64.87712836265564,377,1
64.88097524642944,507,1
64.88496518135071,522,1
64.88897895812988,621,1
64.89316248893738,532,1
64.89665699005127,414,1
64.90067887306213,552,1
64.90490818023682,562,1
64.90881705284119,630,1
64.91225624084473,576,1
64.91625237464905,443,1
64.92031502723694,586,1
64.92424607276917,624,1
64.92788767814636,673,1
64.93181324005127,622,1
64.93631887435913,433,1
64.93981862068176,535,1
64.94355702400208,596,1
64.94760513305664,639,1
64.95155167579651,613,1
64.95548439025879,414,1
64.95931649208069,506,1
64.96316409111023,594,1
64.96711826324463,629,1
64.97128200531006,634,1
64.97514081001282,437,1
64.97881627082825,497,1
64.98274874687195,594,1
64.98661017417908,614,1
64.99099230766296,641,1
64.99442553520203,445,1
64.99831676483154,471,1
65.00242805480957,599,1
65.00621891021729,602,1
65.01005911827087,658,1
65.0141396522522,487,1
65.01793885231018,460,1
65.0218939781189,581,1
65.02583241462708,584,1
65.02974891662598,659,1
65.03373003005981,516,1
65.03779292106628,469,1
65.04200720787048,609,1
65.04538822174072,613,1
65.04918074607849,679,1
65.05360317230225,537,1
65.05710792541504,439,1
65.06111812591553,574,1
65.06485486030579,568,1
65.06887650489807,646,1
65.07284164428711,537,1
65.07675194740295,406,1
65.08051681518555,544,1
65.08438801765442,554,1
65.08892679214478,627,1
65.09230041503906,546,1
65.09619140625,392,1
65.10016703605652,513,1
65.10413527488708,546,1
65.10826563835144,611,1
65.11190485954285,563,1
65.11582446098328,403,1
65.11974549293518,527,1
65.12354063987732,596,1
65.12742972373962,661,1
65.13129687309265,653,1
65.13557958602905,465,1
65.1392593383789,576,1
65.14309358596802,668,1
65.14697074890137,702,1
65.15096378326416,696,1
65.15482187271118,509,1
65.158766746521,583,1
65.1626341342926,673,1
65.16651511192322,677,1
65.17082262039185,705,1
65.17475080490112,529,1
65.17825889587402,564,1
65.18217992782593,676,1
65.18618154525757,673,1
65.19006419181824,714,1
65.19392466545105,556,1
65.19783997535706,552,1
65.20193529129028,673,1
65.20574688911438,673,1
65.20959568023682,733,1
65.2135214805603,580,1
65.21755838394165,527,1
65.22225666046143,668,1
65.22531223297119,671,1
65.22918963432312,719,1
65.23325800895691,574,1
65.23734283447266,502,1
65.24146008491516,646,1
65.24484992027283,649,1
65.2487723827362,720,1
65.25275492668152,607,1
65.25676250457764,493,1
65.260577917099,640,1
65.26441287994385,662,1
65.26829957962036,737,1
65.27533388137817,651,1
65.27710509300232,508,1
65.2800030708313,642,1
65.28389549255371,675,1
65.2878634929657,734,1
65.29185891151428,668,1
65.29562664031982,487,1
65.29951190948486,608,1
65.30356788635254,648,1
65.3076400756836,675,1
65.31126880645752,629,1
65.31536483764648,448,1
65.31911373138428,544,1
65.32412481307983,604,1
65.32696890830994,643,1
65.33087277412415,624,1
65.33498120307922,410,1
65.33880162239075,475,1
65.34258127212524,562,1
65.34649848937988,590,1
65.3504912853241,607,1
65.35434532165527,411,1
65.35819816589355,442,1
65.3621199131012,560,1
65.36606931686401,577,1
65.37021660804749,597,1
65.37400102615356,383,1
65.3778600692749,375,1
65.38178324699402,512,1
65.38568139076233,517,1
65.39016342163086,568,1
65.39343667030334,424,1
65.39732718467712,393,1
65.40143179893494,556,1
65.40522074699402,566,1
65.4093906879425,637,1
65.4130392074585,501,1
65.4169671535492,421,1
65.42096590995789,549,1
65.42528820037842,544,1
65.4287383556366,618,1
65.43261170387268,506,1
65.43668341636658,397,1
65.4406316280365,526,1
65.4442834854126,511,1
65.4482409954071,582,1
65.4521701335907,493,1
65.45609211921692,354,1
65.46008515357971,481,1
65.46389055252075,498,1
65.46810173988342,552,1
65.47199320793152,471,1
65.47661471366882,298,1
65.47950911521912,437,1
65.48358464241028,503,1
65.48755168914795,551,1
65.4919068813324,507,1
65.495126247406,332,1
65.49903392791748,428,1
65.50346446037292,484,1
65.50747179985046,521,1
65.51080918312073,520,1
65.51474237442017,346,1
65.51878547668457,434,1
65.52258944511414,527,1
65.52645301818848,555,1
65.530357837677,580,1
65.53437805175781,408,1
65.538400888443,462,1
65.54219079017639,568,1
65.54597973823547,582,1
65.55037045478821,616,1
65.55582785606384,434,1
65.55789875984192,433,1
65.56180500984192,547,1
65.56574130058289,559,1
65.5723328590393,616,1
65.5764844417572,454,1
65.57916784286499,436,1
65.58128786087036,568,1
65.58533501625061,537,1
65.58918881416321,586,1
65.59297752380371,439,1
65.597163438797,376,1
65.60091376304626,522,1
65.60571146011353,533,1
65.60895943641663,613,1
65.61256623268127,497,1
65.61641573905945,390,1
65.62088966369629,532,1
65.62436103820801,537,1
65.62815713882446,615,1
65.6320948600769,516,1
65.63600420951843,387,1
65.6399564743042,535,1
65.6437885761261,561,1
65.64777684211731,625,1
65.65188336372375,548,1
65.65561413764954,391,1
65.65944147109985,530,1
65.66334986686707,579,1
65.66736841201782,647,1
65.67137384414673,604,1
65.67528557777405,422,1
65.67912483215332,530,1
65.68293786048889,589,1
65.68717312812805,631,1
65.69115209579468,615,1
65.69484233856201,427,1
65.6985604763031,516,1
65.7031500339508,601,1
65.70693874359131,634,1
65.71031928062439,635,1
65.71423172950745,449,1
65.71824932098389,514,1
65.72211956977844,611,1
65.72619485855103,617,1
65.72988629341125,644,1
65.73392605781555,431,1
65.73790335655212,437,1
65.74161219596863,556,1
65.7455198764801,557,1
65.74943614006042,616,1
65.75355696678162,445,1
65.75785398483276,422,1
65.76122498512268,539,1
65.76511096954346,531,1
65.76921963691711,587,1
65.77301573753357,441,1
65.7768623828888,395,1
65.7808449268341,546,1
65.78495001792908,556,1
65.78872418403625,627,1
65.7925374507904,498,1
65.79636335372925,406,1
65.80061221122742,547,1
65.8042950630188,543,1
65.80816555023193,615,1
65.81202292442322,495,1
65.81611824035645,366,1
65.82016468048096,491,1
65.82388806343079,505,1
65.82773232460022,577,1
65.83161854743958,514,1
65.83568382263184,378,1
65.83973598480225,523,1
65.84331846237183,572,1
65.8472490310669,629,1
65.85127449035645,560,1
65.85546159744263,387,1
65.85904145240784,490,1
65.86288738250732,546,1
65.8669364452362,587,1
65.87120723724365,552,1
65.87464356422424,375,1
65.87850379943848,492,1
65.88248109817505,567,1
65.88696932792664,591,1
65.89034247398376,578,1
65.89429903030396,393,1
65.89810514450073,470,1
65.9034914970398,564,1
65.90740036964417,598,1
65.90985250473022,625,1
65.9139654636383,442,1
65.91796040534973,471,1
65.92216491699219,571,1
65.92560911178589,560,1
65.92939949035645,579,1
65.9336667060852,390,1
65.93763709068298,377,1
65.9411985874176,499,1
65.9450159072876,504,1
65.94896483421326,569,1
65.95297169685364,433,1
65.95704436302185,398,1
65.96071791648865,533,1
65.96462392807007,547,1
65.96871519088745,610,1
65.97278261184692,477,1
65.976322889328,404,1
65.98031878471375,540,1
65.98416996002197,540,1
65.98833799362183,617,1
65.99201202392578,495,1
65.99588537216187,387,1
65.99998664855957,538,1
66.00505709648132,561,1
66.00770401954651,635,1
66.01154279708862,544,1
66.0154345035553,399,1
66.01960492134094,535,1
66.02329611778259,557,1
66.02718377113342,627,1
66.03121399879456,575,1
66.03555345535278,431,1
66.03928136825562,555,1
66.0428957939148,588,1
66.0468397140503,631,1
66.0508680343628,579,1
66.05485606193542,388,1
66.05867028236389,502,1
66.06240200996399,572,1
66.06639695167542,611,1
66.0703649520874,600,1
66.07428026199341,412,1
66.07813358306885,515,1
66.08217287063599,600,1
66.08603858947754,618,1
66.09053325653076,617,1
66.09379291534424,419,1
66.09759306907654,483,1
66.10226774215698,578,1
66.10559296607971,593,1
66.10934281349182,625,1
66.11322593688965,442,1
66.11739134788513,460,1
66.12161946296692,574,1
66.12552332878113,589,1
66.12893986701965,639,1
66.1328399181366,466,1
66.13731145858765,449,1
66.14074897766113,570,1
66.14451909065247,572,1
66.14847755432129,631,1
66.15246415138245,450,1
66.15633893013,372,1
66.16023111343384,494,1
66.16413760185242,492,1
66.16821193695068,583,1
66.17225456237793,452,1
66.1759204864502,358,1
66.17984008789062,506,1
66.19491505622864,507,1
66.19573283195496,584,1
66.20356440544128,469,1
66.20607495307922,345,1
66.20691299438477,488,1
66.20753288269043,510,1
66.20774006843567,584,1
66.21106123924255,499,1
66.21497344970703,345,1
66.21914100646973,473,1
66.22281765937805,519,1
66.22676038742065,570,1
66.23060035705566,518,1
66.23532128334045,352,1
66.23851275444031,485,1
66.24245548248291,544,1
66.24637413024902,596,1
66.25051355361938,566,1
66.2561674118042,370,1
66.25820517539978,472,1
66.26194596290588,556,1
66.26601958274841,588,1
66.26985692977905,580,1
66.27389907836914,384,1
66.27759718894958,457,1
66.28149056434631,552,1
66.28544783592224,572,1
66.28985500335693,590,1
66.29322385787964,410,1
66.2971134185791,458,1
66.3012969493866,576,1
66.3060348033905,587,1
66.30904579162598,632,1
66.31281781196594,468,1
66.31698894500732,469,1
66.32139921188354,590,1
66.32470607757568,586,1
66.32840085029602,638,1
66.33248615264893,497,1
66.33647727966309,463,1
66.34033870697021,581,1
66.34408164024353,570,1
66.34800028800964,639,1
66.35226082801819,491,1
66.35653400421143,420,1
66.35981106758118,547,1
66.36375570297241,535,1
66.367671251297,605,1
66.37241435050964,492,1
66.37536334991455,384,1
66.37930011749268,517,1
66.38320517539978,527,1
66.38757419586182,601,1
66.39108729362488,475,1
66.3951210975647,299,1
66.39884185791016,392,1
66.4029471874237,384,1
66.40697431564331,437,1
66.41059279441833,386,1
66.41459107398987,246,1
66.41998863220215,371,1
66.42559027671814,419,1
66.42624640464783,477,1
66.43015098571777,439,1
66.43417620658875,261,1
66.43890619277954,352,1
66.44193410873413,416,1
66.44580388069153,451,1
66.44982862472534,457,1
66.45383620262146,275,1
66.4582793712616,355,1
66.46149444580078,428,1
66.46545457839966,454,1
66.46962714195251,467,1
66.47329378128052,297,1
66.47707414627075,348,1
66.48119521141052,447,1
66.48519515991211,464,1
66.49125933647156,511,1
66.49284505844116,349,1
66.4967908859253,360,1
66.50076174736023,470,1
66.50695896148682,477,1
66.50845646858215,548,1
66.5122709274292,416,1
66.51619005203247,398,1
66.5209321975708,517,1
66.52422261238098,524,1
66.52808833122253,589,1
66.53196740150452,449,1
66.53647327423096,397,1
66.53983688354492,515,1
66.54361248016357,502,1
66.54748964309692,582,1
66.55159592628479,478,1
66.55568408966064,399,1
66.55920433998108,538,1
66.56320714950562,543,1
66.56721186637878,623,1
66.57157135009766,526,1
66.57505536079407,408,1
66.5787947177887,543,1
66.58276104927063,546,1
66.58670401573181,599,1
66.59076762199402,525,1
66.59442138671875,383,1
66.59844303131104,496,1
66.60239553451538,532,1
66.60639214515686,588,1
66.61012101173401,547,1
66.61417293548584,394,1
66.61803936958313,527,1
66.62249302864075,586,1
66.62579321861267,615,1
66.62972784042358,591,1
66.63403272628784,429,1
66.63797855377197,538,1
66.64143967628479,598,1
66.64532113075256,620,1
66.6491973400116,627,1
66.65329337120056,461,1
66.65725135803223,539,1
66.66096210479736,608,1
66.66490077972412,625,1
66.66925764083862,660,1
66.67320108413696,491,1
66.67664313316345,532,1
66.68051433563232,633,1
66.68484902381897,627,1
66.6891565322876,667,1
66.69230437278748,516,1
66.69619631767273,517,1
66.70044541358948,634,1
66.70439577102661,645,1
66.70796251296997,717,1
66.71183800697327,565,1
66.71578240394592,510,1
66.72026896476746,633,1
66.7239899635315,627,1
66.72756838798523,695,1
66.7313985824585,573,1
66.73571801185608,499,1
66.73990178108215,611,1
66.74310636520386,604,1
66.74709010124207,672,1
66.75125217437744,578,1
66.75588798522949,474,1
66.75896263122559,595,1
66.76277613639832,591,1
66.76702380180359,651,1
66.77240705490112,569,1
66.77457594871521,436,1
66.77831053733826,559,1
66.78237509727478,585,1
66.79096937179565,638,1
66.79291772842407,568,1
66.79405975341797,414,1
66.79800057411194,514,1
66.80203080177307,535,1
66.80584979057312,583,1
66.80962491035461,554,1
66.81362295150757,394,1
66.81760954856873,486,1
66.82389760017395,537,1
66.82527565956116,573,1
66.82930874824524,590,1
66.83309483528137,426,1
66.83795666694641,503,1
66.84107947349548,587,1
66.84491610527039,594,1
66.84879994392395,614,1
66.8528687953949,448,1
66.8569107055664,493,1
66.86046266555786,581,1
66.86448836326599,584,1
66.8684434890747,624,1
66.87228536605835,472,1
66.87622833251953,482,1
66.88002061843872,562,1
66.88406014442444,546,1
66.88823580741882,598,1
66.89180016517639,471,1
66.89572954177856,451,1
66.89959597587585,558,1
66.90504622459412,550,1
66.90743565559387,620,1
66.91136527061462,497,1
66.91526579856873,435,1
66.91964149475098,553,1
66.92312741279602,540,1
66.92716026306152,611,1
66.93101644515991,499,1
66.93486046791077,403,1
66.93983101844788,527,1
66.94278955459595,538,1
66.94661688804626,620,1
66.95054531097412,540,1
66.95729374885559,428,1
66.9584219455719,548,1
66.96223044395447,567,1
66.96614503860474,639,1
66.97122526168823,581,1
66.97400712966919,444,1
66.97784399986267,551,1
66.98182964324951,570,1
66.98590397834778,612,1
66.98962354660034,562,1
66.99361658096313,385,1
66.99745678901672,476,1
67.00142502784729,519,1
67.005690574646,553,1
67.00911140441895,556,1
67.0130603313446,384,1
67.01708221435547,456,1
67.02100491523743,508,1
67.02482271194458,524,1
67.02873063087463,548,1
67.03267335891724,383,1
67.03677535057068,438,1
67.04041242599487,506,1
67.04441666603088,510,1
67.0482223033905,547,1
67.05228924751282,399,1
67.05610179901123,427,1
67.06017470359802,507,1
67.06394743919373,491,1
67.06786346435547,544,1
67.07196140289307,408,1
67.07561683654785,378,1
67.07954406738281,479,1
67.08366513252258,473,1
67.08755803108215,530,1
67.09160780906677,376,1
67.09521484375,320,1
67.09924721717834,422,1
67.1033387184143,422,1
67.10746645927429,528,1
67.1108627319336,436,1
67.11479878425598,361,1
67.11966228485107,499,1
67.12287735939026,509,1
67.12651205062866,580,1
67.13040924072266,482,1
67.13463187217712,368,1
67.1385486125946,486,1
67.14224100112915,494,1
67.14614605903625,544,1
67.1500952243805,458,1
67.15580105781555,314,1
67.15787672996521,432,1
67.16181874275208,439,1
67.16559195518494,488,1
67.16976141929626,451,1
67.17353963851929,302,1
67.17733311653137,410,1
67.18125939369202,463,1
67.18545293807983,504,1
67.19036889076233,493,1
67.19310855865479,344,1
67.19706058502197,437,1
67.20094537734985,508,1
67.2058117389679,547,1
67.20873522758484,564,1
67.21262001991272,403,1
67.21660161018372,463,1
67.22077417373657,538,1
67.22464513778687,554,1
67.22823715209961,590,1
67.23225498199463,426,1
67.23640060424805,457,1
67.24047708511353,546,1
67.24405550956726,548,1
67.2478539943695,604,1
67.25239372253418,473,1
67.26007342338562,474,1
67.26115155220032,568,1
67.26361894607544,563,1
67.26735782623291,628,1
67.27369856834412,508,1
67.27522349357605,481,1
67.27913355827332,588,1
67.283376455307,581,1
67.2872211933136,637,1
67.29134130477905,512,1
67.29478311538696,434,1
67.2988440990448,549,1
67.30265474319458,543,1
67.30662679672241,607,1
67.31036949157715,490,1
67.31438994407654,379,1
67.31828546524048,502,1
67.32290506362915,510,1
67.3260247707367,578,1
67.32993674278259,512,1
67.33429193496704,394,1
67.33884692192078,519,1
67.34175419807434,558,1
67.34558606147766,617,1
67.34949564933777,566,1
67.35407781600952,418,1
67.35731077194214,518,1
67.36120319366455,545,1
67.3651442527771,586,1
67.36948084831238,561,1
67.37355017662048,389,1
67.37686324119568,453,1
67.38087964057922,483,1
67.38488292694092,510,1
67.3930766582489,510,1
67.39346051216125,331,1
67.39644503593445,397,1
67.40071415901184,464,1
67.4052369594574,471,1
67.40821313858032,490,1
67.41209197044373,332,1
67.41628813743591,380,1
67.42004013061523,456,1
67.42399144172668,452,1
67.42779350280762,491,1
67.43172717094421,334,1
67.43609762191772,335,1
67.440265417099,426,1
67.4433524608612,416,1
67.4473602771759,472,1
67.45131993293762,336,1
67.45529985427856,305,1
67.45918297767639,416,1
67.46313214302063,405,1
67.46714949607849,489,1
67.4715416431427,374,1
67.47478008270264,336,1
67.47858619689941,467,1
67.48255038261414,460,1
67.48771500587463,546,1
67.4903473854065,464,1
67.49423480033875,390,1
67.4981141090393,521,1
67.50230550765991,520,1
67.5074348449707,577,1
67.50987935066223,478,1
67.5138111114502,359,1
67.5177800655365,471,1
67.52254986763,479,1
67.52555179595947,547,1
67.52943301200867,491,1
67.53358483314514,339,1
67.53781747817993,445,1
67.54122972488403,482,1
67.54511737823486,535,1
67.54909467697144,485,1
67.55373978614807,314,1
67.55701875686646,405,1
67.5608217716217,450,1
67.5647828578949,467,1
67.5710506439209,443,1
67.57265996932983,285,1
67.57638549804688,365,1
67.58030080795288,430,1
67.58576941490173,464,1
67.5888319015503,490,1
67.59226155281067,345,1
67.59609127044678,400,1
67.59984254837036,491,1
67.60466504096985,514,1
67.6079466342926,547,1
67.61158919334412,396,1
67.61548733711243,412,1
67.62131237983704,500,1
67.62363767623901,502,1
67.62720775604248,556,1
67.63114309310913,426,1
67.63735389709473,407,1
67.63933229446411,491,1
67.64299273490906,474,1
67.64696216583252,531,1
67.65083026885986,398,1
67.65467023849487,357,1
67.65862274169922,469,1
67.66242122650146,465,1
67.66636037826538,542,1
67.67152833938599,431,1
67.67419099807739,348,1
67.67809677124023,471,1
67.68200540542603,474,1
67.6863317489624,557,1
67.69004678726196,472,1
67.6937997341156,364,1
67.6977801322937,486,1
67.70399022102356,490,1
67.70593404769897,561,1
67.70936512947083,485,1
67.71328568458557,356,1
67.71731853485107,474,1
67.72155618667603,486,1
67.72522306442261,536,1
67.72922205924988,475,1
67.73292660713196,322,1
67.74152541160583,430,1
67.74181628227234,471,1
67.74474024772644,518,1
67.74853110313416,497,1
67.76167678833008,329,1
67.7625298500061,408,1
67.76334023475647,454,1
67.76419019699097,485,1
67.76831197738647,504,1
67.7721962928772,341,1
67.77607750892639,405,1
67.77988314628601,489,1
67.78405213356018,509,1
67.79200220108032,537,1
67.79307842254639,371,1
67.7955231666565,403,1
67.79936099052429,494,1
67.8042824268341,505,1
67.80736303329468,566,1
67.81107687950134,424,1
67.81515288352966,429,1
67.8190815448761,524,1
67.82291340827942,524,1
67.82690811157227,595,1
67.83083200454712,469,1
67.83467769622803,415,1
67.83867239952087,490,1
67.84258508682251,473,1
67.84641170501709,535,1
67.85032176971436,408,1
67.85528039932251,334,1
67.85809659957886,461,1
67.86205530166626,461,1
67.86603379249573,543,1
67.87009239196777,453,1
67.87395453453064,358,1
67.87761068344116,485,1
67.88156127929688,499,1
67.8855950832367,583,1
67.88955426216125,506,1
67.89326357841492,378,1
67.89721441268921,501,1
67.90110754966736,510,1
67.90507340431213,565,1
67.9090826511383,501,1
67.9128532409668,348,1
67.91707801818848,447,1
67.92122745513916,478,1
67.92492604255676,527,1
67.92853999137878,506,1
67.93237090110779,364,1
67.93642139434814,471,1
67.94018220901489,537,1
67.94411492347717,574,1
67.94809174537659,578,1
67.95210528373718,404,1
67.95739388465881,460,1
67.95989847183228,519,1
67.9637610912323,524,1
67.96764612197876,520,1
67.97209215164185,322,1
67.9754056930542,353,1
67.97935199737549,437,1
67.98344779014587,451,1
67.98751616477966,491,1
67.99133133888245,330,1
67.9952175617218,338,1
67.9989070892334,441,1
68.00299835205078,464,1
68.00738167762756,537,1
68.01066589355469,393,1
68.01455354690552,360,1
68.01877284049988,465,1
68.02266836166382,469,1
68.02626895904541,556,1
68.0302004814148,444,1
68.03417325019836,391,1
68.0384771823883,502,1
68.04195880889893,489,1
68.04585528373718,582,1
68.04984641075134,516,1
68.05399441719055,469,1
68.05800437927246,629,1
68.06152391433716,652,1
68.06551909446716,746,1
68.06951975822449,685,1
68.07349753379822,576,1
68.07731175422668,695,1
68.08120894432068,704,1
68.08602905273438,782,1
68.0906732082367,728,1
68.09302091598511,599,1
68.09677696228027,723,1
68.10068941116333,746,1
68.10511922836304,787,1
68.10845756530762,757,1
68.1123456954956,583,1
68.11648654937744,666,1
68.12081789970398,702,1
68.12422704696655,726,1
68.12803530693054,709,1
68.13204526901245,536,1
68.1367712020874,615,1
68.14071869850159,679,1
68.14366316795349,708,1
68.14763474464417,738,1
68.15162777900696,587,1
68.15565752983093,649,1
68.15930008888245,723,1
68.16322088241577,724,1
68.1673355102539,758,1
68.17233371734619,606,1
68.17508482933044,625,1
68.17887258529663,703,1
68.18283796310425,695,1
68.18685030937195,749,1
68.19099235534668,603,1
68.194500207901,585,1
68.198495388031,678,1
68.20262885093689,670,1
68.20644402503967,736,1
68.21017146110535,608,1
68.21417713165283,548,1
68.21824073791504,653,1
68.22368049621582,644,1
68.22586607933044,724,1
68.22980523109436,620,1
68.23378467559814,551,1
68.23804068565369,654,1
68.241934299469,631,1
68.24537324905396,705,1
68.24934601783752,610,1
68.2535753250122,491,1
68.25766205787659,585,1
68.26110911369324,579,1
68.26510882377625,645,1
68.26909184455872,572,1
68.27328085899353,429,1
68.27679371833801,522,1
68.28064036369324,553,1
68.28450655937195,608,1
68.28893804550171,562,1
68.29227542877197,400,1
68.29618453979492,507,1
68.30054450035095,558,1
68.30451917648315,609,1
68.30794048309326,601,1
68.31186008453369,430,1
68.31584286689758,517,1
68.31999015808105,571,1
68.32371973991394,592,1
68.32751202583313,594,1
68.33146595954895,426,1
68.3370110988617,496,1
68.34090614318848,557,1
68.34326505661011,578,1
68.3472249507904,613,1
68.3512065410614,452,1
68.35527634620667,468,1
68.3589277267456,544,1
68.3628077507019,550,1
68.36675429344177,617,1
68.3709168434143,479,1
68.3745174407959,471,1
68.37835884094238,570,1
68.38230037689209,567,1
68.38679647445679,621,1
68.39021682739258,487,1
68.39402842521667,444,1
68.39793300628662,548,1
68.4018874168396,520,1
68.40623426437378,581,1
68.40974283218384,450,1
68.41373658180237,376,1
68.41750693321228,495,1
68.4222309589386,477,1
68.42533993721008,546,1
68.42923665046692,448,1
68.43322086334229,351,1
68.43718457221985,471,1
68.44110822677612,482,1
68.44484615325928,569,1
68.44901537895203,503,1
68.45284032821655,380,1
68.45682287216187,498,1
68.46048998832703,525,1
68.46443176269531,578,1
68.46863412857056,522,1
68.47276997566223,371,1
68.47621989250183,462,1
68.48014569282532,495,1
68.48418164253235,540,1
68.49115133285522,516,1
68.49239182472229,360,1
68.49577283859253,458,1
68.49964547157288,499,1
68.50460720062256,525,1
68.50748991966248,531,1
68.51140022277832,363,1
68.5152735710144,439,1
68.52012944221497,521,1
68.52340507507324,546,1
68.52713537216187,571,1
68.53110933303833,418,1
68.53573203086853,460,1
68.5399808883667,543,1
68.54288077354431,554,1
68.54665923118591,599,1
68.55058884620667,452,1
68.5550365447998,462,1
68.55833053588867,554,1
68.56223940849304,548,1
68.56613898277283,612,1
68.5715582370758,472,1
68.57414364814758,436,1
68.57794713973999,535,1
68.58188366889954,526,1
68.58740568161011,600,1
68.59142398834229,476,1
68.59368634223938,414,1
68.59742331504822,527,1
68.60170030593872,506,1
68.60678553581238,565,1
68.60919499397278,465,1
68.61308288574219,379,1
68.6174681186676,514,1
68.62331008911133,526,1
68.62512588500977,600,1
68.6288526058197,515,1
68.63276505470276,403,1
68.63814687728882,535,1
68.64396786689758,538,1
68.644376039505,576,1
68.64833903312683,518,1
68.65788316726685,383,1
68.65911221504211,499,1
68.66021823883057,529,1
68.66410183906555,590,1
68.66806435585022,559,1
68.67445421218872,406,1
68.67582726478577,505,1
68.67962336540222,557,1
68.68378496170044,601,1
68.69132161140442,590,1
68.6920518875122,414,1
68.69529032707214,492,1
68.69922018051147,555,1
68.70491600036621,596,1
68.70734715461731,623,1
68.71105575561523,452,1
68.71490144729614,497,1
68.72057366371155,576,1
68.72334551811218,576,1
68.72655177116394,594,1
68.73043990135193,424,1
68.73443794250488,442,1
68.7404453754425,535,1
68.74232268333435,533,1
68.74610352516174,577,1
68.75006127357483,432,1
68.75881290435791,422,1
68.75908041000366,537,1
68.76182389259338,542,1
68.76575422286987,605,1
68.77103805541992,462,1
68.7747654914856,415,1
68.77745509147644,546,1
68.78130102157593,554,1
68.78523111343384,635,1
68.78955435752869,533,1
68.79318284988403,458,1
68.7969651222229,573,1
68.80089235305786,568,1
68.80557584762573,640,1
68.80881857872009,541,1
68.81280398368835,436,1
68.81652784347534,551,1
68.821035861969,543,1
68.82785654067993,601,1
68.82857036590576,527,1
68.83922290802002,394,1
68.844162940979,503,1
68.8463842868805,526,1
68.84734964370728,585,1
68.84785389900208,543,1
68.8531084060669,382,1
68.85809659957886,471,1
68.85955095291138,503,1
68.86357283592224,537,1
68.86758494377136,514,1
68.87429451942444,354,1
68.87525177001953,446,1
68.879159450531,496,1
68.88309264183044,510,1
68.88783478736877,499,1
68.89122009277344,330,1
68.89480972290039,395,1
68.89882516860962,471,1
68.90294361114502,508,1
68.90655398368835,551,1
68.91040134429932,400,1
68.91440033912659,437,1
68.91946721076965,529,1
68.9230146408081,543,1
68.92612934112549,600,1
68.9300708770752,464,1
68.93401193618774,465,1
68.93845677375793,564,1
68.94186234474182,558,1
68.94560861587524,619,1
68.94958233833313,490,1
68.95361757278442,444,1
68.95737314224243,551,1
68.96126317977905,550,1
68.9651939868927,626,1
68.96919918060303,520,1
68.97325277328491,452,1
68.97704005241394,583,1
68.98087763786316,581,1
68.98499345779419,652,1
68.9889919757843,555,1
68.99255561828613,452,1
68.99661874771118,562,1
69.0006091594696,560,1
69.00545167922974,638,1
69.0083270072937,565,1
69.01212048530579,435,1
69.01605916023254,543,1
69.02021598815918,547,1
69.02400612831116,596,1
69.027836561203,543,1
69.0318534374237,395,1
69.03719663619995,509,1
69.04014992713928,543,1
69.04347944259644,570,1
69.04731965065002,540,1
69.0514190196991,377,1
69.0571801662445,473,1
69.05924129486084,523,1
69.06295132637024,558,1
69.06715941429138,558,1
69.07170104980469,394,1
69.07483839988708,463,1
69.07874870300293,513,1
69.08255577087402,518,1
69.08660745620728,539,1
69.0905020236969,383,1
69.09433126449585,429,1
69.09823179244995,514,1
69.10244369506836,526,1
69.10653328895569,567,1
69.10990881919861,414,1
69.1139326095581,427,1
69.11781334877014,533,1
69.12230587005615,545,1
69.12569499015808,614,1
69.1294572353363,483,1
69.13350129127502,461,1
69.13760590553284,573,1
69.14120864868164,566,1
69.14511942863464,623,1
69.14922428131104,492,1
69.15316152572632,433,1
69.1568968296051,550,1
69.16089057922363,527,1
69.16476249694824,594,1
69.16871404647827,495,1
69.17320799827576,415,1
69.1765205860138,532,1
69.18034267425537,531,1
69.18425822257996,596,1
69.18845653533936,505,1
69.19212555885315,388,1
69.19612002372742,509,1
69.19992136955261,532,1
69.20394945144653,600,1
69.20785307884216,527,1
69.21165156364441,383,1
69.2155408859253,497,1
69.2195634841919,526,1
69.22366452217102,577,1
69.22729873657227,542,1
69.23124718666077,384,1
69.23526334762573,486,1
69.23932909965515,542,1
69.24311542510986,578,1
69.24690985679626,555,1
69.250901222229,378,1
69.25621581077576,464,1
69.25863766670227,529,1
69.26248979568481,555,1
69.26640224456787,571,1
69.27112197875977,405,1
69.2743170261383,453,1
69.27810621261597,522,1
69.28209710121155,528,1
69.28639507293701,559,1
69.29059219360352,395,1
69.29381966590881,423,1
69.29781413078308,520,1
69.30166578292847,505,1
69.30564594268799,551,1
69.30943655967712,414,1
69.31336188316345,404,1
69.31743049621582,511,1
69.32254886627197,495,1
69.32515478134155,558,1
69.32897543907166,427,1
69.33308506011963,385,1
69.33710408210754,511,1
69.34087228775024,512,1
69.34463572502136,591,1
69.34858798980713,483,1
69.35269594192505,405,1
69.35716032981873,529,1
69.36029124259949,539,1
69.36422657966614,626,1
69.3683545589447,535,1
69.37235713005066,429,1
69.37606716156006,553,1
69.37993049621582,560,1
69.3839430809021,629,1
69.38790512084961,566,1
69.39167332649231,434,1
69.39551043510437,537,1
69.399484872818,561,1
69.40437126159668,607,1
69.40768384933472,566,1
69.41121101379395,418,1
69.41523337364197,524,1
69.41914200782776,560,1
69.42346596717834,594,1
69.42686700820923,570,1
69.43083167076111,403,1
69.43465805053711,489,1
69.43880772590637,542,1
69.44245600700378,573,1
69.44637727737427,584,1
69.45064282417297,426,1
69.45445728302002,499,1
69.4581732749939,577,1
69.4620189666748,597,1
69.46591019630432,613,1
69.46999025344849,433,1
69.47395443916321,451,1
69.47790169715881,546,1
69.48154664039612,565,1
69.48682236671448,602,1
69.48962497711182,443,1
69.49327874183655,434,1
69.49720907211304,537,1
69.50175166130066,533,1
69.50683188438416,601,1
69.50902009010315,488,1
69.51289820671082,454,1
69.51711440086365,566,1
69.52137851715088,546,1
69.5246844291687,614,1
69.52863764762878,493,1
69.53248119354248,422,1
69.53856015205383,519,1
69.54036951065063,501,1
69.54418635368347,569,1
69.54814958572388,471,1
69.55307841300964,377,1
69.55658984184265,503,1
69.55985450744629,503,1
69.56383156776428,567,1
69.5716643333435,480,1
69.57321691513062,360,1
69.5755524635315,476,1
69.5793719291687,487,1
69.58329486846924,547,1
69.5882670879364,491,1
69.59113693237305,341,1
69.59507513046265,446,1
69.59903693199158,473,1
69.60451650619507,512,1
69.6068365573883,484,1
69.61077189445496,316,1
69.61477255821228,400,1
69.61945605278015,459,1
69.62344932556152,503,1
69.62634086608887,510,1
69.63022470474243,342,1
69.637202501297,421,1
69.64068078994751,501,1
69.64204597473145,547,1
69.64589262008667,577,1
69.64983534812927,420,1
69.6543197631836,473,1
69.65762114524841,566,1
69.6615149974823,585,1
69.66543459892273,627,1
69.6700987815857,474,1
69.67356777191162,482,1
69.67719340324402,578,1
69.68109202384949,591,1
69.68516755104065,656,1
69.68955492973328,523,1
69.69284963607788,503,1
69.6967990398407,607,1
69.70069241523743,592,1
69.70479726791382,653,1
69.70847153663635,527,1
69.7123818397522,471,1
69.71630573272705,580,1
69.7215805053711,570,1
69.72429394721985,648,1
69.72810387611389,543,1
69.73193001747131,446,1
69.73811364173889,557,1
69.74158048629761,564,1
69.74374389648438,625,1
69.74759984016418,524,1
69.75160694122314,404,1
69.75566911697388,536,1
69.75931310653687,552,1
69.76324582099915,616,1
69.76752662658691,538,1
69.77226328849792,392,1
69.77505111694336,514,1
69.77901291847229,540,1
69.78282976150513,583,1
69.78748297691345,554,1
69.79215216636658,400,1
69.79454278945923,487,1
69.79847645759583,524,1
69.80240869522095,567,1
69.81102585792542,559,1
69.81250047683716,398,1
69.81413626670837,485,1
69.81895685195923,547,1
69.82416820526123,576,1
69.82583045959473,597,1
69.82977628707886,433,1
69.83423614501953,478,1
69.8389904499054,552,1
69.84145593643188,564,1
69.84547162055969,596,1
69.8493127822876,448,1
69.85337662696838,470,1
69.85744643211365,555,1
69.86119055747986,555,1
69.86502838134766,607,1
69.86896991729736,456,1
69.87306904792786,439,1
69.87681436538696,540,1
69.880619764328,525,1
69.88471984863281,585,1
69.89012360572815,448,1
69.89234280586243,401,1
69.89629578590393,511,1
69.90018391609192,494,1
69.90506887435913,558,1
69.9081118106842,432,1
69.91196250915527,325,1
69.91583895683289,435,1
69.91985249519348,429,1
69.9260504245758,508,1
69.9275336265564,423,1
69.93155097961426,321,1
69.93539333343506,447,1
69.94247007369995,464,1
69.9432578086853,543,1
69.94709348678589,477,1
69.95120167732239,341,1
69.95854640007019,450,1
69.95894956588745,470,1
69.96283078193665,527,1
69.966792345047,490,1
69.97122716903687,348,1
69.9744782447815,465,1
69.97839021682739,506,1
69.98231816291809,557,1
69.98635125160217,556,1
69.99012422561646,399,1
69.99406599998474,500,1
69.99816703796387,563,1
70.00189971923828,592,1
70.00584864616394,601,1
70.00978112220764,430,1
70.0135805606842,480,1
70.01751947402954,543,1
70.02148985862732,566,1
70.02533078193665,597,1
70.02923440933228,429,1
70.03321504592896,457,1
70.03716683387756,541,1
70.04113030433655,545,1
70.0523407459259,594,1
70.05924344062805,450,1
70.05960130691528,440,1
70.06048536300659,541,1
70.06072783470154,530,1
70.06460309028625,593,1
70.0683970451355,475,1
70.07280468940735,454,1
70.0761787891388,566,1
70.08012366294861,563,1
70.08407258987427,639,1
70.0879499912262,530,1
70.09201169013977,462,1
70.09586882591248,578,1
70.0997462272644,561,1
70.1037073135376,633,1
70.10757851600647,526,1
70.11140131950378,409,1
70.11533427238464,514,1
70.11940932273865,512,1
70.12335658073425,590,1
70.12723088264465,508,1
70.13107943534851,374,1
70.13523387908936,484,1
70.13890838623047,497,1
70.14282822608948,551,1
70.14662098884583,507,1
70.15068888664246,365,1
70.15529274940491,461,1
70.1584403514862,490,1
70.16238236427307,535,1
70.16617846488953,513,1
70.17026090621948,357,1
70.17417359352112,457,1
70.17798781394958,510,1
70.18196678161621,548,1
70.18588352203369,558,1
70.1897120475769,398,1
70.19362473487854,485,1
70.19748139381409,557,1
70.20153093338013,591,1
70.20539355278015,617,1
70.20933938026428,455,1
70.21327757835388,497,1
70.21727418899536,569,1
70.22109699249268,567,1
70.22495818138123,608,1
70.2288887500763,449,1
70.23284959793091,450,1
70.23676705360413,550,1
70.2444314956665,557,1
70.24465870857239,616,1
70.24834442138672,484,1
70.25263571739197,465,1
70.25632071495056,578,1
70.26012587547302,566,1
70.2640597820282,633,1
70.26813960075378,509,1
70.27294611930847,440,1
70.27577495574951,544,1
70.27966451644897,535,1
70.28389835357666,610,1
70.28939938545227,514,1
70.29136371612549,427,1
70.29527425765991,540,1
70.29918789863586,536,1
70.30362844467163,600,1
70.30740976333618,515,1
70.31088662147522,394,1
70.31483817100525,509,1
70.31931638717651,521,1
70.32285666465759,585,1
70.32655477523804,530,1
70.33048462867737,399,1
70.33450818061829,522,1
70.33840036392212,560,1
70.34224796295166,626,1
70.34617638587952,600,1
70.3501193523407,441,1
70.3563826084137,543,1
70.35786843299866,590,1
70.36180329322815,621,1
70.36587142944336,609,1
70.37097311019897,440,1
70.37388682365417,516,1
70.37746477127075,562,1
70.38135862350464,580,1
70.38662362098694,602,1
70.38992738723755,433,1
70.39307928085327,476,1
70.39714670181274,546,1
70.40112400054932,555,1
70.40702271461487,587,1
70.40891075134277,426,1
70.41278910636902,447,1
70.41657090187073,543,1
70.42061066627502,554,1
70.42446446418762,613,1
70.42834496498108,465,1
70.43220829963684,438,1
70.43637681007385,538,1
70.44033741950989,529,1
70.44398999214172,591,1
70.44791531562805,455,1
70.45192003250122,388,1
70.45711326599121,490,1
70.45962691307068,474,1
70.46348237991333,545,1
70.46775412559509,431,1
70.47386527061462,356,1
70.47549057006836,489,1
70.47926831245422,501,1
70.48305344581604,601,1
70.48904013633728,532,1
70.49095463752747,445,1
70.49486827850342,584,1
70.49876117706299,609,1
70.50398898124695,689,1
70.50766611099243,639,1
70.51053929328918,501,1
70.51439785957336,614,1
70.52194118499756,639,1
70.5231671333313,679,1
70.52613615989685,635,1
70.52998423576355,484,1
70.53401827812195,582,1
70.54137206077576,622,1
70.54198050498962,669,1
70.54563903808594,667,1
70.54959416389465,511,1
70.55482268333435,610,1
70.55747103691101,682,1
70.5612952709198,721,1
70.56529951095581,726,1
70.57103323936462,546,1
70.57394766807556,598,1
70.57696604728699,664,1
70.58093452453613,680,1
70.5869026184082,717,1
70.58953166007996,553,1
70.59258437156677,565,1
70.59649634361267,638,1
70.6005482673645,632,1
70.60614895820618,673,1
70.60823917388916,521,1
70.61215138435364,497,1
70.61610579490662,576,1
70.62144255638123,566,1
70.62404680252075,634,1
70.62787175178528,499,1
70.63179159164429,459,1
70.63703465461731,565,1
70.63983201980591,558,1
70.64356756210327,622,1
70.69204092025757,504,1
70.69328498840332,431,1
70.69467258453369,549,1
70.78096961975098,546,1
70.78853631019592,631,1
70.78967332839966,525,1
70.79027986526489,405,1
70.79097580909729,515,1
70.79129672050476,517,1
70.79173159599304,586,1
70.79249572753906,506,1
70.7928192615509,372,1
70.79308319091797,484,1
70.7933120727539,510,1
70.7938072681427,578,1
70.7944540977478,547,1
70.79490303993225,409,1
70.7952070236206,525,1
70.79548287391663,568,1
70.79571437835693,627,1
70.79599165916443,609,1
70.79688858985901,451,1
70.81083583831787,544,1
70.84363007545471,605,1
70.84627032279968,639,1
70.84672236442566,633,1
70.84713554382324,453,1
70.84737658500671,504,1
70.84757590293884,562,1
70.84775829315186,572,1
70.84792637825012,588,1
70.84811401367188,426,1
70.84830355644226,471,1
70.84847331047058,561,1
70.84864830970764,568,1
70.84880948066711,603,1
70.84897470474243,445,1
70.8491382598877,446,1
70.84930062294006,543,1
70.84946322441101,550,1
70.8496458530426,620,1
70.84979581832886,478,1
70.84992837905884,421,1
70.85006165504456,499,1
70.85021781921387,471,1
70.85082626342773,528,1
70.85106039047241,404,1
70.85159468650818,353,1
70.85657525062561,488,1
70.8581030368805,504,1
70.86058163642883,592,1
70.86166596412659,495,1
70.86199975013733,401,1
70.86223602294922,514,1
70.8624677658081,511,1
70.86277294158936,594,1
70.86644864082336,519,1
70.8711085319519,395,1
70.87498736381531,514,1
70.87816095352173,528,1
70.88208794593811,592,1
70.88612246513367,549,1
70.88999724388123,423,1
70.8938558101654,539,1
70.89778351783752,556,1
70.90170049667358,596,1
70.90560817718506,562,1
70.90948224067688,399,1
70.91338849067688,501,1
70.91735601425171,548,1
70.92150449752808,587,1
70.9255211353302,589,1
70.92914080619812,426,1
70.93301391601562,509,1
70.93731260299683,573,1
70.94143033027649,603,1
70.94480299949646,619,1
70.94865107536316,440,1
70.95252680778503,483,1
70.95654153823853,557,1
70.96034932136536,567,1
70.96428871154785,601,1
70.96834993362427,432,1
70.97229361534119,450,1
70.976229429245,549,1
70.97992610931396,552,1
70.98397040367126,610,1
70.98821902275085,467,1
70.99227833747864,451,1
70.9955575466156,563,1
70.99962186813354,562,1
71.00350046157837,633,1
71.00730276107788,508,1
71.01126265525818,463,1
71.01519536972046,577,1
71.01918768882751,565,1
71.02292704582214,643,1
71.02694272994995,534,1
71.0308985710144,449,1
71.03476595878601,562,1
71.03866529464722,559,1
71.04254460334778,633,1
71.04639911651611,541,1
71.05050230026245,427,1
71.05428171157837,537,1
71.05813884735107,533,1
71.06213188171387,589,1
71.06604385375977,511,1
71.07007169723511,366,1
71.0740737915039,478,1
71.07778143882751,505,1
71.08160400390625,549,1
71.08554720878601,497,1
71.08951020240784,340,1
71.09333276748657,449,1
71.0972809791565,484,1
71.10126423835754,517,1
71.10518407821655,507,1
71.10930395126343,335,1
71.11291074752808,417,1
71.11684060096741,488,1
71.1210286617279,538,1
71.12486124038696,567,1
71.12857294082642,409,1
71.13251256942749,471,1
71.13672471046448,544,1
71.14030051231384,554,1
71.14424633979797,590,1
71.1482162475586,434,1
71.15240693092346,459,1
71.15612769126892,544,1
71.15998888015747,538,1
71.16381573677063,580,1
71.1678466796875,435,1
71.17171216011047,432,1
71.1758508682251,542,1
71.17947459220886,541,1
71.1833004951477,603,1
71.18739867210388,466,1
71.19130444526672,422,1
71.19504117965698,532,1
71.1991593837738,525,1
71.2029767036438,610,1
71.2076518535614,495,1
71.21080613136292,421,1
71.21459865570068,547,1
71.21866035461426,546,1
71.22249746322632,622,1
71.22643876075745,514,1
71.23031878471375,394,1
71.23426508903503,509,1
71.23852682113647,511,1
71.24215936660767,573,1
71.24595665931702,488,1
71.24989056587219,351,1
71.25403428077698,467,1
71.25784158706665,491,1
71.26156616210938,552,1
71.26553964614868,511,1
71.26960563659668,354,1
71.27339339256287,465,1
71.27735257148743,522,1
71.28124809265137,582,1
71.28521513938904,551,1
71.28970265388489,380,1
71.29296016693115,463,1
71.29689645767212,505,1
71.30090498924255,532,1
71.3052077293396,540,1
71.30852031707764,375,1
71.31244349479675,443,1
71.31639981269836,517,1
71.32047963142395,531,1
71.3242781162262,545,1
71.32833456993103,375,1
71.3321464061737,404,1
71.3363881111145,486,1
71.34010314941406,489,1
71.34396052360535,532,1
71.34774541854858,378,1
71.35178995132446,381,1
71.35559582710266,492,1
71.35942816734314,478,1
71.3633542060852,511,1
71.3674910068512,360,1
71.37152075767517,322,1
71.37577557563782,424,1
71.3789336681366,417,1
71.38285994529724,502,1
71.38701677322388,397,1
71.39077973365784,340,1
71.39457035064697,458,1
71.39852452278137,448,1
71.40260672569275,525,1
71.40635824203491,418,1
71.41031265258789,322,1
71.41423010826111,444,1
71.41807770729065,453,1
71.42259192466736,530,1
71.4259705543518,457,1
71.42982530593872,343,1
71.43394994735718,456,1
71.43810105323792,458,1
71.44169998168945,499,1
71.44547772407532,437,1
71.44935202598572,294,1
71.4534182548523,405,1
71.4572696685791,439,1
71.46128249168396,482,1
71.46512126922607,458,1
71.4690158367157,299,1
71.4730429649353,388,1
71.47695183753967,438,1
71.48077964782715,493,1
71.48459100723267,508,1
71.48861646652222,347,1
71.49337339401245,421,1
71.49636745452881,492,1
71.50023818016052,528,1
71.5043351650238,557,1
71.50821304321289,399,1
71.51200842857361,447,1
71.51587438583374,528,1
71.51986360549927,535,1
71.52489924430847,547,1
71.52794146537781,378,1
71.53154850006104,389,1
71.53562211990356,465,1
71.53949499130249,458,1
71.54409909248352,518,1
71.54724168777466,377,1
71.55121231079102,336,1
71.55542922019958,429,1
71.55992364883423,430,1
71.56282758712769,517,1
71.56678009033203,421,1
71.57110476493835,394,1
71.57460570335388,512,1
71.57861733436584,513,1
71.58240032196045,618,1
71.58649396896362,520,1
71.59036350250244,447,1
71.59421110153198,570,1
71.5979974269867,570,1
71.60216069221497,652,1
71.6059193611145,573,1
71.60991096496582,458,1
71.61365938186646,568,1
71.61764359474182,576,1
71.62162351608276,630,1
71.62544274330139,554,1
71.62929558753967,419,1
71.63323712348938,530,1
71.63729643821716,546,1
71.64106750488281,602,1
71.64493799209595,570,1
71.64888882637024,420,1
71.65292954444885,528,1
71.65687537193298,568,1
71.660964012146,593,1
71.66451478004456,579,1
71.66853618621826,418,1
71.67234969139099,503,1
71.67625045776367,566,1
71.68026328086853,581,1
71.68425607681274,574,1
71.68812131881714,388,1
71.69194984436035,443,1
71.69589877128601,526,1
71.69986581802368,533,1
71.70418810844421,562,1
71.70845627784729,400,1
71.71155071258545,415,1
71.7153959274292,512,1
71.71938681602478,518,1
71.7232403755188,572,1
71.72716784477234,433,1
71.73100686073303,432,1
71.73494672775269,542,1
71.73894262313843,539,1
71.74305582046509,625,1
71.74676775932312,506,1
71.75061821937561,456,1
71.75471377372742,564,1
71.75840616226196,560,1
71.7623860836029,642,1
71.76622915267944,540,1
71.77022862434387,459,1
71.77429676055908,570,1
71.77799963951111,558,1
71.78191828727722,627,1
71.78604531288147,542,1
71.7898256778717,430,1
71.79363894462585,532,1
71.79751753807068,532,1
71.80145525932312,598,1
71.80537843704224,511,1
71.80928754806519,376,1
71.81334400177002,471,1
71.81731033325195,490,1
71.82151246070862,561,1
71.82503175735474,518,1
71.82887411117554,366,1
71.83286643028259,477,1
71.8372790813446,526,1
71.84066343307495,573,1
71.84506797790527,548,1
71.84838938713074,398,1
71.8523588180542,502,1
71.85632038116455,565,1
71.86012721061707,600,1
71.86426758766174,607,1
71.86815094947815,438,1
71.87197756767273,500,1
71.87674951553345,566,1
71.8798713684082,582,1
71.88360095024109,608,1
71.88829135894775,452,1
71.89202356338501,491,1
71.89541673660278,571,1
71.89924335479736,574,1
71.90332984924316,624,1
71.90714907646179,476,1
71.91118311882019,472,1
71.91509747505188,564,1
71.91891098022461,552,1
71.92277932167053,613,1
71.92666745185852,486,1
71.93110775947571,440,1
71.93480443954468,540,1
71.94007420539856,532,1
71.94225549697876,603,1
71.94622611999512,481,1
71.95011687278748,422,1
71.95407676696777,538,1
71.95856714248657,539,1
71.96191143989563,624,1
71.96589255332947,522,1
71.96972441673279,413,1
71.9741861820221,532,1
71.97750568389893,532,1
71.9815309047699,599,1
71.98571848869324,516,1
71.99014735221863,392,1
71.99320936203003,511,1
71.99711918830872,528,1
72.00142359733582,586,1
72.00898051261902,528,1
72.00977802276611,381,1
72.01287937164307,481,1
72.0166563987732,507,1
72.02057218551636,558,1
72.02458310127258,527,1
72.02843689918518,361,1
72.03229522705078,465,1
72.03659582138062,521,1
72.04111051559448,567,1
72.04400420188904,574,1
72.04797768592834,410,1
72.05201292037964,487,1
72.05706071853638,559,1
72.05978298187256,579,1
72.06375217437744,599,1
72.06770658493042,434,1
72.07343435287476,479,1
72.07537317276001,560,1
72.07921767234802,567,1
72.08313632011414,607,1
72.08937239646912,450,1
72.09189367294312,463,1
72.09498310089111,569,1
72.09883308410645,583,1
72.10311222076416,647,1
72.10758805274963,513,1
72.1104850769043,494,1
72.11441659927368,601,1
72.11844539642334,597,1
72.12298274040222,664,1
72.12614107131958,543,1
72.13008189201355,488,1
72.1341450214386,608,1
72.13855957984924,597,1
72.1419837474823,667,1
72.14581203460693,565,1
72.14968585968018,470,1
72.1535632610321,578,1
72.15752625465393,576,1
72.16146063804626,651,1
72.16531443595886,571,1
72.16994524002075,464,1
72.17440962791443,586,1
72.17716002464294,598,1
72.18098664283752,664,1
72.18496417999268,600,1
72.18970584869385,451,1
72.19276595115662,549,1
72.19660949707031,555,1
72.2008445262909,597,1
72.20542550086975,569,1
72.20839357376099,398,1
72.2122414112091,475,1
72.21624231338501,521,1
72.22028398513794,575,1
72.22413516044617,577,1
72.22791385650635,414,1
72.23191618919373,489,1
72.23603320121765,556,1
72.23974680900574,584,1
72.24351572990417,593,1
72.24741196632385,425,1
72.25139212608337,492,1
72.25586485862732,578,1
72.26010513305664,598,1
72.26325511932373,642,1
72.26740908622742,491,1
72.27194786071777,521,1
72.27564692497253,606,1
72.27883791923523,596,1
72.28262686729431,648,1
72.28664898872375,510,1
72.29054379463196,500,1
72.29437851905823,602,1
72.2983283996582,594,1
72.3028392791748,658,1
72.30686450004578,526,1
72.31015920639038,493,1
72.31400918960571,611,1
72.31808519363403,603,1
72.32378625869751,674,1
72.325927734375,561,1
72.32956385612488,485,1
72.33353805541992,603,1
72.33865427970886,600,1
72.34136295318604,670,1
72.34522104263306,570,1
72.34922003746033,461,1
72.35402393341064,589,1
72.35800051689148,596,1
72.36097621917725,663,1
72.36490178108215,594,1
72.36884546279907,458,1
72.37322092056274,558,1
72.37667298316956,578,1
72.38042855262756,639,1
72.38441944122314,604,1
72.38836550712585,450,1
72.39251494407654,552,1
72.39612531661987,589,1
72.4001715183258,629,1
72.40520739555359,607,1
72.4081711769104,437,1
72.41180610656738,523,1
72.41565322875977,593,1
72.42008590698242,626,1
72.42516565322876,635,1
72.42740726470947,463,1
72.4313440322876,516,1
72.43524122238159,562,1
72.43922019004822,562,1
72.44310402870178,581,1
72.4471127986908,416,1
72.45097255706787,441,1
72.45796537399292,521,1
72.45899820327759,513,1
72.46258997917175,562,1
72.46653890609741,419,1
72.47174000740051,422,1
72.4755187034607,538,1
72.47828578948975,547,1
72.48226714134216,620,1
72.48660588264465,494,1
72.49302124977112,455,1
72.49429678916931,551,1
72.49794220924377,541,1
72.50530481338501,614,1
72.51037073135376,502,1
72.51077365875244,429,1
72.51349210739136,542,1
72.51763772964478,542,1
72.5224244594574,606,1
72.52531456947327,510,1
72.531911611557,415,1
72.54684615135193,543,1
72.5549886226654,555,1
72.56298303604126,623,1
72.56357049942017,544,1
72.57663559913635,420,1
72.57761240005493,539,1
72.57871103286743,557,1
72.57983446121216,602,1
72.5822982788086,542,1
72.5923662185669,395,1
72.59388279914856,502,1
72.59525275230408,537,1
72.59555172920227,583,1
72.59610033035278,563,1
72.60020399093628,415,1
72.6097559928894,513,1
72.61485743522644,570,1
72.62326407432556,606,1
72.62810206413269,608,1
72.63229632377625,432,1
72.63336849212646,482,1
72.6439905166626,546,1
72.64437818527222,566,1
72.64471793174744,583,1
72.64603972434998,407,1
72.64642262458801,445,1
72.64760112762451,533,1
72.64819622039795,532,1
72.64904761314392,577,1
72.65637755393982,424,1
72.66117572784424,421,1
72.66153454780579,517,1
72.66321301460266,501,1
72.66422390937805,552,1
72.6662847995758,423,1
72.67026734352112,396,1
72.67628812789917,502,1
72.67802047729492,498,1
72.68168377876282,575,1
72.69283771514893,458,1
72.69553351402283,402,1
72.69577383995056,521,1
72.69740915298462,515,1
72.71100115776062,599,1
72.71171569824219,507,1
72.7134895324707,402,1
72.71489715576172,508,1
72.72499799728394,500,1
72.72557640075684,569,1
72.72707676887512,506,1
72.72862195968628,399,1
72.73256802558899,507,1
72.74456882476807,518,1
72.74507665634155,587,1
72.74596071243286,537,1
72.74827551841736,397,1
72.76022124290466,506,1
72.76150059700012,520,1
72.76187992095947,558,1
72.76559615135193,522,1
72.76797366142273,366,1
72.77601885795593,468,1
72.77647042274475,526,1
72.77954149246216,572,1
72.78342843055725,568,1
72.79564356803894,399,1
72.7969102859497,480,1
72.7981390953064,552,1
72.79916071891785,561,1
72.81099081039429,569,1
72.81187033653259,410,1
72.81341361999512,456,1
72.81472063064575,532,1
72.82595992088318,540,1
72.83140110969543,580,1
72.8575792312622,434,1
72.86322593688965,447,1
72.8641128540039,544,1
72.86459946632385,542,1
72.86490964889526,619,1
72.86667013168335,498,1
72.87919306755066,489,1
72.88145661354065,598,1
72.89478421211243,607,1
72.89698648452759,689,1
72.89866876602173,574,1
72.89995837211609,511,1
72.90878510475159,596,1
72.90949702262878,572,1
72.91044306755066,644,1
72.91102719306946,534,1
72.9113552570343,450,1
72.91206812858582,565,1
72.91231679916382,564,1
72.91355586051941,652,1
72.91686773300171,567,1
72.91844511032104,448,1
72.92705535888672,558,1
72.92921113967896,568,1
72.93217992782593,633,1
72.94515037536621,559,1
72.94702696800232,414,1
72.94734215736389,513,1
72.9479124546051,532,1
72.94924259185791,591,1
72.9494400024414,553,1
72.95080327987671,392,1
72.96179676055908,479,1
72.96267175674438,515,1
72.96324968338013,561,1
72.96460747718811,552,1
72.96752309799194,394,1
72.97493958473206,464,1
72.97598600387573,518,1
72.97900366783142,554,1
72.98312330245972,575,1
72.98697996139526,415,1
72.99117279052734,458,1
72.99463844299316,519,1
72.99863696098328,534,1
73.0043740272522,580,1
73.0109441280365,431,1
73.01305174827576,443,1
73.01427221298218,518,1
73.01831245422363,515,1
73.02727103233337,568,1
73.02799248695374,433,1
73.02991652488708,430,1
73.03437852859497,544,1
73.04116106033325,553,1
73.04454803466797,622,1
73.04677605628967,502,1
73.0495765209198,458,1
73.05591177940369,563,1
73.0589451789856,555,1
73.06119847297668,622,1
73.06530976295471,508,1
73.07334446907043,421,1
73.07553172111511,525,1
73.07695007324219,529,1
73.08084917068481,606,1
73.08553338050842,522,1
73.09045553207397,420,1
73.0926775932312,537,1
73.09637594223022,547,1
73.1003041267395,611,1
73.10813975334167,540,1
73.10965085029602,413,1
73.11215233802795,523,1
73.11596059799194,539,1
73.12654948234558,599,1
73.12739062309265,559,1
73.12765741348267,403,1
73.13165640830994,510,1
73.13577175140381,552,1
73.14310646057129,600,1
73.14533185958862,577,1
73.1472897529602,407,1
73.1570029258728,500,1
73.15847754478455,552,1
73.15968489646912,568,1
73.1629421710968,572,1
73.16688323020935,411,1
73.17537689208984,476,1
73.17768239974976,551,1
73.17927956581116,575,1
73.18420767784119,607,1
73.19261193275452,453,1
73.19382047653198,477,1
73.19469499588013,562,1
73.19815015792847,572,1
73.207510471344,618,1
73.20920658111572,476,1
73.20994520187378,479,1
73.21382880210876,588,1
73.2177906036377,582,1
73.22211217880249,635,1
73.22643709182739,502,1
73.22941613197327,469,1
73.23332977294922,583,1
73.24142694473267,569,1
73.24184155464172,637,1
73.24506664276123,522,1
73.24895882606506,447,1
73.25297999382019,548,1
73.25689649581909,529,1
73.26063370704651,596,1
73.26464557647705,492,1
73.26859998703003,389,1
73.27624154090881,512,1
73.27674150466919,515,1
73.2803282737732,578,1
73.28422546386719,505,1
73.28826713562012,393,1
73.29207587242126,500,1
73.29596042633057,514,1
73.29987573623657,551,1
73.30476593971252,477,1
73.3077449798584,330,1
73.31151461601257,448,1
73.31547951698303,495,1
73.3193724155426,546,1
73.32333326339722,531,1
73.32719039916992,376,1
73.33105754852295,477,1
73.3352210521698,533,1
73.33952212333679,574,1
73.34290432929993,584,1
73.3468005657196,414,1
73.35071086883545,468,1
73.35498857498169,538,1
73.35915231704712,565,1
73.36238884925842,573,1
73.36627984046936,388,1
73.37044668197632,412,1
73.37446093559265,492,1
73.37809014320374,502,1
73.38208079338074,519,1
73.38610863685608,359,1
73.39353370666504,373,1
73.39491772651672,476,1
73.39756989479065,477,1
73.40155291557312,551,1
73.41026020050049,421,1
73.41093158721924,401,1
73.4132719039917,519,1
73.41763973236084,516,1
73.4213273525238,584,1
73.42496514320374,459,1
73.42894721031189,370,1
73.43289923667908,457,1
73.43700194358826,428,1
73.44061636924744,494,1
73.44448256492615,383,1
73.44846796989441,276,1
73.45238423347473,384,1
73.45624828338623,391,1
73.46026849746704,482,1
73.46419167518616,412,1
73.46804070472717,283,1
73.47234725952148,402,1
73.47593379020691,416,1
73.479816198349,477,1
73.48368668556213,424,1
73.48828029632568,293,1
73.49157500267029,418,1
73.49538469314575,466,1
73.49931406974792,511,1
73.50541257858276,462,1
73.50916504859924,285,1
73.51124858856201,374,1
73.5149495601654,411,1
73.52228593826294,446,1
73.52565217018127,458,1
73.52681922912598,321,1
73.53059482574463,392,1
73.53458833694458,450,1
73.53850150108337,479,1
73.54241466522217,491,1
73.54632616043091,331,1
73.55020046234131,377,1
73.55817127227783,453,1
73.55870461463928,453,1
73.56198859214783,465,1
73.56584596633911,299,1
73.56985116004944,318,1
73.57367634773254,416,1
73.57757329940796,432,1
73.58141326904297,496,1
73.5864040851593,364,1
73.59031367301941,346,1
73.59337902069092,457,1
73.59712290763855,451,1
73.60131239891052,512,1
73.60589456558228,386,1
73.60894346237183,334,1
73.61278343200684,428,1
73.6166512966156,422,1
73.62118983268738,504,1
73.62449932098389,410,1
73.62847590446472,340,1
73.6322991847992,454,1
73.63625764846802,467,1
73.64197540283203,554,1
73.64414143562317,478,1
73.64804339408875,380,1
73.65199494361877,495,1
73.65798163414001,499,1
73.6598744392395,571,1
73.66359281539917,503,1
73.66766142845154,364,1
73.67175579071045,479,1
73.67532396316528,506,1
73.67922830581665,560,1
73.68326306343079,517,1
73.68746495246887,352,1
73.69185423851013,442,1
73.69489526748657,496,1
73.6988844871521,554,1
73.7029287815094,529,1
73.70678234100342,362,1
73.71059274673462,450,1
73.71453619003296,509,1
73.7184247970581,546,1
73.72269463539124,565,1
73.7262716293335,410,1
73.73028349876404,465,1
73.73429036140442,536,1
73.7398464679718,545,1
73.74342584609985,574,1
73.74581742286682,408,1
73.7497489452362,436,1
73.75364804267883,535,1
73.75777626037598,549,1
73.76141047477722,602,1
73.76554036140442,455,1
73.76977682113647,432,1
73.7736406326294,517,1
73.77712416648865,513,1
73.78096985816956,575,1
73.78506517410278,438,1
73.78997373580933,388,1
73.79283308982849,485,1
73.79659366607666,484,1
73.8010082244873,578,1
73.80575275421143,474,1
73.80845355987549,400,1
73.81229066848755,515,1
73.81629943847656,513,1
73.82185506820679,598,1
73.82412457466125,507,1
73.82788634300232,392,1
73.83184671401978,512,1
73.83639240264893,523,1
73.83987498283386,601,1
73.84367609024048,529,1
73.84758114814758,392,1
73.85138773918152,494,1
73.85550808906555,505,1
73.85928583145142,565,1
73.86330008506775,510,1
73.86729645729065,354,1
73.871577501297,477,1
73.87491035461426,525,1
73.87885928153992,574,1
73.88265299797058,559,1
73.8867404460907,392,1
73.89058232307434,477,1
73.89445734024048,537,1
73.89836955070496,563,1
73.90262651443481,578,1
73.90935850143433,420,1
73.91092491149902,490,1
73.91410636901855,568,1
73.91809272766113,591,1
73.92324900627136,620,1
73.9259045124054,457,1
73.92978143692017,477,1
73.93356919288635,563,1
73.93802332878113,566,1
73.9418671131134,618,1
73.94523024559021,466,1
73.94919419288635,461,1
73.95322442054749,555,1
73.95715975761414,542,1
73.96101355552673,596,1
73.96487712860107,472,1
73.96884679794312,464,1
73.9749436378479,587,1
73.97661232948303,591,1
73.98047161102295,664,1
73.98443746566772,552,1
73.98924279212952,485,1
73.99232959747314,598,1
73.99611854553223,603,1
74.0001950263977,683,1
74.00504612922668,584,1
74.00793528556824,476,1
74.01185464859009,564,1
74.01569652557373,549,1
74.0199499130249,617,1
74.02363991737366,551,1
74.02743554115295,423,1
74.03131246566772,522,1
74.03524875640869,523,1
74.03960704803467,577,1
74.04322910308838,515,1
74.04712891578674,367,1
74.0509946346283,478,1
74.05635929107666,514,1
74.05912232398987,575,1
74.0626494884491,547,1
74.06653642654419,377,1
74.07207298278809,457,1
74.07441115379333,493,1
74.07827687263489,514,1
74.0822765827179,510,1
74.08634853363037,345,1
74.09025001525879,421,1
74.09403848648071,496,1
74.09789299964905,527,1
74.10186052322388,565,1
74.10607075691223,404,1
74.10960578918457,424,1
74.11352753639221,503,1
74.11742925643921,499,1
74.12277102470398,529,1
74.12530303001404,375,1
74.12927675247192,388,1
74.13309288024902,497,1
74.13803148269653,498,1
74.14095282554626,564,1
74.14487814903259,427,1
74.14881587028503,402,1
74.1526517868042,518,1
74.16066074371338,524,1
74.1620397567749,594,1
74.16436338424683,481,1
74.16859817504883,431,1
74.17237162590027,547,1
74.1763527393341,534,1
74.18010520935059,609,1
74.18441820144653,510,1
74.1880362033844,408,1
74.1926805973053,515,1
74.19568252563477,506,1
74.19956398010254,575,1
74.20394015312195,508,1
74.20866322517395,411,1
74.21130394935608,544,1
74.21519923210144,549,1
74.21974587440491,602,1
74.22443866729736,545,1
74.22701740264893,398,1
74.23101258277893,499,1
74.23493504524231,529,1
74.2399320602417,586,1
74.24267435073853,561,1
74.24661898612976,402,1
74.25077652931213,490,1
74.25705623626709,526,1
74.25907707214355,555,1
74.26226687431335,547,1
74.26627039909363,379,1
74.27464532852173,454,1
74.27615857124329,528,1
74.27788186073303,565,1
74.2818169593811,583,1
74.28584933280945,414,1
74.2905604839325,472,1
74.29349160194397,556,1
74.29739570617676,568,1
74.30128598213196,601,1
74.30791187286377,451,1
74.30915355682373,460,1
74.31307315826416,546,1
74.31699466705322,543,1
74.32093381881714,589,1
74.32501769065857,458,1
74.32872986793518,444,1
74.33267617225647,550,1
74.33662486076355,549,1
74.3405442237854,624,1
74.34437036514282,508,1
74.34825444221497,467,1
74.35217881202698,576,1
74.35657668113708,546,1
74.3601713180542,598,1
74.36393928527832,488,1
74.36795091629028,411,1
74.37218880653381,538,1
74.37581729888916,540,1
74.37951636314392,613,1
74.38347339630127,538,1
74.39199304580688,421,1
74.39437460899353,504,1
74.39651322364807,510,1
74.39922857284546,571,1
74.4034640789032,515,1
74.40800881385803,401,1
74.41091299057007,533,1
74.41481685638428,571,1
74.41924738883972,629,1
74.42633581161499,603,1
74.42710041999817,461,1
74.43038487434387,566,1
74.43447136878967,609,1
74.4389328956604,651,1
74.44212055206299,648,1
74.4460518360138,477,1
74.45010900497437,552,1
74.45404171943665,596,1
74.4596939086914,627,1
74.46227478981018,638,1
74.46559047698975,460,1
74.4713966846466,511,1
74.47648119926453,591,1
74.47737145423889,618,1
74.48138403892517,657,1
74.49263381958008,506,1
74.49336838722229,523,1
74.49434161186218,608,1
74.49706482887268,617,1
74.50115132331848,664,1
74.5109007358551,514,1
74.51120591163635,496,1
74.51256775856018,595,1
74.51649689674377,609,1
74.52410387992859,687,1
74.5284104347229,559,1
74.52961468696594,516,1
74.53225207328796,638,1
74.54023766517639,619,1
74.55813503265381,685,1
74.55877327919006,589,1
74.55929851531982,506,1
74.56651854515076,606,1
74.57638812065125,586,1
74.57858872413635,662,1
74.58039474487305,577,1
74.58083534240723,473,1
74.581458568573,587,1
74.58229470252991,587,1
74.59385442733765,643,1
74.59559369087219,543,1
74.59695434570312,393,1
74.59783697128296,513,1
74.59824228286743,529,1
74.59877586364746,573,1
74.6055998802185,514,1
74.61050629615784,359,1
74.61115193367004,457,1
74.61457633972168,486,1
74.61836433410645,532,1
74.62681794166565,533,1
74.62741804122925,367,1
74.63126587867737,446,1
74.6344723701477,503,1
74.64178276062012,539,1
74.64424109458923,546,1
74.6456868648529,377,1
74.64951062202454,438,1
74.65590786933899,519,1
74.65901589393616,545,1
74.66123032569885,569,1
74.66520667076111,405,1
74.6772780418396,437,1
74.67797064781189,515,1
74.6783127784729,511,1
74.68083572387695,549,1
74.68512487411499,402,1
74.69275426864624,412,1
74.69333267211914,520,1
74.69648933410645,509,1
74.70039486885071,572,1
74.71039915084839,442,1
74.71092581748962,409,1
74.71250247955322,527,1
74.71608901023865,514,1
74.72160744667053,585,1
74.72900557518005,465,1
74.73211359977722,385,1
74.74211740493774,496,1
74.74298310279846,490,1
74.74563932418823,568,1
74.74873781204224,473,1
74.7502589225769,374,1
74.76387739181519,506,1
74.77500247955322,516,1
74.77552247047424,599,1
74.7759735584259,534,1
74.78017377853394,417,1
74.78080081939697,540,1
74.78189325332642,561,1
74.79436135292053,634,1
74.81034088134766,606,1
74.81364870071411,485,1
74.81547021865845,595,1
74.82432866096497,634,1
74.82493948936462,684,1
74.83053016662598,669,1
74.83994770050049,502,1
74.8425018787384,590,1
74.84374499320984,633,1
74.84673237800598,660,1
74.84801292419434,651,1
74.8484091758728,487,1
74.8498420715332,555,1
74.85895895957947,623,1
74.86223912239075,641,1
74.86539030075073,662,1
74.86634278297424,500,1
74.87598991394043,541,1
74.87676048278809,609,1
74.8816614151001,612,1
74.88293886184692,656,1
74.88460731506348,510,1
74.89789342880249,519,1
74.91010856628418,611,1
74.91111826896667,608,1
74.9119484424591,663,1
74.91264820098877,526,1
74.92997241020203,496,1
74.93071150779724,598,1
74.94133162498474,589,1
74.94316363334656,649,1
74.94657158851624,525,1
74.94863629341125,471,1
74.94978475570679,580,1
74.96047782897949,556,1
74.96357035636902,626,1
74.96650552749634,526,1
74.96780133247375,423,1
74.97825312614441,535,1
74.97923278808594,548,1
74.98082613945007,618,1
74.98134231567383,523,1
74.98154711723328,395,1
74.98173236846924,491,1
74.98334550857544,478,1
74.99330234527588,510,1
74.99527764320374,430,1
74.99810361862183,292,1
74.99852299690247,384,1
74.99901509284973,408,1
74.99935936927795,456,1
74.99955081939697,423,1
75.00874376296997,270,1
75.00945210456848,356,1
75.0103862285614,399,1
75.01070165634155,423,1
75.01143169403076,412,1
75.01169419288635,250,1
75.01201152801514,324,1
75.01336002349854,391,1
75.01757431030273,406,1
75.02610635757446,409,1
75.02635288238525,250,1
75.02911925315857,315,1
75.03308367729187,403,1
75.04268193244934,434,1
75.04463386535645,478,1
75.04524421691895,319,1
75.04849624633789,333,1
75.05300402641296,429,1
75.05911493301392,439,1
75.06089806556702,494,1
75.06433200836182,342,1
75.06904625892639,330,1
75.0768575668335,453,1
75.07782244682312,460,1
75.07982873916626,532,1
75.08385062217712,402,1
75.08968162536621,357,1
75.09160423278809,480,1
75.09548950195312,479,1
75.09943795204163,560,1
75.10419702529907,474,1
75.10892939567566,400,1
75.11130380630493,498,1
75.11526155471802,483,1
75.12657237052917,541,1
75.12881731987,443,1
75.13122463226318,329,1
75.13179540634155,452,1
75.13484764099121,473,1
75.14342761039734,553,1
75.14621567726135,510,1
75.14680671691895,370,1
75.1503918170929,481,1
75.16014218330383,516,1
75.1613438129425,576,1
75.16201710700989,547,1
75.1659607887268,401,1
75.16988015174866,494,1
75.17450165748596,538,1
75.1776373386383,578,1
75.1815505027771,568,1
75.18569326400757,402,1
75.19323635101318,472,1
75.19374537467957,523,1
75.19723773002625,551,1
75.20120859146118,568,1
75.20984506607056,407,1
75.21122550964355,459,1
75.21295690536499,544,1
75.2168517112732,579,1
75.22069883346558,613,1
75.22825217247009,460,1
75.22869324684143,493,1
75.23242282867432,593,1
75.23678374290466,594,1
75.2422878742218,626,1
75.24662256240845,467,1
75.24857831001282,453,1
75.25929951667786,565,1
75.26082038879395,572,1
75.26121497154236,657,1
75.26367449760437,552,1
75.26975321769714,507,1
75.27616238594055,615,1
75.27772045135498,610,1
75.27939128875732,687,1
75.28349995613098,576,1
75.29541301727295,501,1
75.2959713935852,615,1
75.29691624641418,608,1
75.29900670051575,684,1
75.30419111251831,587,1
75.30817818641663,471,1
75.31064987182617,583,1
75.31456303596497,587,1
75.32499027252197,654,1
75.32559657096863,573,1
75.32751846313477,433,1
75.33018898963928,538,1
75.33473801612854,553,1
75.33983087539673,595,1
75.34230065345764,546,1
75.34593176841736,405,1
75.34986305236816,512,1
75.35461664199829,545,1
75.3606972694397,586,1
75.3618369102478,568,1
75.36575412750244,415,1
75.3797197341919,502,1
75.38072371482849,549,1
75.39357542991638,577,1
75.39847159385681,597,1
75.39993071556091,437,1
75.41045665740967,502,1
75.41144156455994,563,1
75.41455078125,577,1
75.41543865203857,605,1
75.41652417182922,461,1
75.41749930381775,500,1
75.42703795433044,576,1
75.42780947685242,567,1
75.42864942550659,593,1
75.4292459487915,446,1
75.42957401275635,455,1
75.43198680877686,555,1
75.43618607521057,556,1
75.44395637512207,615,1
75.4443416595459,475,1
75.44752860069275,429,1
75.45152974128723,535,1
75.46115779876709,532,1
75.46194195747375,584,1
75.46324276924133,461,1
75.46714162826538,386,1
75.48245453834534,505,1
75.49610257148743,497,1
75.52601146697998,565,1
75.52962613105774,474,1
75.53039383888245,404,1
75.531423330307,544,1
75.53266024589539,558,1
75.54392719268799,648,1
75.54645776748657,589,1
75.55405735969543,485,1
75.55760145187378,612,1
75.56287360191345,624,1
75.56634378433228,667,1
75.57625842094421,605,1
75.57905650138855,461,1
75.58103513717651,577,1
75.58257293701172,618,1
75.63309288024902,670,1
75.67560124397278,631,1
75.70750069618225,461,1
75.72603034973145,549,1
75.74745512008667,590,1
75.77951431274414,614,1
75.78495264053345,622,1
75.7981505393982,460,1
75.80927276611328,532,1
75.8147644996643,591,1
75.82580614089966,608,1
75.82894015312195,630,1
75.83010292053223,460,1
75.83244204521179,498,1
75.84257221221924,586,1
75.8498809337616,589,1
75.86200618743896,624,1
75.86469721794128,486,1
75.87703704833984,485,1
75.88004565238953,583,1
75.88039517402649,585,1
75.88060355186462,643,1
75.8807783126831,509,1
75.88095831871033,485,1
75.88123822212219,588,1
75.88143682479858,582,1
75.88169121742249,655,1
75.88198971748352,539,1
75.88221979141235,480,1
75.8824200630188,594,1
75.88258409500122,588,1
75.88278079032898,661,1
75.88297533988953,559,1
75.88314843177795,471,1
75.88329672813416,590,1
75.88343286514282,590,1
75.88356256484985,656,1
75.8836977481842,565,1
75.88382697105408,441,1
75.88409662246704,551,1
75.88437056541443,561,1
75.88454341888428,615,1
75.88472151756287,558,1
75.88490533828735,423,1
75.8892412185669,540,1
75.88976097106934,565,1
75.890065908432,608,1
75.8902337551117,579,1
75.89037919044495,409,1
75.89051723480225,505,1
75.89066982269287,560,1
75.89081263542175,609,1
75.891037940979,608,1
75.89128518104553,435,1
75.89151930809021,514,1
75.89193034172058,574,1
75.89222693443298,592,1
75.89258074760437,607,1
75.89277601242065,432,1
75.89313983917236,480,1
75.89375233650208,567,1
75.89398956298828,566,1
75.89415049552917,586,1
75.89426875114441,425,1
75.89438819885254,449,1
75.89450001716614,539,1
75.89461040496826,528,1
75.89472198486328,567,1
75.89483284950256,418,1
75.89494371414185,394,1
75.8950605392456,497,1
75.89519667625427,500,1
75.89537453651428,575,1
75.89554619789124,450,1
75.89575266838074,394,1
75.89595174789429,502,1
75.89613962173462,486,1
75.89646005630493,555,1
75.89765787124634,445,1
75.89851260185242,366,1
75.89943170547485,479,1
75.89971947669983,477,1
75.89995431900024,563,1
75.90016555786133,471,1
75.9003095626831,360,1
75.90043020248413,485,1
75.90054774284363,496,1
75.90113663673401,558,1
75.90176939964294,494,1
75.9023220539093,367,1
75.90385293960571,492,1
75.90509295463562,516,1
75.91035485267639,576,1
75.91211366653442,538,1
75.9129147529602,377,1
75.9131817817688,471,1
75.91341996192932,512,1
75.91697192192078,558,1
75.92092180252075,548,1
75.92511177062988,371,1
75.92880773544312,439,1
75.9326741695404,479,1
75.93660879135132,497,1
75.94050121307373,503,1
75.9443359375,335,1
75.94832706451416,389,1
75.95215272903442,457,1
75.9564573764801,476,1
75.96001315116882,521,1
75.96456623077393,368,1
75.96807789802551,396,1
75.97470617294312,474,1
75.97584891319275,480,1
75.9795515537262,549,1
75.98362255096436,415,1
75.98743557929993,415,1
75.99133014678955,523,1
75.995276927948,509,1
75.99914026260376,572,1
76.00359177589417,448,1
76.0071074962616,418,1
76.01086282730103,535,1
76.01489663124084,532,1
76.0193145275116,617,1
76.02261543273926,499,1
76.02658295631409,420,1
76.03038144111633,542,1
76.03441715240479,526,1
76.03937792778015,587,1
76.04235076904297,479,1
76.04608750343323,366,1
76.05011057853699,471,1
76.0539243221283,483,1
76.05795288085938,555,1
76.06184363365173,488,1
76.06572103500366,357,1
76.07079100608826,465,1
76.07491159439087,476,1
76.07735443115234,524,1
76.08125352859497,474,1
76.08534574508667,319,1
76.08937335014343,425,1
76.0931875705719,475,1
76.09693765640259,522,1
76.10091376304626,512,1
76.10493659973145,358,1
76.10927224159241,443,1
76.11266350746155,491,1
76.11645364761353,526,1
76.12103772163391,539,1
76.12541961669922,370,1
76.12830114364624,430,1
76.13213968276978,514,1
76.13675212860107,531,1
76.1401309967041,540,1
76.14387702941895,366,1
76.14791369438171,400,1
76.15189146995544,485,1
76.15564012527466,488,1
76.15954089164734,540,1
76.16343593597412,391,1
76.16752862930298,390,1
76.17135286331177,491,1
76.17556619644165,477,1
76.17918300628662,543,1
76.18299078941345,413,1
76.18700695037842,375,1
76.19137024879456,495,1
76.19479537010193,491,1
76.19871354103088,561,1
76.2027018070221,440,1
76.20762896537781,363,1
76.21036887168884,493,1
76.2142915725708,492,1
76.21833062171936,563,1
76.22226238250732,456,1
76.22624683380127,353,1
76.23013806343079,459,1
76.2338764667511,459,1
76.23790526390076,538,1
76.24180006980896,458,1
76.24555230140686,341,1
76.24952745437622,456,1
76.25347661972046,466,1
76.25809288024902,533,1
76.26121950149536,492,1
76.26514172554016,356,1
76.2694206237793,470,1
76.2730040550232,506,1
76.27689933776855,563,1
76.28085827827454,538,1
76.28491377830505,386,1
76.28868365287781,486,1
76.2925066947937,539,1
76.29642605781555,557,1
76.30038022994995,552,1
76.30431342124939,384,1
76.3081865310669,445,1
76.31206107139587,500,1
76.3159670829773,517,1
76.3201334476471,535,1
76.324711561203,364,1
76.32784843444824,392,1
76.33177328109741,469,1
76.33571457862854,480,1
76.33966660499573,519,1
76.34338974952698,362,1
76.34732460975647,367,1
76.35133028030396,466,1
76.35519647598267,478,1
76.35953569412231,546,1
76.36296200752258,412,1
76.3669924736023,383,1
76.37100648880005,501,1
76.3750729560852,495,1
76.37858963012695,552,1
76.38249826431274,426,1
76.38673973083496,369,1
76.39528131484985,496,1
76.39582467079163,502,1
76.39817452430725,581,1
76.40242338180542,477,1
76.40691208839417,398,1
76.41028785705566,514,1
76.41392779350281,520,1
76.41784620285034,604,1
76.42267894744873,527,1
76.42612814903259,405,1
76.42947268486023,520,1
76.43336009979248,542,1
76.43755578994751,615,1
76.44234538078308,567,1
76.44515752792358,438,1
76.44908022880554,550,1
76.45356059074402,585,1
76.45714855194092,651,1
76.46085119247437,615,1
76.46477460861206,459,1
76.46918034553528,558,1
76.47249126434326,608,1
76.47638940811157,651,1
76.48032426834106,643,1
76.48428344726562,487,1
76.49230766296387,560,1
76.49293279647827,612,1
76.49615240097046,626,1
76.49989938735962,635,1
76.50484204292297,464,1
76.50867176055908,496,1
76.51161909103394,554,1
76.5155668258667,559,1
76.52348566055298,603,1
76.52865362167358,457,1
76.52988505363464,479,1
76.53120732307434,580,1
76.53926825523376,581,1
76.54502773284912,635,1
76.55061388015747,493,1
76.5599250793457,468,1
76.56148147583008,579,1
76.56206011772156,580,1
76.57058715820312,646,1
76.57189106941223,524,1
76.57255363464355,465,1
76.57324314117432,577,1
76.57718467712402,561,1
76.57812786102295,628,1
76.58210372924805,530,1
76.59211778640747,442,1
76.59310865402222,562,1
76.59592819213867,567,1
76.59892559051514,651,1
76.60902166366577,554,1
76.60927629470825,432,1
76.60961747169495,558,1
76.61333465576172,568,1
76.61748266220093,621,1
76.62935519218445,552,1
76.6341621875763,419,1
76.63874292373657,547,1
76.63913202285767,583,1
76.63945865631104,635,1
76.64092373847961,600,1
76.6454656124115,446,1
76.64903235435486,541,1
76.65287590026855,592,1
76.66318869590759,628,1
76.66463541984558,617,1
76.66497254371643,447,1
76.66819763183594,528,1
76.67908024787903,588,1
76.68811869621277,615,1
76.68915438652039,630,1
76.68946719169617,473,1
76.69010996818542,525,1
76.69672441482544,595,1
76.69921731948853,608,1
76.70002889633179,646,1
76.70335865020752,485,1
76.71331739425659,509,1
76.7146692276001,603,1
76.73327875137329,609,1
76.73382115364075,656,1
76.74418115615845,494,1
76.74599242210388,484,1
76.76278638839722,593,1
76.76305818557739,610,1
76.77592396736145,665,1
76.77648329734802,532,1
76.77678418159485,483,1
76.77915740013123,593,1
76.78940534591675,585,1
76.79492497444153,668,1
76.79608511924744,547,1
76.79868412017822,464,1
76.79944610595703,591,1
76.7997817993164,590,1
76.80362725257874,669,1
76.80428004264832,576,1
76.81228828430176,466,1
76.81335520744324,587,1
76.82580876350403,608,1
76.82935810089111,690,1
76.83007192611694,629,1
76.83032560348511,475,1
76.83052253723145,583,1
76.84565925598145,620,1
76.85174679756165,684,1
76.85561895370483,638,1
76.85625791549683,489,1
76.86022734642029,593,1
76.86328077316284,636,1
76.86362648010254,682,1
76.86643123626709,672,1
76.86692500114441,504,1
76.87151384353638,568,1
76.87711262702942,595,1
76.87890386581421,632,1
76.87920308113098,638,1
76.88003611564636,455,1
76.88075184822083,506,1
76.88129615783691,571,1
76.88173770904541,575,1
76.88196277618408,612,1
76.88326263427734,444,1
76.88728618621826,462,1
76.8910779953003,552,1
76.89503884315491,560,1
76.89903736114502,603,1
76.90296030044556,458,1
76.90687346458435,436,1
76.91068196296692,515,1
76.91459393501282,502,1
76.91850137710571,541,1
76.92247414588928,379,1
76.92667078971863,328,1
76.93023777008057,423,1
76.93425464630127,406,1
76.93822503089905,459,1
76.94296216964722,333,1
76.94601559638977,265,1
76.94987487792969,395,1
76.95388984680176,416,1
76.95757961273193,516,1
76.96165871620178,429,1
76.96545767784119,313,1
76.96938443183899,408,1
76.97325158119202,417,1
76.97717428207397,496,1
76.98117280006409,416,1
76.98503828048706,289,1
76.98896908760071,416,1
76.99288320541382,438,1
76.99679827690125,498,1
77.00061750411987,455,1
77.00553798675537,322,1
77.00926065444946,436,1
77.0123405456543,469,1
77.01625442504883,514,1
77.0204553604126,491,1
77.0241219997406,318,1
77.02799654006958,416,1
77.03198480606079,479,1
77.03591418266296,521,1
77.03984689712524,530,1
77.04368090629578,363,1
77.04762125015259,427,1
77.05157613754272,497,1
77.05545210838318,528,1
77.05993103981018,552,1
77.06320524215698,398,1
77.06721830368042,444,1
77.07126355171204,531,1
77.07505059242249,531,1
77.0790045261383,573,1
77.0828857421875,423,1
77.08682131767273,416,1
77.09066534042358,508,1
77.09450030326843,512,1
77.09843349456787,568,1
77.10245180130005,424,1
77.10633945465088,392,1
77.11042642593384,497,1
77.11966633796692,493,1
77.12939143180847,550,1
77.12984156608582,432,1
77.13029074668884,372,1
77.13049912452698,492,1
77.13364267349243,486,1
77.13781332969666,565,1
77.14179635047913,475,1
77.1455192565918,392,1
77.14926767349243,529,1
77.1532154083252,540,1
77.15721106529236,610,1
77.16124510765076,527,1
77.16498970985413,403,1
77.16889691352844,524,1
77.17340540885925,552,1
77.17699933052063,626,1
77.18064093589783,584,1
77.18449068069458,446,1
77.18860816955566,544,1
77.19306802749634,573,1
77.19626688957214,594,1
77.20011186599731,550,1
77.20508098602295,382,1
77.20825099945068,465,1
77.21190190315247,503,1
77.21597075462341,536,1
77.21992254257202,529,1
77.22371220588684,374,1
77.22758197784424,453,1
77.23147320747375,519,1
77.23569774627686,541,1
77.24033498764038,560,1
77.24429750442505,413,1
77.24707627296448,468,1
77.25116443634033,556,1
77.25506162643433,570,1
77.25890326499939,619,1
77.26291155815125,468,1
77.27022504806519,478,1
77.27512764930725,570,1
77.2768828868866,579,1
77.2784366607666,637,1
77.28231716156006,504,1
77.28640961647034,484,1
77.2902569770813,575,1
77.29437303543091,559,1
77.29815077781677,626,1
77.30197834968567,506,1
77.3058922290802,455,1
77.3098213672638,563,1
77.31359267234802,551,1
77.31761527061462,629,1
77.32253313064575,518,1
77.32542872428894,424,1
77.32928729057312,541,1
77.3331663608551,541,1
77.33728194236755,606,1
77.34108114242554,528,1
77.34494113922119,432,1
77.3488380908966,541,1
77.35317707061768,549,1
77.35683035850525,620,1
77.36057925224304,569,1
77.36448860168457,436,1
77.36844205856323,546,1
77.37231373786926,571,1
77.37630367279053,620,1
77.38008141517639,582,1
77.38402080535889,415,1
77.3881573677063,512,1
77.39207005500793,561,1
77.3958158493042,595,1
77.39971089363098,594,1
77.40369486808777,421,1
77.40794062614441,491,1
77.41139221191406,536,1
77.4153048992157,553,1
77.41926312446594,566,1
77.42326307296753,404,1
77.42714834213257,469,1
77.43094420433044,559,1
77.43500328063965,581,1
77.43893432617188,632,1
77.44334435462952,484,1
77.44668245315552,520,1
77.45050501823425,608,1
77.45484733581543,616,1
77.45889616012573,668,1
77.46225833892822,532,1
77.46619200706482,521,1
77.47036337852478,610,1
77.4739773273468,595,1
77.47791194915771,663,1
77.48198175430298,544,1
77.48589754104614,493,1
77.48965120315552,596,1
77.49357414245605,592,1
77.49749612808228,661,1
77.50141644477844,544,1
77.50536394119263,462,1
77.50923895835876,584,1
77.51318860054016,580,1
77.51719212532043,653,1
77.52099967002869,570,1
77.52488589286804,459,1
77.52890968322754,573,1
77.53268003463745,587,1
77.53658890724182,657,1
77.5405523777008,607,1
77.54440546035767,486,1
77.54844117164612,603,1
77.55230379104614,617,1
77.55611491203308,654,1
77.56020855903625,608,1
77.56411600112915,458,1
77.56793761253357,546,1
77.57184100151062,582,1
77.57568788528442,630,1
77.57969117164612,616,1
77.5835394859314,442,1
77.58748579025269,523,1
77.59132862091064,598,1
77.59526944160461,638,1
77.59916996955872,636,1
77.60313200950623,466,1
77.60712337493896,517,1
77.61094903945923,598,1
77.6148681640625,628,1
77.61884593963623,660,1
77.6227035522461,509,1
77.62655425071716,544,1
77.63053631782532,640,1
77.63439607620239,647,1
77.63828897476196,687,1
77.64217734336853,545,1
77.64608931541443,525,1
77.65001606941223,628,1
77.65404224395752,628,1
77.65787100791931,689,1
77.66186356544495,554,1
77.66564726829529,513,1
77.66957664489746,612,1
77.67347955703735,602,1
77.67737698554993,675,1
77.68129777908325,576,1
77.68520712852478,508,1
77.68913197517395,604,1
77.69304513931274,591,1
77.69694972038269,673,1
77.70088005065918,588,1
77.70483088493347,468,1
77.70873618125916,572,1
77.71260356903076,576,1
77.71651864051819,650,1
77.72048830986023,586,1
77.72436666488647,448,1
77.72835898399353,553,1
77.73222732543945,577,1
77.73612833023071,639,1
77.74005365371704,587,1
77.74393224716187,448,1
77.74794864654541,557,1
77.75193119049072,591,1
77.75581693649292,635,1
77.75964736938477,612,1
77.76346254348755,440,1
77.76737928390503,493,1
77.77129054069519,496,1
77.775221824646,493,1
77.77927589416504,496,1
77.78314805030823,326,1
77.78700709342957,382,1
77.79090714454651,453,1
77.79486560821533,493,1
77.79873061180115,519,1
77.80445861816406,362,1
77.80652022361755,416,1
77.81126379966736,514,1
77.81439161300659,529,1
77.81846451759338,553,1
77.82444715499878,402,1
77.82704401016235,411,1
77.82996726036072,519,1
77.8343608379364,531,1
77.83934760093689,591,1
77.8419349193573,462,1
77.84567832946777,417,1
77.84953713417053,528,1
77.85394859313965,525,1
77.85740327835083,598,1
77.86127400398254,482,1
77.86530208587646,425,1
77.87126898765564,534,1
77.87303519248962,511,1
77.87701678276062,586,1
77.88096714019775,491,1
77.88498950004578,396,1
77.88938522338867,515,1
77.89272022247314,536,1
77.89649820327759,623,1
77.90042042732239,561,1
77.91194581985474,433,1
77.91383194923401,552,1
77.91460347175598,587,1
77.9162015914917,653,1
77.92047786712646,610,1
77.92738056182861,483,1
77.92825651168823,613,1
77.93194460868835,646,1
77.93573451042175,654,1
77.94218063354492,597,1
77.94392800331116,446,1
77.94744515419006,531,1
77.95171761512756,561,1
77.9601902961731,597,1
77.96058821678162,600,1
77.96315383911133,429,1
77.96695446968079,496,1
77.97162199020386,568,1
77.97628283500671,585,1
77.97885727882385,581,1
77.98260807991028,402,1
77.98744320869446,446,1
77.99170708656311,526,1
77.99441933631897,530,1
77.99823570251465,579,1
78.00253534317017,443,1
78.00627994537354,460,1
78.01026463508606,548,1
78.01389908790588,550,1
78.01812720298767,607,1
78.02240419387817,477,1
78.02594447135925,457,1
78.02963876724243,565,1
78.03340911865234,569,1
78.03813290596008,647,1
78.04261088371277,531,1
78.04524397850037,479,1
78.04905152320862,583,1
78.05358958244324,573,1
78.06095290184021,629,1
78.06141233444214,518,1
78.0647189617157,428,1
78.06875371932983,546,1
78.07618165016174,542,1
78.07656168937683,627,1
78.08035397529602,565,1
78.08462381362915,451,1
78.09348487854004,568,1
78.09387946128845,583,1
78.09601831436157,658,1
78.10005784034729,617,1
78.10877561569214,460,1
78.10932493209839,565,1
78.11169791221619,609,1
78.11564946174622,674,1
78.12146210670471,656,1
78.12372636795044,501,1
78.12880301475525,586,1
78.13131594657898,628,1
78.13557600975037,668,1
78.13917708396912,655,1
78.1431896686554,500,1
78.14697051048279,574,1
78.15095686912537,629,1
78.15476584434509,655,1
78.15864109992981,661,1
78.16250801086426,494,1
78.16642546653748,552,1
78.17070746421814,634,1
78.17501449584961,642,1
78.17817449569702,669,1
78.18218684196472,542,1
78.18648052215576,548,1
78.19355916976929,612,1
78.19390320777893,614,1
78.19780540466309,669,1
78.20271849632263,522,1
78.20560622215271,500,1
78.20951843261719,586,1
78.21338844299316,576,1
78.21732640266418,651,1
78.22342228889465,522,1
78.2260000705719,467,1
78.22900366783142,575,1
78.23297333717346,559,1
78.23720002174377,621,1
78.24176931381226,507,1
78.24467158317566,417,1
78.24856281280518,518,1
78.2535662651062,495,1
78.2564001083374,578,1
78.26030349731445,498,1
78.26432847976685,386,1
78.26834797859192,490,1
78.27252960205078,489,1
78.27619624137878,556,1
78.27999472618103,494,1
78.28386378288269,367,1
78.2878577709198,480,1
78.29239463806152,498,1
78.29557657241821,561,1
78.29955077171326,523,1
78.30415987968445,363,1
78.30741715431213,460,1
78.31133460998535,515,1
78.31521129608154,560,1
78.31925845146179,544,1
78.32358765602112,392,1
78.32694745063782,497,1
78.33086585998535,545,1
78.33505249023438,560,1
78.33861637115479,556,1
78.34248614311218,361,1
78.34637594223022,398,1
78.35039615631104,468,1
78.35451006889343,493,1
78.3593077659607,519,1
78.36219811439514,347,1
78.36599850654602,371,1
78.37086057662964,473,1
78.37444806098938,477,1
78.37765288352966,527,1
78.38159561157227,380,1
78.38725161552429,384,1
78.38999366760254,486,1
78.39344811439514,489,1
78.39722776412964,553,1
78.40138149261475,419,1
78.40529417991638,386,1
78.40910816192627,503,1
78.412926197052,499,1
78.41696572303772,579,1
78.42089772224426,470,1
78.42466402053833,404,1
78.42886066436768,515,1
78.43252778053284,518,1
78.4403920173645,602,1
78.44331073760986,496,1
78.44536328315735,391,1
78.44843649864197,519,1
78.45232248306274,537,1
78.45849442481995,599,1
78.45991587638855,523,1
78.46441769599915,408,1
78.49989056587219,530,1
78.50048327445984,561,1
78.51408433914185,636,1
78.51558184623718,610,1
78.6074230670929,483,1
78.64503693580627,600,1
78.65036964416504,646,1
78.66461300849915,704,1
78.67630696296692,704,1
78.69331216812134,547,1
78.72890520095825,637,1
78.73872303962708,681,1
78.75950407981873,697,1
78.79321384429932,693,1
78.79445195198059,520,1
78.79830932617188,590,1
78.80539155006409,660,1
78.82704472541809,652,1
78.84717106819153,671,1
78.85917139053345,515,1
78.86152696609497,552,1
78.86302590370178,637,1
78.8669331073761,645,1
78.86846685409546,695,1
78.88343954086304,551,1
78.89751887321472,540,1
78.90149426460266,614,1
78.91217708587646,598,1
78.91332173347473,663,1
78.91468667984009,518,1
78.92390131950378,459,1
78.94394373893738,562,1
78.94857835769653,550,1
78.96534872055054,609,1
78.9858410358429,490,1
78.9990770816803,430,1
78.99959230422974,543,1
79.00820422172546,525,1
79.01050591468811,597,1
79.0119264125824,493,1
79.0128653049469,375,1
79.01380157470703,473,1
79.01560044288635,472,1
79.01686954498291,555,1
79.01743149757385,482,1
79.01934170722961,383,1
79.02135181427002,516,1
79.03171825408936,536,1
79.04547214508057,599,1
79.04833793640137,553,1
79.05515551567078,419,1
79.0660092830658,533,1
79.06994438171387,566,1
79.07482123374939,607,1
79.0855610370636,587,1
79.08915758132935,426,1
79.09038496017456,517,1
79.09603381156921,546,1
79.09785032272339,552,1
79.09830117225647,523,1
79.09900712966919,360,1
79.1003725528717,437,1
79.1074652671814,491,1
79.11502957344055,521,1
79.11643409729004,565,1
79.12952995300293,425,1
79.13289976119995,448,1
79.14438128471375,528,1
79.1478443145752,555,1
79.15028476715088,588,1
79.16447520256042,428,1
79.19172954559326,445,1
79.19364261627197,546,1
79.19411325454712,554,1
79.19491934776306,622,1
79.19658374786377,483,1
79.1972107887268,466,1
79.19757795333862,584,1
79.19809913635254,581,1
79.20251846313477,637,1
79.20761895179749,508,1
79.20833587646484,455,1
79.20865750312805,560,1
79.20909595489502,536,1
79.20952248573303,597,1
79.20994400978088,478,1
79.21071577072144,380,1
79.21689295768738,482,1
79.22927522659302,475,1
79.23006772994995,539,1
79.23078751564026,453,1
79.23145627975464,332,1
79.23185014724731,465,1
79.23227858543396,460,1
79.232595205307,503,1
79.23283624649048,442,1
79.23368573188782,306,1
79.24510955810547,406,1
79.25449323654175,432,1
79.25922656059265,492,1
79.25977063179016,476,1
79.26016879081726,329,1
79.26460433006287,434,1
79.2657253742218,496,1
79.26611685752869,556,1
79.26649880409241,548,1
79.26704978942871,384,1
79.281245470047,469,1
79.29008173942566,529,1
79.29619574546814,553,1
79.297842502594,559,1
79.30334806442261,401,1
79.32768392562866,461,1
79.33065676689148,534,1
79.33970832824707,544,1
79.3412914276123,582,1
79.34155368804932,426,1
79.34184265136719,447,1
79.34222793579102,545,1
79.34290194511414,545,1
79.34348177909851,570,1
79.3438606262207,424,1
79.3446741104126,403,1
79.34492754936218,523,1
79.34512686729431,512,1
79.3452889919281,571,1
79.34546446800232,435,1
79.34562849998474,399,1
79.34579157829285,516,1
79.34603118896484,513,1
79.34688138961792,582,1
79.34732699394226,476,1
79.34756112098694,396,1
79.34777855873108,503,1
79.34795951843262,504,1
79.34814763069153,585,1
79.34833526611328,486,1
79.34851551055908,379,1
79.34869694709778,487,1
79.34887528419495,467,1
79.34905242919922,495,1
79.34928607940674,430,1
79.34954571723938,304,1
79.34983777999878,411,1
79.35012865066528,424,1
79.35042810440063,472,1
79.3506691455841,417,1
79.3513035774231,250,1
79.35157203674316,348,1
79.35176420211792,403,1
79.35578417778015,452,1
79.35688090324402,435,1
79.3572645187378,270,1
79.35756397247314,351,1
79.35783004760742,427,1
79.3591799736023,470,1
79.36138248443604,485,1
79.36219429969788,330,1
79.36309862136841,399,1
79.36353707313538,476,1
79.36389255523682,488,1
79.36455368995667,512,1
79.36495661735535,356,1
79.36537623405457,374,1
79.36659169197083,453,1
79.36686062812805,455,1
79.36727380752563,499,1
79.36846566200256,365,1
79.37509417533875,364,1
79.3784167766571,461,1
79.37948679924011,455,1
79.37974810600281,508,1
79.38005828857422,380,1
79.38044619560242,368,1
79.38088059425354,494,1
79.38221716880798,464,1
79.38381099700928,525,1
79.38550519943237,418,1
79.38585710525513,365,1
79.38608431816101,499,1
79.38640522956848,497,1
79.3866822719574,568,1
79.38684844970703,473,1
79.38700890541077,368,1
79.38737034797668,489,1
79.3879041671753,496,1
79.38807654380798,568,1
79.38823699951172,509,1
79.3883945941925,384,1
79.38857531547546,511,1
79.38871598243713,550,1
79.38885307312012,607,1
79.38899207115173,552,1
79.3891134262085,398,1
79.389240026474,500,1
79.3893632888794,525,1
79.38948726654053,571,1
79.38961005210876,568,1
79.389732837677,410,1
79.38985323905945,502,1
79.38997459411621,558,1
79.39009618759155,581,1
79.3902177810669,584,1
79.39034724235535,416,1
79.39050340652466,479,1
79.39079022407532,544,1
79.39103841781616,551,1
79.39123129844666,561,1
79.39138889312744,402,1
79.39156937599182,443,1
79.39172673225403,535,1
79.39194655418396,538,1
79.39233040809631,570,1
79.39334082603455,428,1
79.39350509643555,424,1
79.39371061325073,519,1
79.39390206336975,514,1
79.39413118362427,571,1
79.39436364173889,425,1
79.39453935623169,388,1
79.3947434425354,506,1
79.39491271972656,506,1
79.39506101608276,582,1
79.39519143104553,468,1
79.39531636238098,395,1
79.39544558525085,515,1
79.39556288719177,511,1
79.39568614959717,599,1
79.39579391479492,499,1
79.3959310054779,390,1
79.3960633277893,503,1
79.39618802070618,506,1
79.39631128311157,596,1
79.39758610725403,538,1
79.39773321151733,415,1
79.39815950393677,529,1
79.39838933944702,554,1
79.39854550361633,634,1
79.39883351325989,579,1
79.40281414985657,417,1
79.4065842628479,516,1
79.410489320755,549,1
79.41443109512329,592,1
79.41833329200745,555,1
79.42224597930908,398,1
79.42732238769531,499,1
79.4305522441864,560,1
79.43447971343994,606,1
79.44008421897888,613,1
79.44188451766968,419,1
79.44570446014404,483,1
79.44967532157898,560,1
79.45351839065552,586,1
79.45761013031006,594,1
79.46173048019409,417,1
79.46535301208496,452,1
79.46934723854065,530,1
79.4792685508728,545,1
79.48001956939697,588,1
79.4929621219635,424,1
79.49342179298401,438,1
79.49373888969421,549,1
79.49407410621643,548,1
79.4965934753418,598,1
79.50048184394836,466,1
79.51091694831848,465,1
79.51138138771057,579,1
79.51289772987366,583,1
79.5161542892456,661,1
79.52087497711182,546,1
79.52468276023865,489,1
79.52790474891663,607,1
79.53191041946411,608,1
79.53588771820068,680,1
79.53961873054504,586,1
79.54359698295593,489,1
79.54742312431335,620,1
79.55138397216797,639,1
79.55998849868774,705,1
79.56180548667908,622,1
79.56355905532837,490,1
79.56704115867615,599,1
79.57096147537231,608,1
79.57556366920471,668,1
79.57872748374939,612,1
79.58261728286743,451,1
79.58705377578735,555,1
79.59263062477112,600,1
79.59436821937561,653,1
79.59827184677124,616,1
79.60258221626282,461,1
79.60622692108154,551,1
79.61028599739075,604,1
79.6139223575592,656,1
79.6179256439209,648,1
79.62203454971313,470,1
79.62574934959412,525,1
79.62958574295044,572,1
79.63345241546631,578,1
79.63793301582336,581,1
79.64136290550232,407,1
79.64520382881165,448,1
79.64918088912964,517,1
79.6537094116211,518,1
79.65746665000916,542,1
79.66089940071106,395,1
79.66482853889465,407,1
79.66944885253906,495,1
79.67261338233948,485,1
79.67652201652527,532,1
79.68042159080505,401,1
79.68464231491089,402,1
79.68827056884766,522,1
79.69214367866516,510,1
79.69623136520386,570,1
79.70015740394592,439,1
79.70485424995422,387,1
79.70867395401001,504,1
79.71172332763672,500,1
79.7156093120575,574,1
79.71959614753723,469,1
79.72364735603333,390,1
79.72736597061157,491,1
79.73136878013611,490,1
79.73528003692627,552,1
79.73908710479736,456,1
79.7433066368103,343,1
79.74690532684326,467,1
79.75100708007812,476,1
79.75483465194702,547,1
79.75881576538086,477,1
79.76263356208801,360,1
79.76646709442139,486,1
79.77092003822327,517,1
79.77446389198303,579,1
79.7785382270813,539,1
79.78211855888367,388,1
79.78660821914673,498,1
79.79127335548401,539,1
79.79389429092407,585,1
79.79782795906067,577,1
79.80186080932617,417,1
79.80566906929016,512,1
79.81011056900024,580,1
79.81341743469238,613,1
79.81732273101807,615,1
79.82132768630981,431,1
79.82527780532837,486,1
79.8291392326355,565,1
79.83316278457642,573,1
79.83719635009766,604,1
79.84087014198303,455,1
79.84481000900269,481,1
79.84871101379395,571,1
79.85263013839722,582,1
79.85706210136414,638,1
79.8604187965393,497,1
79.86430239677429,494,1
79.86843657493591,602,1
79.87234497070312,602,1
79.87623977661133,666,1
79.88001322746277,513,1
79.88387989997864,447,1
79.88788723945618,555,1
79.8918571472168,545,1
79.89554738998413,617,1
79.89949917793274,525,1
79.9040641784668,456,1
79.90850520133972,580,1
79.91126036643982,579,1
79.91522741317749,651,1
79.91966700553894,564,1
79.92298555374146,459,1
79.92708897590637,565,1
79.93085837364197,560,1
79.93487048149109,614,1
79.93868470191956,530,1
79.94287514686584,405,1
79.9464681148529,524,1
79.95035362243652,548,1
79.95448565483093,606,1
79.95868444442749,558,1
79.96220850944519,410,1
79.96608519554138,521,1
79.9706494808197,553,1
79.97397351264954,595,1
79.9778528213501,558,1
79.98161816596985,386,1
79.98582410812378,469,1
79.98950815200806,520,1
79.9934515953064,568,1
79.9972631931305,585,1
80.00147747993469,419,1
80.00524187088013,481,1
80.0094256401062,541,1
80.01294660568237,551,1
80.01690483093262,567,1
80.02213191986084,404,1
80.02478790283203,430,1
80.02857995033264,512,1
80.03260707855225,511,1
80.03723216056824,564,1
80.04031610488892,437,1
80.04420924186707,427,1
80.04815316200256,532,1
80.05234146118164,542,1
80.05628108978271,593,1
80.06010174751282,428,1
80.0640218257904,361,1
80.06805062294006,457,1
80.07201433181763,441,1
80.07639646530151,511,1
80.07946443557739,388,1
80.08348441123962,331,1
80.0872893333435,455,1
80.09124112129211,450,1
80.09511232376099,522,1
80.09899067878723,421,1
80.10331535339355,337,1
80.10694289207458,464,1
80.11085867881775,459,1
80.12211966514587,538,1
80.12532544136047,474,1
80.12891864776611,360,1
80.12966179847717,472,1
80.1303448677063,491,1
80.13436722755432,552,1
80.14093351364136,505,1
80.14335227012634,361,1
80.14618062973022,458,1
80.14990329742432,493,1
80.1540174484253,550,1
80.15817379951477,516,1
80.16165733337402,363,1
80.16550540924072,467,1
80.16989493370056,517,1
80.17397141456604,553,1
80.17725610733032,553,1
80.18132495880127,378,1
80.18539762496948,448,1
80.1890652179718,531,1
80.19302797317505,558,1
80.19683480262756,578,1
80.2007143497467,410,1
80.20465755462646,442,1
80.20856475830078,519,1
80.21245646476746,535,1
80.2164740562439,586,1
80.22068929672241,435,1
80.22463130950928,437,1
80.22814607620239,523,1
80.23205351829529,526,1
80.23711729049683,579,1
80.24005675315857,446,1
80.2439661026001,420,1
80.24767446517944,511,1
80.25159525871277,503,1
80.25558614730835,587,1
80.25949096679688,463,1
80.26330184936523,407,1
80.267254114151,528,1
80.27192950248718,541,1
80.27612590789795,624,1
80.27895021438599,521,1
80.28313326835632,426,1
80.28746056556702,542,1
80.29099869728088,540,1
80.29463934898376,617,1
80.29865598678589,519,1
80.30255198478699,402,1
80.30782055854797,523,1
80.31032800674438,524,1
80.3142762184143,584,1
80.31835389137268,518,1
80.32220077514648,366,1
80.32605218887329,474,1
80.32997131347656,515,1
80.3338131904602,577,1
80.33769035339355,560,1
80.34200358390808,407,1
80.34544539451599,504,1
80.34956765174866,568,1
80.35346245765686,615,1
80.35781455039978,623,1
80.36127352714539,473,1
80.36514949798584,542,1
80.36923503875732,588,1
80.3729612827301,607,1
80.37686729431152,610,1
80.38070130348206,439,1
80.38467121124268,488,1
80.3889262676239,568,1
80.39312148094177,582,1
80.39639019966125,604,1
80.40027618408203,441,1
80.40439534187317,455,1
80.40808653831482,543,1
80.41209363937378,549,1
80.41590452194214,600,1
80.42025876045227,457,1
80.42423796653748,424,1
80.42759394645691,532,1
80.43157243728638,540,1
80.43569612503052,615,1
80.43940162658691,494,1
80.4432384967804,445,1
80.44716835021973,564,1
80.45126056671143,545,1
80.45521140098572,613,1
80.45899939537048,502,1
80.46285581588745,409,1
80.46689057350159,504,1
80.47117304801941,489,1
80.47725677490234,566,1
80.47856020927429,478,1
80.48239326477051,347,1
80.48776388168335,458,1
80.4903302192688,463,1
80.4941098690033,518,1
80.49805927276611,443,1
80.5022873878479,306,1
80.50597953796387,413,1
80.50990891456604,447,1
80.51365947723389,508,1
80.51772975921631,484,1
80.52153611183167,346,1
80.5255618095398,437,1
80.52932810783386,475,1
80.53332209587097,521,1
80.53772783279419,508,1
80.54116463661194,350,1
80.54511404037476,443,1
80.54907250404358,506,1
80.55399656295776,556,1
80.55685353279114,561,1
80.56064581871033,381,1
80.56451940536499,450,1
80.56851410865784,527,1
80.57236361503601,538,1
80.57634329795837,564,1
80.58026671409607,390,1
80.58410501480103,416,1
80.58831524848938,525,1
80.59213876724243,529,1
80.59592771530151,584,1
80.59983205795288,453,1
80.60377812385559,463,1
80.60809516906738,572,1
80.6115837097168,573,1
80.61543846130371,645,1
80.61947298049927,513,1
80.62428998947144,470,1
80.62729835510254,586,1
80.63120555877686,603,1
80.63523435592651,701,1
80.63904547691345,609,1
80.64332032203674,545,1
80.64681625366211,669,1
80.65063047409058,668,1
80.65457653999329,746,1
80.65866947174072,636,1
80.66239047050476,533,1
80.66631579399109,656,1
80.67097520828247,661,1
80.67485618591309,724,1
80.67816495895386,625,1
80.68192315101624,486,1
80.68708920478821,597,1
80.68977165222168,613,1
80.69370079040527,671,1
80.69757080078125,624,1
80.70154285430908,475,1
80.70542407035828,575,1
80.70925974845886,595,1
80.71316504478455,632,1
80.7171528339386,617,1
80.72129678726196,461,1
80.7249550819397,527,1
80.72893047332764,573,1
80.73284149169922,609,1
80.73731231689453,618,1
80.74105620384216,444,1
80.74449729919434,498,1
80.74849557876587,560,1
80.75242280960083,581,1
80.75639605522156,608,1
80.7602174282074,445,1
80.76419734954834,479,1
80.76837944984436,570,1
80.77210211753845,557,1
80.77670049667358,581,1
80.77980923652649,427,1
80.78366589546204,426,1
80.78768110275269,512,1
80.79216313362122,484,1
80.79543852806091,530,1
80.79932427406311,391,1
80.80321717262268,368,1
80.80754566192627,482,1
80.81116509437561,454,1
80.81493377685547,531,1
80.81896424293518,420,1
80.8229911327362,337,1
80.82687520980835,458,1
80.83071899414062,459,1
80.83452224731445,548,1
80.83849906921387,457,1
80.84322762489319,358,1
80.84624814987183,475,1
80.85022163391113,488,1
80.854248046875,573,1
80.85817551612854,492,1
80.86198663711548,369,1
80.86588168144226,481,1
80.86977791786194,508,1
80.8743622303009,572,1
80.8775680065155,513,1
80.88140153884888,370,1
80.88537287712097,476,1
80.88945508003235,512,1
80.89328122138977,569,1
80.89728784561157,532,1
80.90150761604309,374,1
80.90502619743347,487,1
80.9094250202179,558,1
80.91270852088928,592,1
80.91661167144775,593,1
80.92106246948242,432,1
80.9255964756012,506,1
80.92835426330566,584,1
80.93228673934937,605,1
80.93623614311218,624,1
80.94018459320068,466,1
80.944011926651,504,1
80.94795107841492,582,1
80.95211243629456,580,1
80.9559166431427,595,1
80.95964312553406,429,1
80.96362137794495,415,1
80.96751403808594,487,1
80.97149658203125,477,1
80.97570323944092,532,1
80.97924780845642,419,1
80.9831018447876,382,1
80.98720049858093,462,1
80.99121165275574,448,1
80.99489092826843,529,1
80.99885082244873,412,1
81.00290703773499,351,1
81.00661587715149,471,1
81.01054191589355,473,1
81.01444029808044,551,1
81.01844763755798,434,1
81.02232074737549,342,1
81.02636885643005,460,1
81.03016877174377,483,1
81.03401613235474,574,1
81.03829216957092,509,1
81.04187774658203,385,1
81.04584527015686,504,1
81.04961252212524,541,1
81.05423951148987,606,1
81.05811381340027,548,1
81.0613853931427,419,1
81.06532621383667,541,1
81.06950283050537,570,1
81.0733494758606,626,1
81.07707500457764,598,1
81.08096170425415,439,1
81.08526039123535,532,1
81.0888888835907,577,1
81.09295153617859,620,1
81.09657645225525,614,1
81.10056114196777,442,1
81.10462665557861,506,1
81.10847234725952,560,1
81.1123456954956,581,1
81.11620235443115,608,1
81.12072205543518,447,1
81.12470197677612,489,1
81.12790966033936,567,1
81.13187098503113,567,1
81.13585114479065,591,1
81.139639377594,429,1
81.14360213279724,449,1
81.14743638038635,539,1
81.15160751342773,532,1
81.15530204772949,568,1
81.15917468070984,403,1
81.16318655014038,363,1
81.16716885566711,456,1
81.17097473144531,463,1
81.17604947090149,532,1
81.17871713638306,392,1
81.18271136283875,340,1
81.18678212165833,457,1
81.19087505340576,457,1
81.19439244270325,530,1
81.19828391075134,418,1
81.20240521430969,354,1
81.2061197757721,478,1
81.21021223068237,473,1
81.21417570114136,553,1
81.21796107292175,466,1
81.2219409942627,380,1
81.22587871551514,501,1
81.2296097278595,522,1
81.2335114479065,593,1
81.2378478050232,534,1
81.24136328697205,400,1
81.24525380134583,517,1
81.24923849105835,551,1
81.25344514846802,614,1
81.25708532333374,570,1
81.2609167098999,413,1
81.26482939720154,523,1
81.26898217201233,581,1
81.27278900146484,617,1
81.27657198905945,602,1
81.28043484687805,437,1
81.28482055664062,527,1
81.28845143318176,608,1
81.29236602783203,649,1
81.29610323905945,664,1
81.30002117156982,498,1
81.30418658256531,556,1
81.30841088294983,630,1
81.31173372268677,641,1
81.31567811965942,662,1
81.31972670555115,508,1
81.32369661331177,528,1
81.32736086845398,604,1
81.3313090801239,590,1
81.33532524108887,607,1
81.33932614326477,467,1
81.34309005737305,438,1
81.34705805778503,538,1
81.35095024108887,537,1
81.3552176952362,603,1
81.3590157032013,478,1
81.36263036727905,434,1
81.36660981178284,537,1
81.37108016014099,523,1
81.37435173988342,595,1
81.37827277183533,489,1
81.38234210014343,414,1
81.38636469841003,533,1
81.39016318321228,543,1
81.39394354820251,632,1
81.39792537689209,555,1
81.40200853347778,448,1
81.40681219100952,568,1
81.40972757339478,568,1
81.41348075866699,639,1
81.41744422912598,576,1
81.42138528823853,443,1
81.42566752433777,552,1
81.42918252944946,579,1
81.43305158615112,645,1
81.43694591522217,615,1
81.44097137451172,454,1
81.44484496116638,552,1
81.44864773750305,597,1
81.45271849632263,619,1
81.45656561851501,583,1
81.46038007736206,408,1
81.46433782577515,499,1
81.46822357177734,546,1
81.4722626209259,571,1
81.47619342803955,574,1
81.48006057739258,405,1
81.48398280143738,472,1
81.4879744052887,558,1
81.49205470085144,596,1
81.49561214447021,621,1
81.49957823753357,466,1
81.50350713729858,500,1
81.50749588012695,607,1
81.51124882698059,607,1
81.51515364646912,650,1
81.5191912651062,504,1
81.52312541007996,519,1
81.52696919441223,606,1
81.53082919120789,581,1
81.53477573394775,622,1
81.53876805305481,486,1
81.54254221916199,447,1
81.54646968841553,543,1
81.5504424571991,518,1
81.5544068813324,590,1
81.55820870399475,471,1
81.56220769882202,413,1
81.5660240650177,549,1
81.57076120376587,547,1
81.57396411895752,621,1
81.57783913612366,516,1
81.58166146278381,431,1
81.58599519729614,552,1
81.5895369052887,567,1
81.5934009552002,640,1
81.59733152389526,554,1
81.60147523880005,418,1
81.60533833503723,529,1
81.6094925403595,562,1
81.61299657821655,633,1
81.61690616607666,588,1
81.62116742134094,438,1
81.62490487098694,541,1
81.628591299057,580,1
81.63254475593567,619,1
81.63674020767212,577,1
81.64049172401428,411,1
81.64427161216736,501,1
81.64818120002747,558,1
81.65245199203491,602,1
81.65601968765259,599,1
81.65990424156189,422,1
81.66390180587769,474,1
81.66795635223389,541,1
81.67170405387878,571,1
81.67620825767517,599,1
81.67955493927002,428,1
81.68352794647217,467,1
81.6876072883606,540,1
81.69189524650574,544,1
81.69526290893555,572,1
81.69907212257385,418,1
81.70318722724915,424,1
81.70743656158447,512,1
81.71083402633667,499,1
81.71468448638916,552,1
81.71870040893555,401,1
81.72252082824707,394,1
81.72641205787659,519,1
81.73029899597168,514,1
81.73429942131042,592,1
81.73834657669067,483,1
81.74311923980713,438,1
81.74604225158691,553,1
81.74997735023499,545,1
81.75403308868408,615,1
81.75786209106445,511,1
81.76161599159241,418,1
81.76553630828857,544,1
81.77044296264648,564,1
81.77339196205139,642,1
81.77739977836609,547,1
81.78123068809509,411,1
81.78522539138794,522,1
81.78920149803162,542,1
81.79321622848511,593,1
81.79687571525574,520,1
81.80090999603271,370,1
81.804692029953,481,1
81.8087055683136,520,1
81.81246757507324,565,1
81.81641483306885,531,1
81.82048010826111,375,1
81.82426452636719,463,1
81.82814836502075,486,1
81.83224582672119,497,1
81.83621025085449,482,1
81.84011721611023,297,1
81.84394836425781,363,1
81.84767889976501,441,1
81.85163903236389,486,1
81.85568499565125,505,1
81.8594262599945,339,1
81.86333012580872,387,1
81.86729669570923,467,1
81.87138533592224,482,1
81.8756251335144,515,1
81.87911343574524,343,1
81.8829436302185,359,1
81.88720536231995,463,1
81.89085054397583,477,1
81.89464139938354,544,1
81.89854001998901,408,1
81.90256834030151,385,1
81.90648937225342,503,1
81.91052532196045,503,1
81.91419768333435,562,1
81.9181866645813,430,1
81.92203664779663,380,1
81.92596173286438,496,1
81.92994260787964,481,1
81.93389844894409,541,1
81.93767666816711,407,1
81.94177389144897,320,1
81.94554018974304,447,1
81.94938158988953,455,1
81.95357823371887,536,1
81.95813298225403,444,1
81.96131420135498,328,1
81.96508646011353,468,1
81.96908569335938,486,1
81.97295451164246,548,1
81.97682404518127,489,1
81.98071622848511,371,1
81.98467493057251,488,1
81.98855781555176,515,1
81.99253225326538,569,1
81.99633932113647,538,1
82.00036668777466,393,1
82.00468730926514,487,1
82.00852084159851,529,1
82.01198077201843,555,1
82.01590895652771,528,1
82.0204291343689,352,1
82.02387571334839,425,1
82.02766251564026,491,1
82.03160858154297,524,1
82.0355749130249,545,1
82.03958678245544,385,1
82.04360842704773,462,1
82.04719567298889,563,1
82.0514166355133,602,1
82.05511927604675,639,1
82.05895924568176,491,1
82.06297779083252,531,1
82.06707215309143,630,1
82.07102799415588,629,1
82.07471370697021,679,1
82.07847857475281,541,1
82.08247232437134,522,1
82.0875415802002,627,1
82.09031009674072,633,1
82.0942063331604,687,1
82.09818816184998,564,1
82.10208201408386,539,1
82.10604667663574,661,1
82.10990190505981,653,1
82.11369252204895,737,1
82.11798787117004,625,1
82.1217851638794,541,1
82.12569379806519,665,1
82.12932515144348,660,1
82.13328862190247,735,1
82.13752031326294,637,1
82.14174675941467,522,1
82.14517974853516,624,1
82.14892864227295,628,1
82.1531708240509,711,1
82.15739297866821,645,1
82.16068983078003,524,1
82.1645839214325,642,1
82.16863942146301,673,1
82.17253041267395,721,1
82.17661762237549,659,1
82.18022871017456,502,1
82.18422722816467,603,1
82.18821692466736,646,1
82.19197797775269,689,1
82.19604921340942,669,1
82.19996786117554,510,1
82.20452761650085,594,1
82.20768475532532,654,1
82.21171927452087,664,1
82.21547603607178,640,1
82.21950149536133,471,1
82.2233726978302,536,1
82.22726035118103,604,1
82.2312319278717,613,1
82.23525357246399,644,1
82.24051308631897,478,1
82.24406719207764,503,1
82.24675631523132,591,1
82.25070381164551,606,1
82.2546136379242,618,1
82.25849151611328,449,1
82.2623553276062,435,1
82.26632571220398,540,1
82.27066445350647,531,1
82.27429437637329,584,1
82.27818655967712,465,1
82.28199291229248,447,1
82.28593254089355,564,1
82.28998565673828,551,1
82.29368305206299,619,1
82.29762291908264,515,1
82.30150437355042,449,1
82.3054428100586,566,1
82.30930066108704,555,1
82.31329536437988,616,1
82.31726503372192,513,1
82.32124400138855,419,1
82.32517504692078,533,1
82.32890915870667,533,1
82.33293056488037,624,1
82.33705592155457,546,1
82.34063220024109,402,1
82.34451985359192,494,1
82.34856581687927,519,1
82.35252618789673,592,1
82.35631942749023,530,1
82.36029195785522,371,1
82.36407780647278,487,1
82.36826062202454,525,1
82.37204957008362,579,1
82.37625694274902,548,1
82.37992525100708,396,1
82.38368630409241,505,1
82.38781642913818,564,1
82.39157819747925,600,1
82.39538478851318,591,1
82.39934515953064,406,1
82.40341186523438,495,1
82.40744805335999,575,1
82.41109132766724,600,1
82.4149808883667,631,1
82.41908311843872,465,1
82.42329716682434,487,1
82.42670679092407,568,1
82.43062615394592,563,1
82.43460988998413,592,1
82.43852710723877,418,1
82.4432966709137,407,1
82.44623446464539,533,1
82.45033121109009,538,1
82.45450520515442,602,1
82.4583101272583,454,1
82.46193814277649,417,1
82.46594762802124,555,1
82.46991348266602,558,1
82.47378087043762,614,1
82.47798490524292,482,1
82.48147344589233,413,1
82.48575782775879,533,1
82.48931097984314,531,1
82.49319267272949,610,1
82.49713349342346,510,1
82.5009970664978,402,1
82.5049364566803,529,1
82.50891208648682,548,1
82.512850522995,631,1
82.51662802696228,537,1
82.52103924751282,386,1
82.52459502220154,516,1
82.52844309806824,549,1
82.53233551979065,617,1
82.53641533851624,541,1
82.54029870033264,360,1
82.54426670074463,501,1
82.54798412322998,557,1
82.55204582214355,605,1
82.55594754219055,572,1
82.55971884727478,396,1
82.56366729736328,501,1
82.57123398780823,574,1
82.5883424282074,610,1
82.59383797645569,595,1
82.59483122825623,393,1
82.5955376625061,469,1
82.59635376930237,563,1
82.59676671028137,595,1
82.59701681137085,614,1
82.59885883331299,419,1
82.6029634475708,454,1
82.6068902015686,561,1
82.61053514480591,585,1
82.61452770233154,624,1
82.61851406097412,435,1
82.62233090400696,451,1
82.62618803977966,589,1
82.6301052570343,610,1
82.63412976264954,663,1
82.63807892799377,496,1
82.64242315292358,469,1
82.6458785533905,589,1
82.64986205101013,590,1
82.65406107902527,665,1
82.6581609249115,518,1
82.66141939163208,442,1
82.66532397270203,581,1
82.66967368125916,581,1
82.67330360412598,649,1
82.67709851264954,519,1
82.68098330497742,421,1
82.68516874313354,562,1
82.69088363647461,566,1
82.69350242614746,628,1
82.69664359092712,517,1
82.70055818557739,384,1
82.70451927185059,527,1
82.70835447311401,547,1
82.71226811408997,583,1
82.71617984771729,484,1
82.72043776512146,320,1
82.72405195236206,452,1
82.72802448272705,511,1
82.73189854621887,568,1
82.73588871955872,523,1
82.73994040489197,343,1
82.74368453025818,448,1
82.74759936332703,491,1
82.75152158737183,537,1
82.75536847114563,531,1
82.75950145721436,338,1
82.76321291923523,406,1
82.76703882217407,475,1
82.77112650871277,504,1
82.77528047561646,530,1
82.77885413169861,333,1
82.78269457817078,389,1
82.78722548484802,499,1
82.79062008857727,500,1
82.80144357681274,523,1
82.81103515625,344,1
82.81209945678711,347,1
82.81242752075195,466,1
82.81259417533875,464,1
82.81399512290955,523,1
82.81792569160461,355,1
82.8220853805542,323,1
82.8260190486908,465,1
82.82960486412048,489,1
82.83359050750732,549,1
82.83760237693787,391,1
82.84148669242859,340,1
82.84525966644287,486,1
82.84917092323303,502,1
82.85358572006226,591,1
82.85698986053467,476,1
82.86093044281006,378,1
82.86492252349854,522,1
82.8688657283783,534,1
82.87267804145813,632,1
82.87662434577942,519,1
82.88046097755432,376,1
82.8844063282013,511,1
82.88843035697937,534,1
82.89229011535645,599,1
82.89617013931274,514,1
82.90027189254761,350,1
82.90466618537903,474,1
82.90808463096619,527,1
82.91210293769836,574,1
82.91576552391052,516,1
82.92096161842346,354,1
82.92357134819031,443,1
82.92748165130615,486,1
82.9313473701477,543,1
82.935387134552,531,1
82.93939447402954,343,1
82.94328689575195,440,1
82.94701504707336,493,1
82.95097708702087,522,1
82.95500636100769,531,1
82.95921158790588,338,1
82.96270060539246,386,1
82.96653509140015,502,1
82.97074222564697,542,1
82.97452139854431,578,1
82.97828722000122,416,1
82.98231148719788,441,1
82.9862151145935,541,1
82.99003052711487,547,1
82.99393343925476,604,1
82.99791693687439,467,1
83.0019543170929,461,1
83.00603461265564,586,1
83.00969457626343,590,1
83.01354241371155,666,1
83.01756119728088,536,1
83.02160358428955,490,1
83.0256757736206,608,1
83.02926349639893,584,1
83.0331437587738,651,1
83.03762626647949,511,1
83.04115581512451,428,1
83.04503989219666,560,1
83.04878687858582,565,1
83.09207201004028,653,1
83.13331985473633,554,1
83.13641381263733,429,1
83.13677668571472,550,1
83.13704633712769,549,1
83.13725781440735,620,1
83.13742423057556,558,1
83.13756799697876,423,1
83.1377182006836,559,1
83.13785982131958,580,1
83.13799571990967,639,1
83.13812851905823,596,1
83.13826990127563,437,1
83.13845372200012,558,1
83.138601064682,605,1
83.13872861862183,653,1
83.13892889022827,622,1
83.13908433914185,446,1
83.1392412185669,536,1
83.13938355445862,604,1
83.13951897621155,632,1
83.139652967453,628,1
83.13978838920593,418,1
83.14271879196167,465,1
83.14667534828186,555,1
83.15106892585754,585,1
83.16792559623718,616,1
83.16837191581726,429,1
83.16859674453735,467,1
83.16876864433289,546,1
83.16997194290161,540,1
83.17427277565002,602,1
83.17817664146423,447,1
83.18167972564697,439,1
83.18568754196167,560,1
83.18965172767639,565,1
83.1935133934021,638,1
83.19735407829285,488,1
83.20131421089172,443,1
83.20524883270264,565,1
83.20925831794739,558,1
83.21300721168518,639,1
83.21696615219116,495,1
83.22118091583252,411,1
83.2247633934021,562,1
83.22865295410156,553,1
83.2325975894928,643,1
83.2370285987854,540,1
83.24054670333862,382,1
83.24429202079773,524,1
83.24826288223267,534,1
83.25253629684448,606,1
83.25649905204773,498,1
83.26025295257568,299,1
83.26394557952881,434,1
83.26799654960632,493,1
83.2718505859375,577,1
83.27673268318176,531,1
83.27950048446655,328,1
83.28341960906982,458,1
83.28771805763245,520,1
83.29223704338074,570,1
83.29523086547852,543,1
83.299241065979,313,1
83.303382396698,421,1
83.30702328681946,506,1
83.31093621253967,544,1
83.31485772132874,549,1
83.31880116462708,323,1
83.32280445098877,381,1
83.32652187347412,497,1
83.3303759098053,531,1
83.33428263664246,585,1
83.33868479728699,378,1
83.34241127967834,409,1
83.34609937667847,543,1
83.34995222091675,573,1
83.35442304611206,639,1
83.35809254646301,433,1
83.36171364784241,420,1
83.36568140983582,570,1
83.36969923973083,573,1
83.37349796295166,652,1
83.37734818458557,478,1
83.3813624382019,396,1
83.38532185554504,543,1
83.38942217826843,553,1
83.39325189590454,644,1
83.39695954322815,512,1
83.40098118782043,398,1
83.4052529335022,560,1
83.40868973731995,561,1
83.41255474090576,651,1
83.41653966903687,539,1
83.42072415351868,401,1
83.42470121383667,554,1
83.42820143699646,565,1
83.43209028244019,661,1
83.43621182441711,586,1
83.4400143623352,407,1
83.44390344619751,554,1
83.44779658317566,585,1
83.45185446739197,665,1
83.45717525482178,616,1
83.45997762680054,407,1
83.46341013908386,533,1
83.46741652488708,618,1
83.4714720249176,680,1
83.47525358200073,652,1
83.47907757759094,419,1
83.48300647735596,515,1
83.48742699623108,616,1
83.49155068397522,653,1
83.4947407245636,657,1
83.49861979484558,413,1
83.50274181365967,467,1
83.50641536712646,581,1
83.51042652130127,600,1
83.51425909996033,632,1
83.51831102371216,408,1
83.52206921577454,414,1
83.52598834037781,546,1
83.52991724014282,550,1
83.5338568687439,607,1
83.53806471824646,407,1
83.54165148735046,398,1
83.54553818702698,558,1
83.54944467544556,559,1
83.55354714393616,638,1
83.55794548988342,458,1
83.56120562553406,398,1
83.56527638435364,550,1
83.57013654708862,539,1
83.5730049610138,629,1
83.576899766922,441,1
83.5807535648346,294,1
83.58493328094482,441,1
83.58875584602356,446,1
83.59288811683655,537,1
83.59639310836792,416,1
83.60040259361267,265,1
83.60423064231873,422,1
83.6083312034607,451,1
83.61223864555359,553,1
83.61599016189575,469,1
83.62017607688904,290,1
83.62388730049133,454,1
83.62767267227173,479,1
83.63168692588806,541,1
83.6357536315918,478,1
83.6395514011383,277,1
83.64343047142029,406,1
83.6472680568695,501,1
83.65138578414917,544,1
83.65573740005493,510,1
83.65931296348572,269,1
83.66301345825195,366,1
83.66687560081482,440,1
83.67123365402222,453,1
83.67473006248474,426,1
83.67866849899292,174,1
83.68252754211426,223,1
83.68676209449768,352,1
83.690354347229,388,1
83.69432640075684,415,1
83.6982102394104,184,1
83.70227384567261,194,1
83.7062041759491,339,1
83.71075344085693,379,1
83.71387934684753,432,1
83.71777415275574,224,1
83.72177243232727,224,1
83.72558236122131,374,1
83.72943091392517,370,1
83.73335313796997,429,1
83.73867297172546,239,1
83.74134802818298,186,1
83.7452826499939,358,1
83.74901080131531,373,1
83.75354862213135,455,1
83.75737857818604,297,1
83.76107978820801,198,1
83.76472163200378,359,1
83.76873660087585,351,1
83.77257561683655,463,1
83.77659845352173,352,1
83.78025770187378,214,1
83.7842652797699,384,1
83.78857135772705,395,1
83.79286003112793,481,1
83.79594945907593,388,1
83.79993391036987,211,1
83.80437684059143,380,1
83.8077323436737,429,1
83.81156420707703,532,1
83.81552743911743,477,1
83.81952166557312,271,1
83.82356524467468,412,1
83.82735276222229,483,1
83.83115243911743,575,1
83.8351263999939,562,1
83.83898639678955,362,1
83.84293103218079,480,1
83.84690117835999,581,1
83.8506977558136,641,1
83.85502743721008,639,1
83.85899615287781,401,1
83.86241006851196,484,1
83.86633610725403,582,1
83.8712842464447,610,1
83.87434196472168,630,1
83.87807035446167,398,1
83.88210463523865,443,1
83.88630509376526,587,1
83.88995790481567,623,1
83.89372324943542,656,1
83.89764332771301,424,1
83.90168952941895,438,1
83.90554738044739,598,1
83.91008019447327,622,1
83.91329574584961,693,1
83.91729068756104,498,1
83.92109608650208,444,1
83.92510223388672,589,1
83.92894840240479,590,1
83.93297410011292,680,1
83.93729162216187,512,1
83.9407229423523,399,1
83.94454431533813,561,1
83.94845676422119,553,1
83.95246076583862,647,1
83.95634269714355,515,1
83.96032071113586,383,1
83.96424770355225,554,1
83.96827173233032,557,1
83.97208189964294,664,1
83.97594952583313,565,1
83.97987174987793,389,1
83.98369288444519,524,1
83.98798561096191,545,1
83.99183654785156,622,1
83.99542665481567,543,1
83.99939227104187,345,1
84.00370573997498,485,1
84.00732207298279,537,1
84.01125907897949,626,1
84.01511335372925,583,1
84.01898121833801,350,1
84.02300643920898,477,1
84.02724766731262,546,1
84.03064203262329,593,1
84.0346245765686,562,1
84.03845834732056,327,1
84.04238986968994,437,1
84.04628872871399,524,1
84.05021047592163,559,1
84.05461692810059,569,1
84.0586256980896,358,1
84.0619740486145,434,1
84.06589531898499,567,1
84.07001280784607,610,1
84.0737476348877,654,1
84.07759213447571,448,1
84.08153533935547,492,1
84.08561253547668,608,1
84.09222602844238,632,1
84.09323716163635,706,1
84.09720969200134,510,1
84.10126781463623,487,1
84.10504508018494,618,1
84.10891580581665,618,1
84.11297464370728,696,1
84.11670279502869,520,1
84.12096166610718,460,1
84.13180589675903,591,1
84.13286995887756,575,1
84.13312864303589,658,1
84.13631820678711,521,1
84.14022827148438,414,1
84.14421367645264,540,1
84.14800548553467,535,1
84.15200638771057,629,1
84.15590786933899,511,1
84.15973830223083,381,1
84.16364073753357,543,1
84.1675534248352,546,1
84.17149472236633,635,1
84.17543649673462,555,1
84.17930626869202,383,1
84.18322491645813,521,1
84.18742871284485,571,1
84.19189429283142,643,1
84.19497156143188,581,1
84.19893264770508,397,1
84.20354557037354,523,1
84.20687246322632,568,1
84.21066570281982,627,1
84.21452140808105,613,1
84.21860146522522,418,1
84.22272419929504,503,1
84.2264289855957,555,1
84.2302598953247,588,1
84.23425126075745,583,1
84.23836946487427,371,1
84.24210214614868,453,1
84.24587988853455,529,1
84.24972653388977,549,1
84.25420475006104,577,1
84.2580919265747,379,1
84.26144123077393,435,1
84.26553392410278,558,1
84.26929783821106,572,1
84.27348065376282,608,1
84.2772765159607,401,1
84.28112316131592,398,1
84.28511905670166,523,1
84.28896856307983,534,1
84.29291343688965,621,1
84.29686498641968,456,1
84.30065512657166,395,1
84.3048198223114,518,1
84.30891227722168,510,1
84.31235527992249,586,1
84.31629824638367,446,1
84.32060408592224,365,1
84.32474303245544,499,1
84.32813382148743,493,1
84.3319239616394,583,1
84.33605623245239,488,1
84.33977007865906,359,1
84.3436267375946,481,1
84.34762573242188,495,1
84.35150790214539,596,1
84.35549688339233,502,1
84.35953664779663,340,1
84.36337876319885,463,1
84.36718130111694,480,1
84.3712990283966,564,1
84.37523937225342,500,1
84.378915309906,319,1
84.38285779953003,416,1
84.38675165176392,455,1
84.39058327674866,526,1
84.39445638656616,503,1
84.39836812019348,307,1
84.40298056602478,406,1
84.40632343292236,480,1
84.4101390838623,527,1
84.4140248298645,544,1
84.41811180114746,348,1
84.4219720363617,441,1
84.42586278915405,540,1
84.4296498298645,571,1
84.43360233306885,595,1
84.43754982948303,404,1
84.44148445129395,462,1
84.4453489780426,553,1
84.4493579864502,554,1
84.45357012748718,578,1
84.45721626281738,383,1
84.46102142333984,387,1
84.46514391899109,495,1
84.4690465927124,482,1
84.47281122207642,534,1
84.47772860527039,421,1
84.48056697845459,440,1
84.48469042778015,549,1
84.48850607872009,554,1
84.49281644821167,609,1
84.49624752998352,485,1
84.50028252601624,463,1
84.50454592704773,559,1
84.50893425941467,569,1
84.51192355155945,639,1
84.51574611663818,541,1
84.52072072029114,505,1
84.5236747264862,571,1
84.5274498462677,561,1
84.53138422966003,630,1
84.53533387184143,542,1
84.53924369812012,473,1
84.54332232475281,594,1
84.54716300964355,595,1
84.55099534988403,656,1
84.55504775047302,566,1
84.55934858322144,438,1
84.56270503997803,561,1
84.56673550605774,586,1
84.5709536075592,652,1
84.57449913024902,595,1
84.57830929756165,449,1
84.58224606513977,528,1
84.58622932434082,578,1
84.59110188484192,635,1
84.59417605400085,615,1
84.59792160987854,446,1
84.60202217102051,542,1
84.60577583312988,600,1
84.60990524291992,622,1
84.61358952522278,645,1
84.61749339103699,435,1
84.62152552604675,492,1
84.62539076805115,588,1
84.62923288345337,598,1
84.63321661949158,623,1
84.63822603225708,434,1
84.64098739624023,453,1
84.64488077163696,553,1
84.64895009994507,578,1
84.65347719192505,644,1
84.65666961669922,476,1
84.66059255599976,471,1
84.66445231437683,592,1
84.66855883598328,575,1
84.67233991622925,637,1
84.67637968063354,481,1
84.68003606796265,428,1
84.68416118621826,574,1
84.68817853927612,571,1
84.69274926185608,632,1
84.69570827484131,481,1
84.69961261749268,409,1
84.7040798664093,527,1
84.70756435394287,558,1
84.7114245891571,642,1
84.71542143821716,549,1
84.71973991394043,472,1
84.72317600250244,593,1
84.72720432281494,606,1
84.73096370697021,685,1
84.73503470420837,596,1
84.7388756275177,489,1
84.74307155609131,621,1
84.74659180641174,653,1
84.7505419254303,710,1
84.75462484359741,628,1
84.75854063034058,472,1
84.76235723495483,564,1
84.76634430885315,596,1
84.7710657119751,657,1
84.77401900291443,627,1
84.77793669700623,482,1
84.78187894821167,558,1
84.78586530685425,604,1
84.78967356681824,658,1
84.79417610168457,641,1
84.79741549491882,484,1
84.80152750015259,563,1
84.80570030212402,622,1
84.80931162834167,641,1
84.81327509880066,649,1
84.81700229644775,464,1
84.82201170921326,512,1
84.82495307922363,595,1
84.82873558998108,624,1
84.8327944278717,634,1
84.83694171905518,448,1
84.84061741828918,454,1
84.84483027458191,537,1
84.84829211235046,543,1
84.8524329662323,603,1
84.85631942749023,464,1
84.86004829406738,441,1
84.86415815353394,528,1
84.86829328536987,520,1
84.87213063240051,561,1
84.87587904930115,409,1
84.87961554527283,348,1
84.8834798336029,429,1
84.8878026008606,401,1
84.89195156097412,460,1
84.89528918266296,367,1
84.8993194103241,304,1
84.90346693992615,410,1
84.90711236000061,420,1
84.9109673500061,517,1
84.91489696502686,424,1
84.9187183380127,321,1
84.92265582084656,421,1
84.92655968666077,434,1
84.93044185638428,480,1
84.93442296981812,415,1
84.93872904777527,296,1
84.94263935089111,419,1
84.94618678092957,451,1
84.95001196861267,507,1
84.95397567749023,461,1
84.95796537399292,316,1
84.96172595024109,413,1
84.96566414833069,457,1
84.96971201896667,493,1
84.97356462478638,482,1
84.97737050056458,329,1
84.98126435279846,408,1
84.98532891273499,458,1
84.98927903175354,498,1
84.99314022064209,513,1
84.99697065353394,350,1
85.00094175338745,413,1
85.0049238204956,485,1
85.00874161720276,494,1
85.0125937461853,521,1
85.0164942741394,379,1
85.02065944671631,412,1
85.02444529533386,501,1
85.02827382087708,525,1
85.03227972984314,575,1
85.03787541389465,433,1
85.04023289680481,423,1
85.04395580291748,518,1
85.04796648025513,513,1
85.05175042152405,566,1
85.05563855171204,444,1
85.05961155891418,414,1
85.06344223022461,514,1
85.06739807128906,489,1
85.07134819030762,552,1
85.0754942893982,431,1
85.07911586761475,368,1
85.08312845230103,473,1
85.08712601661682,491,1
85.09128642082214,569,1
85.09487843513489,471,1
85.09864807128906,354,1
85.10282492637634,466,1
85.10658645629883,469,1
85.11045956611633,529,1
85.11434388160706,450,1
85.11829137802124,339,1
85.12224912643433,456,1
85.12633872032166,479,1
85.13011646270752,554,1
85.13398718833923,522,1
85.13837265968323,393,1
85.14172744750977,507,1
85.14565014839172,550,1
85.14952111244202,598,1
85.1536431312561,576,1
85.15737175941467,427,1
85.16134309768677,506,1
85.16545176506042,546,1
85.16946816444397,592,1
85.17323970794678,586,1
85.1771411895752,429,1
85.18095207214355,494,1
85.18501949310303,556,1
85.19062280654907,564,1
85.19270014762878,563,1
85.19651532173157,415,1
85.20040845870972,458,1
85.20475792884827,539,1
85.20833492279053,566,1
85.21227860450745,604,1
85.21614384651184,443,1
85.2207305431366,427,1
85.22400736808777,514,1
85.22776126861572,515,1
85.23178052902222,568,1
85.23564887046814,430,1
85.23954367637634,391,1
85.24341106414795,496,1
85.24730348587036,494,1
85.25159358978271,558,1
85.25630187988281,429,1
85.25973725318909,366,1
85.26298880577087,472,1
85.26692819595337,482,1
85.27093601226807,559,1
85.27494931221008,457,1
85.278799533844,357,1
85.28251838684082,476,1
85.28664827346802,489,1
85.29039430618286,565,1
85.29428601264954,492,1
85.2982668876648,377,1
85.30228734016418,499,1
85.30603432655334,522,1
85.30998873710632,582,1
85.31389570236206,530,1
85.31775689125061,407,1
85.32187342643738,512,1
85.32564997673035,536,1
85.32947945594788,562,1
85.33341836929321,524,1
85.337806224823,375,1
85.34220242500305,475,1
85.34528160095215,524,1
85.34911227226257,559,1
85.35347008705139,539,1
85.35693097114563,370,1
85.3607587814331,441,1
85.36471056938171,507,1
85.36866974830627,533,1
85.37255907058716,541,1
85.37646794319153,393,1
85.38037967681885,447,1
85.3842785358429,523,1
85.38819932937622,554,1
85.39210414886475,604,1
85.39610648155212,462,1
85.39991879463196,469,1
85.40477705001831,572,1
85.40783071517944,573,1
85.4116325378418,623,1
85.4155261516571,479,1
85.41949939727783,459,1
85.4234049320221,563,1
85.42731475830078,544,1
85.43115592002869,613,1
85.43522596359253,497,1
85.43910002708435,430,1
85.44314694404602,521,1
85.44688320159912,495,1
85.45071196556091,575,1
85.4546639919281,468,1
85.45863699913025,383,1
85.46248316764832,482,1
85.46647644042969,509,1
85.47063517570496,594,1
85.47488236427307,505,1
85.47835969924927,391,1
85.48217439651489,506,1
85.48618507385254,521,1
85.49049711227417,587,1
85.49384903907776,545,1
85.49772644042969,407,1
85.50160002708435,526,1
85.50557112693787,554,1
85.50946831703186,630,1
85.51334500312805,594,1
85.51739764213562,427,1
85.52197766304016,521,1
85.52531123161316,562,1
85.52911734580994,602,1
85.53294324874878,575,1
85.53723430633545,400,1
85.54085373878479,472,1
85.54464983940125,518,1
85.54860615730286,514,1
85.55272960662842,533,1
85.55638408660889,380,1
85.56028723716736,439,1
85.56431794166565,516,1
85.56845951080322,530,1
85.57286596298218,562,1
85.57656407356262,408,1
85.57988905906677,433,1
85.58389282226562,532,1
85.58786964416504,548,1
85.59219455718994,595,1
85.59549045562744,437,1
85.59946990013123,404,1
85.60352420806885,471,1
85.607506275177,436,1
85.61133074760437,507,1
85.61505174636841,389,1
85.61909008026123,332,1
85.62298774719238,435,1
85.62712407112122,463,1
85.63071656227112,550,1
85.6349413394928,432,1
85.63895988464355,358,1
85.64296793937683,484,1
85.64634561538696,488,1
85.65036463737488,565,1
85.65459156036377,494,1
85.65836238861084,417,1
85.66203570365906,526,1
85.6660373210907,543,1
85.67004084587097,619,1
85.67373490333557,556,1
85.67765283584595,427,1
85.68172121047974,534,1
85.68558859825134,529,1
85.68947291374207,571,1
85.69336700439453,531,1
85.69721913337708,393,1
85.70177459716797,497,1
85.70515847206116,554,1
85.70915031433105,620,1
85.71296501159668,615,1
85.71696209907532,462,1
85.72140121459961,540,1
85.72499370574951,591,1
85.72854852676392,626,1
85.73243689537048,626,1
85.73652935028076,456,1
85.74052834510803,513,1
85.74436116218567,589,1
85.74820446968079,603,1
85.75222516059875,634,1
85.75611686706543,480,1
85.7598946094513,505,1
85.76376152038574,589,1
85.76774883270264,583,1
85.77166986465454,627,1
85.77595567703247,471,1
85.77934455871582,468,1
85.78336668014526,560,1
85.78728222846985,563,1
85.79127311706543,631,1
85.79501056671143,509,1
85.79902219772339,486,1
85.80323839187622,577,1
85.8069372177124,584,1
85.8106632232666,654,1
85.81467843055725,540,1
85.81854891777039,487,1
85.82263398170471,585,1
85.82664179801941,582,1
85.83028984069824,657,1
85.834223985672,548,1
85.83860111236572,442,1
85.842111825943,553,1
85.84591746330261,562,1
85.8499002456665,641,1
85.85449147224426,561,1
85.85766458511353,434,1
85.86159658432007,547,1
85.86539578437805,563,1
85.86939597129822,616,1
85.87351131439209,557,1
85.87737464904785,420,1
85.88109159469604,518,1
85.88532257080078,547,1
85.8890962600708,605,1
85.89294958114624,580,1
85.89673447608948,431,1
85.90075302124023,512,1
85.90493774414062,556,1
85.90862369537354,586,1
85.91246604919434,557,1
85.91631317138672,406,1
85.92069721221924,476,1
85.92422342300415,533,1
85.92821097373962,548,1
85.93216347694397,566,1
85.93592715263367,421,1
85.93985319137573,477,1
85.94448661804199,578,1
85.94763445854187,598,1
85.9516339302063,628,1
85.95546364784241,481,1
85.95989561080933,494,1
85.96324324607849,575,1
85.96725535392761,594,1
85.97132229804993,646,1
85.97524189949036,485,1
85.97897958755493,440,1
85.9828827381134,488,1
85.98697686195374,488,1
85.99069738388062,562,1
85.99452877044678,442,1
85.99841117858887,392,1
86.00250124931335,517,1
86.00635313987732,527,1
86.01028895378113,608,1
86.01417589187622,511,1
86.0182523727417,416,1
86.02200627326965,513,1
86.02595496177673,520,1
86.02973437309265,598,1
86.03367900848389,517,1
86.03786134719849,404,1
86.04149293899536,528,1
86.04540467262268,542,1
86.04939079284668,627,1
86.05361866950989,544,1
86.05813026428223,432,1
86.06104564666748,534,1
86.06495070457458,563,1
86.06902503967285,610,1
86.07290029525757,569,1
86.07669591903687,415,1
86.08072471618652,492,1
86.08455681800842,529,1
86.08862137794495,577,1
86.09296941757202,565,1
86.09635710716248,394,1
86.10026407241821,464,1
86.10509896278381,528,1
86.10801720619202,556,1
86.11205077171326,576,1
86.11594367027283,424,1
86.12000703811646,469,1
86.12360644340515,549,1
86.12751150131226,565,1
86.1314606666565,594,1
86.13547945022583,446,1
86.13936734199524,467,1
86.14326643943787,550,1
86.14727830886841,565,1
86.15152525901794,631,1
86.15544104576111,502,1
86.15938544273376,482,1
86.1627447605133,587,1
86.1668028831482,590,1
86.17097997665405,656,1
86.17471122741699,538,1
86.17848229408264,502,1
86.18247675895691,616,1
86.18674755096436,603,1
86.19032430648804,676,1
86.19405508041382,567,1
86.1979832649231,479,1
86.20222926139832,592,1
86.20595002174377,593,1
86.2103054523468,677,1
86.21362376213074,584,1
86.21769714355469,460,1
86.22197699546814,579,1
86.2257091999054,590,1
86.22948217391968,666,1
86.23319268226624,601,1
86.2380440235138,443,1
86.2419364452362,534,1
86.24493908882141,543,1
86.24887537956238,581,1
86.25290894508362,522,1
86.25669860839844,368,1
86.26061987876892,448,1
86.26445746421814,468,1
86.26843452453613,511,1
86.27245378494263,478,1
86.2766273021698,319,1
86.28017544746399,382,1
86.28402805328369,438,1
86.2881269454956,470,1
86.29255104064941,452,1
86.29573655128479,278,1
86.29970932006836,328,1
86.30388379096985,396,1
86.30751943588257,412,1
86.31140160560608,455,1
86.31535935401917,299,1
86.31947994232178,331,1
86.32342672348022,380,1
86.32704162597656,402,1
86.3310899734497,465,1
86.33499360084534,325,1
86.33891201019287,321,1
86.3426833152771,412,1
86.34658074378967,421,1
86.35050988197327,500,1
86.35472512245178,363,1
86.3586757183075,323,1
86.36248087882996,457,1
86.36628031730652,463,1
86.37087392807007,534,1
86.37429165840149,401,1
86.37806725502014,332,1
86.38191437721252,446,1
86.38585352897644,461,1
86.3896815776825,559,1
86.39354276657104,471,1
86.39751243591309,371,1
86.40148425102234,470,1
86.40538382530212,474,1
86.40931129455566,548,1
86.41326117515564,464,1
86.41711020469666,322,1
86.42163634300232,438,1
86.42494010925293,468,1
86.42884087562561,533,1
86.43266463279724,463,1
86.43677020072937,338,1
86.44055652618408,434,1
86.44439482688904,455,1
86.44829869270325,519,1
86.45243501663208,526,1
86.45628142356873,382,1
86.46016931533813,475,1
86.46398782730103,520,1
86.46798706054688,545,1
86.47196221351624,540,1
86.47829961776733,375,1
86.47960758209229,428,1
86.48357844352722,487,1
86.48816561698914,510,1
86.49204397201538,531,1
86.49530506134033,344,1
86.4992618560791,394,1
86.5035138130188,442,1
86.50700759887695,432,1
86.51097393035889,491,1
86.51492738723755,345,1
86.51877427101135,351,1
86.52264499664307,446,1
86.526606798172,435,1
86.53046822547913,486,1
86.53449010848999,344,1
86.53847122192383,302,1
86.54328632354736,365,1
86.54614305496216,391,1
86.55000472068787,471,1
86.5542950630188,344,1
86.55830383300781,283,1
86.56187772750854,391,1
86.56566786766052,378,1
86.57162570953369,452,1
86.58160018920898,350,1
86.58217477798462,269,1
86.58266496658325,380,1
86.60027122497559,381,1
86.60077166557312,468,1
86.60113072395325,394,1
86.60145807266235,280,1
86.60258769989014,380,1
86.60528492927551,395,1
86.60879921913147,461,1
86.61266088485718,404,1
86.61655783653259,275,1
86.62089395523071,387,1
86.6245493888855,424,1
86.62831377983093,481,1
86.63237500190735,448,1
86.63682889938354,301,1
86.64045262336731,408,1
86.6445426940918,480,1
86.64793729782104,536,1
86.65194129943848,541,1
86.6557035446167,387,1
86.65963768959045,466,1
86.66351222991943,529,1
86.66737961769104,547,1
86.67138600349426,554,1
86.67574882507324,384,1
86.67925810813904,433,1
86.68317747116089,492,1
86.68728518486023,537,1
86.69187831878662,592,1
86.69487428665161,439,1
86.69872832298279,458,1
86.70314717292786,543,1
86.70652556419373,552,1
86.71054148674011,606,1
86.71433687210083,449,1
86.7182822227478,418,1
86.72243118286133,521,1
86.72632646560669,504,1
86.73008513450623,562,1
86.73405528068542,431,1
86.73825669288635,383,1
86.74196648597717,474,1
86.74566960334778,463,1
86.74955940246582,559,1
86.75377058982849,461,1
86.75770735740662,372,1
86.76133179664612,487,1
86.76522850990295,484,1
86.76934885978699,570,1
86.77305150032043,462,1
86.77694892883301,361,1
86.78089237213135,469,1
86.78488421440125,497,1
86.78881430625916,567,1
86.79267978668213,508,1
86.79657483100891,373,1
86.80050802230835,485,1
86.80472993850708,510,1
86.80931210517883,567,1
86.81216764450073,530,1
86.81604170799255,388,1
86.82009029388428,482,1
86.8240077495575,515,1
86.82795858383179,539,1
86.83177924156189,527,1
86.83573293685913,369,1
86.83962488174438,457,1
86.84360790252686,514,1
86.8473756313324,520,1
86.85130429267883,531,1
86.85525512695312,387,1
86.8592598438263,463,1
86.86315512657166,532,1
86.8670597076416,537,1
86.87138557434082,561,1
86.87568092346191,392,1
86.87866139411926,407,1
86.8826036453247,497,1
86.8866183757782,507,1
86.8904914855957,548,1
86.89427518844604,401,1
86.89824485778809,396,1
86.90227103233337,470,1
86.90609669685364,485,1
86.91000604629517,571,1
86.91391015052795,436,1
86.91820073127747,389,1
86.9218397140503,487,1
86.92600059509277,486,1
86.9296224117279,559,1
86.9334363937378,446,1
86.93855237960815,350,1
86.94175291061401,465,1
86.94514274597168,452,1
86.94919204711914,546,1
86.95328307151794,482,1
86.95707106590271,389,1
86.9608850479126,501,1
86.96472430229187,499,1
86.97014474868774,574,1
86.97314715385437,506,1
86.97675251960754,379,1
86.98036241531372,490,1
86.98434901237488,515,1
86.98842072486877,578,1
86.99239683151245,539,1
86.99611711502075,400,1
87.00000071525574,515,1
87.00445055961609,560,1
87.00790452957153,593,1
87.01166915893555,571,1
87.01562333106995,420,1
87.01954889297485,507,1
87.02388787269592,545,1
87.0273985862732,597,1
87.03126883506775,601,1
87.03524041175842,439,1
87.03920364379883,505,1
87.04339718818665,553,1
87.04701280593872,581,1
87.05089211463928,613,1
87.05479216575623,450,1
87.05905270576477,494,1
87.06249737739563,575,1
87.06647253036499,589,1
87.07090520858765,645,1
87.07511401176453,506,1
87.07827401161194,496,1
87.08211922645569,586,1
87.0861086845398,602,1
87.08999609947205,668,1
87.09387397766113,542,1
87.09772300720215,494,1
87.10168433189392,602,1
87.10556030273438,594,1
87.10947966575623,676,1
87.11338591575623,576,1
87.11731481552124,508,1
87.12158513069153,640,1
87.12532424926758,622,1
87.1291675567627,688,1
87.13295149803162,587,1
87.13745999336243,500,1
87.14145493507385,625,1
87.1447548866272,608,1
87.14865136146545,696,1
87.15278959274292,637,1
87.15651392936707,511,1
87.16036772727966,617,1
87.16425013542175,636,1
87.1684787273407,686,1
87.17216467857361,623,1
87.17648410797119,473,1
87.18006086349487,577,1
87.18388676643372,613,1
87.18785095214844,648,1
87.19186401367188,624,1
87.19554805755615,478,1
87.19944977760315,560,1
87.20350170135498,605,1
87.20736384391785,646,1
87.21131110191345,641,1
87.21519207954407,460,1
87.21915078163147,515,1
87.22298288345337,555,1
87.22694087028503,598,1
87.2307276725769,615,1
87.23468017578125,443,1
87.23871755599976,479,1
87.24318051338196,549,1
87.2464485168457,552,1
87.25032472610474,577,1
87.2548999786377,419,1
87.25865387916565,427,1
87.262131690979,541,1
87.26598477363586,530,1
87.27005100250244,579,1
87.27380752563477,451,1
87.27792429924011,432,1
87.28159737586975,542,1
87.28554892539978,519,1
87.28952097892761,580,1
87.29344058036804,461,1
87.29726481437683,391,1
87.30150294303894,507,1
87.3051700592041,489,1
87.30955529212952,579,1
87.31300687789917,474,1
87.31686902046204,381,1
87.32137107849121,487,1
87.32536101341248,502,1
87.32855153083801,586,1
87.3324944972992,484,1
87.33677411079407,370,1
87.34029865264893,481,1
87.34425020217896,494,1
87.34822702407837,541,1
87.35206055641174,489,1
87.35620999336243,362,1
87.35997939109802,451,1
87.36371350288391,471,1
87.36772108078003,513,1
87.3715889453888,488,1
87.37550044059753,338,1
87.37936592102051,439,1
87.38331699371338,484,1
87.38851737976074,539,1
87.392329454422,538,1
87.39506697654724,380,1
87.39898753166199,464,1
87.40305972099304,541,1
87.40690350532532,597,1
87.41069102287292,626,1
87.41460633277893,436,1
87.41874599456787,485,1
87.42258930206299,510,1
87.42637825012207,537,1
87.43028450012207,573,1
87.43429374694824,437,1
87.43850708007812,467,1
87.44220066070557,536,1
87.44599461555481,522,1
87.44998240470886,563,1
87.45376825332642,422,1
87.45770049095154,391,1
87.46156883239746,481,1
87.46556186676025,479,1
87.46949791908264,547,1
87.47374320030212,408,1
87.47736287117004,349,1
87.48125529289246,453,1
87.48537588119507,441,1
87.48984551429749,540,1
87.49312949180603,440,1
87.49687814712524,368,1
87.50066113471985,486,1
87.5048463344574,486,1
87.50864696502686,554,1
87.51242661476135,426,1
87.51635813713074,341,1
87.52040839195251,452,1
87.52512621879578,464,1
87.52813601493835,564,1
87.5320303440094,512,1
87.5360209941864,390,1
87.54001808166504,489,1
87.54400777816772,507,1
87.54772973060608,563,1
87.5515923500061,526,1
87.55544424057007,378,1
87.55937886238098,479,1
87.56331586837769,479,1
87.56718349456787,547,1
87.5713324546814,540,1
87.57541823387146,363,1
87.57910227775574,458,1
87.58294415473938,525,1
87.58690404891968,547,1
87.59073662757874,553,1
87.59463882446289,391,1
87.5984959602356,446,1
87.60366868972778,519,1
87.60704112052917,535,1
87.61100244522095,561,1
87.61416625976562,410,1
87.61839151382446,438,1
87.62198567390442,524,1
87.62602806091309,526,1
87.62989234924316,569,1
87.63388228416443,432,1
87.63782262802124,424,1
87.64165902137756,518,1
87.64542555809021,502,1
87.64941835403442,557,1
87.65445232391357,431,1
87.65719103813171,414,1
87.66107034683228,536,1
87.66504669189453,539,1
87.66911625862122,602,1
87.6734926700592,481,1
87.67750477790833,427,1
87.68074774742126,543,1
87.68454599380493,510,1
87.68857932090759,611,1
87.69258427619934,489,1
87.69701838493347,420,1
87.70044946670532,538,1
87.70478177070618,544,1
87.70812225341797,623,1
87.71194529533386,544,1
87.71598100662231,422,1
87.72191739082336,529,1
87.72699975967407,543,1
87.72771573066711,597,1
87.73149633407593,558,1
87.73576474189758,420,1
87.74187564849854,535,1
87.74423217773438,532,1
87.74740505218506,580,1
87.7511682510376,565,1
87.75654244422913,398,1
87.75940299034119,454,1
87.76290583610535,494,1
87.76675581932068,525,1
87.77127051353455,547,1
87.77722573280334,384,1
87.77969646453857,468,1
87.78240442276001,536,1
87.78672361373901,572,1
87.79041051864624,597,1
87.79420757293701,437,1
87.79800057411194,473,1
87.80212569236755,555,1
87.80731749534607,561,1
87.81035995483398,607,1
87.81366515159607,443,1
87.81769227981567,456,1
87.82164096832275,561,1
87.82560610771179,554,1
87.82933449745178,616,1
87.83319616317749,486,1
87.83797955513,472,1
87.8412230014801,579,1
87.84504723548889,547,1
87.8489019870758,625,1
87.8530011177063,521,1
87.8567304611206,472,1
87.86074328422546,598,1
87.86455988883972,584,1
87.8685302734375,660,1
87.8724308013916,554,1
87.87704396247864,460,1
87.88028120994568,559,1
87.88411927223206,555,1
87.88808155059814,649,1
87.89283919334412,583,1
87.89587068557739,478,1
87.89969301223755,600,1
87.9036614894867,626,1
87.90752816200256,704,1
87.91170811653137,654,1
87.91536736488342,514,1
87.92023873329163,614,1
87.92335963249207,633,1
87.92736601829529,652,1
87.93102169036865,587,1
87.93540930747986,404,1
87.93971681594849,497,1
87.94324731826782,517,1
87.94675207138062,570,1
87.95055961608887,577,1
87.95480155944824,416,1
87.95857405662537,469,1
87.96231031417847,526,1
87.96621918678284,563,1
87.97052645683289,578,1
87.97410440444946,417,1
87.97801899909973,448,1
87.98199701309204,527,1
87.98598790168762,547,1
87.99055790901184,595,1
87.99370765686035,447,1
87.99767255783081,465,1
88.00167155265808,566,1
88.00540232658386,548,1
88.01004576683044,603,1
88.01319646835327,452,1
88.01711702346802,445,1
88.02197003364563,560,1
88.025235414505,546,1
88.02891230583191,615,1
88.03278160095215,474,1
88.04525017738342,447,1
88.05036211013794,566,1
88.05091190338135,549,1
88.05112028121948,617,1
88.05233764648438,514,1
88.05623126029968,433,1
88.0602490901947,544,1
88.06424379348755,535,1
88.0679817199707,600,1
88.07311391830444,528,1
88.0761616230011,430,1
88.07968258857727,538,1
88.08357548713684,541,1
88.08799481391907,612,1
88.09160923957825,562,1
88.09529495239258,440,1
88.09928560256958,537,1
88.10323905944824,545,1
88.10707473754883,619,1
88.11108493804932,605,1
88.11504292488098,453,1
88.11887240409851,529,1
88.12272262573242,547,1
88.12684082984924,604,1
88.13050317764282,600,1
88.13443875312805,425,1
88.13859605789185,508,1
88.14341711997986,559,1
88.14621186256409,613,1
88.15006875991821,637,1
88.15440249443054,479,1
88.15856885910034,540,1
88.16189885139465,619,1
88.16575145721436,642,1
88.16988730430603,674,1
88.17357540130615,518,1
88.17763257026672,551,1
88.18137121200562,640,1
88.1858012676239,619,1
88.18934965133667,671,1
88.1934027671814,540,1
88.19716882705688,537,1
88.20106029510498,635,1
88.20510125160217,629,1
88.20943570137024,704,1
88.21267580986023,575,1
88.216637134552,540,1
88.22062730789185,646,1
88.22471904754639,618,1
88.22837829589844,697,1
88.23223733901978,572,1
88.23619675636292,494,1
88.24180221557617,607,1
88.24508953094482,605,1
88.24799180030823,694,1
88.2540066242218,608,1
88.25705981254578,495,1
88.26007008552551,599,1
88.26353859901428,601,1
88.26745939254761,647,1
88.27152466773987,573,1
88.27556490898132,440,1
88.27920985221863,547,1
88.2830958366394,570,1
88.28739309310913,624,1
88.29194569587708,584,1
88.29495286941528,435,1
88.29875349998474,536,1
88.30269408226013,533,1
88.30664300918579,614,1
88.31049728393555,620,1
88.31439781188965,468,1
88.31837129592896,535,1
88.32341289520264,591,1
88.3263807296753,616,1
88.33008289337158,600,1
88.33401799201965,425,1
88.33808970451355,497,1
88.34187388420105,555,1
88.34602093696594,564,1
88.3496482372284,587,1
88.35421752929688,441,1
88.35753965377808,485,1
88.36144232749939,563,1
88.36529779434204,567,1
88.3692102432251,592,1
88.37312936782837,426,1
88.37707209587097,417,1
88.38105893135071,510,1
88.38509178161621,506,1
88.3917727470398,577,1
88.39386463165283,442,1
88.39662218093872,406,1
88.40050625801086,517,1
88.40481162071228,515,1
88.4084243774414,596,1
88.41231155395508,481,1
88.41612410545349,418,1
88.42068600654602,528,1
88.42441582679749,502,1
88.42793917655945,586,1
88.43173813819885,484,1
88.43571853637695,383,1
88.43965721130371,499,1
88.44354629516602,512,1
88.44740009307861,570,1
88.45158338546753,509,1
88.4554340839386,378,1
88.45943450927734,488,1
88.46307301521301,521,1
88.46693325042725,596,1
88.47106766700745,540,1
88.47570443153381,396,1
88.47927045822144,505,1
88.4826934337616,539,1
88.48815083503723,580,1
88.49121761322021,555,1
88.49445128440857,409,1
88.49828958511353,522,1
88.50295233726501,536,1
88.5065553188324,573,1
88.51066136360168,592,1
88.5140016078949,436,1
88.51802325248718,512,1
88.52295112609863,586,1
88.52647519111633,606,1
88.52955794334412,636,1
88.5335214138031,467,1
88.5378897190094,522,1
88.5425066947937,615,1
88.5453109741211,631,1
88.54920649528503,666,1
88.55317449569702,493,1
88.55761647224426,518,1
88.56097507476807,614,1
88.5647566318512,593,1
88.57017636299133,622,1
88.57500672340393,504,1
88.57697129249573,496,1
88.58040952682495,591,1
88.58433485031128,583,1
88.58842611312866,662,1
88.59236860275269,548,1
88.5961742401123,490,1
88.59996151924133,603,1
88.60458874702454,595,1
88.60801124572754,659,1
88.61169910430908,565,1
88.61562895774841,491,1
88.61998796463013,584,1
88.62350010871887,592,1
88.62734580039978,676,1
88.63130068778992,593,1
88.63521552085876,481,1
88.63927340507507,596,1
88.64305758476257,607,1
88.64696002006531,672,1
88.65091514587402,602,1
88.65495181083679,451,1
88.65872478485107,546,1
88.66256380081177,564,1
88.66649913787842,640,1
88.67093205451965,609,1
88.67475986480713,482,1
88.67821407318115,580,1
88.68216013908386,610,1
88.6895101070404,664,1
88.69204640388489,670,1
88.69389605522156,499,1
88.6978805065155,573,1
88.70175099372864,630,1
88.70563054084778,622,1
88.7099540233612,618,1
88.71340417861938,440,1
88.71773672103882,487,1
88.72739219665527,563,1
88.7276623249054,574,1
88.72918820381165,616,1
88.73317503929138,468,1
88.73810815811157,500,1
88.74096155166626,588,1
88.74475812911987,591,1
88.74867987632751,648,1
88.7528429031372,481,1
88.75750780105591,475,1
88.76040625572205,565,1
88.76430797576904,558,1
88.76845693588257,611,1
88.77225255966187,486,1
88.77627992630005,434,1
88.77995419502258,541,1
88.7839674949646,546,1
88.78816151618958,628,1
88.79265236854553,527,1
88.79555916786194,452,1
88.799471616745,578,1
88.80500555038452,578,1
88.80746865272522,639,1
88.81138110160828,535,1
88.81525492668152,414,1
88.81994581222534,495,1
88.82311463356018,496,1
88.82698965072632,554,1
88.83087158203125,470,1
88.83492422103882,345,1
88.83873677253723,461,1
88.84333109855652,481,1
88.84642028808594,554,1
88.85034132003784,508,1
88.85475945472717,339,1
88.8588478565216,419,1
88.86208844184875,435,1
88.86600685119629,494,1
88.87026572227478,488,1
88.87713074684143,305,1
88.87804961204529,357,1
88.88163924217224,403,1
88.88658499717712,443,1
88.89080476760864,489,1
88.89362931251526,328,1
88.89738035202026,387,1
88.90123248100281,474,1
88.90541386604309,512,1
88.91035223007202,542,1
88.91301536560059,377,1
88.91691732406616,414,1
88.92115640640259,504,1
88.92516660690308,511,1
88.92856788635254,554,1
88.9324791431427,413,1
88.9365963935852,415,1
88.94145894050598,505,1
88.94426488876343,525,1
88.94819021224976,587,1
88.95229053497314,453,1
88.9576416015625,414,1
88.96001672744751,526,1
88.9639983177185,497,1
88.96790838241577,536,1
88.97171831130981,467,1
88.97565364837646,410,1
88.9794750213623,521,1
88.98338532447815,501,1
88.98779916763306,598,1
88.99181127548218,519,1
88.99520826339722,434,1
88.99902415275574,564,1
89.00351452827454,557,1
89.00704193115234,630,1
89.0107946395874,583,1
89.01478600502014,455,1
89.01860165596008,560,1
89.02256608009338,573,1
89.02638792991638,662,1
89.03029608726501,615,1
89.03426623344421,458,1
89.04159736633301,575,1
89.04494333267212,596,1
89.04607367515564,656,1
89.04998445510864,626,1
89.05492734909058,481,1
89.05814266204834,567,1
89.0615873336792,602,1
89.0654969215393,622,1
89.0694637298584,629,1
89.07339596748352,467,1
89.07725119590759,548,1
89.08116149902344,612,1
89.08511090278625,605,1
89.08910036087036,626,1
89.0930814743042,474,1
89.09687495231628,513,1
89.1007182598114,583,1
89.10508608818054,584,1
89.10891914367676,626,1
89.11246514320374,470,1
89.11636185646057,482,1
89.120609998703,558,1
89.12452435493469,558,1
89.12815833091736,625,1
89.13200497627258,494,1
89.13607144355774,472,1
89.13994121551514,569,1
89.14374589920044,549,1
89.14766883850098,612,1
89.15169191360474,496,1
89.15566396713257,437,1
89.15943217277527,547,1
89.1634304523468,536,1
89.16720795631409,618,1
89.17125105857849,525,1
89.17542958259583,433,1
89.17909097671509,555,1
89.18296003341675,568,1
89.18706059455872,664,1
89.19183349609375,596,1
89.19459366798401,473,1
89.19859671592712,598,1
89.20245432853699,617,1
89.20639538764954,697,1
89.21025848388672,644,1
89.21415400505066,503,1
89.22584795951843,605,1
89.22668027877808,634,1
89.22756576538086,674,1
89.23035073280334,646,1
89.23376703262329,511,1
89.23798274993896,582,1
89.24223470687866,641,1
89.24545955657959,655,1
89.24940896034241,644,1
89.2536392211914,491,1
89.25731658935547,555,1
89.26124119758606,599,1
89.2650818824768,613,1
89.26907587051392,614,1
89.27291536331177,430,1
89.27683663368225,479,1
89.28067278862,570,1
89.28457617759705,570,1
89.2885856628418,608,1
89.29243993759155,448,1
89.29636764526367,469,1
89.30063533782959,547,1
89.30438470840454,550,1
89.30870389938354,592,1
89.34844255447388,470,1
89.34893918037415,446,1
89.34932327270508,534,1
89.34966111183167,537,1
89.34990072250366,621,1
89.3588547706604,513,1
89.37631869316101,456,1
89.37653160095215,567,1
89.37682580947876,546,1
89.38903331756592,648,1
89.39177680015564,564,1
89.39481711387634,470,1
89.39511251449585,571,1
89.39537286758423,556,1
89.39564895629883,631,1
89.39590072631836,535,1
89.39620757102966,415,1
89.39832210540771,532,1
89.39861536026001,532,1
89.39899778366089,616,1
89.3992874622345,551,1
89.39950132369995,420,1
89.3996741771698,530,1
89.4020185470581,547,1
89.40603184700012,586,1
89.40995860099792,539,1
89.41587615013123,396,1
89.41763043403625,480,1
89.43304872512817,519,1
89.43348097801208,551,1
89.43378853797913,535,1
89.43410682678223,373,1
89.43723607063293,453,1
89.44121980667114,517,1
89.44509220123291,552,1
89.44905853271484,574,1
89.45298767089844,434,1
89.45680451393127,491,1
89.46062541007996,560,1
89.46453285217285,577,1
89.46849870681763,599,1
89.4725182056427,443,1
89.47634506225586,452,1
89.48032784461975,526,1
89.48420858383179,535,1
89.48812246322632,557,1
89.49203991889954,428,1
89.49600505828857,426,1
89.49979496002197,498,1
89.50369620323181,503,1
89.50769567489624,538,1
89.5126383304596,432,1
89.525381565094,386,1
89.52619647979736,491,1
89.527010679245,491,1
89.52968978881836,586,1
89.53112936019897,486,1
89.53740525245667,401,1
89.5425934791565,498,1
89.54378318786621,502,1
89.54676365852356,566,1
89.55071067810059,460,1
89.55518317222595,343,1
89.55877470970154,456,1
89.56234550476074,456,1
89.56630444526672,532,1
89.57062196731567,454,1
89.57457542419434,326,1
89.5780143737793,437,1
89.58200120925903,462,1
89.58590650558472,536,1
89.591055393219,493,1
89.59367227554321,348,1
89.59757018089294,442,1
89.60180115699768,480,1
89.6055555343628,530,1
89.60945296287537,525,1
89.61337232589722,363,1
89.61714696884155,444,1
89.62179827690125,496,1
89.6249897480011,524,1
89.62894034385681,532,1
89.63272905349731,379,1
89.6367769241333,449,1
89.64129281044006,505,1
89.64448380470276,534,1
89.64842534065247,553,1
89.65238976478577,375,1
89.65752243995667,412,1
89.66013503074646,501,1
89.66404056549072,518,1
89.66801810264587,575,1
89.67208552360535,424,1
89.67612385749817,428,1
89.67979431152344,520,1
89.68363881111145,491,1
89.68788862228394,561,1
89.69145035743713,446,1
89.69536256790161,420,1
89.69930601119995,514,1
89.70357275009155,498,1
89.7093448638916,567,1
89.71101331710815,460,1
89.71495771408081,406,1
89.71906852722168,505,1
89.72327589988708,478,1
89.72666788101196,575,1
89.73057150840759,487,1
89.7344810962677,385,1
89.73866820335388,501,1
89.7422924041748,502,1
89.74625754356384,598,1
89.75025296211243,527,1
89.75503182411194,403,1
89.75808191299438,504,1
89.76187539100647,522,1
89.76576781272888,580,1
89.7716760635376,507,1
89.77425861358643,354,1
89.77756309509277,462,1
89.7814199924469,488,1
89.7854540348053,545,1
89.78946280479431,517,1
89.79334425926208,337,1
89.79722046852112,426,1
89.80096817016602,476,1
89.80516910552979,498,1
89.80896878242493,496,1
89.81270217895508,332,1
89.81666684150696,407,1
89.82071876525879,483,1
89.82462739944458,530,1
89.82834982872009,548,1
89.83239507675171,365,1
89.83646178245544,390,1
89.84080028533936,471,1
89.84403443336487,495,1
89.84805178642273,522,1
89.8519835472107,354,1
89.85849094390869,362,1
89.85966944694519,449,1
89.86356139183044,421,1
89.86753726005554,477,1
89.87199664115906,367,1
89.87560653686523,352,1
89.87933707237244,448,1
89.88321948051453,438,1
89.88820552825928,521,1
89.89112687110901,401,1
89.89498972892761,347,1
89.8988127708435,446,1
89.90435910224915,440,1
89.90872049331665,514,1
89.91054582595825,413,1
89.91441226005554,336,1
89.91859579086304,433,1
89.92398977279663,418,1
89.9265947341919,492,1
89.93006372451782,400,1
89.93407654762268,286,1
89.93841338157654,390,1
89.94216442108154,413,1
89.94575715065002,493,1
89.94967770576477,437,1
89.95407199859619,314,1
89.9576108455658,428,1
89.9613893032074,446,1
89.96529126167297,485,1
89.96946787834167,451,1
89.9733316898346,304,1
89.97714018821716,399,1
89.98098134994507,432,1
89.98524498939514,457,1
89.98942399024963,449,1
89.99283266067505,291,1
89.99659514427185,380,1
90.00051856040955,462,1
90.0049319267273,492,1
90.00838041305542,463,1
90.0122938156128,298,1
90.01614451408386,344,1
90.02135014533997,412,1
90.0252902507782,429,1
90.02798581123352,465,1
90.0318009853363,309,1
90.03582191467285,325,1
90.04051399230957,408,1
90.043527841568,413,1
90.04742503166199,471,1
90.05135178565979,301,1
90.0563735961914,278,1
90.05932950973511,368,1
90.06306028366089,341,1
90.06714582443237,436,1
90.07132458686829,328,1
90.07499718666077,300,1
90.07874798774719,407,1
90.08268356323242,403,1
90.08672094345093,480,1
90.09063410758972,378,1
90.0943832397461,317,1
90.09833574295044,432,1
90.10230493545532,415,1
90.10659074783325,506,1
90.11005735397339,437,1
90.11403775215149,350,1
90.11801028251648,460,1
90.12191915512085,472,1
90.12575960159302,547,1
90.12961220741272,479,1
90.13355851173401,351,1
90.13749742507935,469,1
90.14138197898865,493,1
90.14524602890015,556,1
90.14915037155151,523,1
90.15414953231812,357,1
90.15739893913269,440,1
90.16094326972961,470,1
90.16490006446838,549,1
90.16877031326294,573,1
90.17274808883667,451,1
90.17654228210449,562,1
90.18043351173401,648,1
90.18434858322144,707,1
90.18863534927368,706,1
90.1921935081482,580,1
90.19625115394592,657,1
90.20002698898315,713,1
90.20513272285461,720,1
90.20802617073059,742,1
90.21178150177002,584,1
90.21571016311646,612,1
90.21961212158203,695,1
90.22445130348206,682,1
90.22739481925964,735,1
90.2313129901886,598,1
90.23533987998962,602,1
90.2392349243164,698,1
90.24312663078308,683,1
90.24699330329895,738,1
90.25096154212952,596,1
90.25534415245056,552,1
90.25889110565186,666,1
90.26258516311646,653,1
90.26652312278748,729,1
90.27142596244812,606,1
90.27475452423096,541,1
90.27825903892517,650,1
90.282297372818,643,1
90.28621983528137,720,1
90.29059505462646,616,1
90.2939760684967,512,1
90.29795479774475,614,1
90.30182695388794,621,1
90.30614566802979,711,1
90.30954790115356,653,1
90.31349754333496,538,1
90.31740546226501,659,1
90.32163906097412,673,1
90.32523584365845,739,1
90.32922434806824,706,1
90.33314442634583,549,1
90.3376693725586,645,1
90.34160375595093,676,1
90.34484672546387,736,1
90.34874963760376,729,1
90.35296869277954,558,1
90.35866928100586,629,1
90.36045575141907,665,1
90.36440420150757,685,1
90.36858296394348,687,1
90.37237215042114,478,1
90.37618660926819,550,1
90.37999868392944,597,1
90.3839361667633,611,1
90.38922381401062,641,1
90.3917772769928,478,1
90.39564871788025,523,1
90.39956951141357,608,1
90.40414381027222,626,1
90.408376455307,666,1
90.4114944934845,505,1
90.41524171829224,497,1
90.41930222511292,587,1
90.4243586063385,536,1
90.427006483078,606,1
90.43099069595337,471,1
90.435049533844,442,1
90.43883490562439,537,1
90.44254636764526,528,1
90.44652104377747,607,1
90.45037579536438,497,1
90.45532178878784,448,1
90.45842003822327,566,1
90.46225762367249,524,1
90.46606040000916,603,1
90.47043442726135,502,1
90.47475504875183,393,1
90.47785520553589,452,1
90.48173022270203,496,1
90.48586845397949,577,1
90.49164724349976,518,1
90.4934651851654,399,1
90.49734401702881,508,1
90.50136280059814,531,1
90.50703358650208,623,1
90.51007199287415,572,1
90.51302313804626,428,1
90.51713109016418,548,1
90.52353549003601,583,1
90.52479028701782,624,1
90.52869057655334,605,1
90.53256821632385,446,1
90.5386095046997,540,1
90.54104232788086,566,1
90.54431676864624,570,1
90.54827809333801,532,1
90.55623006820679,343,1
90.55760645866394,463,1
90.55998873710632,539,1
90.56391072273254,552,1
90.56783628463745,551,1
90.57186460494995,372,1
90.57559370994568,421,1
90.57950854301453,504,1
90.58344960212708,489,1
90.58832001686096,539,1
90.5920557975769,387,1
90.59528040885925,380,1
90.59922456741333,457,1
90.60371470451355,467,1
90.60762095451355,533,1
90.61078214645386,410,1
90.61471843719482,387,1
90.61887693405151,490,1
90.62283778190613,494,1
90.62647104263306,569,1
90.63043022155762,454,1
90.6343343257904,411,1
90.63843154907227,522,1
90.64234972000122,521,1
90.64601254463196,585,1
90.65006136894226,477,1
90.65440726280212,401,1
90.65801239013672,519,1
90.66163897514343,510,1
90.665602684021,577,1
90.66985511779785,479,1
90.67364597320557,357,1
90.67737340927124,460,1
90.68119215965271,446,1
90.6854796409607,509,1
90.68909478187561,458,1
90.69297528266907,329,1
90.69691848754883,437,1
90.70080375671387,487,1
90.70623016357422,563,1
90.70920777320862,513,1
90.71250653266907,355,1
90.71642231941223,455,1
90.72045874595642,497,1
90.72432613372803,551,1
90.72822856903076,548,1
90.73207020759583,400,1
90.73632025718689,491,1
90.74023079872131,551,1
90.74389219284058,587,1
90.74774980545044,588,1
90.75175952911377,429,1
90.7559654712677,481,1
90.75949907302856,555,1
90.76338458061218,582,1
90.76741313934326,628,1
90.77123236656189,483,1
90.77571606636047,510,1
90.7792100906372,597,1
90.78298425674438,607,1
90.78698134422302,659,1
90.79099941253662,521,1
90.79465007781982,496,1
90.79855966567993,599,1
90.80280756950378,548,1
90.80649447441101,634,1
90.81040549278259,493,1
90.81441402435303,440,1
90.81854510307312,536,1
90.82240438461304,541,1
90.82617020606995,619,1
90.8299388885498,503,1
90.83400869369507,443,1
90.83902764320374,553,1
90.84206628799438,539,1
90.84556674957275,612,1
90.84944295883179,504,1
90.85423231124878,388,1
90.85803604125977,516,1
90.86127972602844,525,1
90.86515283584595,596,1
90.86914420127869,520,1
90.87319755554199,368,1
90.87700033187866,493,1
90.88079190254211,507,1
90.88465118408203,578,1
90.88975644111633,530,1
90.89246201515198,376,1
90.89637184143066,478,1
90.90032529830933,479,1
90.9050760269165,496,1
90.90832543373108,459,1
90.91201710700989,305,1
90.91604852676392,400,1
90.92163515090942,449,1
90.92411279678345,488,1
90.92767548561096,505,1
90.93176555633545,354,1
90.93606543540955,435,1
90.9397759437561,511,1
90.94329929351807,521,1
90.94720911979675,560,1
90.9512107372284,412,1
90.95549273490906,463,1
90.95898962020874,554,1
90.96293497085571,565,1
90.9668037891388,600,1
90.97122025489807,454,1
90.97501468658447,459,1
90.9785304069519,552,1
90.98245239257812,545,1
90.98665356636047,594,1
90.99083757400513,452,1
90.99423408508301,412,1
90.99810814857483,511,1
91.0021321773529,499,1
91.00603771209717,578,1
91.0099127292633,438,1
91.01375889778137,370,1
91.01768326759338,489,1
91.02186846733093,485,1
91.02546811103821,580,1
91.02935576438904,475,1
91.03331661224365,387,1
91.03735518455505,496,1
91.04144668579102,496,1
91.04506063461304,581,1
91.04902911186218,502,1
91.05358600616455,382,1
91.05709385871887,508,1
91.06077837944031,526,1
91.06476378440857,600,1
91.06862092018127,544,1
91.07257771492004,402,1
91.07648253440857,496,1
91.08026027679443,516,1
91.0842125415802,566,1
91.0887143611908,534,1
91.09196972846985,375,1
91.09595155715942,473,1
91.0999903678894,534,1
91.1047248840332,567,1
91.10846829414368,574,1
91.11153483390808,416,1
91.11550760269165,495,1
91.1195137500763,552,1
91.1239058971405,563,1
91.12719964981079,565,1
91.13123106956482,390,1
91.13527059555054,427,1
91.13922214508057,509,1
91.14292359352112,522,1
91.14678955078125,551,1
91.15068364143372,386,1
91.15506553649902,393,1
91.15852618217468,472,1
91.16238451004028,471,1
91.1663863658905,516,1
91.17144894599915,379,1
91.1752667427063,361,1
91.178147315979,455,1
91.18196654319763,453,1
91.18615317344666,521,1
91.190988779068,406,1
91.19367957115173,357,1
91.19766855239868,461,1
91.20155000686646,449,1
91.20553469657898,529,1
91.20934295654297,432,1
91.21330499649048,347,1
91.21719026565552,471,1
91.22116494178772,484,1
91.22514390945435,561,1
91.22893857955933,469,1
91.23293280601501,360,1
91.23735904693604,468,1
91.24165773391724,461,1
91.24455261230469,519,1
91.24849963188171,443,1
91.25240278244019,298,1
91.25695657730103,399,1
91.26030445098877,439,1
91.2642879486084,517,1
91.2684257030487,489,1
91.27225685119629,360,1
91.27594256401062,463,1
91.27975487709045,510,1
91.28371906280518,557,1
91.28806018829346,552,1
91.29159283638,383,1
91.29540681838989,455,1
91.2993712425232,514,1
91.30384063720703,544,1
91.30811357498169,565,1
91.31106042861938,420,1
91.31497073173523,470,1
91.31902623176575,522,1
91.32322454452515,528,1
91.32672023773193,557,1
91.33062648773193,412,1
91.33458971977234,442,1
91.33872318267822,520,1
91.3425805568695,525,1
91.346262216568,564,1
91.35020709037781,423,1
91.35443687438965,419,1
91.35813069343567,499,1
91.36197853088379,489,1
91.36600232124329,560,1
91.37078523635864,448,1
91.37442302703857,432,1
91.37758231163025,538,1
91.38155770301819,529,1
91.38543963432312,597,1
91.38943552970886,490,1
91.39319586753845,429,1
91.39724397659302,545,1
91.40102910995483,533,1
91.40558910369873,605,1
91.4090187549591,526,1
91.4128065109253,423,1
91.41672563552856,515,1
91.42072868347168,501,1
91.42552471160889,571,1
91.42841649055481,502,1
91.43231868743896,382,1
91.43775153160095,495,1
91.44176435470581,525,1
91.44420599937439,600,1
91.44801545143127,565,1
91.45218229293823,415,1
91.45605254173279,521,1
91.45971012115479,568,1
91.46370530128479,613,1
91.46756196022034,605,1
91.47274208068848,446,1
91.47670984268188,519,1
91.47945213317871,550,1
91.4832398891449,579,1
91.48749351501465,591,1
91.49115180969238,415,1
91.49505019187927,460,1
91.49896025657654,524,1
91.5029022693634,544,1
91.50668287277222,564,1
91.51062083244324,399,1
91.51447343826294,426,1
91.51844668388367,517,1
91.52230310440063,526,1
91.52630925178528,578,1
91.53013372421265,428,1
91.53427863121033,423,1
91.53797888755798,521,1
91.54199075698853,524,1
91.54581904411316,582,1
91.54973030090332,440,1
91.55364537239075,396,1
91.55750131607056,489,1
91.56144785881042,495,1
91.56536936759949,557,1
91.56938076019287,416,1
91.57333016395569,350,1
91.57718467712402,453,1
91.58108472824097,439,1
91.5851719379425,516,1
91.58894777297974,412,1
91.5928885936737,319,1
91.59667778015137,438,1
91.60074639320374,441,1
91.61312627792358,518,1
91.61388063430786,430,1
91.61516332626343,316,1
91.61629176139832,449,1
91.62163949012756,460,1
91.62440156936646,538,1
91.62797927856445,498,1
91.63199877738953,363,1
91.63810300827026,474,1
91.64062857627869,525,1
91.64358901977539,598,1
91.64753365516663,577,1
91.65144467353821,434,1
91.65793371200562,528,1
91.65928316116333,577,1
91.66324591636658,605,1
91.66706943511963,606,1
91.67254734039307,451,1
91.67707657814026,508,1
91.6788558959961,593,1
91.68272733688354,622,1
91.69050335884094,662,1
91.69193482398987,500,1
91.69456887245178,534,1
91.69838213920593,632,1
91.7057933807373,648,1
91.70746898651123,699,1
91.71023321151733,558,1
91.71405529975891,551,1
91.71801280975342,611,1
91.72262573242188,608,1
91.72585082054138,645,1
91.72967910766602,508,1
91.73355674743652,483,1
91.74853563308716,569,1
91.75956130027771,553,1
91.75996136665344,619,1
91.76014637947083,516,1
91.76030373573303,470,1
91.76044464111328,581,1
91.76098203659058,573,1
91.76496696472168,631,1
91.77355408668518,534,1
91.7741129398346,431,1
91.776686668396,543,1
91.78055500984192,542,1
91.78445816040039,634,1
91.78896427154541,529,1
91.79236340522766,417,1
91.79615950584412,532,1
91.80018091201782,549,1
91.80698752403259,616,1
91.80897235870361,543,1
91.81192755699158,379,1
91.81569981575012,489,1
91.82168817520142,499,1
91.82576417922974,551,1
91.82748460769653,519,1
91.83144688606262,364,1
91.83635759353638,440,1
91.84415173530579,488,1
91.84466290473938,510,1
91.84707760810852,512,1
91.85104870796204,370,1
91.85580062866211,453,1
91.85925102233887,517,1
91.86274647712708,515,1
91.86665487289429,550,1
91.87263512611389,391,1
91.8744785785675,452,1
91.87842559814453,530,1
91.88238310813904,509,1
91.88625717163086,571,1
91.89025378227234,424,1
91.89417028427124,436,1
91.89795422554016,511,1
91.90207886695862,514,1
91.90832138061523,570,1
91.90964031219482,440,1
91.91354489326477,416,1
91.9174313545227,513,1
91.92272138595581,503,1
91.92569971084595,557,1
91.92927169799805,431,1
91.93311333656311,376,1
91.93814539909363,488,1
91.94137835502625,493,1
91.94490146636963,562,1
91.94872641563416,442,1
91.95342111587524,365,1
91.95837330818176,479,1
91.96053957939148,490,1
91.96434664726257,580,1
91.96845364570618,489,1
91.97300362586975,397,1
91.97624087333679,522,1
91.98013401031494,513,1
91.98415470123291,566,1
91.98834276199341,497,1
91.99192690849304,368,1
91.99567437171936,482,1
91.99964141845703,507,1
92.00424098968506,564,1
92.00960111618042,521,1
92.01134634017944,388,1
92.01531076431274,498,1
92.0194103717804,532,1
92.02402925491333,581,1
92.02716088294983,549,1
92.03097867965698,398,1
92.03484058380127,494,1
92.03901767730713,537,1
92.04260754585266,554,1
92.04654169082642,575,1
92.05058407783508,424,1
92.05437922477722,482,1
92.05920171737671,536,1
92.0622832775116,549,1
92.06613111495972,585,1
92.07049894332886,437,1
92.0740385055542,472,1
92.0779139995575,537,1
92.08177614212036,540,1
92.08578491210938,587,1
92.09087681770325,442,1
92.09346771240234,440,1
92.09741544723511,542,1
92.10133790969849,541,1
92.10544538497925,610,1
92.10932922363281,480,1
92.11315369606018,443,1
92.11696648597717,545,1
92.12108373641968,536,1
92.12664604187012,601,1
92.12870478630066,489,1
92.13259816169739,441,1
92.13673734664917,548,1
92.14048194885254,528,1
92.14432382583618,591,1
92.14828562736511,469,1
92.15234041213989,372,1
92.15633630752563,505,1
92.16012144088745,512,1
92.16398334503174,566,1
92.16783905029297,486,1
92.17217302322388,375,1
92.17572736740112,494,1
92.17955088615417,522,1
92.1834626197815,580,1
92.18756461143494,518,1
92.19153571128845,377,1
92.19523167610168,480,1
92.199227809906,505,1
92.2035903930664,558,1
92.20828890800476,540,1
92.21092629432678,357,1
92.21475601196289,420,1
92.21870303153992,463,1
92.2230384349823,463,1
92.22647333145142,502,1
92.23040652275085,350,1
92.23450040817261,400,1
92.23847579956055,448,1
92.24214172363281,489,1
92.2460732460022,521,1
92.25001430511475,359,1
92.25516414642334,388,1
92.25780463218689,483,1
92.26168584823608,490,1
92.26569032669067,517,1
92.26959109306335,345,1
92.27359676361084,349,1
92.27740097045898,463,1
92.28126072883606,457,1
92.2852680683136,510,1
92.28979158401489,376,1
92.29313588142395,338,1
92.29697513580322,432,1
92.30090928077698,406,1
92.30514216423035,444,1
92.3086519241333,343,1
92.3125581741333,286,1
92.31649518013,429,1
92.32186317443848,436,1
92.32443618774414,505,1
92.32838797569275,427,1
92.33224773406982,351,1
92.3363835811615,468,1
92.34064793586731,467,1
92.34391689300537,542,1
92.34774708747864,463,1
92.35221362113953,357,1
92.35574245452881,465,1
92.35950899124146,484,1
92.36345767974854,510,1
92.36734676361084,424,1
92.37178826332092,315,1
92.37517428398132,416,1
92.3791892528534,460,1
92.38327932357788,515,1
92.38700652122498,493,1
92.39251112937927,352,1
92.39471626281738,446,1
92.39860367774963,487,1
92.40256929397583,532,1
92.40651082992554,531,1
92.41044282913208,369,1
92.41428422927856,432,1
92.41853260993958,511,1
92.42281699180603,547,1
92.42615509033203,559,1
92.42998051643372,396,1
92.43400955200195,436,1
92.43811964988708,501,1
92.44198656082153,517,1
92.44560623168945,565,1
92.44948935508728,417,1
92.45431232452393,429,1
92.45739006996155,526,1
92.46137309074402,533,1
92.46529483795166,576,1
92.46908354759216,447,1
92.47583556175232,439,1
92.47690320014954,535,1
92.480788230896,538,1
92.48476481437683,612,1
92.48873972892761,487,1
92.49256229400635,449,1
92.49664258956909,556,1
92.500324010849,549,1
92.50527334213257,617,1
92.508291721344,497,1
92.51217293739319,429,1
92.51606559753418,533,1
92.52359700202942,499,1
92.52459669113159,556,1
92.52770400047302,479,1
92.53161025047302,373,1
92.53777575492859,489,1
92.54197692871094,504,1
92.54342985153198,564,1
92.54730677604675,487,1
92.55125737190247,361,1
92.55674767494202,484,1
92.5590591430664,509,1
92.56297039985657,569,1
92.56692028045654,536,1
92.57081341743469,403,1
92.57670593261719,504,1
92.57860708236694,547,1
92.58255577087402,584,1
92.58923125267029,571,1
92.59193205833435,425,1
92.5942063331604,521,1
92.59812307357788,582,1
92.60208988189697,610,1
92.60608434677124,637,1
92.61028504371643,485,1
92.6138162612915,556,1
92.61772894859314,640,1
92.6226794719696,664,1
92.6257381439209,692,1
92.62959694862366,545,1
92.63337850570679,584,1
92.63876438140869,670,1
92.6427583694458,672,1
92.64508843421936,713,1
92.64898729324341,568,1
92.6569287776947,559,1
92.6588351726532,642,1
92.66076135635376,653,1
92.66462564468384,705,1
92.66898798942566,585,1
92.67470026016235,561,1
92.6764440536499,666,1
92.68053579330444,657,1
92.68436670303345,729,1
92.68841075897217,619,1
92.69207501411438,551,1
92.69604539871216,659,1
92.69995665550232,639,1
92.70394277572632,698,1
92.70803213119507,596,1
92.71166181564331,496,1
92.71552205085754,611,1
92.71944117546082,605,1
92.72663259506226,665,1
92.72739911079407,565,1
92.73123025894165,448,1
92.73535203933716,574,1
92.74170660972595,603,1
92.74305772781372,660,1
92.74678874015808,609,1
92.75073432922363,460,1
92.75654339790344,560,1
92.76045489311218,606,1
92.76251769065857,648,1
92.76637578010559,603,1
92.77038645744324,431,1
92.77461099624634,511,1
92.7782530784607,553,1
92.78209114074707,580,1
92.78600549697876,578,1
92.7939658164978,400,1
92.79454278945923,457,1
92.79769897460938,534,1
92.80156922340393,565,1
92.80887174606323,600,1
92.80951166152954,467,1
92.81329417228699,513,1
92.8172652721405,597,1
92.82164120674133,613,1
92.8251724243164,646,1
92.82901692390442,500,1
92.83296370506287,508,1
92.83755254745483,591,1
92.84247756004333,568,1
92.84458136558533,611,1
92.84850192070007,470,1
92.85248231887817,447,1
92.85792851448059,558,1
92.86023020744324,554,1
92.8642008304596,632,1
92.86817073822021,524,1
92.87222385406494,448,1
92.87607955932617,554,1
92.87979817390442,553,1
92.88374400138855,639,1
92.88769245147705,533,1
92.8916130065918,435,1
92.89545011520386,548,1
92.89942359924316,565,1
92.90510201454163,648,1
92.90848445892334,567,1
92.91126036643982,464,1
92.91517806053162,587,1
92.91990542411804,588,1
92.9242434501648,639,1
92.9267590045929,586,1
92.93065810203552,447,1
92.93460774421692,541,1
92.93870234489441,564,1
92.9427547454834,618,1
92.94638013839722,598,1
92.9503664970398,437,1
92.9549491405487,508,1
92.95831108093262,576,1
92.96201610565186,614,1
92.96597504615784,604,1
92.96999096870422,448,1
92.97523498535156,520,1
92.97761535644531,585,1
92.98150420188904,616,1
92.98553109169006,644,1
92.99058938026428,490,1
92.99328660964966,533,1
92.99716377258301,608,1
93.00120568275452,621,1
93.00593376159668,661,1
93.009361743927,497,1
93.0129714012146,484,1
93.0167293548584,558,1
93.02138209342957,546,1
93.02475666999817,595,1
93.0285279750824,457,1
93.03240823745728,437,1
93.03657698631287,562,1
93.04064226150513,568,1
93.04415464401245,628,1
93.04820084571838,508,1
93.0521879196167,469,1
93.055988073349,590,1
93.05993390083313,584,1
93.06369757652283,666,1
93.06760168075562,567,1
93.07165455818176,478,1
93.07580184936523,592,1
93.07937717437744,598,1
93.08331632614136,677,1
93.08720922470093,576,1
93.09122920036316,449,1
93.09498572349548,550,1
93.09901165962219,535,1
93.10319447517395,596,1
93.10858345031738,528,1
93.1107177734375,389,1
93.11462473869324,477,1
93.11882758140564,475,1
93.12411570549011,543,1
93.12647747993469,520,1
93.13033986091614,378,1
93.13411974906921,482,1
93.13878321647644,518,1
93.14204406738281,544,1
93.14598894119263,527,1
93.14972710609436,367,1
93.15395140647888,436,1
93.15793347358704,476,1
93.16152000427246,503,1
93.16539359092712,501,1
93.16943407058716,339,1
93.17382049560547,381,1
93.17713665962219,462,1
93.1810519695282,483,1
93.18553256988525,508,1
93.1889660358429,359,1
93.19275546073914,387,1
93.19683265686035,477,1
93.20060443878174,496,1
93.205002784729,538,1
93.20852136611938,398,1
93.2123773097992,391,1
93.21644377708435,471,1
93.25140476226807,452,1
93.29355478286743,523,1
93.30994415283203,400,1
93.31296730041504,346,1
93.3131971359253,437,1
93.31341862678528,427,1
93.31364035606384,506,1
93.31380891799927,393,1
93.3139796257019,308,1
93.3141815662384,403,1
93.31438946723938,387,1
93.31460976600647,468,1
93.31477618217468,381,1
93.31496238708496,279,1
93.31518530845642,391,1
93.31579995155334,402,1
93.31598663330078,478,1
93.31625032424927,417,1
93.31645464897156,302,1
93.31660866737366,399,1
93.31677865982056,409,1
93.31696510314941,467,1
93.31712293624878,432,1
93.3173336982727,312,1
93.3175003528595,427,1
93.31807732582092,461,1
93.32204580307007,518,1
93.3258957862854,501,1
93.33810305595398,346,1
93.34064841270447,446,1
93.34158515930176,515,1
93.34245800971985,554,1
93.35664963722229,552,1
93.35756301879883,379,1
93.35778975486755,426,1
93.35809683799744,511,1
93.36110782623291,549,1
93.3649492263794,584,1
93.36900210380554,431,1
93.37291693687439,454,1
93.37663888931274,529,1
93.3805525302887,535,1
93.38445925712585,577,1
93.3889753818512,439,1
93.39238405227661,425,1
93.39626264572144,514,1
93.4001190662384,509,1
93.40417766571045,554,1
93.4085123538971,421,1
93.41191363334656,400,1
93.41575932502747,506,1
93.4198362827301,509,1
93.42397952079773,588,1
93.427499294281,482,1
93.43155717849731,432,1
93.43551898002625,539,1
93.44250893592834,536,1
93.44357442855835,614,1
93.44708037376404,524,1
93.45105695724487,422,1
93.45614743232727,531,1
93.45925402641296,540,1
93.4627456665039,625,1
93.46675753593445,550,1
93.47058200836182,435,1
93.47510147094727,535,1
93.47838926315308,531,1
93.48230266571045,589,1
93.48865246772766,528,1
93.49095416069031,375,1
93.49402856826782,487,1
93.49796223640442,515,1
93.50205755233765,556,1
93.50575160980225,515,1
93.50970482826233,335,1
93.51363492012024,427,1
93.51751518249512,453,1
93.52320313453674,478,1
93.52539134025574,470,1
93.52930951118469,302,1
93.53333115577698,354,1
93.53890991210938,420,1
93.54130244255066,454,1
93.5449583530426,476,1
93.54879784584045,333,1
93.5556583404541,386,1
93.55798625946045,469,1
93.56051516532898,486,1
93.56441068649292,507,1
93.56914806365967,353,1
93.57545971870422,383,1
93.57618045806885,468,1
93.58021569252014,461,1
93.58399224281311,489,1
93.58880400657654,362,1
93.59184980392456,352,1
93.59574007987976,449,1
93.59962558746338,438,1
93.60601282119751,512,1
93.60834217071533,401,1
93.61136078834534,353,1
93.61527252197266,473,1
93.6233856678009,467,1
93.62434792518616,543,1
93.62707042694092,459,1
93.63106107711792,386,1
93.63502025604248,507,1
93.64296245574951,523,1
93.64320135116577,601,1
93.64657759666443,512,1
93.6504852771759,394,1
93.65443086624146,489,1
93.65911412239075,508,1
93.6623375415802,569,1
93.66626477241516,534,1
93.67210721969604,434,1
93.67511630058289,554,1
93.67798709869385,562,1
93.68179678916931,628,1
93.6858139038086,593,1
93.6902494430542,435,1
93.69355583190918,533,1
93.6974184513092,581,1
93.70144248008728,640,1
93.70548939704895,630,1
93.70917630195618,459,1
93.71310353279114,537,1
93.71707820892334,593,1
93.72150158882141,641,1
93.72534275054932,676,1
93.72870182991028,510,1
93.73265218734741,557,1
93.7376914024353,644,1
93.74122929573059,658,1
93.74436354637146,684,1
93.74829435348511,530,1
93.75259184837341,551,1
93.75936150550842,634,1
93.7604808807373,642,1
93.76400017738342,676,1
93.76791977882385,536,1
93.77232766151428,515,1
93.77580165863037,592,1
93.77961897850037,576,1
93.78349947929382,650,1
93.7907292842865,541,1
93.79158091545105,504,1
93.79526996612549,596,1
93.79925870895386,567,1
93.80440592765808,635,1
93.80827474594116,538,1
93.81101965904236,464,1
93.814781665802,569,1
93.81879329681396,572,1
93.82440686225891,659,1
93.8265163898468,577,1
93.83043122291565,482,1
93.834401845932,571,1
93.83852934837341,572,1
93.84272027015686,659,1
93.84608483314514,619,1
93.8500554561615,504,1
93.8541533946991,597,1
93.85799288749695,630,1
93.86170220375061,670,1
93.86565852165222,630,1
93.86963510513306,489,1
93.87409162521362,581,1
93.87740588188171,601,1
93.88135290145874,637,1
93.88544654846191,615,1
93.8902895450592,451,1
93.89303970336914,514,1
93.89707970619202,561,1
93.90094113349915,602,1
93.91419100761414,621,1
93.91645216941833,480,1
93.91677236557007,553,1
93.91724967956543,622,1
93.92533111572266,634,1
93.925696849823,641,1
93.92830610275269,458,1
93.9322783946991,482,1
93.9369523525238,574,1
93.94062113761902,593,1
93.94395065307617,647,1
93.94779014587402,492,1
93.95219087600708,480,1
93.95681977272034,563,1
93.95954465866089,559,1
93.96346759796143,620,1
93.96747899055481,504,1
93.97171401977539,476,1
93.9752824306488,568,1
93.97913670539856,553,1
93.9830150604248,616,1
93.98747706413269,516,1
93.99103283882141,463,1
93.99472713470459,575,1
93.99863815307617,549,1
94.00266313552856,644,1
94.00658798217773,547,1
94.0104010105133,447,1
94.01429605484009,566,1
94.01834774017334,568,1
94.02235245704651,649,1
94.02633786201477,584,1
94.030024766922,452,1
94.03394532203674,549,1
94.03820180892944,549,1
94.04168343544006,619,1
94.0455961227417,566,1
94.04950833320618,427,1
94.05402779579163,525,1
94.05771732330322,555,1
94.06131386756897,605,1
94.06517839431763,584,1
94.06928706169128,440,1
94.07314777374268,536,1
94.0770034790039,576,1
94.0809485912323,620,1
94.08479285240173,637,1
94.08878803253174,478,1
94.09255719184875,544,1
94.0964252948761,604,1
94.10056352615356,623,1
94.10478115081787,649,1
94.10836291313171,503,1
94.11209797859192,521,1
94.11607885360718,583,1
94.12023687362671,582,1
94.12481713294983,601,1
94.12774515151978,437,1
94.13173055648804,433,1
94.13569498062134,503,1
94.13965225219727,512,1
94.14339232444763,587,1
94.14733457565308,458,1
94.15129280090332,429,1
94.15578007698059,540,1
94.15907287597656,528,1
94.16299843788147,592,1
94.16697573661804,477,1
94.17136859893799,433,1
94.1756579875946,549,1
94.17865204811096,525,1
94.18255615234375,603,1
94.18675303459167,506,1
94.19060277938843,396,1
94.19431805610657,501,1
94.19831466674805,509,1
94.20233464241028,590,1
94.20622611045837,496,1
94.21004009246826,397,1
94.21397852897644,531,1
94.21788024902344,560,1
94.22296404838562,634,1
94.22573351860046,579,1
94.22952318191528,434,1
94.23347902297974,517,1
94.24064493179321,529,1
94.24449253082275,577,1
94.2459888458252,538,1
94.24908137321472,385,1
94.2550916671753,498,1
94.25853109359741,550,1
94.26081609725952,589,1
94.26473021507263,584,1
94.26878380775452,428,1
94.27296543121338,500,1
94.27641749382019,551,1
94.28039836883545,581,1
94.28427290916443,597,1
94.28868508338928,446,1
94.29218673706055,504,1
94.29597973823547,585,1
94.30001020431519,608,1
94.30401301383972,648,1
94.3078043460846,481,1
94.31162405014038,498,1
94.31551122665405,584,1
94.31962156295776,574,1
94.32413983345032,625,1
94.3272807598114,479,1
94.33119463920593,462,1
94.33534264564514,549,1
94.34016299247742,537,1
94.34302997589111,601,1
94.34694504737854,473,1
94.3508403301239,417,1
94.35503649711609,524,1
94.35869908332825,501,1
94.3624804019928,588,1
94.36648106575012,495,1
94.37110567092896,424,1
94.37523627281189,543,1
94.37829041481018,543,1
94.38227033615112,609,1
94.3870313167572,526,1
94.39175724983215,436,1
94.3938000202179,557,1
94.39774656295776,559,1
94.40165495872498,620,1
94.40762948989868,554,1
94.41049933433533,421,1
94.41350936889648,518,1
94.41735935211182,535,1
94.42177748680115,587,1
94.42514443397522,542,1
94.42902421951294,389,1
94.43298172950745,476,1
94.43762445449829,515,1
94.44101643562317,563,1
94.4446496963501,547,1
94.44857382774353,387,1
94.452552318573,485,1
94.45692467689514,533,1
94.46041560173035,558,1
94.46423816680908,568,1
94.46817326545715,407,1
94.47213888168335,472,1
94.47611999511719,527,1
94.47998547554016,547,1
94.48374438285828,576,1
94.48879384994507,419,1
94.49164319038391,446,1
94.49559998512268,521,1
94.4994068145752,532,1
94.50505471229553,565,1
94.50940489768982,417,1
94.51130795478821,411,1
94.5150396823883,504,1
94.52240753173828,499,1
94.52444529533386,558,1
94.52679109573364,420,1
94.5306749343872,377,1
94.53460907936096,483,1
94.53906011581421,478,1
94.54246973991394,553,1
94.54633378982544,445,1
94.55025124549866,381,1
94.55530881881714,490,1
94.558185338974,479,1
94.56198239326477,547,1
94.56594514846802,444,1
94.56994867324829,356,1
94.57394170761108,459,1
94.57764220237732,449,1
94.58154535293579,521,1
94.58558297157288,434,1
94.58941864967346,309,1
94.59328889846802,421,1
94.59733986854553,441,1
94.60868334770203,505,1
94.60894346237183,463,1
94.60983514785767,343,1
94.61300158500671,460,1
94.61677765846252,496,1
94.62067556381226,545,1
94.62503099441528,544,1
94.63238048553467,386,1
94.63348436355591,469,1
94.6375937461853,515,1
94.64073514938354,548,1
94.6442482471466,537,1
94.6480975151062,376,1
94.65230584144592,458,1
94.65609455108643,511,1
94.65993595123291,518,1
94.66371989250183,529,1
94.66762638092041,368,1
94.67182445526123,405,1
94.67544507980347,487,1
94.67938089370728,488,1
94.68327307701111,520,1
94.6875228881836,380,1
94.69160985946655,399,1
94.6950409412384,514,1
94.69903421401978,535,1
94.70314478874207,593,1
94.70747566223145,461,1
94.71074390411377,452,1
94.7145938873291,572,1
94.71870613098145,577,1
94.72366213798523,643,1
94.72631025314331,520,1
94.73052024841309,458,1
94.7342438697815,572,1
94.73936605453491,571,1
94.74304819107056,650,1
94.7459614276886,553,1
94.74983787536621,469,1
94.75487112998962,586,1
94.75817584991455,589,1
94.76166677474976,661,1
94.76545190811157,575,1
94.76938676834106,451,1
94.77362775802612,557,1
94.77718734741211,577,1
94.78106093406677,633,1
94.78499794006348,568,1
94.79006743431091,425,1
94.79292225837708,532,1
94.79672265052795,574,1
94.80068182945251,635,1
94.80514216423035,613,1
94.80847144126892,462,1
94.81236243247986,559,1
94.8164427280426,615,1
94.82035803794861,663,1
94.8241879940033,678,1
94.82848072052002,532,1
94.83204889297485,608,1
94.8359580039978,667,1
94.84041571617126,673,1
94.84369611740112,674,1
94.84758830070496,515,1
94.8515236377716,561,1
94.85544538497925,631,1
94.85931348800659,639,1
94.86324620246887,686,1
94.86739349365234,546,1
94.87113308906555,567,1
94.87527656555176,663,1
94.87895941734314,673,1
94.8829607963562,716,1
94.88810443878174,571,1
94.89078402519226,546,1
94.89454412460327,625,1
94.89844298362732,607,1
94.90265154838562,671,1
94.90970420837402,555,1
94.91036772727966,498,1
94.91407775878906,604,1
94.91801047325134,598,1
94.92244148254395,662,1
94.92605519294739,529,1
94.9298026561737,452,1
94.93367314338684,573,1
94.93767213821411,559,1
94.94208145141602,628,1
94.94536519050598,528,1
94.94947671890259,415,1
94.95396733283997,521,1
94.9576187133789,524,1
94.96106672286987,592,1
94.96499633789062,523,1
94.96929287910461,408,1
94.97325778007507,520,1
94.9767758846283,549,1
94.98058199882507,608,1
94.9846396446228,569,1
94.98910474777222,423,1
94.99279856681824,509,1
94.996267080307,543,1
95.00044250488281,572,1
95.0052649974823,542,1
95.0082597732544,385,1
95.01198077201843,501,1
95.01586174964905,568,1
95.0199966430664,590,1
95.02391481399536,599,1
95.02761650085449,449,1
95.03160548210144,512,1
95.03556895256042,590,1
95.03984308242798,597,1
95.04335904121399,612,1
95.04711937904358,447,1
95.05108308792114,468,1
95.05541372299194,534,1
95.05910515785217,526,1
95.06274032592773,577,1
95.06667065620422,452,1
95.07184910774231,457,1
95.07540941238403,540,1
95.07848191261292,535,1
95.08231234550476,594,1
95.08669400215149,457,1
95.09046006202698,421,1
95.09421014785767,524,1
95.09800243377686,505,1
95.10242223739624,573,1
95.10583305358887,475,1
95.10974955558777,419,1
95.11363053321838,534,1
95.11768770217896,524,1
95.12245416641235,579,1
95.12566375732422,489,1
95.12930107116699,374,1
95.13322234153748,470,1
95.13938879966736,482,1
95.14238047599792,553,1
95.14500403404236,484,1
95.1488287448883,364,1
95.15297794342041,465,1
95.15677642822266,487,1
95.16059994697571,554,1
95.16448402404785,515,1
95.16841316223145,358,1
95.1728982925415,454,1
95.17633605003357,492,1
95.18010091781616,540,1
95.1842257976532,519,1
95.18847918510437,356,1
95.1921775341034,437,1
95.19576692581177,498,1
95.19968628883362,542,1
95.20434737205505,530,1
95.20800709724426,368,1
95.21145296096802,437,1
95.21530675888062,505,1
95.21942472457886,530,1
95.22375822067261,571,1
95.22715711593628,425,1
95.23101830482483,469,1
95.23495507240295,561,1
95.23880863189697,555,1
95.24278497695923,597,1
95.2466127872467,437,1
95.25054025650024,420,1
95.25476741790771,507,1
95.25879883766174,517,1
95.26242661476135,576,1
95.27462983131409,428,1
95.27943873405457,383,1
95.27994465827942,486,1
95.2802095413208,487,1
95.28192663192749,569,1
95.28575682640076,469,1
95.29008483886719,405,1
95.29364204406738,509,1
95.29746222496033,517,1
95.30136036872864,603,1
95.30573058128357,516,1
95.30927419662476,441,1
95.31327199935913,549,1
95.31705951690674,538,1
95.32195472717285,614,1
95.32510995864868,540,1
95.32874393463135,429,1
95.33275175094604,546,1
95.3381085395813,576,1
95.34103631973267,645,1
95.34443998336792,604,1
95.34833025932312,451,1
95.3523690700531,533,1
95.3573145866394,543,1
95.36019206047058,575,1
95.36400556564331,542,1
95.36794900894165,381,1
95.37324571609497,469,1
95.37581753730774,521,1
95.3796935081482,553,1
95.38355994224548,549,1
95.3879816532135,370,1
95.39139914512634,426,1
95.39528608322144,482,1
95.3992211818695,513,1
95.40392231941223,538,1
95.4076030254364,373,1
95.41100335121155,412,1
95.41491484642029,482,1
95.41896224021912,471,1
95.42566657066345,494,1
95.42656755447388,344,1
95.43048429489136,367,1
95.43437027931213,453,1
95.4386534690857,459,1
95.44221663475037,524,1
95.44617676734924,391,1
95.45004963874817,376,1
95.45484209060669,471,1
95.4580614566803,455,1
95.46179103851318,537,1
95.46571636199951,432,1
95.46967196464539,388,1
95.4742488861084,500,1
95.4775779247284,480,1
95.48134636878967,539,1
95.48556160926819,424,1
95.49031734466553,338,1
95.4932975769043,453,1
95.49699687957764,472,1
95.50098609924316,543,1
95.50600624084473,456,1
95.5089783668518,339,1
95.51263737678528,452,1
95.5165467262268,462,1
95.52194023132324,530,1
95.52491021156311,465,1
95.52839064598083,337,1
95.5322277545929,451,1
95.53876519203186,469,1
95.54077053070068,532,1
95.54400992393494,511,1
95.5479187965393,353,1
95.55176210403442,441,1
95.55631160736084,484,1
95.55961966514587,532,1
95.56348919868469,534,1
95.5674557685852,378,1
95.5725405216217,444,1
95.57540917396545,486,1
95.57912850379944,515,1
95.58315920829773,526,1
95.58893823623657,363,1
95.59111976623535,404,1
95.59480714797974,465,1
95.59868359565735,473,1
95.60281133651733,509,1
95.60666799545288,363,1
95.61043190956116,387,1
95.61438918113708,476,1
95.61837434768677,491,1
95.6241660118103,543,1
95.626149892807,396,1
95.6300163269043,371,1
95.6339762210846,458,1
95.63878417015076,438,1
95.64180564880371,498,1
95.6456310749054,376,1
95.64955401420593,338,1
95.65545320510864,444,1
95.65767168998718,435,1
95.66127347946167,501,1
95.66526055335999,366,1
95.67262363433838,278,1
95.67403078079224,400,1
95.67705464363098,400,1
95.68096947669983,487,1
95.6847882270813,419,1
95.68942308425903,331,1
95.692715883255,447,1
95.69650173187256,471,1
95.70047092437744,545,1
95.70506024360657,468,1
95.70852565765381,350,1
95.71234178543091,467,1
95.71611547470093,473,1
95.720059633255,528,1
95.72403526306152,494,1
95.72815227508545,335,1
95.73178958892822,420,1
95.7384660243988,445,1
95.74341773986816,474,1
95.74377298355103,440,1
95.74735903739929,271,1
95.751291513443,353,1
95.7561457157135,411,1
95.76149535179138,450,1
95.76312804222107,477,1
95.76702690124512,319,1
95.77116250991821,378,1
95.77754378318787,439,1
95.77870440483093,450,1
95.7825813293457,478,1
95.78899025917053,329,1
95.79317212104797,375,1
95.7943594455719,461,1
95.79825282096863,467,1
95.80233573913574,503,1
95.80616188049316,349,1
95.80998206138611,349,1
95.81396198272705,458,1
95.81776905059814,473,1
95.82183408737183,538,1
95.82565975189209,412,1
95.82951617240906,388,1
95.83344626426697,506,1
95.83747172355652,504,1
95.84161925315857,587,1
95.84515619277954,477,1
95.84913372993469,414,1
95.85322213172913,522,1
95.85801029205322,512,1
95.86084008216858,594,1
95.8646981716156,491,1
95.86888480186462,372,1
95.87503957748413,475,1
95.87655138969421,473,1
95.88035678863525,541,1
95.88428235054016,456,1
95.88879776000977,346,1
95.89254951477051,453,1
95.89607620239258,463,1
95.90012216567993,512,1
95.90466117858887,454,1
95.90787672996521,316,1
95.91167426109314,425,1
95.91558074951172,474,1
95.92067527770996,540,1
95.92563438415527,509,1
95.92735981941223,343,1
95.93142652511597,436,1
95.93518400192261,488,1
95.94013619422913,544,1
95.94299292564392,567,1
95.94695138931274,406,1
95.95078659057617,468,1
95.95522022247314,550,1
95.9587721824646,581,1
95.96256399154663,592,1
95.96649551391602,430,1
95.97051501274109,472,1
95.97476553916931,560,1
95.97821426391602,571,1
95.9820830821991,601,1
95.98609185218811,454,1
95.99022436141968,475,1
95.99391651153564,567,1
95.99773740768433,563,1
96.0017638206482,616,1
96.00587058067322,474,1
96.01036643981934,443,1
96.0133786201477,537,1
96.01731157302856,538,1
96.02164268493652,614,1
96.02536916732788,481,1
96.02909207344055,410,1
96.03303265571594,518,1
96.03781032562256,516,1
96.04120516777039,593,1
96.04470086097717,499,1
96.04866075515747,406,1
96.05351161956787,521,1
96.06040811538696,527,1
96.06077218055725,603,1
96.06436276435852,533,1
96.06816744804382,413,1
96.07218217849731,512,1
96.07609438896179,532,1
96.0799412727356,601,1
96.08380627632141,566,1
96.08910632133484,433,1
96.09213900566101,537,1
96.09554672241211,560,1
96.0994725227356,616,1
96.10347890853882,578,1
96.10747647285461,424,1
96.11127877235413,531,1
96.11506247520447,568,1
96.11971235275269,599,1
96.12549877166748,595,1
96.12683629989624,430,1
96.1307635307312,506,1
96.13465714454651,554,1
96.13894486427307,570,1
96.142493724823,584,1
96.14639782905579,385,1
96.1503541469574,413,1
96.15491437911987,489,1
96.15830874443054,521,1
96.16211915016174,570,1
96.16604351997375,434,1
96.17002606391907,459,1
96.17466855049133,557,1
96.17769694328308,559,1
96.18162870407104,598,1
96.1857419013977,462,1
96.18973350524902,460,1
96.19366931915283,568,1
96.19726371765137,565,1
96.20137929916382,615,1
96.2059211730957,499,1
96.20902800559998,458,1
96.21311402320862,568,1
96.2169291973114,560,1
96.22079110145569,626,1
96.226154088974,531,1
96.22865200042725,455,1
96.23250889778137,560,1
96.23641729354858,556,1
96.24122309684753,632,1
96.24430012702942,556,1
96.2483115196228,451,1
96.25258898735046,541,1
96.2567241191864,537,1
96.25995707511902,606,1
96.26375079154968,547,1
96.26770210266113,426,1
96.27204084396362,539,1
96.27555298805237,565,1
96.27946376800537,626,1
96.2834370136261,583,1
96.28812980651855,440,1
96.29230690002441,539,1
96.29525852203369,577,1
96.2990505695343,623,1
96.30310487747192,609,1
96.30738162994385,444,1
96.31072425842285,512,1
96.3146345615387,557,1
96.31884479522705,567,1
96.3226318359375,559,1
96.32639813423157,394,1
96.33034467697144,457,1
96.33429455757141,533,1
96.33834600448608,540,1
96.34228992462158,563,1
96.34601998329163,430,1
96.35003232955933,488,1
96.35396838188171,580,1
96.35775136947632,588,1
96.36164426803589,644,1
96.36549282073975,508,1
96.36974763870239,502,1
96.37464714050293,613,1
96.37726092338562,613,1
96.38119459152222,659,1
96.38527178764343,531,1
96.3932249546051,497,1
96.39388060569763,593,1
96.3969259262085,587,1
96.40078568458557,661,1
96.40875363349915,547,1
96.40917110443115,484,1
96.41241121292114,595,1
96.41649842262268,573,1
96.42083835601807,631,1
96.42434191703796,537,1
96.42807626724243,444,1
96.43212485313416,563,1
96.43614530563354,569,1
96.44061255455017,633,1
96.44374060630798,557,1
96.44777750968933,445,1
96.45156598091125,556,1
96.45584750175476,550,1
96.45961356163025,599,1
96.4632785320282,538,1
96.46736526489258,392,1
96.47325229644775,488,1
96.47507858276367,529,1
96.47896933555603,572,1
96.48297667503357,555,1
96.48912525177002,409,1
96.4926209449768,502,1
96.49456548690796,545,1
96.4984929561615,561,1
96.50274324417114,551,1
96.50813722610474,380,1
96.51036357879639,456,1
96.51438283920288,541,1
96.5180869102478,558,1
96.52231526374817,584,1
96.52599549293518,413,1
96.5298330783844,434,1
96.53379011154175,514,1
96.53915977478027,519,1
96.54158329963684,549,1
96.54551386833191,405,1
96.54938387870789,416,1
96.55629324913025,513,1
96.55806517601013,520,1
96.56116318702698,597,1
96.56505489349365,467,1
96.56952619552612,428,1
96.5751678943634,529,1
96.57677865028381,524,1
96.5806872844696,611,1
96.58459711074829,479,1
96.58969116210938,415,1
96.59251046180725,539,1
96.59637093544006,538,1
96.60036396980286,623,1
96.60786604881287,531,1
96.61960244178772,435,1
96.62047719955444,552,1
96.62420415878296,569,1
96.62627029418945,648,1
96.62748312950134,567,1
96.62774538993835,443,1
96.6315758228302,545,1
96.63558292388916,563,1
96.63959050178528,633,1
96.64332580566406,580,1
96.64735889434814,442,1
96.65114045143127,537,1
96.6557412147522,556,1
96.6591124534607,606,1
96.66281127929688,586,1
96.6667058467865,440,1
96.67400169372559,532,1
96.67504119873047,576,1
96.6784884929657,608,1
96.68239188194275,609,1
96.68868613243103,455,1
96.69111180305481,522,1
96.69427442550659,575,1
96.69810581207275,598,1
96.70535445213318,616,1
96.70698261260986,463,1
96.70982074737549,515,1
96.71372890472412,581,1
96.71764087677002,595,1
96.72182822227478,636,1
96.72747135162354,484,1
96.72942304611206,498,1
96.73325490951538,577,1
96.73930621147156,575,1
96.74200177192688,633,1
96.74511122703552,493,1
96.7489869594574,460,1
96.75563836097717,552,1
96.75712966918945,556,1
96.76063179969788,609,1
96.76459097862244,465,1
96.76846551895142,397,1
96.77288722991943,479,1
96.77629446983337,483,1
96.78018975257874,569,1
96.78411722183228,481,1
96.79001379013062,391,1
96.79227018356323,505,1
96.79588198661804,500,1
96.79978537559509,569,1
96.80388355255127,487,1
96.80783677101135,378,1
96.8114857673645,487,1
96.81538510322571,506,1
96.81942939758301,582,1
96.82401657104492,529,1
96.82713341712952,403,1
96.83115363121033,509,1
96.83511257171631,540,1
96.83909678459167,597,1
96.84278559684753,568,1
96.8467288017273,429,1
96.85065031051636,527,1
96.85454869270325,560,1
96.85844779014587,597,1
96.86246013641357,596,1
96.86644840240479,434,1
96.87035465240479,513,1
96.87436723709106,586,1
96.87810778617859,628,1
96.8820412158966,633,1
96.88830733299255,465,1
96.89315223693848,518,1
96.89404773712158,595,1
96.89754962921143,615,1
96.90149641036987,642,1
96.90870475769043,477,1
96.90958523750305,490,1
96.91334319114685,579,1
96.91727566719055,583,1
96.92126178741455,652,1
96.92527747154236,537,1
96.92982411384583,539,1
96.93284130096436,647,1
96.93670892715454,646,1
96.94177532196045,707,1
96.94454741477966,573,1
96.9484486579895,514,1
96.95350050926208,615,1
96.96260070800781,610,1
96.96435523033142,687,1
96.9647958278656,573,1
96.96810340881348,488,1
96.97257971763611,593,1
96.97612595558167,581,1
96.97976732254028,652,1
96.9835889339447,565,1
96.98758625984192,466,1
96.99247860908508,583,1
96.99536037445068,597,1
96.99940037727356,670,1
97.00337862968445,604,1
97.00758028030396,478,1
97.01111698150635,599,1
97.01495313644409,619,1
97.01924180984497,659,1
97.02334308624268,615,1
97.02670168876648,481,1
97.03065466880798,571,1
97.03451609611511,583,1
97.03889870643616,612,1
97.0423367023468,582,1
97.04634189605713,419,1
97.05015158653259,497,1
97.0544285774231,534,1
97.05996513366699,546,1
97.06196999549866,542,1
97.06580328941345,374,1
97.10514092445374,444,1
97.15192556381226,521,1
97.15958499908447,537,1
97.16000580787659,565,1
97.16028594970703,417,1
97.16053223609924,456,1
97.1608018875122,536,1
97.16115164756775,535,1
97.16144156455994,570,1
97.16164350509644,427,1
97.16186261177063,426,1
97.16207957267761,526,1
97.16224598884583,532,1
97.1624219417572,594,1
97.16261601448059,458,1
97.16284155845642,427,1
97.1630630493164,528,1
97.16465997695923,519,1
97.16514444351196,572,1
97.16566348075867,440,1
97.16601872444153,358,1
97.1809012889862,452,1
97.2007851600647,445,1
97.20185136795044,522,1
97.2039909362793,435,1
97.20460867881775,346,1
97.20759224891663,461,1
97.20811176300049,476,1
97.20855164527893,547,1
97.20912027359009,472,1
97.20937013626099,380,1
97.20972800254822,542,1
97.21047329902649,582,1
97.21073055267334,633,1
97.2109203338623,571,1
97.21111917495728,426,1
97.21131372451782,520,1
97.21449065208435,533,1
97.21836400032043,585,1
97.22246313095093,574,1
97.22688436508179,420,1
97.23010659217834,514,1
97.23410105705261,571,1
97.23877954483032,606,1
97.2429473400116,600,1
97.24574398994446,425,1
97.24969863891602,495,1
97.25393915176392,559,1
97.25757813453674,597,1
97.2613832950592,614,1
97.26529955863953,445,1
97.26923179626465,485,1
97.2731716632843,553,1
97.27704763412476,559,1
97.28100156784058,606,1
97.28484416007996,460,1
97.2890055179596,472,1
97.29358863830566,555,1
97.29670786857605,557,1
97.30059719085693,615,1
97.30448961257935,482,1
97.30858898162842,466,1
97.3123300075531,572,1
97.31622290611267,589,1
97.32036185264587,676,1
97.32407593727112,561,1
97.32800507545471,508,1
97.33179354667664,626,1
97.33583045005798,621,1
97.33974838256836,679,1
97.34374356269836,551,1
97.34756708145142,442,1
97.35137701034546,551,1
97.3555040359497,546,1
97.36041498184204,613,1
97.36319637298584,520,1
97.36724638938904,410,1
97.37143731117249,518,1
97.3748767375946,544,1
97.37890601158142,618,1
97.38274192810059,549,1
97.38664817810059,408,1
97.3904914855957,514,1
97.3943886756897,540,1
97.39833688735962,602,1
97.40247178077698,558,1
97.40633535385132,382,1
97.41010594367981,483,1
97.41405129432678,541,1
97.41806745529175,593,1
97.42207193374634,581,1
97.42590427398682,424,1
97.42963361740112,511,1
97.43366265296936,568,1
97.43758702278137,597,1
97.44138383865356,612,1
97.44539785385132,450,1
97.44940328598022,500,1
97.45327138900757,572,1
97.45712161064148,575,1
97.46105766296387,597,1
97.46486520767212,423,1
97.4690568447113,432,1
97.47275710105896,518,1
97.47700262069702,513,1
97.48054313659668,573,1
97.48442721366882,435,1
97.48896145820618,424,1
97.49243092536926,526,1
97.49620318412781,530,1
97.500079870224,613,1
97.50418424606323,489,1
97.5079915523529,439,1
97.51178503036499,555,1
97.51568245887756,545,1
97.51968455314636,616,1
97.52350783348083,502,1
97.52756881713867,404,1
97.53134679794312,493,1
97.5353786945343,479,1
97.53927636146545,557,1
97.54330277442932,467,1
97.54700899124146,367,1
97.5509581565857,492,1
97.55529546737671,496,1
97.55932021141052,566,1
97.56264066696167,497,1
97.56667184829712,368,1
97.57074880599976,465,1
97.57443308830261,495,1
97.57837963104248,563,1
97.58213973045349,524,1
97.58633279800415,378,1
97.5900776386261,477,1
97.59401178359985,513,1
97.59794020652771,547,1
97.60177683830261,526,1
97.6056923866272,360,1
97.60965418815613,438,1
97.61354494094849,491,1
97.61741542816162,519,1
97.6219847202301,516,1
97.62618565559387,347,1
97.62922263145447,408,1
97.63315868377686,467,1
97.63730812072754,465,1
97.64095735549927,485,1
97.64481925964355,328,1
97.64868259429932,361,1
97.65274381637573,457,1
97.6565854549408,470,1
97.66054129600525,537,1
97.66430068016052,395,1
97.66838693618774,385,1
97.67246675491333,492,1
97.67667579650879,473,1
97.68006896972656,525,1
97.6840431690216,408,1
97.68797945976257,379,1
97.69177412986755,499,1
97.69563031196594,503,1
97.6996340751648,575,1
97.70375967025757,469,1
97.70738649368286,406,1
97.71132588386536,524,1
97.7152726650238,518,1
97.71914434432983,596,1
97.7230863571167,518,1
97.7270119190216,439,1
97.73083829879761,581,1
97.73483276367188,593,1
97.73893189430237,679,1
97.74341464042664,600,1
97.74656987190247,459,1
97.75036001205444,562,1
97.75453352928162,574,1
97.75831580162048,634,1
97.76226925849915,585,1
97.7660436630249,459,1
97.7700686454773,569,1
97.7739622592926,599,1
97.77776002883911,656,1
97.78174591064453,638,1
97.78573179244995,487,1
97.78956055641174,590,1
97.79359936714172,649,1
97.7973861694336,685,1
97.80141735076904,675,1
97.80592203140259,507,1
97.80962061882019,565,1
97.8130214214325,617,1
97.81704211235046,632,1
97.82084107398987,652,1
97.82477307319641,501,1
97.82868456840515,552,1
97.83257985115051,635,1
97.83663511276245,637,1
97.84130430221558,675,1
97.84449338912964,529,1
97.84833645820618,543,1
97.85218930244446,639,1
97.85610151290894,631,1
97.86007475852966,691,1
97.86389970779419,575,1
97.86777877807617,556,1
97.87193989753723,659,1
97.87573504447937,649,1
97.87951302528381,716,1
97.88345980644226,595,1
97.88769125938416,537,1
97.89125537872314,656,1
97.89539670944214,654,1
97.89917922019958,731,1
97.90321040153503,625,1
97.90739917755127,527,1
97.91087675094604,624,1
97.91471481323242,624,1
97.92730975151062,691,1
97.92804479598999,602,1
97.92827987670898,487,1
97.93225574493408,605,1
97.93424820899963,625,1
97.93825006484985,680,1
97.94252586364746,627,1
97.94607305526733,479,1
97.94999432563782,583,1
97.95406579971313,630,1
97.95782947540283,691,1
97.96176099777222,677,1
97.96562600135803,524,1
97.96949744224548,597,1
97.97341012954712,615,1
97.97757959365845,635,1
97.98136806488037,622,1
97.9851942062378,458,1
97.98914361000061,513,1
97.9935655593872,562,1
97.99696230888367,585,1
98.00079274177551,594,1
98.0049524307251,433,1
98.00875067710876,483,1
98.01251673698425,557,1
98.0164053440094,564,1
98.0208146572113,596,1
98.02435326576233,445,1
98.02822542190552,453,1
98.03210830688477,537,1
98.03608798980713,527,1
98.04005360603333,575,1
98.04391860961914,437,1
98.04769372940063,409,1
98.05164766311646,493,1
98.0556206703186,492,1
98.06055641174316,563,1
98.06334829330444,444,1
98.06742525100708,399,1
98.07186818122864,518,1
98.07601118087769,526,1
98.07949733734131,606,1
98.08297109603882,503,1
98.08681607246399,416,1
98.09074258804321,518,1
98.09469866752625,514,1
98.09853386878967,600,1
98.10254406929016,532,1
98.1064202785492,432,1
98.11037373542786,544,1
98.11443161964417,561,1
98.11819386482239,633,1
98.12221360206604,578,1
98.12698888778687,454,1
98.12998723983765,571,1
98.133784532547,602,1
98.13780403137207,652,1
98.14161157608032,603,1
98.14560127258301,451,1
98.14949440956116,549,1
98.15351986885071,597,1
98.15738344192505,646,1
98.16133952140808,626,1
98.16518115997314,458,1
98.16946482658386,536,1
98.17306661605835,601,1
98.17705869674683,638,1
98.1807074546814,654,1
98.18471240997314,476,1
98.1889545917511,525,1
98.19291663169861,577,1
98.19645953178406,605,1
98.20041108131409,636,1
98.20450139045715,495,1
98.20830631256104,529,1
98.21203541755676,617,1
98.21599268913269,623,1
98.22000646591187,665,1
98.22377300262451,525,1
98.22787666320801,504,1
98.23175501823425,584,1
98.2357497215271,560,1
98.24025893211365,612,1
98.24384450912476,477,1
98.24748539924622,447,1
98.25117516517639,552,1
98.25563287734985,549,1
98.2591757774353,634,1
98.26297879219055,515,1
98.26680779457092,442,1
98.27094316482544,567,1
98.27471733093262,568,1
98.27850699424744,643,1
98.28242349624634,554,1
98.28634977340698,441,1
98.29026079177856,553,1
98.29436135292053,560,1
98.29810619354248,637,1
98.30229234695435,564,1
98.30616474151611,432,1
98.31023454666138,538,1
98.3137538433075,553,1
98.3176531791687,611,1
98.3221070766449,572,1
98.32564687728882,411,1
98.3294768333435,508,1
98.33347535133362,556,1
98.33731484413147,611,1
98.3411545753479,594,1
98.34511017799377,437,1
98.3490743637085,516,1
98.35298323631287,561,1
98.35676646232605,603,1
98.36072087287903,617,1
98.3646035194397,453,1
98.3685884475708,499,1
98.37248396873474,554,1
98.37665748596191,588,1
98.38027715682983,627,1
98.38421487808228,486,1
98.38900470733643,510,1
98.3920407295227,585,1
98.39597082138062,586,1
98.39979124069214,622,1
98.40396809577942,475,1
98.4076600074768,486,1
98.41151976585388,576,1
98.41552400588989,555,1
98.4194986820221,611,1
98.42346334457397,488,1
98.42755627632141,462,1
98.43111944198608,570,1
98.43506979942322,537,1
98.4395067691803,598,1
98.44367575645447,490,1
98.44679522514343,440,1
98.45077896118164,565,1
98.45531153678894,555,1
98.4585030078888,625,1
98.46250176429749,529,1
98.46645092964172,444,1
98.47103095054626,552,1
98.47667336463928,547,1
98.4781105518341,618,1
98.48203682899475,533,1
98.48598790168762,415,1
98.48987007141113,527,1
98.49383473396301,533,1
98.49758410453796,590,1
98.50166821479797,536,1
98.50582027435303,403,1
98.51002073287964,512,1
98.51338768005371,550,1
98.51734638214111,608,1
98.52129244804382,590,1
98.52504420280457,438,1
98.52901315689087,526,1
98.53284096717834,569,1
98.53788447380066,604,1
98.54423928260803,601,1
98.54451823234558,435,1
98.54845881462097,496,1
98.55238246917725,551,1
98.55640506744385,577,1
98.56103515625,596,1
98.56416392326355,424,1
98.56803369522095,471,1
98.57775282859802,541,1
98.57801866531372,544,1
98.57984161376953,581,1
98.5836546421051,416,1
98.58808469772339,413,1
98.59169602394104,527,1
98.59545183181763,532,1
98.59932398796082,578,1
98.60337996482849,438,1
98.60722064971924,440,1
98.61133742332458,539,1
98.61506366729736,518,1
98.6191017627716,578,1
98.62281513214111,450,1
98.62764811515808,385,1
98.63074040412903,486,1
98.63452577590942,482,1
98.63901376724243,566,1
98.64339208602905,458,1
98.6463634967804,383,1
98.65030479431152,488,1
98.65616297721863,482,1
98.65818738937378,571,1
98.6620421409607,493,1
98.66586256027222,385,1
98.66990637779236,494,1
98.67800831794739,502,1
98.67866611480713,558,1
98.68153548240662,499,1
98.685781955719,355,1
98.69113397598267,468,1
98.69403910636902,505,1
98.6972873210907,565,1
98.70114016532898,531,1
98.70537495613098,366,1
98.70951819419861,453,1
98.71285104751587,494,1
98.71672940254211,547,1
98.72079968452454,546,1
98.72489976882935,384,1
98.72852635383606,442,1
98.7325279712677,504,1
98.7365653514862,539,1
98.74123525619507,549,1
98.74549961090088,373,1
98.74815726280212,408,1
98.75207233428955,473,1
98.76219725608826,490,1
98.76314616203308,533,1
98.76367664337158,387,1
98.76759266853333,418,1
98.77283954620361,504,1
98.77574181556702,498,1
98.7795078754425,549,1
98.78342175483704,420,1
98.78818988800049,422,1
98.79158926010132,537,1
98.79504776000977,536,1
98.79880142211914,598,1
98.80326128005981,486,1
98.80789685249329,458,1
98.81061863899231,554,1
98.81456255912781,539,1
98.81847882270813,631,1
98.82286715507507,529,1
98.82754635810852,444,1
98.83025574684143,559,1
98.83409357070923,561,1
98.83881998062134,629,1
98.84436678886414,531,1
98.84585380554199,430,1
98.84971022605896,560,1
98.85541081428528,583,1
98.85751867294312,665,1
98.86144304275513,604,1
98.86535573005676,461,1
98.87000679969788,560,1
98.87435126304626,577,1
98.87738227844238,625,1
98.88105583190918,583,1
98.88510227203369,423,1
98.89494132995605,527,1
98.89550399780273,581,1
98.89671874046326,629,1
98.9005618095398,593,1
98.90761923789978,420,1
98.91120958328247,503,1
98.91236519813538,556,1
98.9164080619812,587,1
98.92142629623413,595,1
98.93009567260742,425,1
98.93111968040466,469,1
98.93190479278564,536,1
98.93596196174622,559,1
98.94231629371643,583,1
98.94403648376465,428,1
98.94749402999878,448,1
98.95139455795288,522,1
98.95548796653748,524,1
98.95992612838745,564,1
98.96325826644897,421,1
98.96716356277466,411,1
98.97107315063477,511,1
98.97732543945312,496,1
98.97886633872986,544,1
98.98279643058777,417,1
98.9877200126648,394,1
98.99058222770691,500,1
98.99600791931152,498,1
98.99841785430908,559,1
99.002357006073,448,1
99.00644445419312,387,1
99.01062607765198,496,1
99.01423740386963,491,1
99.01804161071777,577,1
99.0227563381195,495,1
99.02859020233154,410,1
99.03069043159485,527,1
99.03356170654297,521,1
99.03792953491211,584,1
99.04482293128967,520,1
99.04563307762146,404,1
99.04935693740845,507,1
99.0535478591919,500,1
99.05940580368042,558,1
99.06145882606506,496,1
99.0648627281189,353,1
99.06877255439758,457,1
99.07360434532166,489,1
99.07701683044434,536,1
99.08057904243469,511,1
99.08451557159424,359,1
99.0886857509613,456,1
99.09337329864502,508,1
99.09616708755493,556,1
99.10006523132324,563,1
99.104248046875,402,1
99.10803484916687,472,1
99.11197996139526,530,1
99.1157557964325,554,1
99.11989760398865,561,1
99.12360215187073,382,1
99.12797164916992,414,1
99.13143539428711,484,1
99.13558268547058,499,1
99.14013528823853,550,1
99.14366054534912,416,1
99.14724278450012,426,1
99.15115690231323,515,1
99.15551090240479,508,1
99.15884637832642,555,1
99.16266870498657,414,1
99.16662359237671,388,1
99.17050313949585,492,1
99.17448878288269,485,1
99.17832970619202,558,1
99.18234515190125,430,1
99.18639612197876,366,1
99.19109535217285,480,1
99.1943027973175,472,1
99.19791102409363,554,1
99.20186066627502,463,1
99.20576810836792,379,1
99.21012496948242,493,1
99.21350836753845,498,1
99.21740865707397,588,1
99.22200584411621,516,1
99.22562336921692,395,1
99.22922778129578,487,1
99.23314213752747,486,1
99.23844838142395,551,1
99.24100470542908,500,1
99.24477577209473,370,1
99.24879288673401,478,1
99.25264239311218,512,1
99.25823259353638,547,1
99.26115345954895,500,1
99.26433110237122,324,1
99.2684268951416,408,1
99.27293133735657,449,1
99.2771110534668,488,1
99.28011751174927,484,1
99.28401613235474,333,1
99.288076877594,414,1
99.29191160202026,475,1
99.29572248458862,519,1
99.2996096611023,529,1
99.30360293388367,360,1
99.30750370025635,414,1
99.3113420009613,504,1
99.31532645225525,519,1
99.3191466331482,548,1
99.32313132286072,397,1
99.327889919281,414,1
99.33089756965637,523,1
99.33493852615356,532,1
99.33894300460815,585,1
99.34339022636414,460,1
99.34662556648254,454,1
99.3505368232727,558,1
99.3546953201294,550,1
99.35825705528259,600,1
99.36248397827148,474,1
99.36612582206726,433,1
99.37036681175232,552,1
99.37724757194519,560,1
99.37801051139832,624,1
99.38176655769348,507,1
99.38610744476318,433,1
99.39055299758911,550,1
99.39437961578369,561,1
99.39737510681152,658,1
99.40142750740051,570,1
99.40576958656311,457,1
99.4100730419159,562,1
99.41311955451965,581,1
99.4170970916748,656,1
99.42111659049988,589,1
99.42480564117432,466,1
99.42899084091187,559,1
99.43265342712402,562,1
99.43648862838745,599,1
99.44047379493713,530,1
99.44443535804749,366,1
99.4483118057251,470,1
99.45215511322021,504,1
99.45614957809448,537,1
99.46060585975647,528,1
99.46405148506165,363,1
99.46777367591858,442,1
99.47221183776855,497,1
99.47659254074097,537,1
99.47956204414368,548,1
99.48347592353821,383,1
99.48756861686707,444,1
99.49130988121033,528,1
99.49571490287781,559,1
99.49914956092834,593,1
99.50327920913696,437,1
99.50782680511475,474,1
99.51084399223328,568,1
99.51476287841797,575,1
99.51892066001892,625,1
99.52852630615234,497,1
99.5290470123291,502,1
99.53048491477966,581,1
99.5344123840332,572,1
99.53885054588318,616,1
99.5496678352356,484,1
99.5499279499054,450,1
99.55155277252197,563,1
99.55486154556274,559,1
99.56093001365662,625,1
99.5617425441742,499,1
99.5656054019928,424,1
99.56951189041138,523,1
99.57342863082886,509,1
99.57733845710754,579,1
99.58124160766602,479,1
99.58536052703857,375,1
99.59429144859314,497,1
99.59557390213013,513,1
99.5969762802124,602,1
99.60104012489319,545,1
99.60536050796509,440,1
99.608638048172,546,1
99.61252999305725,559,1
99.61645340919495,619,1
99.62048816680908,586,1
99.6242847442627,437,1
99.6283233165741,526,1
99.63214802742004,559,1
99.63614392280579,606,1
99.64005780220032,573,1
99.64401960372925,421,1
99.64774227142334,506,1
99.65165877342224,541,1
99.6557309627533,572,1
99.65951132774353,586,1
99.66345715522766,423,1
99.66732025146484,492,1
99.6713707447052,559,1
99.67520451545715,586,1
99.67902946472168,609,1
99.68303442001343,449,1
99.68709230422974,491,1
99.6909008026123,576,1
99.69513583183289,586,1
99.6985673904419,624,1
99.70289945602417,485,1
99.70727753639221,498,1
99.71084928512573,599,1
99.71429181098938,606,1
99.718181848526,658,1
99.7226333618164,515,1
99.726243019104,493,1
99.72995829582214,599,1
99.73381567001343,592,1
99.73802947998047,650,1
99.74231553077698,528,1
99.74553275108337,467,1
99.7495002746582,556,1
99.75409030914307,551,1
99.75739669799805,644,1
99.76121282577515,557,1
99.76514506340027,462,1
99.76918315887451,570,1
99.77303886413574,569,1
99.77774047851562,646,1
99.7807412147522,580,1
99.78462791442871,461,1
99.7889358997345,572,1
99.79301285743713,582,1
99.79655003547668,645,1
99.8004105091095,576,1
99.80461168289185,428,1
99.80816292762756,535,1
99.8121018409729,570,1
99.81604814529419,629,1
99.8200101852417,605,1
99.82380700111389,458,1
99.82776474952698,556,1
99.83159875869751,606,1
99.83567833900452,649,1
99.83958458900452,644,1
99.84417653083801,477,1
99.84737014770508,537,1
99.85143065452576,578,1
99.85545945167542,586,1
99.85915207862854,605,1
99.8629686832428,444,1
99.86677265167236,494,1
99.87090015411377,572,1
99.87465381622314,591,1
99.87860369682312,633,1
99.88272070884705,491,1
99.8864381313324,512,1
99.89038681983948,608,1
99.89530301094055,622,1
99.89817404747009,671,1
99.90213251113892,514,1
99.90743160247803,481,1
99.91049599647522,563,1
99.91386699676514,545,1
99.91772437095642,592,1
99.9216558933258,452,1
99.92556977272034,389,1
99.92946815490723,493,1
99.933345079422,492,1
99.93744158744812,575,1
99.9413640499115,452,1
99.94511699676514,377,1
99.94901323318481,489,1
99.9530336856842,491,1
99.95709729194641,580,1
99.96149158477783,481,1
99.9646406173706,355,1
99.96859097480774,452,1
99.97257685661316,470,1
99.97661066055298,544,1
99.98028993606567,481,1
99.99528956413269,346,1
99.99664425849915,450,1
99.99783515930176,495,1
99.99985837936401,554,1
100.00014638900757,520,1
100.00390076637268,367,1
100.00775003433228,475,1
100.01168775558472,528,1
100.01550507545471,584,1
100.01946568489075,580,1
100.02333784103394,419,1
100.02739787101746,496,1
100.03129076957703,562,1
100.03522157669067,594,1
100.04497599601746,600,1
100.04587006568909,443,1
100.04681587219238,495,1
100.05072832107544,578,1
100.05496788024902,600,1
100.05862092971802,612,1
100.06251645088196,454,1
100.06645321846008,476,1
100.07030820846558,547,1
100.07434153556824,548,1
100.07830142974854,598,1
100.08204770088196,468,1
100.08610582351685,469,1
100.09111261367798,567,1
100.09458184242249,572,1
100.09764122962952,638,1
100.10160064697266,510,1
100.1056056022644,466,1
100.11028003692627,583,1
100.11358976364136,577,1
100.11719608306885,651,1
100.12201166152954,540,1
100.12516117095947,465,1
100.12909007072449,578,1
100.13286709785461,575,1
100.13680100440979,662,1
100.140700340271,559,1
100.14463829994202,448,1
100.14852738380432,560,1
100.15256333351135,573,1
100.15635681152344,642,1
100.16136074066162,566,1
100.16420292854309,431,1
100.16807508468628,539,1
100.17238855361938,553,1
100.17621898651123,605,1
100.17981457710266,568,1
100.18370175361633,421,1
100.1879723072052,530,1
100.19186663627625,572,1
100.19557666778564,611,1
100.19934797286987,600,1
100.2034912109375,459,1
100.20719838142395,560,1
100.21106576919556,620,1
100.21501994132996,683,1
100.21917629241943,730,1
100.22285056114197,598,1
100.22677230834961,673,1
100.23065710067749,749,1
100.23457527160645,775,1
100.23886585235596,813,1
100.24329161643982,669,1
100.24629735946655,716,1
100.25041484832764,806,1
100.25426936149597,813,1
100.25802850723267,852,1
100.26196002960205,704,1
100.26584386825562,708,1
100.26994371414185,789,1
100.27442812919617,768,1
100.27770519256592,813,1
100.28154301643372,678,1
100.28540182113647,656,1
100.28961992263794,754,1
100.29329109191895,732,1
100.29709792137146,798,1
100.30106830596924,675,1
100.30545592308044,592,1
100.3095018863678,686,1
100.31277513504028,673,1
100.31675815582275,747,1
100.32153844833374,639,1
100.32686233520508,533,1
100.3284502029419,640,1
100.33245873451233,637,1
100.33645224571228,702,1
100.34077882766724,643,1
100.34415912628174,512,1
100.34804773330688,590,1
100.35194873809814,608,1
100.35606575012207,672,1
100.3597960472107,617,1
100.36368346214294,483,1
100.36766815185547,592,1
100.37339234352112,626,1
100.37570214271545,670,1
100.37933087348938,634,1
100.38341069221497,479,1
100.3874876499176,574,1
100.3913083076477,602,1
100.39498710632324,626,1
100.3989109992981,618,1
100.40299248695374,444,1
100.40670108795166,510,1
100.4106457233429,566,1
100.41460824012756,595,1
100.41840028762817,624,1
100.42247343063354,473,1
100.4262855052948,518,1
100.43038177490234,596,1
100.43406128883362,621,1
100.43807339668274,651,1
100.44215416908264,497,1
100.44579935073853,520,1
100.44971919059753,613,1
100.45379066467285,602,1
100.45936608314514,647,1
100.46147298812866,508,1
100.46546459197998,483,1
100.46957588195801,589,1
100.47434544563293,589,1
100.47721648216248,643,1
100.48104190826416,517,1
100.48502373695374,480,1
100.48999357223511,571,1
100.49294900894165,555,1
100.49665236473083,635,1
100.5005853176117,522,1
100.50835871696472,439,1
100.51160860061646,557,1
100.51305961608887,562,1
100.51621603965759,640,1
100.52091717720032,556,1
100.52572870254517,448,1
100.52799463272095,564,1
100.5318455696106,577,1
100.53605055809021,635,1
100.53985738754272,537,1
100.54357147216797,382,1
100.54748487472534,467,1
100.55146360397339,465,1
100.55664706230164,516,1
100.55942058563232,491,1
100.56314325332642,349,1
100.56707811355591,457,1
100.57151913642883,503,1
100.57531690597534,548,1
100.57884621620178,544,1
100.58275365829468,380,1
100.58675336837769,457,1
100.59135317802429,518,1
100.59449291229248,560,1
100.598459482193,576,1
100.60254859924316,424,1
100.60717844963074,482,1
100.61021280288696,554,1
100.61412119865417,563,1
100.61798882484436,598,1
100.62267017364502,465,1
100.62611365318298,486,1
100.62966203689575,571,1
100.63359189033508,573,1
100.6378743648529,612,1
100.64241695404053,465,1
100.64538145065308,450,1
100.64935541152954,538,1
100.6533477306366,520,1
100.65910911560059,586,1
100.6610677242279,462,1
100.6650550365448,421,1
100.66877031326294,532,1
100.67303347587585,520,1
100.67669868469238,590,1
100.68052554130554,487,1
100.684565782547,410,1
100.68909645080566,530,1
100.6922869682312,549,1
100.6961612701416,617,1
100.70017218589783,523,1
100.70433592796326,416,1
100.708078622818,525,1
100.71181678771973,538,1
100.71581244468689,611,1
100.71971988677979,558,1
100.72458624839783,445,1
100.72752666473389,563,1
100.73148250579834,599,1
100.73538064956665,663,1
100.73941469192505,625,1
100.74323868751526,478,1
100.74716472625732,583,1
100.75118136405945,621,1
100.75589299201965,654,1
100.75893640518188,635,1
100.76265549659729,469,1
100.76667404174805,546,1
100.77102780342102,612,1
100.77531266212463,657,1
100.77840280532837,678,1
100.7822790145874,517,1
100.78631973266602,572,1
100.7903687953949,628,1
100.79408860206604,651,1
100.79798412322998,673,1
100.80188703536987,501,1
100.80589056015015,529,1
100.80979609489441,604,1
100.81354665756226,598,1
100.81746029853821,643,1
100.82246565818787,486,1
100.82640933990479,477,1
100.8293125629425,577,1
100.83316898345947,573,1
100.83717393875122,627,1
100.84115314483643,498,1
100.84481620788574,463,1
100.84897375106812,558,1
100.85300731658936,548,1
100.85823369026184,623,1
100.86049199104309,520,1
100.86437845230103,459,1
100.86837720870972,570,1
100.87233662605286,562,1
100.87687277793884,632,1
100.8800401687622,529,1
100.88403630256653,435,1
100.88802099227905,564,1
100.89205169677734,593,1
100.89568424224854,691,1
100.89959931373596,615,1
100.90371346473694,489,1
100.90776300430298,599,1
100.91162085533142,615,1
100.91539192199707,678,1
100.9192407131195,627,1
100.92332482337952,492,1
100.92709541320801,593,1
100.93110585212708,620,1
100.93484663963318,671,1
100.93916630744934,645,1
100.9426794052124,489,1
100.94660592079163,579,1
100.95050549507141,615,1
100.9548852443695,639,1
100.95861887931824,625,1
100.9624273777008,459,1
100.9662914276123,518,1
100.97271060943604,582,1
100.97636461257935,610,1
100.97795343399048,625,1
100.98186326026917,474,1
100.9859344959259,519,1
100.99139714241028,581,1
100.99368357658386,567,1
100.99748063087463,587,1
101.00138926506042,437,1
101.00603914260864,439,1
101.00928068161011,532,1
101.01313781738281,537,1
101.0170488357544,599,1
101.02118849754333,482,1
101.02513861656189,470,1
101.028724193573,579,1
101.03266644477844,566,1
101.03667378425598,641,1
101.04199171066284,528,1
101.04438495635986,470,1
101.04824781417847,582,1
101.0525209903717,586,1
101.05704116821289,666,1
101.06035375595093,581,1
101.06404781341553,492,1
101.06790351867676,603,1
101.07184314727783,592,1
101.07569479942322,658,1
101.07960486412048,580,1
101.08357429504395,455,1
101.0876989364624,557,1
101.0923228263855,575,1
101.09538626670837,644,1
101.09925675392151,587,1
101.10327553749084,453,1
101.10796451568604,531,1
101.11104083061218,553,1
101.11479330062866,602,1
101.11875915527344,584,1
101.12352728843689,440,1
101.12648844718933,543,1
101.13047051429749,584,1
101.13443350791931,620,1
101.13885068893433,609,1
101.14330101013184,448,1
101.14614176750183,518,1
101.1501522064209,581,1
101.15461301803589,594,1
101.15819478034973,600,1
101.16181230545044,429,1
101.16567969322205,472,1
101.16968870162964,540,1
101.17383360862732,538,1
101.17735767364502,556,1
101.18133449554443,399,1
101.18530941009521,421,1
101.18944096565247,512,1
101.19316053390503,503,1
101.19709610939026,557,1
101.20082521438599,429,1
101.20497822761536,420,1
101.2090482711792,532,1
101.21263098716736,545,1
101.21650767326355,626,1
101.2281653881073,516,1
101.22871279716492,471,1
101.22898483276367,576,1
101.23237752914429,558,1
101.23626446723938,643,1
101.24015665054321,546,1
101.24396228790283,466,1
101.24776983261108,588,1
101.25173878669739,588,1
101.25598359107971,655,1
101.2595603466034,559,1
101.26347541809082,454,1
101.267502784729,560,1
101.27240180969238,561,1
101.27554988861084,627,1
101.27909231185913,571,1
101.28306317329407,446,1
101.28715825080872,547,1
101.29251170158386,576,1
101.2947347164154,630,1
101.29871869087219,578,1
101.30311584472656,425,1
101.30657601356506,526,1
101.31053376197815,564,1
101.314373254776,592,1
101.31819558143616,569,1
101.32240319252014,420,1
101.32612037658691,511,1
101.33004760742188,579,1
101.33383846282959,611,1
101.33797264099121,615,1
101.34214282035828,446,1
101.3455638885498,510,1
101.34953427314758,583,1
101.35361456871033,599,1
101.35804438591003,591,1
101.36132073402405,409,1
101.36514520645142,419,1
101.3691725730896,499,1
101.37315082550049,503,1
101.376868724823,551,1
101.38081860542297,416,1
101.38471603393555,423,1
101.38890814781189,534,1
101.39257764816284,550,1
101.3965220451355,624,1
101.40037369728088,511,1
101.4044737815857,490,1
101.4088716506958,600,1
101.41210055351257,597,1
101.41606974601746,663,1
101.42026686668396,547,1
101.42476296424866,483,1
101.42787671089172,606,1
101.43178677558899,588,1
101.43566274642944,662,1
101.43951988220215,578,1
101.44348645210266,482,1
101.44733834266663,591,1
101.45134329795837,587,1
101.45559000968933,651,1
101.45906496047974,575,1
101.4631814956665,452,1
101.46700954437256,555,1
101.47175431251526,541,1
101.47862720489502,578,1
101.47885036468506,523,1
101.48269271850586,372,1
101.49096965789795,480,1
101.49247908592224,519,1
101.49427533149719,572,1
101.49828720092773,549,1
101.50213670730591,390,1
101.50862312316895,488,1
101.51005244255066,556,1
101.51390051841736,583,1
101.51795506477356,598,1
101.52369523048401,443,1
101.52613925933838,522,1
101.52951550483704,595,1
101.53351473808289,618,1
101.5389986038208,632,1
101.54168653488159,465,1
101.54520392417908,494,1
101.549156665802,563,1
101.55311727523804,565,1
101.55724763870239,609,1
101.56088185310364,461,1
101.56469058990479,465,1
101.5686547756195,545,1
101.57339835166931,536,1
101.57648801803589,604,1
101.58038783073425,489,1
101.58435392379761,465,1
101.59036016464233,568,1
101.59423732757568,558,1
101.59604668617249,622,1
101.59996914863586,503,1
101.60864686965942,434,1
101.61275482177734,531,1
101.61438584327698,517,1
101.61573624610901,585,1
101.62189769744873,480,1
101.62554407119751,381,1
101.62732672691345,492,1
101.6311686038971,502,1
101.63516068458557,590,1
101.63964223861694,514,1
101.64302444458008,394,1
101.64684724807739,502,1
101.65082669258118,516,1
101.65568470954895,575,1
101.65875840187073,527,1
101.66254758834839,391,1
101.66639304161072,497,1
101.67261505126953,526,1
101.67650842666626,571,1
101.67814493179321,553,1
101.68211936950684,405,1
101.68609619140625,490,1
101.69069957733154,540,1
101.69385290145874,584,1
101.69774508476257,583,1
101.70161819458008,419,1
101.70686054229736,498,1
101.70985889434814,563,1
101.713387966156,576,1
101.71759009361267,587,1
101.72123169898987,415,1
101.72510600090027,435,1
101.72904706001282,498,1
101.7330117225647,491,1
101.73988580703735,525,1
101.74155569076538,380,1
101.74470257759094,403,1
101.74869132041931,493,1
101.75480198860168,500,1
101.75938105583191,548,1
101.76031494140625,413,1
101.76437139511108,392,1
101.76819276809692,492,1
101.77236747741699,488,1
101.77610874176025,563,1
101.77988457679749,432,1
101.78411674499512,371,1
101.7938334941864,487,1
101.7941689491272,482,1
101.79553008079529,575,1
101.79947280883789,463,1
101.80343866348267,375,1
101.80849242210388,480,1
101.81117677688599,475,1
101.81508827209473,549,1
101.82228755950928,464,1
101.82630324363708,336,1
101.82676267623901,433,1
101.83085441589355,455,1
101.83473587036133,545,1
101.83862733840942,468,1
101.84289789199829,315,1
101.84647369384766,428,1
101.85030746459961,485,1
101.85415315628052,548,1
101.86006259918213,509,1
101.86210942268372,359,1
101.86607432365417,449,1
101.8698148727417,489,1
101.87408447265625,538,1
101.8776307106018,540,1
101.8815689086914,388,1
101.88552260398865,452,1
101.8894956111908,489,1
101.89340877532959,505,1
101.89733076095581,531,1
101.90126061439514,372,1
101.91839098930359,425,1
101.91888785362244,502,1
101.92628979682922,529,1
101.92886734008789,574,1
101.92941641807556,436,1
101.93006157875061,463,1
101.9312093257904,556,1
101.93243551254272,551,1
101.94011425971985,608,1
101.9425642490387,468,1
101.94420576095581,463,1
101.948082447052,560,1
101.95211100578308,541,1
101.95864033699036,589,1
101.95981049537659,462,1
101.96385264396667,408,1
101.9676764011383,506,1
101.97232484817505,499,1
101.97718954086304,560,1
101.97937345504761,446,1
101.98327112197876,377,1
101.98827886581421,512,1
101.99290800094604,504,1
101.99510192871094,574,1
101.99911737442017,503,1
102.00416040420532,396,1
102.00924253463745,522,1
102.01072573661804,534,1
102.01465654373169,609,1
102.01848149299622,532,1
102.02358317375183,417,1
102.02732300758362,541,1
102.03031158447266,571,1
102.0342926979065,637,1
102.04548525810242,582,1
102.0479326248169,439,1
102.04962491989136,535,1
102.0516893863678,570,1
102.06086945533752,619,1
102.06421256065369,578,1
102.06935358047485,380,1
102.07657170295715,445,1
102.07826519012451,497,1
102.07896566390991,528,1
102.08012533187866,527,1
102.08132696151733,354,1
102.08508896827698,408,1
102.0889801979065,467,1
102.09441590309143,463,1
102.09686231613159,495,1
102.10127091407776,349,1
102.1059901714325,387,1
102.10878372192383,472,1
102.1124255657196,501,1
102.11633038520813,572,1
102.12064146995544,424,1
102.12484955787659,411,1
102.12812519073486,498,1
102.13205814361572,514,1
102.13607549667358,595,1
102.13996505737305,477,1
102.14363765716553,445,1
102.14755892753601,550,1
102.1515064239502,537,1
102.15568161010742,615,1
102.15934729576111,508,1
102.16338992118835,443,1
102.16716384887695,564,1
102.17116403579712,571,1
102.17578649520874,651,1
102.1789071559906,541,1
102.1828260421753,434,1
102.18672585487366,542,1
102.190758228302,528,1
102.1945436000824,606,1
102.19846796989441,546,1
102.20263338088989,438,1
102.2066559791565,567,1
102.21035122871399,590,1
102.21412062644958,650,1
102.21812224388123,588,1
102.22287106513977,442,1
102.22589588165283,535,1
102.22975659370422,554,1
102.2336175441742,602,1
102.23812437057495,578,1
102.24215054512024,408,1
102.2453453540802,494,1
102.24936890602112,547,1
102.2536973953247,570,1
102.25757551193237,550,1
102.26110482215881,396,1
102.26508808135986,483,1
102.26888608932495,547,1
102.27323698997498,571,1
102.27680850028992,601,1
102.28056526184082,441,1
102.28449487686157,465,1
102.28900337219238,534,1
102.292551279068,539,1
102.29634380340576,582,1
102.30024409294128,426,1
102.30417203903198,417,1
102.30877470970154,507,1
102.31202125549316,522,1
102.31576633453369,572,1
102.31974625587463,427,1
102.3238878250122,417,1
102.3276481628418,536,1
102.33145713806152,538,1
102.33534121513367,617,1
102.34034967422485,512,1
102.3431944847107,458,1
102.34709739685059,566,1
102.35105085372925,568,1
102.35545444488525,657,1
102.35888147354126,563,1
102.36299633979797,487,1
102.36663436889648,601,1
102.37067532539368,607,1
102.37482190132141,675,1
102.37839674949646,595,1
102.38233613967896,470,1
102.38653779029846,561,1
102.39120507240295,571,1
102.3942084312439,639,1
102.39803338050842,581,1
102.40187215805054,443,1
102.4062008857727,559,1
102.40991425514221,590,1
102.4136528968811,647,1
102.41760206222534,617,1
102.42149591445923,463,1
102.42710041999817,557,1
102.42927551269531,600,1
102.43330454826355,622,1
102.43711805343628,616,1
102.44109511375427,444,1
102.44505310058594,486,1
102.44879460334778,546,1
102.45324206352234,561,1
102.45726466178894,565,1
102.46060562133789,409,1
102.46448850631714,461,1
102.46858263015747,549,1
102.47242164611816,584,1
102.47682642936707,614,1
102.48022866249084,463,1
102.48407697677612,484,1
102.48811912536621,561,1
102.49220252037048,571,1
102.49575281143188,648,1
102.49970746040344,506,1
102.50402688980103,484,1
102.50820541381836,594,1
102.51155853271484,596,1
102.51553726196289,630,1
102.51932311058044,498,1
102.52394843101501,439,1
102.52719783782959,542,1
102.53108978271484,531,1
102.53497624397278,596,1
102.53899073600769,488,1
102.54283595085144,420,1
102.54675316810608,524,1
102.55068731307983,511,1
102.55782151222229,585,1
102.55915451049805,497,1
102.56239581108093,379,1
102.56622266769409,486,1
102.57028555870056,496,1
102.57469177246094,556,1
102.578049659729,504,1
102.58186292648315,385,1
102.58619213104248,509,1
102.59329986572266,539,1
102.59521722793579,599,1
102.59749960899353,559,1
102.60145735740662,416,1
102.60612225532532,519,1
102.60924744606018,564,1
102.61312913894653,604,1
102.61716628074646,605,1
102.6210503578186,463,1
102.6249167919159,551,1
102.62877011299133,607,1
102.6326813697815,640,1
102.63871908187866,650,1
102.64116621017456,482,1
102.64445996284485,536,1
102.64901399612427,611,1
102.65265607833862,629,1
102.65846252441406,641,1
102.6600661277771,492,1
102.66405391693115,523,1
102.66792511940002,607,1
102.6721363067627,611,1
102.67649030685425,661,1
102.67959928512573,520,1
102.68361210823059,523,1
102.6875274181366,635,1
102.69175410270691,628,1
102.69540524482727,684,1
102.69918322563171,564,1
102.70580506324768,525,1
102.71014142036438,633,1
102.71103096008301,626,1
102.7148699760437,701,1
102.71877455711365,595,1
102.72281789779663,529,1
102.72667503356934,637,1
102.73052144050598,622,1
102.73457765579224,690,1
102.74041628837585,590,1
102.74294328689575,481,1
102.74619388580322,563,1
102.75015902519226,569,1
102.75806331634521,636,1
102.7602047920227,560,1
102.76182723045349,440,1
102.76576852798462,551,1
102.76965141296387,561,1
102.77379512786865,607,1
102.7774269580841,557,1
102.78134655952454,422,1
102.78524518013,518,1
102.78966426849365,558,1
102.79315543174744,578,1
102.79705786705017,530,1
102.80101656913757,379,1
102.80741310119629,486,1
102.81035923957825,555,1
102.81277084350586,604,1
102.8166012763977,609,1
102.82266759872437,440,1
102.82477974891663,504,1
102.82828116416931,578,1
102.83223295211792,604,1
102.83678197860718,625,1
102.8402373790741,477,1
102.84402465820312,506,1
102.84784984588623,576,1
102.85177779197693,557,1
102.85608291625977,594,1
102.85966444015503,442,1
102.86360239982605,467,1
102.86756634712219,569,1
102.87183833122253,558,1
102.8755042552948,620,1
102.8791856765747,499,1
102.88314914703369,469,1
102.88704514503479,560,1
102.89161539077759,540,1
102.89488673210144,614,1
102.89874243736267,503,1
102.9028012752533,430,1
102.90949726104736,526,1
102.91044759750366,494,1
102.91432666778564,570,1
102.91833925247192,476,1
102.92278933525085,377,1
102.92613410949707,485,1
102.93001508712769,481,1
102.93397951126099,549,1
102.93828058242798,469,1
102.9421558380127,358,1
102.94560551643372,475,1
102.94955658912659,479,1
102.95351076126099,531,1
102.95771503448486,472,1
102.9614429473877,330,1
102.96536827087402,441,1
102.96927833557129,473,1
102.97310638427734,538,1
102.97699856758118,514,1
102.98097133636475,351,1
102.98488926887512,446,1
102.98915386199951,493,1
102.99275183677673,516,1
102.99646139144897,502,1
103.00050258636475,317,1
103.00466752052307,373,1
103.00867772102356,431,1
103.01216864585876,457,1
103.01609444618225,494,1
103.02029752731323,340,1
103.02539014816284,391,1
103.02781677246094,480,1
103.0317108631134,498,1
103.03573369979858,535,1
103.04010391235352,376,1
103.04364514350891,394,1
103.04748630523682,490,1
103.05155801773071,488,1
103.05531859397888,537,1
103.06057095527649,399,1
103.06316995620728,358,1
103.06708312034607,426,1
103.07226490974426,410,1
103.07549166679382,472,1
103.0786383152008,348,1
103.08259296417236,308,1
103.08669590950012,433,1
103.09124422073364,453,1
103.09454441070557,549,1
103.09836411476135,452,1
103.10211849212646,389,1
103.10626792907715,517,1
103.11079740524292,530,1
103.11399507522583,608,1
103.1276125907898,523,1
103.12884640693665,417,1
103.1315975189209,552,1
103.13186979293823,584,1
103.13340830802917,663,1
103.13749480247498,594,1
103.14180088043213,445,1
103.14516019821167,560,1
103.14907932281494,595,1
103.15304327011108,645,1
103.157719373703,590,1
103.16081881523132,433,1
103.16474080085754,535,1
103.16858530044556,586,1
103.17277431488037,634,1
103.17655634880066,622,1
103.18036556243896,458,1
103.18448328971863,536,1
103.18856620788574,602,1
103.19238877296448,632,1
103.19606423377991,638,1
103.20006561279297,465,1
103.2039122581482,517,1
103.20801639556885,583,1
103.21171760559082,591,1
103.21561670303345,604,1
103.22007441520691,443,1
103.22701072692871,470,1
103.22754502296448,551,1
103.23133540153503,556,1
103.23543858528137,614,1
103.23983383178711,476,1
103.24317288398743,461,1
103.2469756603241,560,1
103.25092601776123,571,1
103.25507616996765,653,1
103.25882720947266,533,1
103.2625060081482,502,1
103.26653122901917,623,1
103.27039170265198,619,1
103.27537059783936,693,1
103.27812814712524,566,1
103.28212213516235,481,1
103.28612518310547,581,1
103.2908661365509,576,1
103.29381012916565,650,1
103.29774713516235,556,1
103.30165958404541,455,1
103.30571222305298,558,1
103.30964922904968,543,1
103.31345534324646,617,1
103.31757020950317,569,1
103.32215642929077,439,1
103.32535791397095,545,1
103.32906699180603,561,1
103.33300709724426,629,1
103.33816504478455,590,1
103.34151291847229,444,1
103.34473752975464,544,1
103.34908103942871,591,1
103.3526337146759,637,1
103.35712623596191,622,1
103.36055159568787,466,1
103.36421918869019,543,1
103.36832046508789,570,1
103.37273788452148,591,1
103.37607002258301,602,1
103.37987804412842,441,1
103.383868932724,501,1
103.38829588890076,575,1
103.39352512359619,597,1
103.39550232887268,614,1
103.39939856529236,454,1
103.40405535697937,493,1
103.40930032730103,590,1
103.41125202178955,607,1
103.41513133049011,643,1
103.41944622993469,489,1
103.42306423187256,480,1
103.4268753528595,567,1
103.43070912361145,556,1
103.4346432685852,609,1
103.43902087211609,477,1
103.4425995349884,444,1
103.44643688201904,569,1
103.45037055015564,579,1
103.45549201965332,643,1
103.45839667320251,527,1
103.46206426620483,457,1
103.46603751182556,563,1
103.46990871429443,555,1
103.47386384010315,631,1
103.47770428657532,540,1
103.48159432411194,436,1
103.48550963401794,557,1
103.49225282669067,581,1
103.4933602809906,659,1
103.49726700782776,592,1
103.50117135047913,484,1
103.50574326515198,587,1
103.5091495513916,605,1
103.51301646232605,666,1
103.51677227020264,617,1
103.52112793922424,461,1
103.52668571472168,550,1
103.52854776382446,566,1
103.53248310089111,622,1
103.54101324081421,601,1
103.5419921875,432,1
103.54433536529541,511,1
103.54814052581787,575,1
103.55210900306702,614,1
103.56064891815186,608,1
103.56111478805542,441,1
103.56389141082764,501,1
103.56774973869324,566,1
103.57304310798645,580,1
103.57702708244324,604,1
103.5794746875763,455,1
103.58352780342102,505,1
103.5903217792511,592,1
103.5927517414093,617,1
103.59506940841675,654,1
103.59903693199158,505,1
103.60321307182312,511,1
103.60897278785706,611,1
103.61072421073914,612,1
103.61463499069214,668,1
103.61855435371399,521,1
103.62451267242432,505,1
103.62641882896423,615,1
103.63024115562439,602,1
103.63423681259155,678,1
103.6396837234497,564,1
103.64285707473755,511,1
103.64604806900024,622,1
103.64983367919922,640,1
103.65582013130188,747,1
103.65828347206116,644,1
103.66153621673584,558,1
103.66544365882874,687,1
103.66968846321106,694,1
103.67500877380371,768,1
103.67724251747131,671,1
103.68120551109314,560,1
103.68508863449097,680,1
103.69032549858093,707,1
103.692880153656,768,1
103.69673657417297,706,1
103.70073246955872,554,1
103.70550894737244,637,1
103.70852375030518,638,1
103.71249890327454,666,1
103.71639919281006,624,1
103.77764797210693,469,1
103.77813410758972,547,1
103.77845358848572,565,1
103.77901601791382,619,1
103.77936887741089,639,1
103.77964401245117,500,1
103.7799699306488,570,1
103.78025007247925,631,1
103.78050208091736,645,1
103.78074216842651,640,1
103.78100180625916,454,1
103.78123903274536,508,1
103.78147315979004,582,1
103.78171300888062,600,1
103.78283548355103,637,1
103.78335475921631,474,1
103.78368663787842,482,1
103.78896379470825,565,1
103.82826828956604,563,1
103.83219480514526,600,1
103.83358073234558,462,1
103.8340699672699,456,1
103.83432960510254,550,1
103.83941054344177,552,1
103.84044218063354,618,1
103.85551023483276,497,1
103.86616516113281,461,1
103.87505602836609,576,1
103.8755431175232,571,1
103.87643790245056,639,1
103.87848162651062,526,1
103.90133118629456,439,1
103.90169286727905,555,1
103.90267276763916,544,1
103.9095208644867,597,1
103.91157364845276,477,1
103.91229748725891,366,1
103.91266751289368,483,1
103.91350650787354,492,1
103.91375589370728,572,1
103.9139347076416,512,1
103.91439294815063,385,1
103.91473817825317,497,1
103.9149956703186,521,1
103.9151599407196,571,1
103.91540598869324,549,1
103.91557312011719,387,1
103.91584777832031,472,1
103.91610455513,531,1
103.9165027141571,578,1
103.91746854782104,560,1
103.91976499557495,413,1
103.92391896247864,495,1
103.92784214019775,542,1
103.93158078193665,567,1
103.93543291091919,564,1
103.94031524658203,389,1
103.9439480304718,439,1
103.9473192691803,507,1
103.9510567188263,507,1
103.95540142059326,544,1
103.95987129211426,405,1
103.96276450157166,452,1
103.96669745445251,562,1
103.97079920768738,584,1
103.9749436378479,666,1
103.97851014137268,554,1
103.98232769966125,544,1
103.98629403114319,635,1
103.99035811424255,630,1
103.99406218528748,690,1
103.99801754951477,547,1
104.0019919872284,494,1
104.00595545768738,599,1
104.00971364974976,574,1
104.01362991333008,648,1
104.0175404548645,531,1
104.02173900604248,450,1
104.02594637870789,534,1
104.02950930595398,498,1
104.03321051597595,562,1
104.03774046897888,462,1
104.04148292541504,354,1
104.04499340057373,459,1
104.04884696006775,471,1
104.05284285545349,540,1
104.05715417861938,478,1
104.06055927276611,359,1
104.06453704833984,476,1
104.06849265098572,497,1
104.07364201545715,573,1
104.07627582550049,532,1
104.0801522731781,392,1
104.08406376838684,496,1
104.0883138179779,537,1
104.09201240539551,579,1
104.09583783149719,556,1
104.09972882270813,407,1
104.10383796691895,505,1
104.10952305793762,566,1
104.11146712303162,589,1
104.11576509475708,596,1
104.11977362632751,413,1
104.12777495384216,459,1
104.12852025032043,525,1
104.13109946250916,550,1
104.1350793838501,574,1
104.13928127288818,413,1
104.14277911186218,457,1
104.14662528038025,533,1
104.15056896209717,526,1
104.1546561717987,561,1
104.15843176841736,419,1
104.16245627403259,427,1
104.16629385948181,520,1
104.1702013015747,513,1
104.1746871471405,571,1
104.17803812026978,441,1
104.18183016777039,427,1
104.18582367897034,553,1
104.19020485877991,561,1
104.19374370574951,622,1
104.1974937915802,519,1
104.20139288902283,464,1
104.20624470710754,569,1
104.20941805839539,562,1
104.21314716339111,618,1
104.21711778640747,477,1
104.2216157913208,346,1
104.22568106651306,439,1
104.22878360748291,452,1
104.23271608352661,526,1
104.23664879798889,449,1
104.2410364151001,335,1
104.24449896812439,439,1
104.24837899208069,467,1
104.25236058235168,561,1
104.25653028488159,522,1
104.26019883155823,379,1
104.26407718658447,486,1
104.26806044578552,519,1
104.27208805084229,572,1
104.27709174156189,535,1
104.27965450286865,371,1
104.28363466262817,452,1
104.28752088546753,504,1
104.29229021072388,555,1
104.29541754722595,547,1
104.2993438243866,384,1
104.30317282676697,452,1
104.30793690681458,507,1
104.31105995178223,521,1
104.31486821174622,536,1
104.31875514984131,386,1
104.32353472709656,453,1
104.32662773132324,548,1
104.33049082756042,570,1
104.33443307876587,607,1
104.33840489387512,455,1
104.34240174293518,468,1
104.34625887870789,538,1
104.35018658638,510,1
104.3543553352356,539,1
104.36025357246399,401,1
104.36177587509155,370,1
104.36581444740295,465,1
104.36982297897339,468,1
104.37425637245178,536,1
104.37748265266418,418,1
104.38137888908386,363,1
104.38530135154724,468,1
104.38931226730347,457,1
104.39336490631104,538,1
104.39716410636902,439,1
104.40099787712097,371,1
104.40581631660461,492,1
104.40885996818542,502,1
104.412672996521,574,1
104.41659188270569,492,1
104.4206645488739,392,1
104.42789769172668,517,1
104.42863607406616,529,1
104.43236756324768,582,1
104.436518907547,508,1
104.44131970405579,374,1
104.4440176486969,481,1
104.44798016548157,511,1
104.4518141746521,566,1
104.45588994026184,532,1
104.45972847938538,389,1
104.46353077888489,482,1
104.46743035316467,515,1
104.47379636764526,540,1
104.47748041152954,531,1
104.47934317588806,388,1
104.48312330245972,481,1
104.487295627594,561,1
104.49189972877502,593,1
104.49489879608154,610,1
104.49881529808044,461,1
104.50270891189575,511,1
104.50775218009949,589,1
104.51047039031982,613,1
104.51440477371216,655,1
104.51846218109131,529,1
104.52266240119934,559,1
104.52616167068481,644,1
104.53006100654602,647,1
104.5339834690094,683,1
104.53795003890991,520,1
104.54238152503967,511,1
104.55197167396545,615,1
104.55239653587341,598,1
104.56052207946777,664,1
104.56137990951538,540,1
104.56197309494019,485,1
104.5652666091919,607,1
104.56960248947144,619,1
104.57334876060486,694,1
104.57706904411316,589,1
104.58087134361267,514,1
104.58490252494812,631,1
104.58973455429077,622,1
104.59368395805359,689,1
104.59659433364868,592,1
104.60046792030334,496,1
104.60481429100037,623,1
104.60965466499329,653,1
104.61229944229126,730,1
104.61612558364868,649,1
104.62009191513062,515,1
104.62522578239441,619,1
104.62783789634705,646,1
104.6317777633667,710,1
104.63567328453064,681,1
104.6404185295105,536,1
104.6434862613678,632,1
104.64750552177429,667,1
104.65136790275574,691,1
104.65680027008057,653,1
104.65923523902893,509,1
104.66307234764099,603,1
104.66701936721802,673,1
104.67292952537537,723,1
104.67512106895447,731,1
104.67892384529114,556,1
104.68258094787598,610,1
104.68651795387268,680,1
104.6904947757721,676,1
104.69436645507812,680,1
104.69825673103333,514,1
104.70223093032837,522,1
104.70612716674805,601,1
104.71002173423767,602,1
104.71397686004639,634,1
104.71785569190979,479,1
104.72194576263428,477,1
104.72565698623657,590,1
104.72955060005188,597,1
104.73347902297974,662,1
104.73782253265381,545,1
104.7417368888855,497,1
104.74533081054688,604,1
104.74927234649658,601,1
104.75310444831848,656,1
104.75720548629761,532,1
104.76116728782654,473,1
104.76474738121033,593,1
104.76869010925293,580,1
104.77318477630615,650,1
104.77658677101135,547,1
104.78048133850098,436,1
104.78432631492615,527,1
104.78836727142334,529,1
104.79267525672913,611,1
104.79626989364624,533,1
104.80015969276428,388,1
104.80436038970947,501,1
104.80792117118835,527,1
104.81169819831848,592,1
104.81562829017639,554,1
104.81961059570312,425,1
104.82406330108643,548,1
104.8274838924408,588,1
104.83124995231628,647,1
104.83522033691406,622,1
104.83947968482971,455,1
104.84305453300476,536,1
104.84700179100037,586,1
104.85081839561462,629,1
104.85484385490417,645,1
104.859055519104,486,1
104.86254167556763,523,1
104.866459608078,566,1
104.87047553062439,575,1
104.87449288368225,602,1
104.87821745872498,448,1
104.88217258453369,494,1
104.88620591163635,592,1
104.89025831222534,609,1
104.89382767677307,645,1
104.89779543876648,503,1
104.90173983573914,514,1
104.90583324432373,611,1
104.90952897071838,620,1
104.91340231895447,689,1
104.91748929023743,545,1
104.92179679870605,497,1
104.92567539215088,575,1
104.92911958694458,542,1
104.93308115005493,570,1
104.93715333938599,433,1
104.94105172157288,362,1
104.94476127624512,488,1
104.94866013526917,490,1
104.95279097557068,562,1
104.95709896087646,454,1
104.96038746833801,352,1
104.9643759727478,461,1
104.96831464767456,465,1
104.97308492660522,552,1
104.97607660293579,482,1
104.98000645637512,356,1
104.9838035106659,460,1
104.98873734474182,467,1
104.99189472198486,528,1
104.99565315246582,473,1
104.99958562850952,350,1
105.00342321395874,480,1
105.00824975967407,524,1
105.011385679245,579,1
105.01514148712158,561,1
105.01906633377075,399,1
105.02334952354431,488,1
105.02690529823303,536,1
105.03077244758606,574,1
105.03467202186584,562,1
105.03913068771362,390,1
105.04261374473572,439,1
105.04641938209534,477,1
105.05035662651062,473,1
105.05435872077942,478,1
105.05966830253601,334,1
105.0621063709259,412,1
105.06605815887451,522,1
105.07003808021545,552,1
105.07426810264587,586,1
105.07770562171936,436,1
105.08166575431824,458,1
105.08558511734009,548,1
105.08962082862854,553,1
105.09349250793457,612,1
105.09729933738708,474,1
105.10154056549072,440,1
105.10520267486572,525,1
105.10914659500122,523,1
105.11302065849304,573,1
105.11688208580017,429,1
105.12170553207397,377,1
105.12548780441284,497,1
105.1285765171051,498,1
105.13255023956299,579,1
105.1364471912384,487,1
105.14112257957458,427,1
105.14430046081543,557,1
105.14823055267334,560,1
105.15206980705261,645,1
105.15638184547424,584,1
105.16029334068298,467,1
105.16378426551819,567,1
105.1676869392395,570,1
105.17173218727112,607,1
105.17566585540771,539,1
105.17946243286133,395,1
105.18332076072693,519,1
105.18731999397278,551,1
105.1923017501831,603,1
105.19509696960449,563,1
105.19910168647766,414,1
105.20302939414978,501,1
105.20738220214844,539,1
105.21078944206238,579,1
105.21464967727661,568,1
105.21860337257385,393,1
105.22260904312134,445,1
105.22671151161194,485,1
105.2304356098175,512,1
105.23426294326782,527,1
105.23850774765015,370,1
105.24271059036255,424,1
105.24602031707764,511,1
105.25000667572021,526,1
105.25396203994751,552,1
105.25996708869934,386,1
105.26163458824158,415,1
105.26548910140991,520,1
105.26968932151794,534,1
105.27372217178345,586,1
105.27747440338135,443,1
105.28115963935852,431,1
105.28518033027649,519,1
105.28915524482727,479,1
105.29319596290588,521,1
105.29678225517273,389,1
105.30071187019348,346,1
105.3067946434021,444,1
105.30855059623718,443,1
105.31244969367981,518,1
105.31637692451477,416,1
105.32075572013855,348,1
105.32470393180847,459,1
105.32817268371582,470,1
105.33207488059998,544,1
105.33614373207092,438,1
105.34030485153198,327,1
105.34374356269836,443,1
105.34765410423279,470,1
105.35155701637268,556,1
105.35570025444031,501,1
105.35953164100647,385,1
105.36327195167542,516,1
105.36737656593323,555,1
105.37131881713867,616,1
105.37566781044006,549,1
105.37898468971252,385,1
105.3828866481781,474,1
105.38677525520325,513,1
105.39131903648376,551,1
105.39460062980652,524,1
105.39849328994751,354,1
105.40241408348083,439,1
105.40740847587585,499,1
105.41028428077698,550,1
105.41421723365784,551,1
105.41806077957153,393,1
105.42211508750916,464,1
105.42681956291199,551,1
105.4299988746643,562,1
105.43369364738464,579,1
105.43780589103699,426,1
105.44210624694824,470,1
105.44546675682068,558,1
105.44934844970703,567,1
105.45333290100098,610,1
105.45735669136047,461,1
105.46113777160645,446,1
105.46507215499878,537,1
105.4690375328064,538,1
105.47397756576538,598,1
105.47680282592773,478,1
105.48068141937256,436,1
105.48458003997803,532,1
105.48990368843079,517,1
105.49322533607483,594,1
105.49640846252441,498,1
105.50031685829163,423,1
105.5057783126831,526,1
105.50815558433533,528,1
105.51204895973206,606,1
105.51586675643921,509,1
105.5198860168457,398,1
105.52703976631165,507,1
105.52777171134949,519,1
105.53149747848511,589,1
105.53547382354736,510,1
105.54041147232056,381,1
105.54341697692871,486,1
105.54713773727417,497,1
105.55107116699219,568,1
105.55570149421692,521,1
105.55895519256592,382,1
105.56280660629272,502,1
105.56671929359436,556,1
105.57069325447083,604,1
105.57475757598877,586,1
105.57855176925659,445,1
105.5824031829834,536,1
105.58642387390137,587,1
105.5903434753418,615,1
105.59422326087952,616,1
105.59807658195496,452,1
105.60201787948608,519,1
105.60620903968811,586,1
105.6097469329834,607,1
105.61367344856262,626,1
105.61757159233093,478,1
105.62189817428589,543,1
105.62544775009155,646,1
105.6293740272522,665,1
105.63339138031006,696,1
105.6372344493866,584,1
105.64122247695923,604,1
105.64501452445984,693,1
105.64894127845764,695,1
105.6528868675232,743,1
105.65746259689331,591,1
105.66059446334839,546,1
105.66456818580627,645,1
105.66847538948059,632,1
105.67273902893066,691,1
105.67647504806519,543,1
105.68031311035156,469,1
105.68411660194397,591,1
105.68836665153503,592,1
105.69248366355896,648,1
105.69586730003357,539,1
105.699782371521,439,1
105.70370292663574,526,1
105.70845103263855,508,1
105.71150588989258,581,1
105.71540927886963,513,1
105.71961641311646,398,1
105.7236077785492,519,1
105.7272367477417,541,1
105.73107147216797,597,1
105.7350766658783,530,1
105.73947739601135,381,1
105.74414443969727,501,1
105.74667978286743,538,1
105.75061416625977,581,1
105.75468134880066,544,1
105.75937533378601,389,1
105.76246786117554,490,1
105.76623511314392,553,1
105.77035522460938,597,1
105.77510190010071,593,1
105.77805590629578,433,1
105.7818591594696,499,1
105.78578877449036,544,1
105.79021763801575,571,1
105.79371809959412,578,1
105.7975959777832,412,1
105.80142855644226,467,1
105.80612134933472,547,1
105.80925941467285,563,1
105.81319046020508,604,1
105.81710386276245,463,1
105.8214020729065,491,1
105.82710027694702,594,1
105.8288471698761,604,1
105.83288526535034,656,1
105.83681392669678,522,1
105.8414101600647,512,1
105.84447383880615,612,1
105.84838104248047,604,1
105.8526041507721,660,1
105.85679745674133,533,1
105.86027026176453,472,1
105.86420798301697,577,1
105.86808776855469,569,1
105.87194561958313,629,1
105.87606716156006,523,1
105.879723072052,450,1
105.88360643386841,570,1
105.88762378692627,556,1
105.89199805259705,618,1
105.89538645744324,554,1
105.89933204650879,465,1
105.90321087837219,577,1
105.90751314163208,589,1
105.91110754013062,662,1
105.91500997543335,595,1
105.91877579689026,462,1
105.92290782928467,565,1
105.92690873146057,583,1
105.93056654930115,637,1
105.93447995185852,595,1
105.93864727020264,446,1
105.94246768951416,531,1
105.94617033004761,556,1
105.95015859603882,594,1
105.95432496070862,594,1
105.95894145965576,444,1
105.96182417869568,523,1
105.96575736999512,579,1
105.96976566314697,623,1
105.97431635856628,639,1
105.97746515274048,483,1
105.98138570785522,543,1
105.9855489730835,622,1
105.98967695236206,652,1
105.99329328536987,680,1
105.99708890914917,527,1
106.00103878974915,553,1
106.00510668754578,655,1
106.00931429862976,657,1
106.02134156227112,724,1
106.02814841270447,607,1
106.02885627746582,609,1
106.02930951118469,700,1
106.02956533432007,691,1
106.03234338760376,754,1
106.03625679016113,617,1
106.04096698760986,568,1
106.04406595230103,679,1
106.04806089401245,670,1
106.05181574821472,724,1
106.05655360221863,607,1
106.05985569953918,531,1
106.0635814666748,644,1
106.06747889518738,641,1
106.07166910171509,721,1
106.07583355903625,638,1
106.07932353019714,528,1
106.08309578895569,626,1
106.0871970653534,619,1
106.0911636352539,686,1
106.09500288963318,617,1
106.09878158569336,483,1
106.1030285358429,588,1
106.10717177391052,586,1
106.1105329990387,609,1
106.11444568634033,538,1
106.11832022666931,366,1
106.12249875068665,447,1
106.12619519233704,481,1
106.13010597229004,525,1
106.1340548992157,517,1
106.13845443725586,373,1
106.14196252822876,466,1
106.14586663246155,520,1
106.14962887763977,555,1
106.15367698669434,569,1
106.15781331062317,400,1
106.1614625453949,455,1
106.16529679298401,511,1
106.16950368881226,518,1
106.17324566841125,530,1
106.17710423469543,362,1
106.18105554580688,408,1
106.1850094795227,506,1
106.18917608261108,527,1
106.19527292251587,583,1
106.19665932655334,454,1
106.2005615234375,448,1
106.2049994468689,524,1
106.20855474472046,497,1
106.212322473526,540,1
106.21619272232056,406,1
106.22016859054565,377,1
106.22849297523499,471,1
106.2290735244751,469,1
106.23183703422546,553,1
106.23626947402954,436,1
106.24400663375854,379,1
106.2443790435791,510,1
106.24745035171509,528,1
106.25143456459045,596,1
106.25533556938171,491,1
106.26111626625061,401,1
106.2631344795227,514,1
106.26711773872375,514,1
106.27097487449646,583,1
106.27529096603394,518,1
106.27871227264404,400,1
106.28272366523743,517,1
106.28654408454895,535,1
106.29067659378052,597,1
106.2943959236145,545,1
106.29844236373901,385,1
106.30222201347351,476,1
106.30688500404358,507,1
106.31012463569641,558,1
106.31401753425598,531,1
106.31783509254456,374,1
106.32195448875427,471,1
106.3257749080658,507,1
106.32957720756531,537,1
106.33350324630737,560,1
106.33754706382751,421,1
106.34181809425354,510,1
106.34529423713684,577,1
106.34919595718384,598,1
106.35307049751282,624,1
106.35716414451599,479,1
106.36084365844727,522,1
106.36479139328003,595,1
106.36869978904724,604,1
106.37333631515503,657,1
106.37659049034119,526,1
106.38043069839478,553,1
106.38450336456299,659,1
106.3884174823761,659,1
106.39241623878479,691,1
106.3961272239685,515,1
106.40014338493347,458,1
106.40406227111816,536,1
106.41078686714172,529,1
106.4118139743805,603,1
106.41570901870728,492,1
106.41972827911377,417,1
106.42422556877136,515,1
106.42775678634644,519,1
106.43139028549194,596,1
106.43539714813232,499,1
106.43964171409607,427,1
106.44359993934631,547,1
106.4470386505127,551,1
106.45087909698486,624,1
106.45496010780334,528,1
106.45933628082275,404,1
106.46263933181763,518,1
106.46654558181763,540,1
106.4705662727356,610,1
106.47533369064331,564,1
106.47838521003723,428,1
106.48226761817932,535,1
106.4861490726471,574,1
106.49007225036621,621,1
106.49400329589844,583,1
106.49786043167114,440,1
106.5038754940033,521,1
106.51488089561462,554,1
106.51518988609314,582,1
106.51550030708313,572,1
106.51739978790283,418,1
106.52340388298035,488,1
106.52958106994629,542,1
106.530522108078,566,1
106.53318524360657,591,1
106.54375004768372,438,1
106.54405546188354,464,1
106.54483103752136,538,1
106.54877829551697,559,1
106.55297422409058,595,1
106.56072235107422,452,1
106.56107544898987,477,1
106.56431174278259,552,1
106.56822681427002,545,1
106.57757663726807,593,1
106.57962918281555,458,1
106.58022856712341,427,1
106.58393788337708,527,1
106.59274792671204,529,1
106.59536385536194,593,1
106.5969910621643,473,1
106.59958410263062,420,1
106.60717535018921,531,1
106.60994625091553,547,1
106.61133122444153,626,1
106.61523723602295,509,1
106.61919951438904,426,1
106.62919068336487,550,1
106.63338541984558,550,1
106.63488507270813,624,1
106.64300560951233,550,1
106.64471483230591,450,1
106.64591908454895,558,1
106.64791202545166,572,1
106.65044260025024,633,1
106.66071653366089,572,1
106.6610016822815,445,1
106.66217565536499,554,1
106.6687536239624,603,1
106.67982649803162,655,1
106.6804141998291,607,1
106.6856439113617,457,1
106.68594741821289,569,1
106.69322943687439,616,1
106.69555401802063,651,1
106.695955991745,636,1
106.69745993614197,473,1
106.7013885974884,556,1
106.70875811576843,622,1
106.71471667289734,646,1
106.729421377182,653,1
106.73138236999512,490,1
106.73404097557068,551,1
106.74543166160583,619,1
106.7473533153534,644,1
106.74861741065979,687,1
106.74926400184631,539,1
106.74989461898804,564,1
106.75014567375183,650,1
106.75034713745117,650,1
106.75226044654846,688,1
106.75974822044373,543,1
106.76057124137878,502,1
106.76384615898132,572,1
106.76780772209167,529,1
106.77727913856506,574,1
106.7776415348053,423,1
106.77953624725342,352,1
106.78343629837036,440,1
106.78745365142822,420,1
106.79154348373413,486,1
106.79520678520203,387,1
106.799152135849,312,1
106.80864453315735,420,1
106.81019520759583,436,1
106.81116557121277,530,1
106.8147087097168,425,1
106.81870794296265,318,1
106.82264447212219,447,1
106.82696056365967,468,1
106.83035111427307,535,1
106.83447432518005,470,1
106.83992457389832,357,1
106.84303736686707,473,1
106.84611582756042,501,1
106.84992265701294,563,1
106.85987091064453,528,1
106.86044979095459,387,1
106.8616554737091,494,1
106.86568403244019,536,1
106.86962246894836,569,1
106.87572979927063,538,1
106.87777709960938,371,1
106.88120698928833,460,1
106.8851706981659,514,1
106.88935470581055,550,1
106.89406132698059,566,1
106.89705181121826,392,1
106.90085077285767,432,1
106.90622806549072,490,1
106.90922784805298,479,1
106.9126627445221,492,1
106.91648936271667,332,1
106.92287230491638,361,1
106.92815685272217,446,1
106.92848038673401,455,1
106.93227434158325,504,1
106.93667387962341,366,1
106.94362664222717,381,1
106.94407200813293,494,1
106.94773626327515,510,1
106.95171737670898,576,1
106.95649242401123,434,1
106.95955729484558,389,1
106.96340250968933,498,1
106.96739983558655,495,1
106.9733989238739,555,1
106.97732710838318,415,1
106.9791488647461,337,1
106.98301315307617,458,1
106.98941540718079,443,1
106.9951868057251,513,1
106.99725008010864,420,1
106.99862241744995,327,1
107.00249123573303,456,1
107.01232075691223,485,1
107.0133638381958,551,1
107.01562118530273,470,1
107.01819825172424,347,1
107.02727699279785,457,1
107.02896356582642,475,1
107.02992939949036,544,1
107.03381657600403,499,1
107.03850531578064,360,1
107.04322123527527,469,1
107.04559922218323,519,1
107.0495924949646,565,1
107.05344605445862,540,1
107.05825805664062,376,1
107.06122207641602,459,1
107.06510710716248,504,1
107.06912064552307,547,1
107.07390308380127,548,1
107.07697439193726,372,1
107.08071708679199,442,1
107.0846643447876,522,1
107.08949422836304,562,1
107.09260392189026,612,1
107.09645128250122,462,1
107.10034799575806,495,1
107.10433506965637,577,1
107.10851907730103,585,1
107.11214709281921,631,1
107.11601543426514,488,1
107.1199951171875,504,1
107.12433767318726,592,1
107.12769865989685,602,1
107.13157105445862,672,1
107.13547897338867,544,1
107.13973474502563,514,1
107.14345741271973,617,1
107.14733219146729,604,1
107.15113711357117,654,1
107.15667510032654,541,1
107.16002416610718,487,1
107.16289448738098,585,1
107.16683912277222,574,1
107.17276167869568,654,1
107.1754949092865,562,1
107.17851996421814,457,1
107.18249678611755,563,1
107.18676114082336,581,1
107.191645860672,677,1
107.19449734687805,595,1
107.19811820983887,479,1
107.20202708244324,602,1
107.2060489654541,613,1
107.21004462242126,673,1
107.21375060081482,622,1
107.21765446662903,492,1
107.22179388999939,597,1
107.22732400894165,618,1
107.22942042350769,675,1
107.2332854270935,641,1
107.23745012283325,469,1
107.24133729934692,563,1
107.24510407447815,611,1
107.24903082847595,656,1
107.25300145149231,641,1
107.26070284843445,482,1
107.26165461540222,574,1
107.26465201377869,650,1
107.26855993270874,680,1
107.2730782032013,691,1
107.27700018882751,518,1
107.28023934364319,554,1
107.28421592712402,620,1
107.28957343101501,622,1
107.2932391166687,661,1
107.29598069190979,503,1
107.299795627594,499,1
107.3046350479126,590,1
107.31067848205566,600,1
107.31159281730652,664,1
107.31546521186829,518,1
107.32444047927856,485,1
107.32778763771057,568,1
107.32802653312683,550,1
107.33117485046387,602,1
107.33504581451416,465,1
107.3397924900055,400,1
107.34286642074585,507,1
107.34674668312073,499,1
107.35064172744751,582,1
107.35501384735107,484,1
107.35947704315186,395,1
107.36238527297974,506,1
107.36655640602112,504,1
107.37033891677856,573,1
107.37435150146484,489,1
107.37811708450317,368,1
107.38204431533813,467,1
107.39471912384033,473,1
107.39992117881775,530,1
107.40029191970825,481,1
107.40093350410461,365,1
107.40158319473267,485,1
107.40564322471619,496,1
107.40958619117737,529,1
107.41340780258179,497,1
107.41727781295776,351,1
107.42186236381531,452,1
107.4257230758667,497,1
107.4289882183075,548,1
107.432776927948,525,1
107.43962049484253,363,1
107.44284772872925,454,1
107.44454646110535,523,1
107.4484453201294,573,1
107.45239353179932,592,1
107.46088719367981,450,1
107.46139478683472,492,1
107.46407413482666,566,1
107.46812844276428,588,1
107.47399997711182,624,1
107.47657918930054,468,1
107.47974896430969,493,1
107.48369669914246,588,1
107.4893479347229,614,1
107.49301958084106,654,1
107.49539923667908,511,1
107.49938631057739,498,1
107.50635075569153,596,1
107.51190090179443,595,1
107.51605558395386,650,1
107.51721787452698,504,1
107.51897835731506,447,1
107.5255491733551,544,1
107.526691198349,526,1
107.53066325187683,601,1
107.53461003303528,486,1
107.54017400741577,397,1
107.54284620285034,510,1
107.54639029502869,520,1
107.55024981498718,601,1
107.5561933517456,517,1
107.56009435653687,406,1
107.56195902824402,509,1
107.56596374511719,511,1
107.57273054122925,582,1
107.5770971775055,498,1
107.5776002407074,353,1
107.58148503303528,462,1
107.58538389205933,480,1
107.58937001228333,527,1
107.59399557113647,469,1
107.59714698791504,319,1
107.60111212730408,424,1
107.60656189918518,460,1
107.60945916175842,510,1
107.61279010772705,508,1
107.61665487289429,353,1
107.62425112724304,419,1
107.6269850730896,477,1
107.62855195999146,517,1
107.63249516487122,536,1
107.63715147972107,366,1
107.64263558387756,416,1
107.64434170722961,482,1
107.64803576469421,505,1
107.65189599990845,545,1
107.65699124336243,396,1
107.66066479682922,440,1
107.66372275352478,530,1
107.66775465011597,535,1
107.67311072349548,567,1
107.67746806144714,407,1
107.67927312850952,404,1
107.68332004547119,505,1
107.69002938270569,510,1
107.69260001182556,596,1
107.69530010223389,474,1
107.69884085655212,438,1
107.70508813858032,541,1
107.71072888374329,546,1
107.71296381950378,610,1
107.71449327468872,496,1
107.74592471122742,427,1
107.79584789276123,538,1
107.89374566078186,536,1
107.96005773544312,606,1
107.9836859703064,499,1
107.99425268173218,392,1
107.99759769439697,497,1
108.01291632652283,502,1
108.01444506645203,571,1
108.03016066551208,511,1
108.04901695251465,393,1
108.06448364257812,495,1
108.08065843582153,505,1
108.08312511444092,581,1
108.08931136131287,544,1
108.10104846954346,399,1
108.11480855941772,494,1
108.11865472793579,531,1
108.13201689720154,576,1
108.13404536247253,547,1
108.13671493530273,390,1
108.14945244789124,491,1
108.15119576454163,551,1
108.16306519508362,591,1
108.16896533966064,602,1
108.18362498283386,432,1
108.18406128883362,492,1
108.18432331085205,547,1
108.18492865562439,558,1
108.18521499633789,583,1
108.18596148490906,430,1
108.18682789802551,475,1
108.18742227554321,555,1
108.19875240325928,555,1
108.20163559913635,591,1
108.20223903656006,452,1
108.20315074920654,449,1
108.2103374004364,565,1
108.21666932106018,564,1
108.21734547615051,624,1
108.21828031539917,477,1
108.21895456314087,447,1
108.2264175415039,553,1
108.23409342765808,538,1
108.23574137687683,596,1
108.24251580238342,469,1
108.24792575836182,404,1
108.25086307525635,531,1
108.25958490371704,558,1
108.26598691940308,646,1
108.26891040802002,537,1
108.27614974975586,438,1
108.28239369392395,548,1
108.29105353355408,543,1
108.29373121261597,607,1
108.29433512687683,535,1
108.29705786705017,424,1
108.30062174797058,533,1
108.31273031234741,539,1
108.3151228427887,612,1
108.31600594520569,562,1
108.31813716888428,437,1
108.31906390190125,543,1
108.32544898986816,564,1
108.3326997756958,615,1
108.33582854270935,574,1
108.34146189689636,415,1
108.34779167175293,516,1
108.34909796714783,546,1
108.35658001899719,573,1
108.36476469039917,549,1
108.37786793708801,380,1
108.38115096092224,468,1
108.38311815261841,539,1
108.38494491577148,564,1
108.39068508148193,585,1
108.3975658416748,448,1
108.39985609054565,505,1
108.40147185325623,592,1
108.40213418006897,610,1
108.41035676002502,660,1
108.41803979873657,518,1
108.42610573768616,543,1
108.43078255653381,630,1
108.43214535713196,623,1
108.43416953086853,672,1
108.43478226661682,543,1
108.4351315498352,519,1
108.43542432785034,615,1
108.43585348129272,604,1
108.43664908409119,685,1
108.43946814537048,567,1
108.44737696647644,507,1
108.44785928726196,618,1
108.44867134094238,613,1
108.44967317581177,687,1
108.45074844360352,582,1
108.4515540599823,490,1
108.45316171646118,605,1
108.46426200866699,597,1
108.46566438674927,659,1
108.46727871894836,567,1
108.46830701828003,451,1
108.46859645843506,568,1
108.46892714500427,587,1
108.46938180923462,666,1
108.4706928730011,603,1
108.48133182525635,453,1
108.48496723175049,554,1
108.49554443359375,578,1
108.49998736381531,633,1
108.50117421150208,595,1
108.5135452747345,449,1
108.53118181228638,552,1
108.54455780982971,605,1
108.54991006851196,651,1
108.55105566978455,637,1
108.56415677070618,462,1
108.56716537475586,540,1
108.56908679008484,598,1
108.58416318893433,618,1
108.59643578529358,625,1
108.61358404159546,459,1
108.61451292037964,500,1
108.61672925949097,565,1
108.6247808933258,583,1
108.62980556488037,622,1
108.63363361358643,483,1
108.64145636558533,498,1
108.64781355857849,592,1
108.64807105064392,608,1
108.65199685096741,655,1
108.66814923286438,524,1
108.68240594863892,525,1
108.68404936790466,629,1
108.68581485748291,627,1
108.70019030570984,700,1
108.71105456352234,596,1
108.71719908714294,542,1
108.7321629524231,635,1
108.74693441390991,623,1
108.75251245498657,683,1
108.76658034324646,560,1
108.77898001670837,479,1
108.78368544578552,591,1
108.7851173877716,596,1
108.79829812049866,646,1
108.81196689605713,563,1
108.81612372398376,475,1
108.82868576049805,586,1
108.83528566360474,590,1
108.85234045982361,664,1
108.86724543571472,609,1
108.8699836730957,490,1
108.8840401172638,567,1
108.93092083930969,574,1
108.93582534790039,627,1
108.9447615146637,588,1
108.94582962989807,427,1
108.94758605957031,497,1
108.94816422462463,513,1
108.94836950302124,541,1
108.94854688644409,532,1
108.94873929023743,391,1
108.94924974441528,482,1
108.95071148872375,540,1
108.95214605331421,559,1
108.9556405544281,578,1
108.956955909729,423,1
108.95766878128052,468,1
108.95810127258301,539,1
108.95843958854675,554,1
108.95881509780884,576,1
108.96408200263977,423,1
108.96481084823608,441,1
108.96533560752869,502,1
108.96587443351746,521,1
108.96636128425598,571,1
108.96727871894836,429,1
108.96873259544373,427,1
108.97835564613342,532,1
108.9809021949768,534,1
108.98324871063232,594,1
108.9845278263092,467,1
108.98741912841797,430,1
108.99199271202087,547,1
108.99300241470337,556,1
108.99390125274658,644,1
108.99780917167664,539,1
108.99893474578857,476,1
108.99943995475769,602,1
108.9996407032013,586,1
108.99995470046997,659,1
109.00021648406982,574,1
109.00045824050903,467,1
109.00068211555481,562,1
109.00088548660278,562,1
109.00110030174255,623,1
109.00127387046814,543,1
109.00147438049316,424,1
109.00169801712036,547,1
109.00199770927429,578,1
109.00237202644348,643,1
109.00259590148926,600,1
109.00839257240295,449,1
109.01277279853821,547,1
109.0139889717102,581,1
109.01424193382263,632,1
109.01457118988037,616,1
109.01737546920776,453,1
109.01839542388916,535,1
109.0188353061676,583,1
109.01908206939697,624,1
109.01930594444275,625,1
109.01979756355286,457,1
109.02027583122253,517,1
109.02289342880249,573,1
109.03020596504211,586,1
109.03137826919556,601,1
109.03259015083313,427,1
109.03288650512695,456,1
109.03314399719238,544,1
109.0333526134491,552,1
109.03358244895935,571,1
109.03375101089478,419,1
109.03401851654053,421,1
109.03425645828247,500,1
109.03457355499268,493,1
109.03480052947998,552,1
109.03497529029846,403,1
109.03513360023499,377,1
109.03538703918457,494,1
109.03576231002808,511,1
109.03980994224548,590,1
109.04335188865662,485,1
109.04653334617615,430,1
109.04722356796265,542,1
109.04758214950562,518,1
109.04784083366394,594,1
109.05003142356873,502,1
109.0514907836914,398,1
109.05199098587036,499,1
109.05239605903625,496,1
109.05257892608643,574,1
109.05868721008301,502,1
109.0643699169159,393,1
109.06540083885193,499,1
109.06597304344177,517,1
109.06621146202087,592,1
109.06649088859558,546,1
109.06673431396484,406,1
109.06692886352539,526,1
109.06717038154602,583,1
109.0673623085022,645,1
109.06759190559387,631,1
109.06989002227783,496,1
109.07487201690674,600,1
109.08064794540405,644,1
109.0822925567627,670,1
109.08283567428589,671,1
109.08310151100159,489,1
109.08353066444397,545,1
109.08419013023376,599,1
109.08442711830139,625,1
109.08465385437012,660,1
109.08486795425415,478,1
109.08504128456116,500,1
109.08520460128784,555,1
109.08538842201233,553,1
109.08558177947998,602,1
109.08570718765259,471,1
109.08581233024597,479,1
109.08595657348633,573,1
109.08725619316101,558,1
109.09331440925598,587,1
109.10009932518005,444,1
109.10247588157654,418,1
109.10963582992554,508,1
109.11246037483215,500,1
109.11358213424683,573,1
109.11384153366089,446,1
109.11402559280396,364,1
109.11424231529236,456,1
109.11447238922119,454,1
109.11464190483093,537,1
109.11484956741333,434,1
109.11507630348206,333,1
109.11528491973877,441,1
109.11541700363159,444,1
109.11553502082825,523,1
109.11564803123474,449,1
109.11576557159424,336,1
109.11587810516357,440,1
109.11598944664001,454,1
109.11610102653503,530,1
109.11621332168579,473,1
109.11632347106934,343,1
109.1164345741272,442,1
109.1165463924408,477,1
109.116708278656,544,1
109.1168463230133,524,1
109.11696147918701,374,1
109.11707663536072,450,1
109.11733174324036,483,1
109.11756086349487,537,1
109.11774921417236,523,1
109.11793518066406,366,1
109.11814379692078,453,1
109.11891579627991,512,1
109.12512803077698,543,1
109.12970638275146,556,1
109.13006138801575,384,1
109.13024806976318,432,1
109.13045310974121,516,1
109.13058400154114,532,1
109.13074612617493,559,1
109.13088488578796,402,1
109.13104343414307,432,1
109.13118243217468,519,1
109.13131403923035,510,1
109.13144874572754,579,1
109.13158059120178,459,1
109.13171291351318,444,1
109.13184785842896,542,1
109.13198590278625,542,1
109.13211584091187,607,1
109.13224625587463,492,1
109.13238072395325,448,1
109.1325135231018,548,1
109.13264298439026,535,1
109.13279271125793,612,1
109.13302040100098,521,1
109.13379096984863,430,1
109.13420820236206,546,1
109.13446974754333,552,1
109.13468647003174,620,1
109.13488101959229,532,1
109.13507866859436,424,1
109.13538527488708,526,1
109.13592767715454,528,1
109.14157629013062,610,1
109.14476776123047,558,1
109.146169424057,431,1
109.1465196609497,551,1
109.14673185348511,571,1
109.14788317680359,606,1
109.14880895614624,563,1
109.15143322944641,423,1
109.15213799476624,524,1
109.15252327919006,590,1
109.15317749977112,652,1
109.16049075126648,655,1
109.16631031036377,491,1
109.16769480705261,556,1
109.16893458366394,620,1
109.16920518875122,663,1
109.16955900192261,687,1
109.17013049125671,528,1
109.1704649925232,587,1
109.17076754570007,675,1
109.17111039161682,694,1
109.1741840839386,727,1
109.17586207389832,587,1
109.17620348930359,596,1
109.1763768196106,670,1
109.17653107643127,664,1
109.17667317390442,703,1
109.17689895629883,557,1
109.17707657814026,544,1
109.17729878425598,626,1
109.17758059501648,608,1
109.17790031433105,675,1
109.17817449569702,546,1
109.17833352088928,494,1
109.18157601356506,589,1
109.1854317188263,602,1
109.18957543373108,679,1
109.19405245780945,563,1
109.19719696044922,488,1
109.20114326477051,597,1
109.2053587436676,575,1
109.21501731872559,613,1
109.21726298332214,505,1
109.21750998497009,396,1
109.22059917449951,493,1
109.2247462272644,505,1
109.22847604751587,584,1
109.23238468170166,525,1
109.23640513420105,404,1
109.2403917312622,509,1
109.24422597885132,529,1
109.24813175201416,594,1
109.25258159637451,562,1
109.25947546958923,424,1
109.26499223709106,524,1
109.26616215705872,555,1
109.26770877838135,583,1
109.27175903320312,569,1
109.27558898925781,430,1
109.27938342094421,518,1
109.28321170806885,563,1
109.28722500801086,588,1
109.2911159992218,592,1
109.29508256912231,425,1
109.29892802238464,496,1
109.30278396606445,558,1
109.30711936950684,575,1
109.31095933914185,596,1
109.31452083587646,436,1
109.31860256195068,472,1
109.3230140209198,565,1
109.326491355896,581,1
109.33032393455505,634,1
109.33409547805786,477,1
109.33816576004028,469,1
109.3430552482605,566,1
109.34580826759338,564,1
109.34969973564148,617,1
109.35369658470154,482,1
109.3577229976654,443,1
109.36249017715454,540,1
109.3654351234436,537,1
109.36929178237915,599,1
109.37355613708496,486,1
109.37761521339417,437,1
109.38112092018127,547,1
109.38509368896484,539,1
109.38938927650452,625,1
109.3967752456665,538,1
109.3991117477417,460,1
109.40058302879333,564,1
109.40489292144775,550,1
109.41076159477234,629,1
109.4133849143982,555,1
109.4162368774414,440,1
109.42032933235168,553,1
109.42431950569153,574,1
109.42841100692749,633,1
109.43191456794739,574,1
109.43582510948181,422,1
109.43972444534302,520,1
109.44401049613953,556,1
109.44751763343811,607,1
109.45156502723694,583,1
109.45557594299316,424,1
109.45940375328064,506,1
109.46346712112427,575,1
109.46734881401062,621,1
109.47152090072632,631,1
109.48108768463135,484,1
109.48531556129456,546,1
109.49500226974487,598,1
109.49591946601868,613,1
109.50081992149353,624,1
109.50473952293396,461,1
109.50728917121887,498,1
109.51354575157166,572,1
109.5144898891449,563,1
109.51479887962341,581,1
109.51536273956299,418,1
109.51808881759644,411,1
109.52345323562622,496,1
109.52775597572327,505,1
109.52981901168823,564,1
109.5336046218872,407,1
109.53754997253418,363,1
109.54161429405212,460,1
109.54964709281921,458,1
109.55232214927673,529,1
109.55459642410278,409,1
109.55829668045044,371,1
109.56343579292297,502,1
109.5650315284729,509,1
109.56880903244019,593,1
109.58042001724243,499,1
109.58374667167664,401,1
109.58511662483215,516,1
109.58585786819458,510,1
109.58850479125977,569,1
109.59570574760437,480,1
109.59631013870239,369,1
109.60023307800293,478,1
109.60415816307068,492,1
109.60814714431763,561,1
109.61187410354614,506,1
109.61615037918091,379,1
109.61972856521606,480,1
109.62957215309143,493,1
109.62988018989563,533,1
109.63144898414612,503,1
109.63538646697998,351,1
109.650217294693,453,1
109.65262770652771,516,1
109.66012167930603,575,1
109.6621880531311,589,1
109.66272211074829,426,1
109.66291785240173,484,1
109.6630711555481,537,1
109.66667914390564,577,1
109.68341541290283,588,1
109.68430089950562,405,1
109.68461537361145,444,1
109.68506813049316,505,1
109.69854855537415,492,1
109.7120144367218,500,1
109.7126030921936,339,1
109.72524118423462,351,1
109.72651028633118,444,1
109.73506474494934,455,1
109.74665021896362,506,1
109.7470006942749,366,1
109.75130891799927,350,1
109.76186299324036,444,1
109.76251077651978,452,1
109.76876783370972,523,1
109.77052354812622,409,1
109.77158427238464,355,1
109.77624654769897,454,1
109.77740502357483,452,1
109.77850103378296,523,1
109.79191470146179,419,1
109.7929892539978,346,1
109.79440522193909,472,1
109.7958447933197,481,1
109.81201148033142,564,1
109.81714415550232,497,1
109.81753611564636,401,1
109.81778597831726,519,1
109.81799602508545,534,1
109.83243989944458,598,1
109.8445827960968,538,1
109.84479832649231,408,1
109.84519124031067,497,1
109.85214805603027,507,1
109.85489583015442,554,1
109.86401009559631,507,1
109.86528706550598,358,1
109.86576175689697,436,1
109.8709831237793,484,1
109.87275624275208,535,1
109.88204669952393,525,1
109.88522124290466,360,1
109.892418384552,439,1
109.89760637283325,503,1
109.90076088905334,549,1
109.90100979804993,570,1
109.9024543762207,405,1
109.90285921096802,473,1
109.90334272384644,561,1
109.91082811355591,573,1
109.91253304481506,604,1
109.91556143760681,456,1
109.91830372810364,477,1
109.9187445640564,569,1
109.91921544075012,590,1
109.92552447319031,648,1
109.92610216140747,499,1
109.92659878730774,467,1
109.93052124977112,563,1
109.93221926689148,570,1
109.93559741973877,627,1
109.94310593605042,485,1
109.94691967964172,442,1
109.95008301734924,546,1
109.95321106910706,532,1
109.95971488952637,599,1
109.96386408805847,482,1
109.96720314025879,415,1
109.96754884719849,533,1
109.97080564498901,519,1
109.97473812103271,600,1
109.9770896434784,525,1
109.9812958240509,434,1
109.98399066925049,553,1
109.98435139656067,569,1
109.98475861549377,645,1
109.98847484588623,578,1
109.98908734321594,448,1
109.99096202850342,558,1
109.99676179885864,594,1
109.99730229377747,629,1
110.00182461738586,563,1
110.00759100914001,406,1
110.0082197189331,501,1
110.01346278190613,552,1
110.01628613471985,610,1
110.01662039756775,585,1
110.01683902740479,442,1
110.01876640319824,531,1
110.0227882862091,581,1
110.03072547912598,612,1
110.03329968452454,624,1
110.03447461128235,464,1
110.04139828681946,532,1
110.04223918914795,603,1
110.04621148109436,618,1
110.05011081695557,636,1
110.05393934249878,481,1
110.0598304271698,527,1
110.06456637382507,624,1
110.06565999984741,643,1
110.06973910331726,691,1
110.07927083969116,561,1
110.08121848106384,581,1
110.08285284042358,691,1
110.08530831336975,692,1
110.09081888198853,745,1
110.0931510925293,621,1
110.09892678260803,595,1
110.1019287109375,692,1
110.11233067512512,676,1
110.11638450622559,725,1
110.11739349365234,585,1
110.12432885169983,516,1
110.12545442581177,613,1
110.12667155265808,607,1
110.12834548950195,700,1
110.13962388038635,623,1
110.14741086959839,541,1
110.1509747505188,628,1
110.15466475486755,631,1
110.16516470909119,706,1
110.16914534568787,627,1
110.17007613182068,508,1
110.17562460899353,611,1
110.17943859100342,628,1
110.18229937553406,673,1
110.18608403205872,621,1
110.19412136077881,505,1
110.19678044319153,624,1
110.1975781917572,665,1
110.20042729377747,710,1
110.20085501670837,675,1
110.20125484466553,516,1
110.20976495742798,593,1
110.21009111404419,634,1
110.21036458015442,652,1
110.21065378189087,648,1
110.21442556381226,494,1
110.21942400932312,555,1
110.22866415977478,623,1
110.23403406143188,631,1
110.24333882331848,631,1
110.24679231643677,453,1
110.25049996376038,474,1
110.25202989578247,527,1
110.26117038726807,532,1
110.2616937160492,572,1
110.26439142227173,435,1
110.26669120788574,444,1
110.26990580558777,532,1
110.2756986618042,538,1
110.27637243270874,600,1
110.27869915962219,472,1
110.27930617332458,461,1
110.2819893360138,569,1
110.28495907783508,572,1
110.2931649684906,652,1
110.29381155967712,548,1
110.29778218269348,485,1
110.30054640769958,595,1
110.30498003959656,591,1
110.31267309188843,662,1
110.3152482509613,567,1
110.31619381904602,493,1
110.31998610496521,621,1
110.32607054710388,614,1
110.32789134979248,685,1
110.3318841457367,609,1
110.33567404747009,491,1
110.34238696098328,592,1
110.34346866607666,602,1
110.34754276275635,678,1
110.35145545005798,619,1
110.35991024971008,470,1
110.3626000881195,569,1
110.36463785171509,595,1
110.36693239212036,643,1
110.37101292610168,610,1
110.37671375274658,465,1
110.37984085083008,567,1
110.38260555267334,612,1
110.38704419136047,639,1
110.39288473129272,625,1
110.39446663856506,458,1
110.39832925796509,526,1
110.40211272239685,572,1
110.41389012336731,600,1
110.41930198669434,628,1
110.42602205276489,482,1
110.42690443992615,540,1
110.42726182937622,608,1
110.42745065689087,631,1
110.42950415611267,669,1
110.43349432945251,518,1
110.43753910064697,536,1
110.44226479530334,614,1
110.44669151306152,601,1
110.44947504997253,651,1
110.45323300361633,508,1
110.4612488746643,481,1
110.46216702461243,584,1
110.46478915214539,583,1
110.46867990493774,648,1
110.47896552085876,512,1
110.47985863685608,448,1
110.48042488098145,559,1
110.4854040145874,557,1
110.48917603492737,631,1
110.51400089263916,534,1
110.51458740234375,476,1
110.51526236534119,598,1
110.53265500068665,600,1
110.53304481506348,682,1
110.53338837623596,606,1
110.53365516662598,508,1
110.53397488594055,619,1
110.54477071762085,627,1
110.54776382446289,703,1
110.54806280136108,644,1
110.54885673522949,518,1
110.54931735992432,621,1
110.54966044425964,639,1
110.55020904541016,676,1
110.55127882957458,627,1
110.55560779571533,468,1
110.57857871055603,553,1
110.57906222343445,581,1
110.59809851646423,617,1
110.60873818397522,611,1
110.61177802085876,456,1
110.61217522621155,526,1
110.612553358078,580,1
110.61675357818604,610,1
110.61714553833008,628,1
110.61808657646179,474,1
110.61836791038513,526,1
110.63042497634888,602,1
110.63119411468506,614,1
110.63157391548157,623,1
110.63190412521362,452,1
110.63220310211182,465,1
110.63257193565369,547,1
110.63284730911255,543,1
110.64516139030457,592,1
110.65906119346619,464,1
110.65950298309326,457,1
110.65979433059692,534,1
110.66902947425842,500,1
110.66927790641785,537,1
110.67585062980652,384,1
110.6921226978302,325,1
110.69289112091064,426,1
110.69864916801453,421,1
110.6996603012085,497,1
110.7482397556305,400,1
110.77908778190613,325,1
110.79293656349182,445,1
110.81076884269714,435,1
110.81935930252075,518,1
110.84258008003235,427,1
110.8605318069458,316,1
110.88477993011475,435,1
110.89690327644348,457,1
110.92998886108398,515,1
110.94862747192383,439,1
110.96464419364929,301,1
110.98489689826965,399,1
111.01461505889893,423,1
111.03202652931213,482,1
111.04751443862915,445,1
111.07705235481262,304,1
111.11277556419373,408,1
111.14866852760315,436,1
111.18066573143005,477,1
111.19754481315613,457,1
111.20270705223083,297,1
111.21215534210205,384,1
111.22064971923828,443,1
111.23217248916626,482,1
111.24033880233765,493,1
111.24784350395203,338,1
111.25739431381226,418,1
111.26419186592102,487,1
111.26925992965698,504,1
111.28399205207825,534,1
111.29098773002625,388,1
111.30329513549805,431,1
111.31921887397766,521,1
111.33220291137695,542,1
111.34396409988403,594,1
111.34990787506104,446,1
111.3518898487091,440,1
111.36665868759155,529,1
111.38011312484741,513,1
111.38387155532837,551,1
111.3911817073822,429,1
111.40124487876892,395,1
111.4076988697052,504,1
111.42105197906494,504,1
111.43692970275879,586,1
111.44784808158875,470,1
111.45068407058716,402,1
111.45127964019775,510,1
111.4576325416565,515,1
111.46467566490173,593,1
111.46552300453186,497,1
111.46624064445496,391,1
111.46705746650696,498,1
111.46945977210999,522,1
111.48018622398376,598,1
111.4824709892273,533,1
111.48575854301453,428,1
111.49734473228455,555,1
111.50010180473328,584,1
111.5013575553894,644,1
111.5023102760315,582,1
111.50952076911926,437,1
111.51900935173035,539,1
111.52499341964722,586,1
111.53292107582092,641,1
111.53472447395325,615,1
111.53611469268799,453,1
111.5458436012268,548,1
111.54651308059692,591,1
111.55247449874878,619,1
111.57579636573792,608,1
111.58121800422668,431,1
111.58318829536438,483,1
111.59036231040955,537,1
111.59966802597046,563,1
111.61353754997253,583,1
111.61917567253113,418,1
111.63330340385437,459,1
111.64534664154053,549,1
111.6495406627655,565,1
111.66872978210449,618,1
111.68311333656311,488,1
111.7005889415741,501,1
111.71453261375427,586,1
111.73031187057495,573,1
111.7469482421875,626,1
111.7509834766388,497,1
111.77645659446716,471,1
111.78370499610901,557,1
111.79928994178772,543,1
111.8158872127533,607,1
111.82978248596191,475,1
111.86101818084717,415,1
111.88804388046265,522,1
111.89896297454834,521,1
111.93095541000366,600,1
111.95025515556335,496,1
111.95366334915161,410,1
111.9549241065979,524,1
111.95541477203369,532,1
111.95567965507507,621,1
111.95613884925842,562,1
111.95645833015442,467,1
111.95672249794006,584,1
111.95693445205688,601,1
111.95715570449829,673,1
111.95738434791565,627,1
111.95760679244995,498,1
111.95781183242798,613,1
111.9580225944519,642,1
111.95827269554138,687,1
111.95848178863525,656,1
111.95868182182312,503,1
111.95886445045471,586,1
111.95917272567749,616,1
111.96010231971741,659,1
111.9603807926178,641,1
111.96068906784058,451,1
111.96093153953552,503,1
111.96112895011902,562,1
111.96134901046753,599,1
111.96153950691223,629,1
111.9618706703186,480,1
111.96218943595886,531,1
111.96241450309753,613,1
111.96262264251709,636,1
111.9628393650055,666,1
111.9630708694458,521,1
111.96376276016235,537,1
111.96401619911194,623,1
111.96441555023193,613,1
111.96515798568726,661,1
111.96544766426086,520,1
111.96573328971863,504,1
111.96596837043762,591,1
111.96619939804077,588,1
111.9667603969574,659,1
111.96699476242065,544,1
111.96730327606201,508,1
111.96754455566406,613,1
111.96786642074585,606,1
111.96806502342224,683,1
111.96827530860901,576,1
111.96850991249084,489,1
111.96890568733215,608,1
111.96927905082703,601,1
111.97007775306702,667,1
111.97033381462097,577,1
111.97067999839783,463,1
111.97133898735046,575,1
111.97200202941895,578,1
111.97234892845154,643,1
111.97258734703064,585,1
111.97294187545776,452,1
111.97333478927612,541,1
111.97377634048462,538,1
111.97484159469604,581,1
111.97574782371521,539,1
111.97655820846558,376,1
111.97706031799316,459,1
111.97748231887817,502,1
111.97780537605286,546,1
111.99731302261353,553,1
112.01020383834839,412,1
112.01602721214294,509,1
112.01826882362366,589,1
112.02644968032837,607,1
112.03092098236084,617,1
112.0317656993866,470,1
112.03367972373962,534,1
112.04353666305542,610,1
112.04620718955994,620,1
112.04787850379944,630,1
112.05099654197693,463,1
112.06291103363037,494,1
112.06380820274353,578,1
112.06468987464905,581,1
112.06846404075623,619,1
112.0763144493103,472,1
112.07768726348877,446,1
112.08183574676514,534,1
112.0848548412323,530,1
112.09407043457031,583,1
112.09912371635437,445,1
112.10136270523071,398,1
112.1097731590271,509,1
112.11265659332275,501,1
112.11786198616028,567,1
112.1193630695343,461,1
112.12855339050293,389,1
112.1304361820221,496,1
112.13150811195374,480,1
112.1334159374237,552,1
112.13491415977478,450,1
112.14567542076111,339,1
112.14878177642822,450,1
112.15985774993896,454,1
112.16219210624695,515,1
112.16563487052917,444,1
112.16763067245483,330,1
112.1695065498352,436,1
112.1817479133606,453,1
112.19403386116028,527,1
112.1971800327301,502,1
112.19842004776001,379,1
112.20004463195801,489,1
112.20139169692993,527,1
112.2106065750122,547,1
112.2173981666565,522,1
112.23084235191345,369,1
112.24470543861389,466,1
112.24736523628235,528,1
112.25094652175903,565,1
112.25251150131226,567,1
112.26393055915833,393,1
112.26508069038391,448,1
112.26832818984985,531,1
112.26858925819397,542,1
112.26917147636414,579,1
112.27852821350098,418,1
112.27955675125122,431,1
112.28053331375122,507,1
112.28174543380737,498,1
112.28242659568787,531,1
112.29270267486572,376,1
112.2942943572998,363,1
112.29539728164673,457,1
112.29770469665527,456,1
112.29878211021423,491,1
112.30885100364685,351,1
112.31191396713257,321,1
112.31328463554382,449,1
112.31406664848328,463,1
112.31610560417175,544,1
112.32783818244934,444,1
112.33406281471252,383,1
112.34361720085144,488,1
112.36387896537781,462,1
112.37638330459595,524,1
112.38552594184875,420,1
112.39664793014526,318,1
112.39818906784058,426,1
112.39971780776978,437,1
112.40890836715698,509,1
112.41312098503113,425,1
112.41573524475098,295,1
112.41808795928955,398,1
112.41899919509888,412,1
112.42949914932251,476,1
112.43067026138306,441,1
112.43248414993286,313,1
112.4334499835968,424,1
112.44205403327942,485,1
112.44464707374573,560,1
112.44719362258911,555,1
112.45123291015625,410,1
112.46025562286377,507,1
112.4634485244751,557,1
112.46452856063843,578,1
112.46654272079468,568,1
112.4692018032074,401,1
112.48370432853699,466,1
112.4964804649353,518,1
112.50137042999268,525,1
112.51158308982849,540,1
112.51929068565369,370,1
112.53039765357971,399,1
112.53334617614746,467,1
112.54844236373901,467,1
112.55209994316101,504,1
112.56521534919739,351,1
112.57605934143066,369,1
112.58058714866638,483,1
112.58348178863525,485,1
112.59330010414124,547,1
112.60965180397034,429,1
112.6184012889862,428,1
112.63533568382263,557,1
112.65150499343872,556,1
112.67572474479675,623,1
112.68600821495056,512,1
112.71427583694458,459,1
112.76013350486755,586,1
112.78468489646912,598,1
112.81733012199402,689,1
112.86604595184326,595,1
112.89876508712769,505,1
112.9137921333313,619,1
112.9189965724945,615,1
112.94801115989685,686,1
112.97785449028015,609,1
112.99716067314148,491,1
113.0301423072815,591,1
113.04373550415039,594,1
113.05406737327576,665,1
113.08120584487915,619,1
113.11375784873962,483,1
113.16767883300781,584,1
113.20725750923157,620,1
113.23173594474792,678,1
113.24452376365662,652,1
113.24981689453125,505,1
113.25293231010437,586,1
113.26710104942322,622,1
113.28362488746643,660,1
113.28564953804016,651,1
113.29681849479675,492,1
113.30922031402588,549,1
113.31198406219482,595,1
113.33190393447876,608,1
113.34571647644043,613,1
113.34728622436523,451,1
113.37829351425171,505,1
113.39461970329285,573,1
113.4113495349884,561,1
113.44365620613098,603,1
113.46365451812744,453,1
113.5454478263855,469,1
113.5525631904602,551,1
113.56634950637817,547,1
113.56982159614563,589,1
113.58510065078735,462,1
113.60029006004333,451,1
113.61340117454529,542,1
113.63007736206055,531,1
113.64040851593018,606,1
113.64870595932007,479,1
113.6631293296814,426,1
113.67932653427124,519,1
113.68629550933838,499,1
113.7116162776947,564,1
113.72881579399109,436,1
113.73605394363403,350,1
113.75537204742432,460,1
113.76755380630493,456,1
113.78168559074402,530,1
113.79944229125977,451,1
113.80924892425537,352,1
113.82791590690613,460,1
113.84295225143433,480,1
113.85092782974243,555,1
113.85689210891724,501,1
113.8743748664856,387,1
113.87840628623962,516,1
113.89353036880493,557,1
113.89470338821411,609,1
113.8967170715332,589,1
113.89767122268677,443,1
113.89835953712463,532,1
113.89899611473083,557,1
113.89975833892822,608,1
113.90038204193115,605,1
113.90120577812195,433,1
113.90222311019897,515,1
113.90283060073853,567,1
113.91636848449707,585,1
113.91784572601318,609,1
113.92295932769775,460,1
113.93120741844177,519,1
113.9944052696228,603,1
114.0659658908844,632,1
114.10951113700867,654,1
114.1201446056366,494,1
114.12912559509277,517,1
114.1631133556366,591,1
114.16610622406006,597,1
114.17575073242188,642,1
114.1830780506134,499,1
114.19503140449524,472,1
114.20098352432251,563,1
114.21247887611389,548,1
114.21786642074585,602,1
114.22850680351257,480,1
114.23540234565735,440,1
114.24627208709717,554,1
114.25039625167847,550,1
114.26021671295166,627,1
114.26714539527893,512,1
114.27638745307922,434,1
114.28081703186035,547,1
114.28558373451233,524,1
114.29427170753479,596,1
114.3000841140747,501,1
114.30957174301147,379,1
114.3147463798523,478,1
114.32495832443237,488,1
114.33005356788635,547,1
114.34357857704163,487,1
114.34898352622986,376,1
114.35885691642761,487,1
114.36665797233582,510,1
114.37518048286438,555,1
114.38083148002625,492,1
114.38571357727051,330,1
114.39497017860413,428,1
114.40110421180725,458,1
114.40681529045105,482,1
114.4159152507782,440,1
114.42765641212463,272,1
114.43749117851257,359,1
114.4466781616211,420,1
114.44980454444885,449,1
114.45974254608154,467,1
114.467613697052,327,1
114.4815502166748,406,1
114.49453783035278,472,1
114.50011944770813,490,1
114.51015615463257,527,1
114.51754879951477,374,1
114.53058815002441,413,1
114.53415751457214,497,1
114.54555559158325,505,1
114.54938268661499,556,1
114.55903601646423,401,1
114.56520795822144,394,1
114.57187223434448,477,1
114.58064889907837,467,1
114.585134267807,525,1
114.594975233078,391,1
114.61100888252258,364,1
114.61739540100098,459,1
114.6185040473938,446,1
114.62551832199097,518,1
114.6288583278656,417,1
114.63125896453857,347,1
114.6328444480896,446,1
114.64146757125854,452,1
114.64763021469116,542,1
114.65045523643494,460,1
114.65803813934326,369,1
114.66201329231262,477,1
114.66304779052734,500,1
114.66337895393372,586,1
114.66364860534668,509,1
114.66398644447327,383,1
114.66421842575073,497,1
114.66453433036804,524,1
114.66484832763672,576,1
114.6651303768158,511,1
114.66591143608093,363,1
114.66663908958435,461,1
114.66686630249023,508,1
114.66758131980896,572,1
114.66788220405579,559,1
114.67646384239197,417,1
114.68150043487549,517,1
114.69241380691528,579,1
114.69778513908386,622,1
114.70044183731079,624,1
114.70854592323303,474,1
114.71680188179016,548,1
114.72735047340393,617,1
114.7337212562561,645,1
114.734530210495,673,1
114.73500204086304,503,1
114.73539066314697,507,1
114.75106382369995,557,1
114.76213312149048,555,1
114.7685239315033,595,1
114.77959728240967,450,1
114.7824330329895,460,1
114.7861442565918,552,1
114.79500985145569,544,1
114.79683542251587,596,1
114.80038595199585,461,1
114.80181765556335,454,1
114.81067061424255,565,1
114.81358098983765,544,1
114.81816029548645,591,1
114.82727456092834,480,1
114.83267092704773,422,1
114.83603596687317,527,1
114.84413433074951,534,1
114.84846806526184,626,1
114.8537290096283,541,1
114.86268758773804,453,1
114.86667919158936,557,1
114.86912488937378,539,1
114.88040828704834,604,1
114.88369584083557,533,1
114.89547085762024,432,1
114.91002988815308,545,1
114.9185082912445,532,1
114.93212890625,578,1
114.9418396949768,514,1
114.94795513153076,366,1
114.9529812335968,468,1
114.96240758895874,487,1
114.96743774414062,549,1
114.98084855079651,533,1
114.98468089103699,391,1
114.99342393875122,481,1
115.00063729286194,504,1
115.0036141872406,524,1
115.0134174823761,510,1
115.0157561302185,358,1
115.02394819259644,426,1
115.03003859519958,473,1
115.03269386291504,496,1
115.03561854362488,524,1
115.04464221000671,368,1
115.05005836486816,417,1
115.05241966247559,487,1
115.06043481826782,488,1
115.06363916397095,535,1
115.06613826751709,367,1
115.06824922561646,373,1
115.07782816886902,473,1
115.07889461517334,479,1
115.08097100257874,524,1
115.08361792564392,388,1
115.09425830841064,380,1
115.09989881515503,492,1
115.10739994049072,494,1
115.11349153518677,567,1
115.11582684516907,455,1
115.11948561668396,409,1
115.12489914894104,524,1
115.14581894874573,532,1
115.14636301994324,620,1
115.14690923690796,529,1
115.1473445892334,465,1
115.1476240158081,587,1
115.14786648750305,593,1
115.15014100074768,679,1
115.1510374546051,571,1
115.15146517753601,465,1
115.15191602706909,580,1
115.15228962898254,602,1
115.15263986587524,680,1
115.15435004234314,623,1
115.15922665596008,490,1
115.16059374809265,586,1
115.1610996723175,618,1
115.16143751144409,677,1
115.16180157661438,648,1
115.16254806518555,514,1
115.16287660598755,612,1
115.1636745929718,639,1
115.16407370567322,674,1
115.164546251297,645,1
115.16483569145203,475,1
115.16505479812622,561,1
115.1652443408966,615,1
115.16546320915222,632,1
115.16566944122314,621,1
115.16590547561646,438,1
115.16609573364258,488,1
115.16633129119873,557,1
115.16653966903687,557,1
115.16682076454163,572,1
115.16717171669006,413,1
115.16741967201233,420,1
115.16764283180237,486,1
115.16784572601318,479,1
115.16872191429138,533,1
115.17497277259827,402,1
115.17776703834534,387,1
115.1785535812378,478,1
115.17886137962341,479,1
115.17910575866699,530,1
115.17938828468323,416,1
115.17962980270386,358,1
115.17988395690918,466,1
115.18015599250793,473,1
115.18036723136902,556,1
115.18053340911865,456,1
115.18073415756226,394,1
115.18093991279602,511,1
115.18112421035767,513,1
115.1813108921051,598,1
115.18149638175964,509,1
115.18168950080872,421,1
115.18188738822937,544,1
115.1820957660675,554,1
115.18234944343567,617,1
115.18264079093933,555,1
115.18287253379822,431,1
115.19536018371582,533,1
115.20086669921875,529,1
115.21291661262512,565,1
115.21883058547974,519,1
115.23029828071594,387,1
115.24296188354492,483,1
115.24777603149414,511,1
115.248375415802,553,1
115.248708486557,528,1
115.24930119514465,357,1
115.25169849395752,436,1
115.25236344337463,501,1
115.25297498703003,534,1
115.26246643066406,537,1
115.26626229286194,381,1
115.26774573326111,445,1
115.27642965316772,515,1
115.27972650527954,522,1
115.28281831741333,528,1
115.28320550918579,366,1
115.28382921218872,393,1
115.28754878044128,469,1
115.29555940628052,471,1
115.29826879501343,520,1
115.2997817993164,381,1
115.30023765563965,371,1
115.30792951583862,473,1
115.31260991096497,482,1
115.33492040634155,539,1
115.34707283973694,404,1
115.35662174224854,380,1
115.365229845047,495,1
115.36942219734192,488,1
115.37872982025146,554,1
115.38172888755798,447,1
115.38587689399719,385,1
115.39536643028259,498,1
115.39824199676514,500,1
115.40068340301514,581,1
115.40373921394348,483,1
115.41220808029175,393,1
115.41447830200195,513,1
115.41702342033386,511,1
115.42474412918091,574,1
115.42874073982239,483,1
115.43407964706421,362,1
115.43694591522217,488,1
115.4487988948822,511,1
115.45180344581604,577,1
115.46273374557495,534,1
115.46604251861572,405,1
115.46919679641724,507,1
115.48355340957642,534,1
115.49619841575623,583,1
115.50968527793884,557,1
115.51513719558716,389,1
115.53036952018738,475,1
115.54587697982788,523,1
115.55308604240417,557,1
115.57981061935425,545,1
115.59671330451965,381,1
115.60788297653198,463,1
115.61833786964417,531,1
115.63089084625244,558,1
115.64663028717041,576,1
115.66047167778015,407,1
115.67496681213379,428,1
115.67759704589844,497,1
115.68237662315369,519,1
115.69064450263977,567,1
115.69259905815125,417,1
115.69443035125732,427,1
115.69545841217041,519,1
115.69578266143799,527,1
115.69600868225098,607,1
115.69622421264648,479,1
115.69644117355347,452,1
115.69664597511292,552,1
115.69684386253357,528,1
115.69702792167664,580,1
115.69723653793335,468,1
115.69741415977478,410,1
115.69758462905884,509,1
115.6980242729187,492,1
115.69826698303223,547,1
115.69844031333923,439,1
115.69863939285278,362,1
115.69880318641663,477,1
115.69927525520325,475,1
115.70026850700378,547,1
115.70062184333801,461,1
115.70135474205017,345,1
115.70214176177979,462,1
115.70242857933044,476,1
115.70260548591614,546,1
115.70283341407776,497,1
115.70300006866455,372,1
115.70378017425537,491,1
115.70988965034485,537,1
115.71027731895447,599,1
115.71052765846252,567,1
115.71075820922852,432,1
115.71103429794312,540,1
115.71124315261841,583,1
115.71144080162048,611,1
115.7116289138794,592,1
115.71179008483887,422,1
115.71195483207703,491,1
115.71211981773376,534,1
115.71226143836975,544,1
115.71241641044617,546,1
115.71258544921875,382,1
115.71273994445801,428,1
115.71336054801941,501,1
115.713632106781,513,1
115.71388506889343,546,1
115.71407675743103,428,1
115.71422219276428,474,1
115.71440482139587,574,1
115.71456956863403,596,1
115.7147274017334,657,1
115.71489357948303,517,1
115.71662163734436,503,1
115.71719598770142,597,1
115.71747350692749,585,1
115.71767687797546,647,1
115.71789503097534,523,1
115.7181646823883,475,1
115.71837782859802,584,1
115.71854257583618,565,1
115.7187237739563,625,1
115.7188811302185,522,1
115.71902918815613,455,1
115.71918725967407,583,1
115.71935153007507,589,1
115.7194938659668,666,1
115.71964454650879,598,1
115.72105026245117,518,1
115.72987914085388,629,1
115.73069453239441,626,1
115.73228192329407,682,1
115.73271179199219,611,1
115.73305821418762,480,1
115.73445534706116,578,1
115.73479104042053,596,1
115.73501563072205,657,1
115.73521518707275,625,1
115.73540925979614,487,1
115.73565745353699,595,1
115.73592114448547,628,1
115.73631834983826,678,1
115.7379732131958,659,1
115.75030851364136,512,1
115.75119757652283,599,1
115.75164723396301,644,1
115.75724601745605,667,1
115.76153492927551,661,1
115.76207041740417,491,1
115.76234221458435,538,1
115.76260733604431,590,1
115.76289892196655,614,1
115.76316165924072,657,1
115.76341319084167,511,1
115.76366710662842,557,1
115.76391696929932,649,1
115.76418924331665,651,1
115.76448321342468,694,1
115.76491928100586,553,1
115.76512479782104,557,1
115.76538181304932,648,1
115.76559710502625,648,1
115.76753115653992,705,1
115.77113795280457,564,1
115.77969026565552,524,1
115.7827320098877,634,1
115.78343057632446,646,1
115.78375768661499,712,1
115.78407955169678,580,1
115.784348487854,522,1
115.78460192680359,649,1
115.78484153747559,656,1
115.78526496887207,722,1
115.78564262390137,613,1
115.79240608215332,503,1
115.79457569122314,607,1
115.79508018493652,611,1
115.79543900489807,694,1
115.79573655128479,643,1
115.79601740837097,551,1
115.79627847671509,663,1
115.79658126831055,669,1
115.79684829711914,725,1
115.79712271690369,683,1
115.79738688468933,549,1
115.79772996902466,644,1
115.7985463142395,668,1
115.80111956596375,707,1
115.80199646949768,667,1
115.80242848396301,520,1
115.80273246765137,603,1
115.80338478088379,643,1
115.81115674972534,675,1
115.81227564811707,676,1
115.81267738342285,517,1
115.8129711151123,585,1
115.81326198577881,633,1
115.81351232528687,633,1
115.8137559890747,637,1
115.81411504745483,469,1
115.814368724823,496,1
115.81461477279663,565,1
115.81485629081726,577,1
115.81509566307068,616,1
115.81534385681152,458,1
115.81557536125183,447,1
115.81583619117737,537,1
115.81612300872803,545,1
115.81678223609924,590,1
115.81764769554138,458,1
115.81976389884949,430,1
115.82036662101746,531,1
115.82062244415283,516,1
115.82089114189148,568,1
115.82109355926514,448,1
115.82133293151855,402,1
115.8215765953064,523,1
115.82183647155762,527,1
115.82205319404602,609,1
115.82226777076721,514,1
115.82251024246216,429,1
115.82274985313416,556,1
115.82294201850891,557,1
115.82320070266724,630,1
115.8235137462616,559,1
115.82391166687012,459,1
115.82513737678528,568,1
115.82541918754578,584,1
115.82604455947876,636,1
115.82628440856934,567,1
115.82656383514404,424,1
115.82676434516907,531,1
115.82693767547607,567,1
115.82708024978638,621,1
115.82723641395569,592,1
115.82744765281677,447,1
115.82763695716858,531,1
115.82777667045593,557,1
115.82790112495422,584,1
115.82810354232788,570,1
115.82824277877808,401,1
115.82841658592224,465,1
115.82861185073853,522,1
115.8288562297821,555,1
115.82916593551636,580,1
115.82938623428345,415,1
115.82971930503845,456,1
115.83083438873291,517,1
115.83408546447754,525,1
115.83471202850342,564,1
115.83498692512512,412,1
115.83517146110535,426,1
115.8353681564331,516,1
115.83553433418274,521,1
115.83570957183838,562,1
115.83585596084595,429,1
115.83601307868958,422,1
115.83617901802063,521,1
115.83631634712219,516,1
115.83644104003906,582,1
115.83679223060608,454,1
115.83698153495789,398,1
115.8372483253479,494,1
115.83744144439697,491,1
115.83758807182312,567,1
115.83773303031921,468,1
115.83791279792786,406,1
115.83813285827637,526,1
115.83840322494507,522,1
115.8386549949646,601,1
115.83884406089783,518,1
115.8409252166748,403,1
115.84198641777039,491,1
115.842280626297,481,1
115.84249544143677,552,1
115.84611248970032,488,1
115.84651064872742,364,1
115.84724426269531,476,1
115.84782886505127,500,1
115.8480818271637,557,1
115.84819912910461,521,1
115.84831500053406,385,1
115.84842658042908,495,1
115.84853315353394,554,1
115.84863805770874,610,1
115.84874320030212,596,1
115.84885239601135,434,1
115.84897470474243,530,1
115.84912610054016,595,1
115.84928584098816,631,1
115.84943985939026,647,1
115.84960794448853,487,1
115.84976887702942,545,1
115.85018253326416,598,1
115.85054397583008,603,1
115.85075378417969,626,1
115.85093188285828,471,1
115.8510582447052,497,1
115.8511688709259,583,1
115.85127520561218,596,1
115.85142469406128,639,1
115.8515350818634,487,1
115.85165977478027,477,1
115.85176110267639,570,1
115.85190534591675,569,1
115.85214471817017,633,1
115.85270023345947,515,1
115.85289597511292,475,1
115.85309433937073,567,1
115.8536925315857,551,1
115.85388422012329,616,1
115.8542537689209,517,1
115.85449481010437,458,1
115.85473561286926,569,1
115.86178159713745,555,1
115.86255145072937,625,1
115.86326193809509,528,1
115.8636384010315,432,1
115.86434030532837,540,1
115.86459732055664,549,1
115.86479687690735,622,1
115.86491441726685,556,1
115.86510848999023,433,1
115.8653211593628,544,1
115.86552882194519,562,1
115.86570692062378,613,1
115.86592650413513,567,1
115.86609411239624,426,1
115.8662269115448,526,1
115.86637926101685,562,1
115.86650085449219,611,1
115.86664915084839,597,1
115.86682033538818,444,1
115.86715054512024,531,1
115.8682610988617,581,1
115.86870551109314,609,1
115.86958932876587,605,1
115.87067198753357,426,1
115.87100863456726,476,1
115.87130904197693,529,1
115.87160110473633,543,1
115.8718752861023,560,1
115.8766565322876,404,1
115.87791895866394,441,1
115.87825298309326,528,1
115.87844562530518,546,1
115.87886357307434,602,1
115.88029670715332,473,1
115.88048911094666,476,1
115.88065481185913,566,1
115.88080883026123,572,1
115.88095903396606,632,1
115.88113403320312,508,1
115.88139748573303,489,1
115.88158822059631,595,1
115.88237428665161,587,1
115.88261437416077,645,1
115.88279175758362,522,1
115.88309717178345,471,1
115.88329935073853,588,1
115.88349938392639,588,1
115.88373517990112,656,1
115.88391184806824,558,1
115.88407468795776,475,1
115.88468861579895,591,1
115.88504409790039,580,1
115.88521552085876,646,1
115.88533067703247,571,1
115.88543677330017,469,1
115.88554549217224,589,1
115.88565325737,601,1
115.8857581615448,657,1
115.88586401939392,594,1
115.8859691619873,453,1
115.8860731124878,543,1
115.88617944717407,567,1
115.8862841129303,611,1
115.88639092445374,584,1
115.88695287704468,439,1
115.88717412948608,532,1
115.88731479644775,569,1
115.88744926452637,603,1
115.88758397102356,605,1
115.8877182006836,455,1
115.88785886764526,535,1
115.88803458213806,599,1
115.88818430900574,614,1
115.88832020759583,621,1
115.88847017288208,467,1
115.88860869407654,519,1
115.88874173164368,595,1
115.88886833190918,597,1
115.88899421691895,606,1
115.88936591148376,439,1
115.8914315700531,440,1
115.89163184165955,516,1
115.89181327819824,511,1
115.89205145835876,555,1
115.89240026473999,411,1
115.89251375198364,395,1
115.89262270927429,475,1
115.89272856712341,455,1
115.89284753799438,517,1
115.89295387268066,400,1
115.89305782318115,356,1
115.89316153526306,475,1
115.89326572418213,473,1
115.89337277412415,552,1
115.89347743988037,456,1
115.8935809135437,382,1
115.89368438720703,499,1
115.8937885761261,506,1
115.89389157295227,595,1
115.89399600028992,520,1
115.89409899711609,418,1
115.89420199394226,529,1
115.89432621002197,537,1
115.89449334144592,597,1
115.8946795463562,531,1
115.89485168457031,382,1
115.8950834274292,461,1
115.89552187919617,470,1
115.89566206932068,515,1
115.89577674865723,474,1
115.89589858055115,323,1
115.8960132598877,420,1
115.8961455821991,467,1
115.89625644683838,506,1
115.8963668346405,494,1
115.89647674560547,332,1
115.89658617973328,409,1
115.8966953754425,465,1
115.8968071937561,498,1
115.89691519737244,513,1
115.8970239162445,362,1
115.89715957641602,427,1
115.89727520942688,510,1
115.89738607406616,536,1
115.89749550819397,567,1
115.89760375022888,421,1
115.89771223068237,452,1
115.89782094955444,532,1
115.89793252944946,544,1
115.89804124832153,583,1
115.89815092086792,431,1
115.89826083183289,422,1
115.89836859703064,508,1
115.89848113059998,502,1
115.89859008789062,559,1
115.89870023727417,425,1
115.89881038665771,389,1
115.89892029762268,506,1
115.89903330802917,510,1
115.89914321899414,599,1
115.89925241470337,506,1
115.89936780929565,450,1
115.89947700500488,575,1
115.89958930015564,586,1
115.89969944953918,664,1
115.89982533454895,577,1
115.90079808235168,479,1
115.90114116668701,586,1
115.901362657547,590,1
115.90150022506714,655,1
115.90167784690857,575,1
115.90188765525818,440,1
115.90206241607666,548,1
115.90228080749512,572,1
115.90256118774414,630,1
115.9027590751648,589,1
115.90291833877563,454,1
115.90326976776123,561,1
115.90357375144958,602,1
115.90371966362,651,1
115.90386080741882,619,1
115.90398502349854,455,1
115.90410614013672,534,1
115.90421915054321,577,1
115.90436363220215,605,1
115.90449142456055,604,1
115.904700756073,441,1
115.90483713150024,495,1
115.9050178527832,552,1
115.90706515312195,569,1
115.91719365119934,591,1
115.91829085350037,426,1
115.91903042793274,455,1
115.92148661613464,539,1
115.92365193367004,548,1
115.92595171928406,589,1
115.92679738998413,442,1
115.92868208885193,441,1
115.9293200969696,537,1
115.92954897880554,540,1
115.93004250526428,605,1
115.93134117126465,490,1
115.93248009681702,459,1
115.93278169631958,562,1
115.93298864364624,570,1
115.93321061134338,656,1
115.93343925476074,562,1
115.93368768692017,513,1
115.93395066261292,633,1
115.9342520236969,636,1
115.9344494342804,721,1
115.93459272384644,642,1
115.93479418754578,562,1
115.93494725227356,672,1
115.93511867523193,665,1
115.93525838851929,734,1
115.93538427352905,661,1
115.93554472923279,549,1
115.9357533454895,659,1
115.93593764305115,677,1
115.93613481521606,744,1
115.94238328933716,695,1
115.94263505935669,558,1
115.94286179542542,657,1
115.94553899765015,698,1
115.94593381881714,758,1
115.94618892669678,741,1
115.94635844230652,600,1
115.94693160057068,693,1
115.94771313667297,743,1
115.94791841506958,777,1
115.94812822341919,757,1
115.94825196266174,580,1
115.94837069511414,626,1
115.94883871078491,676,1
115.94953155517578,698,1
115.95032787322998,716,1
115.95120477676392,554,1
115.95149350166321,583,1
115.9518072605133,649,1
115.95202732086182,657,1
115.95222473144531,695,1
115.95243310928345,540,1
115.95257329940796,542,1
115.95273542404175,623,1
115.9529550075531,616,1
115.9531078338623,664,1
115.95352625846863,532,1
115.95415258407593,515,1
115.95479011535645,624,1
115.95655941963196,626,1
115.96018862724304,695,1
115.96248126029968,578,1
115.96291923522949,525,1
115.96327543258667,631,1
115.9635214805603,630,1
115.96381998062134,712,1
115.96404767036438,608,1
115.96421480178833,517,1
115.96454811096191,619,1
115.96475672721863,606,1
115.96495223045349,668,1
115.96512770652771,576,1
115.96529960632324,453,1
115.96551656723022,557,1
115.96575570106506,566,1
115.96610903739929,634,1
115.96681499481201,575,1
115.9673101902008,443,1
115.96815299987793,548,1
115.96874570846558,569,1
115.96903276443481,596,1
115.9692804813385,542,1
115.96946096420288,385,1
115.96959781646729,468,1
115.9698212146759,503,1
115.97007727622986,543,1
115.9702980518341,546,1
115.97068476676941,402,1
115.9712164402008,488,1
115.97419619560242,542,1
115.97455191612244,574,1
115.9785885810852,589,1
115.97911810874939,437,1
115.97927165031433,497,1
115.97939991950989,556,1
115.979567527771,549,1
115.97972297668457,584,1
115.97985196113586,442,1
115.98004794120789,464,1
115.98018050193787,553,1
115.98030090332031,568,1
115.9804139137268,634,1
115.98055124282837,506,1
115.9807562828064,501,1
115.98087620735168,605,1
115.98101019859314,599,1
115.98114323616028,664,1
115.981290102005,542,1
115.98141145706177,506,1
115.98153686523438,616,1
115.98165082931519,610,1
115.98179364204407,682,1
115.98196220397949,563,1
115.98338198661804,479,1
115.9838798046112,584,1
115.98584151268005,585,1
115.98611807823181,667,1
115.98636627197266,584,1
115.98671889305115,488,1
115.98725438117981,601,1
115.99311447143555,610,1
115.99350357055664,684,1
115.99390411376953,618,1
115.9949266910553,498,1
115.99640774726868,601,1
115.99676179885864,630,1
115.99703860282898,693,1
115.99727201461792,648,1
115.99746060371399,496,1
115.99824547767639,582,1
115.99857020378113,604,1
115.99876046180725,640,1
115.99958944320679,609,1
116.00004768371582,433,1
116.00044798851013,499,1
116.0006594657898,536,1
116.00081849098206,560,1
116.00096225738525,561,1
116.00111532211304,391,1
116.0013313293457,442,1
116.00151371955872,504,1
116.00174260139465,518,1
116.00198912620544,540,1
116.00225329399109,383,1
116.00252532958984,419,1
116.00297474861145,508,1
116.00563216209412,527,1
116.00801062583923,586,1
116.00892210006714,458,1
116.0093445777893,466,1
116.00975561141968,563,1
116.01077055931091,573,1
116.01551580429077,642,1
116.01577997207642,528,1
116.0160551071167,502,1
116.01629662513733,607,1
116.01646780967712,589,1
116.01661539077759,642,1
116.01681876182556,515,1
116.01704168319702,431,1
116.01722121238708,531,1
116.01735997200012,524,1
116.01749801635742,597,1
116.01767063140869,499,1
116.01784348487854,406,1
116.01796889305115,520,1
116.01808762550354,527,1
116.01819825172424,603,1
116.0183093547821,535,1
116.01841902732849,425,1
116.01853275299072,550,1
116.01864194869995,580,1
116.01876497268677,656,1
116.01887726783752,612,1
116.01900172233582,481,1
116.01915192604065,590,1
116.01926589012146,623,1
116.01937580108643,672,1
116.01949334144592,647,1
116.01965165138245,489,1
116.01995038986206,571,1
116.02476692199707,620,1
116.0257523059845,660,1
116.02714586257935,666,1
116.02795457839966,505,1
116.02916550636292,573,1
116.02938294410706,640,1
116.02965998649597,667,1
116.02988696098328,700,1
116.03015995025635,564,1
116.03029799461365,615,1
116.03045916557312,690,1
116.03058886528015,687,1
116.03077816963196,720,1
116.031076669693,573,1
116.03208923339844,572,1
116.03247475624084,633,1
116.03278660774231,617,1
116.03311109542847,663,1
116.03381752967834,524,1
116.03415751457214,493,1
116.034348487854,586,1
116.03447890281677,567,1
116.03461074829102,626,1
116.03474593162537,506,1
116.03495788574219,453,1
116.03518629074097,558,1
116.03541326522827,551,1
116.03590130805969,630,1
116.0361123085022,520,1
116.03637742996216,415,1
116.03683948516846,525,1
116.04174447059631,527,1
116.04206013679504,618,1
116.04229617118835,548,1
116.04297041893005,450,1
116.04454469680786,572,1
116.04590559005737,597,1
116.0462920665741,665,1
116.0465579032898,607,1
116.04679846763611,464,1
116.04822897911072,565,1
116.04881024360657,593,1
116.05007100105286,648,1
116.05043363571167,618,1
116.05067086219788,467,1
116.05091094970703,560,1
116.05133104324341,597,1
116.05162692070007,634,1
116.05185413360596,621,1
116.05205821990967,456,1
116.05222368240356,520,1
116.05236721038818,568,1
116.0525062084198,599,1
116.05266404151917,621,1
116.0528154373169,465,1
116.05305624008179,520,1
116.05995464324951,582,1
116.06391739845276,593,1
116.06457376480103,623,1
116.06559991836548,466,1
116.06592607498169,478,1
116.0661551952362,560,1
116.06635642051697,563,1
116.0665853023529,617,1
116.0667290687561,486,1
116.06688404083252,483,1
116.06700897216797,595,1
116.06712293624878,606,1
116.06723594665527,680,1
116.06734704971313,568,1
116.06745672225952,531,1
116.06760692596436,636,1
116.06775736808777,621,1
116.06787586212158,682,1
116.06798720359802,572,1
116.06812000274658,490,1
116.06825828552246,599,1
116.06839156150818,592,1
116.06852078437805,658,1
116.06863737106323,556,1
116.0687518119812,432,1
116.06886959075928,528,1
116.06935334205627,526,1
116.06960344314575,593,1
116.06990098953247,533,1
116.07045578956604,409,1
116.0746283531189,518,1
116.07499670982361,539,1
116.07521891593933,597,1
116.07768607139587,551,1
116.07862091064453,401,1
116.07896018028259,505,1
116.07919383049011,550,1
116.07938885688782,592,1
116.07956147193909,575,1
116.07969117164612,413,1
116.07980680465698,489,1
116.07991933822632,534,1
116.08002972602844,556,1
116.08016586303711,553,1
116.08028864860535,377,1
116.08040165901184,435,1
116.08051133155823,507,1
116.08062052726746,537,1
116.08078384399414,568,1
116.08091497421265,423,1
116.08205556869507,456,1
116.08230900764465,534,1
116.08263683319092,542,1
116.08335065841675,595,1
116.08351469039917,461,1
116.08362770080566,467,1
116.08375406265259,566,1
116.08387422561646,570,1
116.08398675918579,633,1
116.08409976959229,510,1
116.08421087265015,487,1
116.08432364463806,595,1
116.08443760871887,595,1
116.08454990386963,674,1
116.08466124534607,563,1
116.08477425575256,499,1
116.0848867893219,623,1
116.0849997997284,633,1
116.08511233329773,711,1
116.08522343635559,625,1
116.08533549308777,542,1
116.0854480266571,656,1
116.08555936813354,653,1
116.08567142486572,722,1
116.08645820617676,641,1
116.09041237831116,521,1
116.09416723251343,619,1
116.09816765785217,616,1
116.10207867622375,663,1
116.10641741752625,602,1
116.11058855056763,451,1
116.11380767822266,525,1
116.11764907836914,539,1
116.12158346176147,583,1
116.12567329406738,569,1
116.1294891834259,426,1
116.13342022895813,521,1
116.13738942146301,575,1
116.14119577407837,609,1
116.14519476890564,607,1
116.14904499053955,441,1
116.15288090705872,498,1
116.15689492225647,543,1
116.16089010238647,551,1
116.16467928886414,562,1
116.16849088668823,396,1
116.17266702651978,418,1
116.17639660835266,483,1
116.18041658401489,481,1
116.18424773216248,500,1
116.18830823898315,337,1
116.19461035728455,346,1
116.19596099853516,456,1
116.19984889030457,479,1
116.20380806922913,549,1
116.20764017105103,425,1
116.2114942073822,405,1
116.2154393196106,506,1
116.21937537193298,506,1
116.22387862205505,576,1
116.22733092308044,472,1
116.23126268386841,427,1
116.23512482643127,542,1
116.2397403717041,547,1
116.24285817146301,633,1
116.24677896499634,532,1
116.25067210197449,451,1
116.25455498695374,575,1
116.25918936729431,584,1
116.2625105381012,659,1
116.26637816429138,582,1
116.27025151252747,472,1
116.27423238754272,577,1
116.27819895744324,586,1
116.28210401535034,643,1
116.28587079048157,587,1
116.29034852981567,456,1
116.29390811920166,567,1
116.29771661758423,595,1
116.3014919757843,643,1
116.30650520324707,608,1
116.30947160720825,457,1
116.31341600418091,551,1
116.31715726852417,601,1
116.32133269309998,638,1
116.32551789283752,627,1
116.32908606529236,468,1
116.33286833763123,551,1
116.33703374862671,614,1
116.34075593948364,634,1
116.34553790092468,640,1
116.348459482193,476,1
116.35258841514587,523,1
116.35678482055664,597,1
116.3605306148529,613,1
116.36413836479187,648,1
116.36807990074158,495,1
116.37196350097656,509,1
116.37599468231201,590,1
116.37977290153503,587,1
116.38367772102356,631,1
116.38778829574585,495,1
116.39154028892517,483,1
116.39586853981018,586,1
116.39939999580383,572,1
116.40359783172607,617,1
116.40852069854736,485,1
116.41134572029114,432,1
116.414968252182,535,1
116.41888236999512,534,1
116.42285346984863,617,1
116.42673707008362,519,1
116.43058681488037,447,1
116.43451571464539,557,1
116.4386818408966,554,1
116.44266510009766,626,1
116.44635128974915,534,1
116.45017313957214,425,1
116.45422911643982,534,1
116.4580557346344,553,1
116.46188807487488,639,1
116.46592092514038,587,1
116.46973514556885,471,1
116.47396802902222,579,1
116.47792530059814,597,1
116.4836094379425,644,1
116.48545336723328,595,1
116.48970484733582,453,1
116.49336194992065,549,1
116.49714279174805,576,1
116.50111770629883,608,1
116.50524640083313,583,1
116.50900530815125,420,1
116.51285219192505,506,1
116.51667141914368,565,1
116.52058386802673,599,1
116.52452683448792,618,1
116.52840924263,465,1
116.53256297111511,524,1
116.53635454177856,592,1
116.54195737838745,610,1
116.54421877861023,633,1
116.54796814918518,476,1
116.55189561843872,499,1
116.5561933517456,577,1
116.568354845047,584,1
116.56938052177429,630,1
116.56966495513916,483,1
116.574547290802,469,1
116.57542705535889,556,1
116.57940793037415,544,1
116.58337998390198,599,1
116.58713626861572,471,1
116.5911157131195,429,1
116.59504652023315,528,1
116.5988883972168,511,1
116.60279417037964,560,1
116.60665202140808,446,1
116.61062502861023,384,1
116.61463284492493,486,1
116.61837148666382,476,1
116.62229537963867,554,1
116.62635159492493,461,1
116.63021540641785,367,1
116.63417887687683,467,1
116.63803720474243,462,1
116.6418719291687,515,1
116.64588713645935,419,1
116.64980220794678,289,1
116.65384602546692,389,1
116.65769410133362,403,1
116.66171765327454,481,1
116.66655468940735,448,1
116.66963315010071,327,1
116.67806029319763,436,1
116.67911887168884,467,1
116.68108987808228,515,1
116.68507385253906,495,1
116.6894896030426,345,1
116.69321894645691,432,1
116.69666814804077,476,1
116.70070743560791,505,1
116.70477175712585,500,1
116.70982074737549,352,1
116.71235513687134,439,1
116.71626234054565,519,1
116.72076082229614,556,1
116.7277843952179,581,1
116.7280900478363,442,1
116.73186612129211,494,1
116.73577904701233,583,1
116.74094843864441,593,1
116.74379301071167,632,1
116.74749779701233,492,1
116.75148749351501,501,1
116.75575995445251,590,1
116.7614197731018,592,1
116.76338005065918,650,1
116.76729536056519,519,1
116.7717170715332,500,1
116.7778172492981,597,1
116.77889752388,593,1
116.7827398777008,657,1
116.78834772109985,537,1
116.79546117782593,475,1
116.79626774787903,580,1
116.7986888885498,574,1
116.80246829986572,653,1
116.80683541297913,560,1
116.81276607513428,475,1
116.81418633460999,585,1
116.81791138648987,595,1
116.82280611991882,676,1
116.82828998565674,605,1
116.82967495918274,500,1
116.83371376991272,613,1
116.83763289451599,619,1
116.84356141090393,681,1
116.8454532623291,619,1
116.84927320480347,479,1
116.85402989387512,571,1
116.86273646354675,590,1
116.86454820632935,616,1
116.86515092849731,559,1
116.86882662773132,398,1
116.87451171875,489,1
116.8791515827179,531,1
116.88060355186462,550,1
116.88454222679138,526,1
116.88874530792236,348,1
116.89326524734497,402,1
116.89623928070068,443,1
116.90019297599792,463,1
116.90461611747742,484,1
116.90976166725159,333,1
116.91198492050171,377,1
116.9157350063324,447,1
116.91970181465149,453,1
116.92768239974976,487,1
116.9281177520752,346,1
116.93146681785583,364,1
116.9356997013092,450,1
116.94075775146484,443,1
116.9449815750122,491,1
116.94707798957825,361,1
116.95097160339355,350,1
116.95493531227112,447,1
116.9595959186554,457,1
116.96268224716187,535,1
116.96661186218262,425,1
116.97148060798645,377,1
116.97704744338989,486,1
116.97845983505249,491,1
116.98245310783386,576,1
116.9863338470459,472,1
116.99432396888733,378,1
116.99508237838745,483,1
116.99789094924927,487,1
117.00178980827332,563,1
117.0070116519928,469,1
117.01644968986511,352,1
117.01975750923157,456,1
117.02775263786316,453,1
117.028244972229,520,1
117.02917146682739,462,1
117.0316972732544,339,1
117.03317141532898,447,1
117.03761291503906,475,1
117.04357886314392,529,1
117.04521584510803,488,1
117.0487790107727,346,1
117.05270910263062,451,1
117.05707883834839,496,1
117.0606803894043,540,1
117.06458282470703,531,1
117.068430185318,377,1
117.07728481292725,453,1
117.07825589179993,507,1
117.08012580871582,529,1
117.08409929275513,538,1
117.08795762062073,383,1
117.09226965904236,447,1
117.09694290161133,533,1
117.09956860542297,568,1
117.10360550880432,608,1
117.10909247398376,457,1
117.1113851070404,482,1
117.11545920372009,567,1
117.11918997764587,570,1
117.12342238426208,613,1
117.12746715545654,473,1
117.13095569610596,445,1
117.13481974601746,524,1
117.13896751403809,511,1
117.14272975921631,561,1
117.14657592773438,431,1
117.15048050880432,397,1
117.15460515022278,506,1
117.16026091575623,500,1
117.1622793674469,571,1
117.16620898246765,460,1
117.17039275169373,392,1
117.17615246772766,495,1
117.17792105674744,494,1
117.18183875083923,581,1
117.1856701374054,501,1
117.19121408462524,415,1
117.19451141357422,536,1
117.19749546051025,538,1
117.20135712623596,607,1
117.2052857875824,537,1
117.21161723136902,407,1
117.21312499046326,500,1
117.21703433990479,517,1
117.22092819213867,588,1
117.22560429573059,552,1
117.23009443283081,420,1
117.23262000083923,525,1
117.23673844337463,572,1
117.24421501159668,622,1
117.24483227729797,606,1
117.24842524528503,452,1
117.25220727920532,543,1
117.25702476501465,595,1
117.26168513298035,628,1
117.26402592658997,624,1
117.26791548728943,459,1
117.27763819694519,530,1
117.2788245677948,597,1
117.27963209152222,616,1
117.28350162506104,627,1
117.28753685951233,469,1
117.29397392272949,512,1
117.2953233718872,591,1
117.29917311668396,597,1
117.30308818817139,637,1
117.30706357955933,487,1
117.31086373329163,488,1
117.31480097770691,577,1
117.31870627403259,571,1
117.32346534729004,625,1
117.32745409011841,486,1
117.3304705619812,454,1
117.33433651924133,565,1
117.33935642242432,560,1
117.34426665306091,634,1
117.34615802764893,521,1
117.35000514984131,468,1
117.35429000854492,576,1
117.35791206359863,566,1
117.36174702644348,633,1
117.36561989784241,532,1
117.3696060180664,446,1
117.37396955490112,553,1
117.3779046535492,535,1
117.38125514984131,596,1
117.38517260551453,508,1
117.39015078544617,380,1
117.3932785987854,475,1
117.39690256118774,477,1
117.4008047580719,537,1
117.4048821926117,481,1
117.40886306762695,350,1
117.41265225410461,456,1
117.41647911071777,483,1
117.42108964920044,516,1
117.42846727371216,477,1
117.42872643470764,328,1
117.43228816986084,426,1
117.4361207485199,472,1
117.44151997566223,513,1
117.44401526451111,510,1
117.44774460792542,347,1
117.45174884796143,417,1
117.45672106742859,482,1
117.45995950698853,513,1
117.46342873573303,530,1
117.46746969223022,380,1
117.47333812713623,440,1
117.47650051116943,524,1
117.4791796207428,535,1
117.48302054405212,571,1
117.4895510673523,428,1
117.49820446968079,444,1
117.49866533279419,528,1
117.49886918067932,539,1
117.5025725364685,591,1
117.50950074195862,448,1
117.5114369392395,427,1
117.5144190788269,526,1
117.51848149299622,527,1
117.52777910232544,598,1
117.52833414077759,478,1
117.53016376495361,424,1
117.533855676651,533,1
117.53846573829651,522,1
117.54529237747192,591,1
117.54570865631104,480,1
117.54950737953186,397,1
117.55363273620605,514,1
117.56090426445007,516,1
117.5615348815918,592,1
117.56523418426514,512,1
117.56909394264221,409,1
117.57408094406128,524,1
117.57829093933105,534,1
117.58077263832092,609,1
117.58467936515808,558,1
117.58977055549622,432,1
117.59389519691467,534,1
117.59642481803894,557,1
117.60034608840942,609,1
117.60776948928833,570,1
117.61067485809326,418,1
117.61211824417114,522,1
117.61603450775146,552,1
117.61989188194275,588,1
117.62762188911438,572,1
117.62782597541809,408,1
117.63162016868591,495,1
117.63563060760498,563,1
117.641526222229,597,1
117.64341735839844,612,1
117.64735770225525,443,1
117.65135884284973,491,1
117.65684747695923,556,1
117.66145586967468,563,1
117.66352534294128,589,1
117.66684222221375,433,1
117.67324662208557,463,1
117.67507910728455,545,1
117.67864108085632,555,1
117.68251633644104,608,1
117.68702125549316,471,1
117.69441747665405,467,1
117.69555497169495,561,1
117.69817423820496,550,1
117.70213723182678,604,1
117.70646834373474,477,1
117.70993733406067,442,1
117.71376872062683,555,1
117.71772503852844,552,1
117.72708940505981,631,1
117.72815895080566,520,1
117.72945165634155,458,1
117.73338770866394,583,1
117.73835229873657,586,1
117.74438500404358,667,1
117.74566078186035,587,1
117.74911451339722,503,1
117.75293588638306,626,1
117.75683450698853,636,1
117.76152300834656,703,1
117.76474905014038,618,1
117.76863408088684,488,1
117.77544975280762,594,1
117.77642369270325,617,1
117.78030180931091,674,1
117.78419137001038,625,1
117.78941988945007,494,1
117.79338479042053,600,1
117.79594874382019,613,1
117.79986143112183,647,1
117.80630373954773,617,1
117.81174755096436,447,1
117.81211948394775,525,1
117.81548476219177,572,1
117.81944584846497,609,1
117.82835388183594,624,1
117.82868385314941,465,1
117.83114528656006,528,1
117.83511734008789,585,1
117.84103870391846,599,1
117.84288477897644,621,1
117.84685277938843,471,1
117.85074639320374,510,1
117.85724186897278,585,1
117.85998320579529,589,1
117.86245012283325,625,1
117.86642050743103,479,1
117.87038016319275,477,1
117.8748037815094,557,1
117.87816333770752,551,1
117.88249135017395,608,1
117.8859121799469,476,1
117.89302039146423,443,1
117.89542841911316,541,1
117.89770245552063,534,1
117.90158367156982,604,1
117.90675520896912,490,1
117.91118502616882,432,1
117.91342997550964,538,1
117.91728329658508,529,1
117.92133212089539,600,1
117.92684721946716,496,1
117.9289608001709,399,1
117.93285894393921,505,1
117.93695116043091,510,1
117.94331312179565,599,1
117.94465661048889,526,1
117.94859385490417,413,1
117.95250582695007,531,1
117.95721316337585,548,1
117.96269989013672,598,1
117.96426105499268,533,1
117.96818661689758,395,1
117.97208833694458,492,1
117.97978472709656,511,1
117.98005986213684,556,1
117.98371052742004,527,1
117.98805642127991,376,1
117.99281907081604,465,1
117.99650406837463,513,1
117.99945402145386,563,1
118.00615215301514,554,1
118.00787210464478,386,1
118.01130390167236,452,1
118.01508355140686,507,1
118.01895952224731,535,1
118.02332711219788,548,1
118.02693557739258,374,1
118.03076219558716,415,1
118.03460001945496,485,1
118.03875875473022,487,1
118.04418802261353,520,1
118.0463125705719,368,1
118.05025720596313,386,1
118.05575585365295,489,1
118.06110453605652,506,1
118.06196737289429,563,1
118.0658609867096,449,1
118.06976962089539,460,1
118.07467412948608,591,1
118.07761240005493,602,1
118.08155250549316,682,1
118.08541178703308,567,1
118.09023904800415,507,1
118.09340929985046,609,1
118.09727311134338,595,1
118.10120558738708,671,1
118.10703110694885,573,1
118.111980676651,497,1
118.11280298233032,610,1
118.11671686172485,604,1
118.12327527999878,678,1
118.12770795822144,600,1
118.12853503227234,501,1
118.13253855705261,615,1
118.13634586334229,629,1
118.1423237323761,703,1
118.14430165290833,653,1
118.14815545082092,529,1
118.15191221237183,637,1
118.15673613548279,659,1
118.16020274162292,716,1
118.1637670993805,680,1
118.1676893234253,531,1
118.17160177230835,623,1
118.17580842971802,662,1
118.17936134338379,702,1
118.1832685470581,692,1
118.1875741481781,531,1
118.19112539291382,610,1
118.19508028030396,664,1
118.19884490966797,687,1
118.20277953147888,700,1
118.20677900314331,533,1
118.21060490608215,584,1
118.21450901031494,636,1
118.21847176551819,633,1
118.2225227355957,640,1
118.22631287574768,467,1
118.23015260696411,475,1
118.23414731025696,533,1
118.2381808757782,509,1
118.24248266220093,548,1
118.24582266807556,403,1
118.24975061416626,392,1
118.25369548797607,495,1
118.25810050964355,496,1
118.26161122322083,557,1
118.2654926776886,425,1
118.26941514015198,383,1
118.27391195297241,490,1
118.27725076675415,481,1
118.2811553478241,554,1
118.28511428833008,446,1
118.28913259506226,383,1
118.29304957389832,503,1
118.29675436019897,503,1
118.3005883693695,583,1
118.3071620464325,495,1
118.31013655662537,400,1
118.31242656707764,512,1
118.31641507148743,521,1
118.32060813903809,594,1
118.32421541213989,531,1
118.32803010940552,415,1
118.33189058303833,531,1
118.33590936660767,551,1
118.34064769744873,603,1
118.34380221366882,552,1
118.34756541252136,412,1
118.35145235061646,514,1
118.356698513031,549,1
118.35986161231995,605,1
118.3631808757782,596,1
118.36722803115845,448,1
118.37109923362732,538,1
118.37550830841064,578,1
118.37884521484375,608,1
118.38275122642517,606,1
118.38712310791016,436,1
118.39124393463135,499,1
118.39513897895813,562,1
118.39850735664368,581,1
118.40230679512024,600,1
118.40676259994507,419,1
118.41043496131897,432,1
118.41414904594421,502,1
118.41798877716064,503,1
118.42236995697021,542,1
118.42645955085754,398,1
118.42978954315186,404,1
118.43364405632019,495,1
118.4375991821289,493,1
118.44373488426208,549,1
118.44538569450378,430,1
118.44924521446228,408,1
118.45320630073547,510,1
118.45747232437134,509,1
118.46109414100647,585,1
118.46495938301086,476,1
118.46889042854309,424,1
118.47461318969727,527,1
118.47816109657288,522,1
118.48060941696167,603,1
118.48449444770813,514,1
118.4904088973999,425,1
118.49293732643127,539,1
118.4961805343628,546,1
118.5002019405365,621,1
118.50647377967834,544,1
118.50865530967712,415,1
118.51197075843811,512,1
118.5157687664032,517,1
118.51966166496277,581,1
118.52376794815063,526,1
118.52748465538025,388,1
118.53142237663269,490,1
118.5354175567627,528,1
118.54178500175476,569,1
118.54542517662048,524,1
118.54718971252441,369,1
118.55097770690918,453,1
118.55720090866089,500,1
118.55984091758728,539,1
118.56269550323486,541,1
118.56662821769714,390,1
118.57072520256042,461,1
118.57465887069702,519,1
118.57848405838013,543,1
118.58226728439331,561,1
118.58618974685669,403,1
118.59023666381836,449,1
118.59410357475281,528,1
118.59789824485779,540,1
118.60178923606873,576,1
118.6057665348053,429,1
118.61025738716125,424,1
118.61352872848511,491,1
118.6174623966217,480,1
118.62301468849182,531,1
118.62704181671143,404,1
118.62925434112549,393,1
118.63313937187195,492,1
118.63716864585876,493,1
118.64416933059692,566,1
118.64485287666321,463,1
118.64876174926758,425,1
118.65268802642822,529,1
118.65717029571533,529,1
118.66051387786865,613,1
118.6643934249878,514,1
118.66844654083252,436,1
118.67347502708435,554,1
118.67725706100464,554,1
118.6800889968872,633,1
118.68408203125,557,1
118.69008302688599,451,1
118.6924684047699,563,1
118.69572639465332,570,1
118.69964814186096,629,1
118.70367956161499,562,1
118.70938062667847,427,1
118.71133351325989,533,1
118.71526741981506,559,1
118.71918654441833,612,1
118.7238097190857,584,1
118.7275402545929,443,1
118.7309639453888,537,1
118.73484539985657,574,1
118.74067044258118,621,1
118.74277997016907,605,1
118.74655151367188,442,1
118.75046586990356,515,1
118.75748562812805,574,1
118.76077628135681,606,1
118.76233696937561,630,1
118.76613569259644,478,1
118.77295660972595,534,1
118.77543520927429,606,1
118.77794003486633,624,1
118.78181624412537,647,1
118.78574514389038,492,1
118.79006671905518,506,1
118.79580593109131,582,1
118.79745984077454,576,1
118.80146932601929,613,1
118.80900001525879,476,1
118.81096863746643,473,1
118.81361532211304,582,1
118.81698083877563,588,1
118.82365560531616,657,1
118.82567930221558,535,1
118.82904601097107,497,1
118.83268785476685,627,1
118.83655667304993,634,1
118.84469032287598,706,1
118.84501838684082,598,1
118.84829497337341,524,1
118.85223841667175,631,1
118.85812139511108,618,1
118.86040878295898,684,1
118.86396074295044,582,1
118.86786651611328,468,1
118.8718729019165,567,1
118.87587141990662,559,1
118.87955975532532,621,1
118.88349032402039,554,1
118.88799142837524,433,1
118.89274954795837,540,1
118.89526057243347,563,1
118.89914631843567,621,1
118.9030966758728,581,1
118.90782141685486,437,1
118.91086006164551,529,1
118.9147732257843,555,1
118.91868591308594,590,1
118.92310690879822,561,1
118.92655658721924,411,1
118.93044853210449,500,1
118.93453335762024,554,1
118.93863415718079,598,1
118.94272470474243,610,1
118.94620132446289,454,1
118.95018744468689,516,1
118.95576286315918,571,1
118.95802736282349,584,1
118.9617371559143,609,1
118.96577191352844,457,1
118.96963262557983,498,1
118.97399830818176,584,1
118.97783732414246,604,1
118.98150563240051,657,1
118.98527598381042,509,1
118.99811005592346,501,1
119.0022234916687,584,1
119.00296187400818,582,1
119.00320959091187,636,1
119.00704574584961,506,1
119.00942301750183,458,1
119.01265001296997,539,1
119.01654076576233,525,1
119.02065205574036,596,1
119.02444529533386,487,1
119.02831935882568,423,1
119.0321888923645,524,1
119.036123752594,514,1
119.04025077819824,591,1
119.04410934448242,490,1
119.0478093624115,386,1
119.05169868469238,485,1
119.05572819709778,480,1
119.05959439277649,541,1
119.06345534324646,449,1
119.06736302375793,332,1
119.07144618034363,444,1
119.07591986656189,467,1
119.07915878295898,529,1
119.08311033248901,474,1
119.08708763122559,336,1
119.0909116268158,434,1
119.09473848342896,463,1
119.09866571426392,507,1
119.10260701179504,482,1
119.10701203346252,334,1
119.11066794395447,430,1
119.11446046829224,475,1
119.11838841438293,504,1
119.12227845191956,509,1
119.126229763031,360,1
119.12999033927917,438,1
119.1339066028595,504,1
119.13784289360046,532,1
119.14571714401245,555,1
119.14593124389648,399,1
119.14949703216553,445,1
119.15373826026917,530,1
119.16014623641968,546,1
119.16182684898376,584,1
119.16517090797424,438,1
119.16917872428894,447,1
119.17390871047974,534,1
119.1770601272583,533,1
119.18090152740479,586,1
119.18477153778076,456,1
119.18896269798279,438,1
119.19311666488647,540,1
119.19655060768127,526,1
119.2003538608551,591,1
119.20428681373596,474,1
119.20882296562195,421,1
119.21216630935669,544,1
119.2161111831665,561,1
119.21991610527039,647,1
119.22459316253662,550,1
119.22790670394897,455,1
119.23169660568237,548,1
119.23564577102661,530,1
119.24096703529358,595,1
119.24390268325806,504,1
119.24728751182556,382,1
119.25129866600037,478,1
119.25554084777832,481,1
119.25949430465698,546,1
119.26297211647034,479,1
119.2668719291687,347,1
119.27090334892273,459,1
119.27543711662292,494,1
119.27858304977417,551,1
119.28256821632385,513,1
119.28693127632141,358,1
119.29178977012634,442,1
119.29429054260254,473,1
119.29817628860474,514,1
119.30235552787781,510,1
119.30724596977234,362,1
119.3103551864624,449,1
119.31390070915222,507,1
119.31775784492493,539,1
119.32218098640442,570,1
119.32618927955627,425,1
119.3294506072998,486,1
119.33347034454346,562,1
119.33765053749084,587,1
119.34172105789185,623,1
119.34513926506042,468,1
119.34910321235657,500,1
119.35298824310303,589,1
119.35696578025818,596,1
119.36078643798828,643,1
119.36466574668884,499,1
119.36862230300903,485,1
119.3726236820221,575,1
119.37709522247314,575,1
119.38049983978271,636,1
119.38426566123962,501,1
119.38821148872375,443,1
119.39245390892029,522,1
119.39605641365051,496,1
119.39985990524292,557,1
119.40402889251709,455,1
119.4085578918457,383,1
119.41163086891174,489,1
119.4155421257019,488,1
119.4195659160614,568,1
119.4236650466919,490,1
119.42746114730835,396,1
119.43123030662537,507,1
119.43516039848328,519,1
119.43927192687988,595,1
119.4436104297638,530,1
119.4470329284668,404,1
119.45090007781982,514,1
119.45637607574463,538,1
119.45974469184875,599,1
119.46248650550842,564,1
119.46640133857727,436,1
119.47050070762634,551,1
119.4760947227478,600,1
119.47822165489197,642,1
119.48209547996521,620,1
119.48595523834229,464,1
119.49151682853699,558,1
119.49381494522095,613,1
119.49767851829529,637,1
119.50166702270508,618,1
119.50743865966797,443,1
119.51073122024536,490,1
119.51343321800232,547,1
119.51731014251709,552,1
119.52372598648071,573,1
119.52614498138428,415,1
119.52898120880127,445,1
119.53288507461548,527,1
119.53710865974426,549,1
119.54260182380676,616,1
119.54470372200012,484,1
119.54854226112366,492,1
119.55245518684387,589,1
119.5573217868805,589,1
119.56047821044922,646,1
119.56422185897827,509,1
119.56816339492798,459,1
119.57410073280334,539,1
119.57600927352905,522,1
119.57986044883728,590,1
119.5837914943695,478,1
119.5903537273407,412,1
119.59299159049988,522,1
119.59549522399902,503,1
119.59948682785034,561,1
119.60365557670593,449,1
119.60986304283142,337,1
119.61117458343506,432,1
119.61509299278259,424,1
119.61895537376404,492,1
119.62331557273865,419,1
119.62818098068237,296,1
119.63071656227112,394,1
119.6346538066864,413,1
119.6401994228363,472,1
119.64441633224487,427,1
119.64634728431702,287,1
119.65033674240112,383,1
119.65856766700745,418,1
119.65951037406921,491,1
119.66202902793884,493,1
119.66597127914429,357,1
119.669846534729,458,1
119.67562055587769,509,1
119.67772603034973,545,1
119.68162178993225,545,1
119.6854600906372,389,1
119.69125843048096,458,1
119.69486236572266,511,1
119.69726753234863,533,1
119.70126247406006,557,1
119.70867490768433,403,1
119.71129751205444,447,1
119.71296834945679,528,1
119.71679925918579,543,1
119.72086977958679,587,1
119.7274329662323,444,1
119.72856664657593,454,1
119.73241376876831,539,1
119.73649287223816,531,1
119.742027759552,584,1
119.74417734146118,452,1
119.748295545578,436,1
119.75197625160217,541,1
119.75712561607361,539,1
119.76018977165222,612,1
119.76376748085022,507,1
119.76768255233765,451,1
119.77556991577148,562,1
119.77739596366882,555,1
119.77938151359558,626,1
119.78342342376709,525,1
119.78969931602478,453,1
119.79432010650635,576,1
119.7951328754425,576,1
119.79892587661743,627,1
119.80290699005127,530,1
119.81162929534912,410,1
119.81739640235901,505,1
119.81874322891235,511,1
119.81939387321472,571,1
119.82419490814209,504,1
119.82741332054138,367,1
119.83030533790588,472,1
119.83423709869385,504,1
119.83843326568604,569,1
119.84597301483154,556,1
119.8471314907074,425,1
119.84985017776489,552,1
119.85392022132874,616,1
119.86138772964478,675,1
119.86184692382812,684,1
119.86544299125671,541,1
119.86939644813538,625,1
119.87482786178589,685,1
119.87723922729492,714,1
119.88119745254517,723,1
119.88507151603699,545,1
119.89661049842834,578,1
119.89729356765747,638,1
119.89835548400879,641,1
119.90111494064331,670,1
119.91398453712463,520,1
119.91589689254761,537,1
119.91676998138428,619,1
119.91728854179382,621,1
119.92105770111084,673,1
119.92846584320068,539,1
119.93232893943787,528,1
119.93256640434265,627,1
119.93585419654846,622,1
119.94171190261841,686,1
119.94646906852722,562,1
119.94803524017334,514,1
119.95156073570251,611,1
119.95588564872742,598,1
119.95932579040527,670,1
119.96327996253967,568,1
119.96720480918884,504,1
119.9720048904419,628,1
119.97645401954651,635,1
119.97889709472656,724,1
119.98276853561401,639,1
119.9869749546051,533,1
119.99075651168823,636,1
119.99449610710144,638,1
119.99841356277466,709,1
120.0023717880249,642,1
