timestamp,EEG,label
0.006753444671630859,342,0
0.008039712905883789,322,0
0.00875711441040039,342,0
0.009217023849487305,322,0
0.009694576263427734,342,0
0.010646581649780273,322,0
0.011196613311767578,342,0
0.011656045913696289,322,0
0.012073040008544922,342,0
0.01242828369140625,322,0
0.01284480094909668,342,0
0.013131856918334961,322,0
0.013640880584716797,342,0
0.014319181442260742,322,0
0.01488494873046875,342,0
0.015166282653808594,322,0
0.015533447265625,342,0
0.016172409057617188,322,0
0.017009735107421875,342,0
0.0172884464263916,322,0
0.01757669448852539,342,0
0.018023252487182617,322,0
0.01840496063232422,342,0
0.01865673065185547,322,0
0.01897716522216797,342,0
0.019492387771606445,322,0
0.023046493530273438,342,0
0.02748584747314453,322,0
0.027902603149414062,342,0
0.028753995895385742,322,0
0.02919745445251465,342,0
0.02947854995727539,322,0
0.029781818389892578,342,0
0.030087947845458984,322,0
0.030327796936035156,342,0
0.030480623245239258,322,0
0.030670642852783203,342,0
0.030812740325927734,322,0
0.03098297119140625,342,0
0.031126022338867188,322,0
0.03126692771911621,342,0
0.031363487243652344,322,0
0.0314791202545166,342,0
0.03159666061401367,322,0
0.03174877166748047,342,0
0.03185558319091797,322,0
0.03203153610229492,342,0
0.03218865394592285,322,0
0.032369375228881836,342,0
0.03251814842224121,322,0
0.03269052505493164,342,0
0.032837629318237305,322,0
0.033249855041503906,342,0
0.033394575119018555,322,0
0.03359580039978027,342,0
0.03374981880187988,322,0
0.03393673896789551,342,0
0.03407001495361328,322,0
0.034221649169921875,342,0
0.03435993194580078,322,0
0.03448772430419922,342,0
0.0346376895904541,322,0
0.034769535064697266,342,0
0.034888267517089844,322,0
0.035053253173828125,342,0
0.0351715087890625,322,0
0.03533124923706055,342,0
0.035457611083984375,322,0
0.03564190864562988,342,0
0.035854339599609375,322,0
0.036012887954711914,342,0
0.03624916076660156,322,0
0.038251399993896484,342,0
0.03965950012207031,322,0
0.04021930694580078,342,0
0.04186725616455078,322,0
0.04234814643859863,342,0
0.04253101348876953,322,0
0.042717933654785156,342,0
0.042861223220825195,322,0
0.04300379753112793,342,0
0.04313182830810547,322,0
0.043317556381225586,342,0
0.043454885482788086,322,0
0.04362630844116211,342,0
0.043762922286987305,322,0
0.04391789436340332,342,0
0.04404759407043457,322,0
0.04423832893371582,342,0
0.04436182975769043,322,0
0.04453110694885254,342,0
0.04467320442199707,322,0
0.04486346244812012,342,0
0.045018672943115234,322,0
0.04541945457458496,342,0
0.04563474655151367,322,0
0.04588961601257324,342,0
0.04603743553161621,322,0
0.0462186336517334,342,0
0.04637718200683594,322,0
0.04654693603515625,342,0
0.046683549880981445,322,0
0.04686260223388672,342,0
0.047025203704833984,322,0
0.047196149826049805,342,0
0.047313690185546875,322,0
0.04749751091003418,342,0
0.04761791229248047,322,0
0.04780173301696777,342,0
0.04791069030761719,322,0
0.048096656799316406,342,0
0.04830789566040039,322,0
0.0485081672668457,342,0
0.04874920845031738,322,0
0.049129486083984375,342,0
0.04932045936584473,322,0
0.049552202224731445,342,0
0.04972958564758301,322,0
0.050000667572021484,342,0
0.050504446029663086,322,0
0.05075526237487793,342,0
0.05095171928405762,322,0
0.05114865303039551,342,0
0.051319122314453125,322,0
0.051493167877197266,342,0
0.05165719985961914,322,0
0.051830291748046875,342,0
0.05198502540588379,322,0
0.05218505859375,342,0
0.05234885215759277,322,0
0.052544593811035156,342,0
0.052658796310424805,322,0
0.05339765548706055,342,0
0.05518364906311035,322,0
0.05900764465332031,342,0
0.059261322021484375,322,0
0.0594940185546875,342,0
0.05964970588684082,322,0
0.05987691879272461,342,0
0.060010433197021484,322,0
0.06021428108215332,342,0
0.06032824516296387,322,0
0.06051135063171387,342,0
0.06064581871032715,322,0
0.060831546783447266,342,0
0.060941457748413086,322,0
0.06116080284118652,342,0
0.06126236915588379,322,0
0.061470746994018555,342,0
0.061605215072631836,322,0
0.0617825984954834,342,0
0.061907291412353516,322,0
0.06210207939147949,342,0
0.06227755546569824,322,0
0.06243610382080078,342,0
0.0625925064086914,322,0
0.06279349327087402,342,0
0.06293654441833496,322,0
0.06310915946960449,342,0
0.06325769424438477,322,0
0.06340622901916504,342,0
0.06353616714477539,322,0
0.06373214721679688,342,0
0.06385350227355957,322,0
0.06400632858276367,342,0
0.06411862373352051,322,0
0.06429266929626465,342,0
0.06443119049072266,322,0
0.06465315818786621,342,0
0.0649569034576416,322,0
0.06585478782653809,342,0
0.06603026390075684,322,0
0.0664064884185791,342,0
0.06659746170043945,322,0
0.06678891181945801,342,0
0.0669412612915039,322,0
0.06725025177001953,342,0
0.06746983528137207,322,0
0.06771206855773926,342,0
0.06785988807678223,322,0
0.06804776191711426,342,0
0.06820845603942871,322,0
0.06836485862731934,342,0
0.06849503517150879,322,0
0.06866765022277832,342,0
0.06880569458007812,322,0
0.06894898414611816,342,0
0.06908941268920898,322,0
0.06925439834594727,342,0
0.0693960189819336,322,0
0.06954336166381836,342,0
0.07520246505737305,322,0
0.07575130462646484,342,0
0.07598590850830078,322,0
0.07613825798034668,342,0
0.07624697685241699,322,0
0.07656216621398926,342,0
0.07675981521606445,322,0
0.07698845863342285,342,0
0.07718038558959961,322,0
0.07741165161132812,342,0
0.07755017280578613,322,0
0.07775163650512695,342,0
0.07791686058044434,322,0
0.0780951976776123,342,0
0.0782310962677002,322,0
0.07837820053100586,342,0
0.0784902572631836,322,0
0.07866072654724121,342,0
0.07882189750671387,322,0
0.07937955856323242,342,0
0.07956504821777344,322,0
0.07987022399902344,342,0
0.08005690574645996,322,0
0.08024883270263672,342,0
0.08040094375610352,322,0
0.0805661678314209,342,0
0.0807046890258789,322,0
0.08091068267822266,342,0
0.08106732368469238,322,0
0.08153533935546875,342,0
0.08192133903503418,322,0
0.08210587501525879,342,0
0.08229589462280273,322,0
0.0824894905090332,342,0
0.08263850212097168,322,0
0.08282637596130371,342,0
0.08301162719726562,322,0
0.08318901062011719,342,0
0.0833284854888916,322,0
0.0835108757019043,342,0
0.08366608619689941,322,0
0.0838468074798584,342,0
0.08416318893432617,322,0
0.08458352088928223,342,0
0.0847463607788086,322,0
0.08500313758850098,342,0
0.08516907691955566,322,0
0.08535146713256836,342,0
0.08548998832702637,322,0
0.08563542366027832,342,0
0.0857844352722168,322,0
0.08594751358032227,342,0
0.08612322807312012,322,0
0.08665919303894043,342,0
0.08731627464294434,322,0
0.09205007553100586,342,0
0.09255504608154297,322,0
0.09293031692504883,342,0
0.0931086540222168,322,0
0.09327077865600586,342,0
0.09341835975646973,322,0
0.09357261657714844,342,0
0.09369659423828125,322,0
0.0939173698425293,342,0
0.09402799606323242,322,0
0.09419035911560059,342,0
0.09433388710021973,322,0
0.09448099136352539,342,0
0.0946037769317627,322,0
0.09484577178955078,342,0
0.0950005054473877,322,0
0.09513497352600098,342,0
0.09528446197509766,322,0
0.0955345630645752,342,0
0.09565353393554688,322,0
0.0958709716796875,342,0
0.09599924087524414,322,0
0.09618711471557617,342,0
0.09633970260620117,322,0
0.09654426574707031,342,0
0.09668755531311035,322,0
0.09685134887695312,342,0
0.09696578979492188,322,0
0.09715008735656738,342,0
0.09730029106140137,322,0
0.09745240211486816,342,0
0.09757280349731445,322,0
0.09775519371032715,342,0
0.09797430038452148,322,0
0.09823369979858398,342,0
0.09839248657226562,322,0
0.09863519668579102,342,0
0.09889817237854004,322,0
0.09914469718933105,342,0
0.09928226470947266,322,0
0.09949135780334473,342,0
0.09987354278564453,322,0
0.10028958320617676,342,0
0.10048341751098633,322,0
0.10073423385620117,342,0
0.1009359359741211,322,0
0.1011514663696289,342,0
0.10128068923950195,322,0
0.1014564037322998,342,0
0.10160994529724121,322,0
0.1017460823059082,342,0
0.10185790061950684,322,0
0.10199475288391113,342,0
0.10214924812316895,322,0
0.10229182243347168,342,0
0.10241961479187012,322,0
0.10280013084411621,342,0
0.10415005683898926,322,0
0.10666418075561523,342,0
0.11199736595153809,322,0
0.11229324340820312,342,0
0.11264157295227051,322,0
0.1129755973815918,342,0
0.11310434341430664,322,0
0.11331534385681152,342,0
0.11353087425231934,322,0
0.11380171775817871,342,0
0.1139371395111084,322,0
0.11475849151611328,342,0
0.11618351936340332,322,0
0.11862349510192871,342,0
0.11881470680236816,322,0
0.1190643310546875,342,0
0.11925816535949707,322,0
0.11952424049377441,342,0
0.12033700942993164,322,0
0.1274125576019287,342,0
0.12763690948486328,322,0
0.1278519630432129,342,0
0.1280815601348877,322,0
0.12827610969543457,342,0
0.12845420837402344,322,0
0.12862038612365723,342,0
0.12876319885253906,322,0
0.12890911102294922,342,0
0.12904953956604004,322,0
0.12921547889709473,342,0
0.12932682037353516,322,0
0.12946343421936035,342,0
0.1295936107635498,322,0
0.12973713874816895,342,0
0.12987184524536133,322,0
0.13002896308898926,342,0
0.1301419734954834,322,0
0.13030123710632324,342,0
0.13040971755981445,322,0
0.13054251670837402,342,0
0.13065600395202637,322,0
0.13079094886779785,342,0
0.13089323043823242,322,0
0.13102221488952637,342,0
0.13112664222717285,322,0
0.13125324249267578,342,0
0.1313633918762207,322,0
0.1315135955810547,342,0
0.1316683292388916,322,0
0.13183188438415527,342,0
0.13197040557861328,322,0
0.13212347030639648,342,0
0.1322319507598877,322,0
0.1323850154876709,342,0
0.13251852989196777,322,0
0.1326758861541748,342,0
0.1328413486480713,322,0
0.13357853889465332,342,0
0.13379549980163574,322,0
0.13401198387145996,342,0
0.1342024803161621,322,0
0.13434481620788574,342,0
0.13445258140563965,322,0
0.13459277153015137,342,0
0.13469815254211426,322,0
0.13482379913330078,342,0
0.13492536544799805,322,0
0.13505220413208008,342,0
0.13515639305114746,322,0
0.1352827548980713,342,0
0.1353921890258789,322,0
0.1355266571044922,342,0
0.13562941551208496,322,0
0.13576197624206543,342,0
0.13586926460266113,322,0
0.13599443435668945,342,0
0.13609647750854492,322,0
0.13623332977294922,342,0
0.13689756393432617,322,0
0.13734889030456543,342,0
0.1421971321105957,322,0
0.1424884796142578,342,0
0.1427137851715088,322,0
0.14289236068725586,342,0
0.14301347732543945,322,0
0.14317035675048828,342,0
0.14328479766845703,322,0
0.14342021942138672,342,0
0.143524169921875,322,0
0.14365386962890625,342,0
0.14375615119934082,322,0
0.14388585090637207,342,0
0.1440262794494629,322,0
0.14418840408325195,342,0
0.14429759979248047,322,0
0.14442801475524902,342,0
0.14456462860107422,322,0
0.14472651481628418,342,0
0.14483261108398438,322,0
0.14495253562927246,342,0
0.14508342742919922,322,0
0.14521241188049316,342,0
0.14531874656677246,322,0
0.1454474925994873,342,0
0.14556455612182617,322,0
0.1456897258758545,342,0
0.14578652381896973,322,0
0.14608263969421387,342,0
0.1465756893157959,322,0
0.1468362808227539,342,0
0.1469590663909912,322,0
0.1470954418182373,342,0
0.14719939231872559,322,0
0.14736390113830566,342,0
0.14750170707702637,322,0
0.14765620231628418,342,0
0.14777207374572754,322,0
0.14800572395324707,342,0
0.14817214012145996,322,0
0.14846348762512207,342,0
0.1486520767211914,322,0
0.14886736869812012,342,0
0.14901137351989746,322,0
0.14914512634277344,342,0
0.14928531646728516,322,0
0.14942002296447754,342,0
0.1495347023010254,322,0
0.14966392517089844,342,0
0.14976954460144043,322,0
0.14989590644836426,342,0
0.1500074863433838,322,0
0.15013599395751953,342,0
0.15027332305908203,322,0
0.15040373802185059,342,0
0.15050792694091797,322,0
0.1506636142730713,342,0
0.1508009433746338,322,0
0.1512305736541748,342,0
0.15139532089233398,322,0
0.1516251564025879,342,0
0.15178179740905762,322,0
0.1519322395324707,342,0
0.1520371437072754,322,0
0.15216541290283203,342,0
0.1522674560546875,322,0
0.15239620208740234,342,0
0.1525106430053711,322,0
0.15268683433532715,342,0
0.1527996063232422,322,0
0.15293335914611816,342,0
0.15343499183654785,322,0
0.1537318229675293,342,0
0.1539456844329834,322,0
0.15430402755737305,342,0
0.1597752571105957,322,0
0.1600632667541504,342,0
0.16024041175842285,322,0
0.16039109230041504,342,0
0.16050100326538086,322,0
0.1606290340423584,342,0
0.1607365608215332,322,0
0.16086483001708984,342,0
0.1609787940979004,322,0
0.16111230850219727,342,0
0.16121220588684082,322,0
0.16133666038513184,342,0
0.16144514083862305,322,0
0.1616199016571045,342,0
0.16173362731933594,322,0
0.16186308860778809,342,0
0.1619718074798584,322,0
0.16210031509399414,342,0
0.16222095489501953,322,0
0.16236639022827148,342,0
0.16249585151672363,322,0
0.16263079643249512,342,0
0.1627330780029297,322,0
0.16286134719848633,342,0
0.16297388076782227,322,0
0.16312479972839355,342,0
0.16325783729553223,322,0
0.16339588165283203,342,0
0.16353178024291992,322,0
0.1636667251586914,342,0
0.16379618644714355,322,0
0.16392946243286133,342,0
0.1640315055847168,322,0
0.16415905952453613,342,0
0.1642589569091797,322,0
0.16438531875610352,342,0
0.164520263671875,322,0
0.16468358039855957,342,0
0.1648244857788086,322,0
0.16518926620483398,342,0
0.16569900512695312,322,0
0.16614818572998047,342,0
0.1663951873779297,322,0
0.16661953926086426,342,0
0.16673803329467773,322,0
0.16687369346618652,342,0
0.16701173782348633,322,0
0.16715121269226074,342,0
0.1672682762145996,322,0
0.1674201488494873,342,0
0.16754436492919922,322,0
0.16771149635314941,342,0
0.16783547401428223,322,0
0.16796517372131348,342,0
0.16810059547424316,322,0
0.16823148727416992,342,0
0.16834163665771484,322,0
0.1684730052947998,342,0
0.16857552528381348,322,0
0.16870379447937012,342,0
0.1688084602355957,322,0
0.1689438819885254,342,0
0.16904616355895996,322,0
0.16917204856872559,342,0
0.1693100929260254,322,0
0.16947078704833984,342,0
0.16957688331604004,322,0
0.17163944244384766,342,0
0.17527484893798828,322,0
0.17583966255187988,342,0
0.17610526084899902,322,0
0.17630267143249512,342,0
0.1764540672302246,322,0
0.17659521102905273,342,0
0.17670845985412598,322,0
0.17687010765075684,342,0
0.17697858810424805,322,0
0.1771073341369629,342,0
0.1772153377532959,322,0
0.17734861373901367,342,0
0.17745733261108398,322,0
0.17758464813232422,342,0
0.17768406867980957,322,0
0.17783713340759277,342,0
0.17812585830688477,322,0
0.17835187911987305,342,0
0.17851519584655762,322,0
0.17871522903442383,342,0
0.17906689643859863,322,0
0.1793367862701416,342,0
0.17946100234985352,322,0
0.17966032028198242,342,0
0.1797788143157959,322,0
0.1800692081451416,342,0
0.18036699295043945,322,0
0.18071508407592773,342,0
0.18115448951721191,322,0
0.1813516616821289,342,0
0.18157553672790527,322,0
0.18188953399658203,342,0
0.182084321975708,322,0
0.18233966827392578,342,0
0.18246054649353027,322,0
0.18259382247924805,342,0
0.18268895149230957,322,0
0.18280339241027832,342,0
0.18306612968444824,322,0
0.18335223197937012,342,0
0.18354320526123047,322,0
0.18373870849609375,342,0
0.18386220932006836,322,0
0.1840062141418457,342,0
0.18412089347839355,322,0
0.18425345420837402,342,0
0.18436241149902344,322,0
0.18448901176452637,342,0
0.18459248542785645,322,0
0.18472552299499512,342,0
0.18483543395996094,322,0
0.18496918678283691,342,0
0.1850752830505371,322,0
0.18520474433898926,342,0
0.18530702590942383,322,0
0.18543243408203125,342,0
0.18553948402404785,322,0
0.18567991256713867,342,0
0.18581008911132812,322,0
0.18596100807189941,342,0
0.1860661506652832,322,0
0.18619799613952637,342,0
0.18700337409973145,322,0
0.19284892082214355,342,0
0.1933155059814453,322,0
0.1941385269165039,342,0
0.1945323944091797,322,0
0.1947345733642578,342,0
0.19487690925598145,322,0
0.19502925872802734,342,0
0.19514942169189453,322,0
0.19528889656066895,342,0
0.19542336463928223,322,0
0.19556212425231934,342,0
0.195695161819458,322,0
0.1958460807800293,342,0
0.1959834098815918,322,0
0.19614911079406738,342,0
0.1962575912475586,322,0
0.1963942050933838,342,0
0.19651031494140625,322,0
0.1966385841369629,342,0
0.1967792510986328,322,0
0.1969144344329834,342,0
0.19716358184814453,322,0
0.19734668731689453,342,0
0.19747519493103027,322,0
0.19763493537902832,342,0
0.19776439666748047,322,0
0.19793319702148438,342,0
0.19803857803344727,322,0
0.1981945037841797,342,0
0.19829797744750977,322,0
0.19842743873596191,342,0
0.19858121871948242,322,0
0.19874858856201172,342,0
0.19904088973999023,322,0
0.19929170608520508,342,0
0.1994938850402832,322,0
0.19991493225097656,342,0
0.20011353492736816,322,0
0.20030665397644043,342,0
0.20046210289001465,322,0
0.20061826705932617,342,0
0.20072603225708008,322,0
0.20085954666137695,342,0
0.20096850395202637,322,0
0.2011120319366455,342,0
0.20124101638793945,322,0
0.20139503479003906,342,0
0.20152950286865234,322,0
0.2016589641571045,342,0
0.20177292823791504,322,0
0.2019343376159668,342,0
0.20204424858093262,322,0
0.20217442512512207,342,0
0.20228195190429688,322,0
0.20241641998291016,342,0
0.20252084732055664,322,0
0.20267295837402344,342,0
0.20280671119689941,322,0
0.20351028442382812,342,0
0.20382213592529297,322,0
0.20698904991149902,342,0
0.20765900611877441,322,0
0.2083117961883545,342,0
0.20852231979370117,322,0
0.20885610580444336,342,0
0.20908784866333008,322,0
0.2093653678894043,342,0
0.2095623016357422,322,0
0.20978546142578125,342,0
0.21007251739501953,322,0
0.2102968692779541,342,0
0.21041560173034668,322,0
0.21054720878601074,342,0
0.21064352989196777,322,0
0.21076130867004395,342,0
0.21103262901306152,322,0
0.21128153800964355,342,0
0.21146345138549805,322,0
0.2117171287536621,342,0
0.2119312286376953,322,0
0.21236467361450195,342,0
0.21249675750732422,322,0
0.21268367767333984,342,0
0.21283531188964844,322,0
0.21297740936279297,342,0
0.21308183670043945,322,0
0.21321558952331543,342,0
0.21335172653198242,322,0
0.21349000930786133,342,0
0.21360063552856445,322,0
0.213728666305542,342,0
0.21383333206176758,322,0
0.21397995948791504,342,0
0.2141096591949463,322,0
0.21424365043640137,342,0
0.21434712409973145,322,0
0.21451425552368164,342,0
0.2146151065826416,322,0
0.21474790573120117,342,0
0.21484875679016113,322,0
0.2150278091430664,342,0
0.2151637077331543,322,0
0.21529746055603027,342,0
0.21540093421936035,322,0
0.21553516387939453,342,0
0.21563053131103516,322,0
0.215806245803833,342,0
0.21617794036865234,322,0
0.21635222434997559,342,0
0.21659302711486816,322,0
0.2168436050415039,342,0
0.21695590019226074,322,0
0.217087984085083,342,0
0.2171940803527832,322,0
0.21732592582702637,342,0
0.21742701530456543,322,0
0.21755313873291016,342,0
0.21767044067382812,322,0
0.2178025245666504,342,0
0.217911958694458,322,0
0.21804237365722656,342,0
0.21815228462219238,322,0
0.21828222274780273,342,0
0.21841835975646973,322,0
0.2185530662536621,342,0
0.2186572551727295,322,0
0.21878838539123535,342,0
0.21889472007751465,322,0
0.2190227508544922,342,0
0.2191314697265625,322,0
0.21926403045654297,342,0
0.2193925380706787,322,0
0.21953797340393066,342,0
0.22168993949890137,322,0
0.2222597599029541,342,0
0.2244102954864502,322,0
0.2249002456665039,342,0
0.22513866424560547,322,0
0.2253589630126953,342,0
0.22554636001586914,322,0
0.22568368911743164,342,0
0.22579407691955566,322,0
0.22592639923095703,342,0
0.2260293960571289,322,0
0.22615933418273926,342,0
0.22626757621765137,322,0
0.22639727592468262,342,0
0.22650861740112305,322,0
0.22667407989501953,342,0
0.22678208351135254,322,0
0.22692131996154785,342,0
0.22702932357788086,322,0
0.2271890640258789,342,0
0.22729849815368652,322,0
0.2274329662322998,342,0
0.2275376319885254,322,0
0.22766351699829102,342,0
0.22776484489440918,322,0
0.22789311408996582,342,0
0.22800469398498535,322,0
0.22816705703735352,342,0
0.22828125953674316,322,0
0.22841191291809082,342,0
0.22854924201965332,322,0
0.22870516777038574,342,0
0.2288651466369629,322,0
0.22934746742248535,342,0
0.22955751419067383,322,0
0.22974276542663574,342,0
0.22986102104187012,322,0
0.23003363609313965,342,0
0.23017024993896484,322,0
0.2303018569946289,342,0
0.23041415214538574,322,0
0.23054814338684082,342,0
0.23068547248840332,322,0
0.23091673851013184,342,0
0.23106980323791504,322,0
0.23151588439941406,342,0
0.23167109489440918,322,0
0.23186779022216797,342,0
0.23200368881225586,322,0
0.23217368125915527,342,0
0.23230743408203125,322,0
0.23244094848632812,342,0
0.2325437068939209,322,0
0.23267722129821777,342,0
0.23278284072875977,322,0
0.2329103946685791,342,0
0.23302054405212402,322,0
0.23314952850341797,342,0
0.2332606315612793,322,0
0.2333998680114746,342,0
0.23350286483764648,322,0
0.23363351821899414,342,0
0.23372960090637207,322,0
0.23390436172485352,342,0
0.23420357704162598,322,0
0.23441386222839355,342,0
0.23459529876708984,322,0
0.23476934432983398,342,0
0.23488593101501465,322,0
0.23502016067504883,342,0
0.23516321182250977,322,0
0.23531818389892578,342,0
0.2354276180267334,322,0
0.23558688163757324,342,0
0.2357180118560791,322,0
0.23585128784179688,342,0
0.23598957061767578,322,0
0.23616313934326172,342,0
0.2362680435180664,322,0
0.23677802085876465,342,0
0.23698139190673828,322,0
0.2376847267150879,342,0
0.2383592128753662,322,0
0.23954415321350098,342,0
0.24063658714294434,322,0
0.2417774200439453,342,0
0.2420055866241455,322,0
0.2422335147857666,342,0
0.24235773086547852,322,0
0.24250340461730957,342,0
0.2426152229309082,322,0
0.2427523136138916,342,0
0.24286150932312012,322,0
0.24298715591430664,342,0
0.24312424659729004,322,0
0.24329900741577148,342,0
0.243408203125,322,0
0.24354267120361328,342,0
0.2436821460723877,322,0
0.24384522438049316,342,0
0.24395179748535156,322,0
0.2440814971923828,342,0
0.24419045448303223,322,0
0.24432706832885742,342,0
0.2444298267364502,322,0
0.24456214904785156,342,0
0.24467062950134277,322,0
0.2448279857635498,342,0
0.24493789672851562,322,0
0.24506878852844238,342,0
0.24517083168029785,322,0
0.2452991008758545,342,0
0.2454063892364502,322,0
0.2455613613128662,342,0
0.24568819999694824,322,0
0.24581146240234375,342,0
0.24590682983398438,322,0
0.24622726440429688,342,0
0.24650120735168457,322,0
0.24669957160949707,342,0
0.2469005584716797,322,0
0.2471301555633545,342,0
0.24738788604736328,322,0
0.24768495559692383,342,0
0.2478034496307373,322,0
0.24792766571044922,342,0
0.24804067611694336,322,0
0.24817824363708496,342,0
0.24828624725341797,322,0
0.24841618537902832,342,0
0.24852657318115234,322,0
0.2486581802368164,342,0
0.2487964630126953,322,0
0.24896669387817383,342,0
0.24907517433166504,322,0
0.2492051124572754,342,0
0.24931788444519043,322,0
0.24946331977844238,342,0
0.24959254264831543,322,0
0.2497265338897705,342,0
0.24983525276184082,322,0
0.24997615814208984,342,0
0.2501049041748047,322,0
0.25023579597473145,342,0
0.25034117698669434,322,0
0.2504737377166748,342,0
0.25058650970458984,322,0
0.25070905685424805,342,0
0.2508411407470703,322,0
0.2511756420135498,342,0
0.25136852264404297,322,0
0.25160861015319824,342,0
0.2517428398132324,322,0
0.2518923282623291,342,0
0.2519998550415039,322,0
0.2521371841430664,342,0
0.252239465713501,322,0
0.2523772716522217,342,0
0.25247788429260254,322,0
0.2526085376739502,342,0
0.25271058082580566,322,0
0.2528371810913086,342,0
0.2529587745666504,322,0
0.2535219192504883,342,0
0.25379157066345215,322,0
0.2547287940979004,342,0
0.25519609451293945,322,0
0.25622987747192383,342,0
0.2572941780090332,322,0
0.2584362030029297,342,0
0.2588460445404053,322,0
0.25917601585388184,342,0
0.2593090534210205,322,0
0.2594473361968994,342,0
0.2595539093017578,322,0
0.2596864700317383,342,0
0.2597942352294922,322,0
0.2599365711212158,342,0
0.26004505157470703,322,0
0.2601778507232666,342,0
0.2602884769439697,322,0
0.2604203224182129,342,0
0.260530948638916,322,0
0.2606923580169678,342,0
0.260800838470459,322,0
0.26093196868896484,342,0
0.26103973388671875,322,0
0.2611730098724365,342,0
0.2612764835357666,322,0
0.2614254951477051,342,0
0.2615621089935303,322,0
0.2616872787475586,342,0
0.26180434226989746,322,0
0.2621419429779053,342,0
0.26232314109802246,322,0
0.262589693069458,342,0
0.2627735137939453,322,0
0.2629053592681885,342,0
0.26308226585388184,322,0
0.2632911205291748,342,0
0.2634611129760742,322,0
0.26367974281311035,342,0
0.26387786865234375,322,0
0.2640652656555176,342,0
0.2643775939941406,322,0
0.26461195945739746,342,0
0.2647578716278076,322,0
0.26489830017089844,342,0
0.2650115489959717,322,0
0.2651493549346924,342,0
0.2652585506439209,322,0
0.26538825035095215,342,0
0.26549625396728516,322,0
0.2656252384185791,342,0
0.2657628059387207,322,0
0.2658989429473877,342,0
0.26600217819213867,322,0
0.2661285400390625,342,0
0.2662546634674072,322,0
0.2663867473602295,342,0
0.26648902893066406,322,0
0.2666184902191162,342,0
0.26671290397644043,322,0
0.26686668395996094,342,0
0.2671339511871338,322,0
0.2673368453979492,342,0
0.2675471305847168,322,0
0.26780033111572266,342,0
0.26795363426208496,322,0
0.26810383796691895,342,0
0.268235445022583,322,0
0.268383264541626,342,0
0.26851916313171387,322,0
0.26865649223327637,342,0
0.26876401901245117,322,0
0.2688891887664795,342,0
0.26901984214782715,322,0
0.2691774368286133,342,0
0.2692832946777344,322,0
0.2694098949432373,342,0
0.26952147483825684,322,0
0.2698676586151123,342,0
0.2701151371002197,322,0
0.27045726776123047,342,0
0.2711930274963379,322,0
0.273118257522583,342,0
0.27450084686279297,322,0
0.2752954959869385,342,0
0.2754788398742676,322,0
0.2756030559539795,342,0
0.27570438385009766,322,0
0.2758331298828125,342,0
0.2759370803833008,322,0
0.27606797218322754,342,0
0.2761721611022949,322,0
0.2763032913208008,342,0
0.27640843391418457,322,0
0.2765364646911621,342,0
0.2766387462615967,322,0
0.2767636775970459,342,0
0.27686476707458496,322,0
0.2769930362701416,342,0
0.27709412574768066,322,0
0.27722787857055664,342,0
0.27733564376831055,322,0
0.27746152877807617,342,0
0.27756619453430176,322,0
0.2776949405670166,342,0
0.27779698371887207,322,0
0.2779228687286377,342,0
0.27808499336242676,322,0
0.2782175540924072,342,0
0.2783224582672119,322,0
0.2784569263458252,342,0
0.2785639762878418,322,0
0.27868199348449707,342,0
0.2787775993347168,322,0
0.27913665771484375,342,0
0.27931880950927734,322,0
0.2795875072479248,342,0
0.27983665466308594,322,0
0.28026914596557617,342,0
0.2804572582244873,322,0
0.28061676025390625,342,0
0.28075265884399414,322,0
0.2808852195739746,342,0
0.28099703788757324,322,0
0.28113293647766113,342,0
0.2812666893005371,322,0
0.2814016342163086,342,0
0.28151369094848633,322,0
0.2816743850708008,342,0
0.2817850112915039,322,0
0.28191471099853516,342,0
0.2820265293121338,322,0
0.28218770027160645,342,0
0.2822988033294678,322,0
0.28243088722229004,342,0
0.28254127502441406,322,0
0.2826993465423584,342,0
0.2828059196472168,322,0
0.2829430103302002,342,0
0.2830488681793213,322,0
0.2831757068634033,342,0
0.2832815647125244,322,0
0.283414363861084,342,0
0.2835216522216797,322,0
0.2837028503417969,342,0
0.2838726043701172,322,0
0.2843928337097168,342,0
0.28456616401672363,322,0
0.2848179340362549,342,0
0.28502440452575684,322,0
0.28519701957702637,342,0
0.28542447090148926,322,0
0.28578996658325195,342,0
0.2859618663787842,322,0
0.28616952896118164,342,0
0.28627967834472656,322,0
0.28692102432250977,342,0
0.2875943183898926,322,0
0.28794336318969727,342,0
0.28818297386169434,322,0
0.2885289192199707,342,0
0.2891523838043213,322,0
0.2904849052429199,342,0
0.2909665107727051,322,0
0.2914304733276367,342,0
0.2915678024291992,322,0
0.29170656204223633,342,0
0.29181933403015137,322,0
0.29195404052734375,342,0
0.29205989837646484,322,0
0.2921872138977051,342,0
0.2922964096069336,322,0
0.29242730140686035,342,0
0.2925705909729004,322,0
0.2927110195159912,342,0
0.2928187847137451,322,0
0.29294681549072266,342,0
0.29308295249938965,322,0
0.2932155132293701,342,0
0.29332470893859863,322,0
0.2934608459472656,342,0
0.2935609817504883,322,0
0.29369163513183594,342,0
0.29380154609680176,322,0
0.2939879894256592,342,0
0.29412007331848145,322,0
0.29430222511291504,342,0
0.29442667961120605,322,0
0.2945590019226074,342,0
0.29465484619140625,322,0
0.29480838775634766,342,0
0.2952847480773926,322,0
0.295546293258667,342,0
0.29569315910339355,322,0
0.2958357334136963,342,0
0.29596686363220215,322,0
0.29610514640808105,342,0
0.29624080657958984,322,0
0.2963881492614746,342,0
0.2965242862701416,322,0
0.29674506187438965,342,0
0.2969214916229248,322,0
0.2973184585571289,342,0
0.2974412441253662,322,0
0.2976400852203369,342,0
0.297760009765625,322,0
0.297900915145874,342,0
0.298006534576416,322,0
0.29813289642333984,342,0
0.2982349395751953,322,0
0.29836201667785645,342,0
0.2984738349914551,322,0
0.29860663414001465,342,0
0.2987203598022461,322,0
0.2988729476928711,342,0
0.2989945411682129,322,0
0.29913949966430664,342,0
0.29924583435058594,322,0
0.2993743419647217,342,0
0.29947471618652344,322,0
0.29959988594055176,342,0
0.29969358444213867,322,0
0.2998836040496826,342,0
0.3001899719238281,322,0
0.3003835678100586,342,0
0.300534725189209,322,0
0.30068325996398926,342,0
0.30079054832458496,322,0
0.3009209632873535,342,0
0.3010280132293701,322,0
0.30115413665771484,342,0
0.30126523971557617,322,0
0.30139756202697754,342,0
0.30150413513183594,322,0
0.301649808883667,342,0
0.3017559051513672,322,0
0.3018836975097656,342,0
0.301985502243042,322,0
0.30211377143859863,342,0
0.302215576171875,322,0
0.30234193801879883,342,0
0.3024427890777588,322,0
0.30260777473449707,342,0
0.30271315574645996,322,0
0.3028435707092285,342,0
0.30323147773742676,322,0
0.3035006523132324,342,0
0.3038368225097656,322,0
0.304828405380249,342,0
0.3066718578338623,322,0
0.3073434829711914,342,0
0.30823278427124023,322,0
0.3086378574371338,342,0
0.308837890625,322,0
0.309018611907959,342,0
0.30914735794067383,322,0
0.3092801570892334,342,0
0.30939579010009766,322,0
0.3095588684082031,342,0
0.3096754550933838,322,0
0.3098104000091553,342,0
0.30991291999816895,322,0
0.31003856658935547,342,0
0.31014156341552734,322,0
0.3102686405181885,342,0
0.31037163734436035,322,0
0.31050682067871094,342,0
0.3106112480163574,322,0
0.310732364654541,342,0
0.31082749366760254,322,0
0.31118035316467285,342,0
0.3116943836212158,322,0
0.31192874908447266,342,0
0.31206297874450684,322,0
0.3121979236602783,342,0
0.3123025894165039,322,0
0.3124551773071289,342,0
0.31258320808410645,322,0
0.31271910667419434,342,0
0.3129000663757324,322,0
0.31314635276794434,342,0
0.31342196464538574,322,0
0.31368327140808105,342,0
0.31383395195007324,322,0
0.31397247314453125,342,0
0.31407690048217773,322,0
0.31420159339904785,342,0
0.314312219619751,322,0
0.3144412040710449,342,0
0.3145473003387451,322,0
0.31467533111572266,342,0
0.31481337547302246,322,0
0.3149886131286621,342,0
0.31509900093078613,322,0
0.3152303695678711,342,0
0.3153409957885742,322,0
0.3154723644256592,342,0
0.31557774543762207,322,0
0.31569647789001465,342,0
0.31581950187683105,322,0
0.3161613941192627,342,0
0.31633925437927246,322,0
0.316570520401001,342,0
0.3167412281036377,322,0
0.31687259674072266,342,0
0.31708407402038574,322,0
0.31728434562683105,342,0
0.3174009323120117,322,0
0.31752920150756836,342,0
0.3176403045654297,322,0
0.31777262687683105,342,0
0.31787586212158203,322,0
0.3180253505706787,342,0
0.3181610107421875,322,0
0.31829237937927246,342,0
0.31840085983276367,322,0
0.31853628158569336,342,0
0.3186478614807129,322,0
0.31877803802490234,342,0
0.31888747215270996,322,0
0.31902217864990234,342,0
0.31916046142578125,322,0
0.31932497024536133,342,0
0.31943225860595703,322,0
0.319563627243042,342,0
0.31998276710510254,322,0
0.32025599479675293,342,0
0.32084083557128906,322,0
0.3237330913543701,342,0
0.3243873119354248,322,0
0.3248729705810547,342,0
0.32503461837768555,322,0
0.32518506050109863,342,0
0.32529664039611816,322,0
0.3254382610321045,342,0
0.32555389404296875,322,0
0.32570362091064453,342,0
0.3258392810821533,322,0
0.32598042488098145,342,0
0.3260829448699951,322,0
0.32622456550598145,342,0
0.32632970809936523,322,0
0.3264641761779785,342,0
0.3266024589538574,322,0
0.32687807083129883,342,0
0.3269782066345215,322,0
0.32711267471313477,342,0
0.32722902297973633,322,0
0.3273591995239258,342,0
0.3274688720703125,322,0
0.32759857177734375,342,0
0.3276944160461426,322,0
0.3278534412384033,342,0
0.3281705379486084,322,0
0.32853174209594727,342,0
0.32869887351989746,322,0
0.3290064334869385,342,0
0.32929062843322754,322,0
0.3295578956604004,342,0
0.32970333099365234,322,0
0.32984066009521484,342,0
0.329953670501709,322,0
0.33010077476501465,342,0
0.3302040100097656,322,0
0.33037400245666504,342,0
0.3304884433746338,322,0
0.33064794540405273,342,0
0.33077454566955566,322,0
0.33090829849243164,342,0
0.33106493949890137,322,0
0.3311951160430908,342,0
0.33130407333374023,322,0
0.3314390182495117,342,0
0.3315572738647461,322,0
0.3316962718963623,342,0
0.3317992687225342,322,0
0.3319284915924072,342,0
0.3320653438568115,322,0
0.3322277069091797,342,0
0.3323383331298828,322,0
0.3324930667877197,342,0
0.33260107040405273,322,0
0.3327205181121826,342,0
0.3328385353088379,322,0
0.3331766128540039,342,0
0.33336734771728516,322,0
0.3336496353149414,342,0
0.3337972164154053,322,0
0.33393406867980957,342,0
0.33404064178466797,322,0
0.33417272567749023,342,0
0.3342761993408203,322,0
0.3344264030456543,342,0
0.3345608711242676,322,0
0.3346996307373047,342,0
0.33480262756347656,322,0
0.33493828773498535,342,0
0.33504486083984375,322,0
0.3351736068725586,342,0
0.3352842330932617,322,0
0.33542752265930176,342,0
0.3355581760406494,322,0
0.3356897830963135,342,0
0.3357968330383301,322,0
0.335939884185791,342,0
0.33606910705566406,322,0
0.33620166778564453,342,0
0.3365349769592285,322,0
0.3368105888366699,342,0
0.33706021308898926,322,0
0.33772826194763184,342,0
0.3380453586578369,322,0
0.3415815830230713,342,0
0.3423430919647217,322,0
0.3426015377044678,342,0
0.34280920028686523,322,0
0.3430366516113281,342,0
0.3432154655456543,322,0
0.34345340728759766,342,0
0.3436310291290283,322,0
0.34380197525024414,342,0
0.3439624309539795,322,0
0.34415364265441895,342,0
0.3443264961242676,322,0
0.344496488571167,342,0
0.3446331024169922,322,0
0.3448970317840576,342,0
0.3452341556549072,322,0
0.3454403877258301,342,0
0.34556126594543457,322,0
0.34568262100219727,342,0
0.3457794189453125,322,0
0.3459963798522949,342,0
0.3463599681854248,322,0
0.3465604782104492,342,0
0.34670257568359375,322,0
0.3468594551086426,342,0
0.34702491760253906,322,0
0.34723377227783203,342,0
0.3474915027618408,322,0
0.34769320487976074,342,0
0.3478844165802002,322,0
0.34804821014404297,342,0
0.3481605052947998,322,0
0.34828782081604004,342,0
0.34839844703674316,322,0
0.34856653213500977,342,0
0.3486757278442383,322,0
0.34880566596984863,342,0
0.34891819953918457,322,0
0.3490762710571289,342,0
0.34921717643737793,322,0
0.34935498237609863,342,0
0.34949254989624023,322,0
0.3496232032775879,342,0
0.34972596168518066,322,0
0.3498523235321045,342,0
0.34995126724243164,322,0
0.3500814437866211,342,0
0.3501882553100586,322,0
0.35033202171325684,342,0
0.35044384002685547,322,0
0.3505735397338867,342,0
0.35067176818847656,322,0
0.3508486747741699,342,0
0.35114502906799316,322,0
0.3513484001159668,342,0
0.3515129089355469,322,0
0.35165834426879883,342,0
0.351776123046875,322,0
0.3519167900085449,342,0
0.35205078125,322,0
0.3522191047668457,342,0
0.3523538112640381,322,0
0.35248231887817383,342,0
0.3526010513305664,322,0
0.3527405261993408,342,0
0.35285496711730957,322,0
0.35456180572509766,342,0
0.35935115814208984,322,0
0.359907865524292,342,0
0.3601949214935303,322,0
0.3605988025665283,342,0
0.36075878143310547,322,0
0.3609278202056885,342,0
0.36106443405151367,322,0
0.36119961738586426,342,0
0.36130380630493164,322,0
0.3614811897277832,342,0
0.36162900924682617,322,0
0.36176180839538574,342,0
0.36189889907836914,322,0
0.36203527450561523,342,0
0.3621659278869629,322,0
0.36232590675354004,342,0
0.3624389171600342,322,0
0.36257243156433105,342,0
0.3626739978790283,322,0
0.36280155181884766,342,0
0.36291074752807617,322,0
0.3630528450012207,342,0
0.36316490173339844,322,0
0.363297700881958,342,0
0.3634059429168701,322,0
0.36359119415283203,342,0
0.36371779441833496,322,0
0.36385107040405273,342,0
0.3639719486236572,322,0
0.3641016483306885,342,0
0.36423492431640625,322,0
0.3643932342529297,342,0
0.36450910568237305,322,0
0.36464452743530273,342,0
0.3647441864013672,322,0
0.36490345001220703,342,0
0.36519861221313477,322,0
0.36548638343811035,342,0
0.3658425807952881,322,0
0.3662705421447754,342,0
0.3664228916168213,322,0
0.3665890693664551,342,0
0.3667311668395996,322,0
0.36687517166137695,342,0
0.36698174476623535,322,0
0.367114782333374,342,0
0.3672194480895996,322,0
0.36734819412231445,342,0
0.3674652576446533,322,0
0.3675992488861084,342,0
0.36770200729370117,322,0
0.3678314685821533,342,0
0.36792707443237305,322,0
0.36805248260498047,342,0
0.36820077896118164,322,0
0.36836957931518555,342,0
0.36847758293151855,322,0
0.368605375289917,342,0
0.3687124252319336,322,0
0.36884212493896484,342,0
0.36895751953125,322,0
0.36908960342407227,342,0
0.369189977645874,322,0
0.36931753158569336,342,0
0.36942386627197266,322,0
0.3695690631866455,342,0
0.37024974822998047,322,0
0.37159156799316406,342,0
0.37177014350891113,322,0
0.37200069427490234,342,0
0.37211108207702637,322,0
0.37224292755126953,342,0
0.37241220474243164,322,0
0.3733658790588379,342,0
0.3747591972351074,322,0
0.3751816749572754,342,0
0.3756392002105713,322,0
0.3785064220428467,342,0
0.37904953956604004,322,0
0.37984180450439453,342,0
0.3807492256164551,322,0
0.38137030601501465,342,0
0.3815906047821045,322,0
0.38181543350219727,342,0
0.3820009231567383,322,0
0.3823111057281494,342,0
0.38248491287231445,322,0
0.3826792240142822,342,0
0.3828887939453125,322,0
0.38358187675476074,342,0
0.3839704990386963,322,0
0.3843398094177246,342,0
0.38448643684387207,322,0
0.38479161262512207,342,0
0.38503003120422363,322,0
0.3852427005767822,342,0
0.3854033946990967,322,0
0.3856480121612549,342,0
0.38584232330322266,322,0
0.38602256774902344,342,0
0.38628673553466797,322,0
0.38707542419433594,342,0
0.38770413398742676,322,0
0.3912510871887207,342,0
0.3917109966278076,322,0
0.39193153381347656,342,0
0.3920481204986572,322,0
0.39217662811279297,342,0
0.39228105545043945,322,0
0.39241743087768555,342,0
0.3925199508666992,322,0
0.3927035331726074,342,0
0.39281678199768066,322,0
0.3929476737976074,342,0
0.3930506706237793,322,0
0.39317774772644043,342,0
0.3932919502258301,322,0
0.39342784881591797,342,0
0.39353346824645996,322,0
0.3936600685119629,342,0
0.3937840461730957,322,0
0.3939201831817627,342,0
0.39402341842651367,322,0
0.394150972366333,342,0
0.3942592144012451,322,0
0.39438939094543457,342,0
0.3944997787475586,322,0
0.39463376998901367,342,0
0.39473772048950195,322,0
0.3949010372161865,342,0
0.3952810764312744,322,0
0.3955423831939697,342,0
0.3957560062408447,322,0
0.3960080146789551,342,0
0.39642333984375,322,0
0.3966681957244873,342,0
0.39679741859436035,322,0
0.39693260192871094,342,0
0.3970494270324707,322,0
0.39717936515808105,342,0
0.3972897529602051,322,0
0.39742541313171387,342,0
0.39753293991088867,322,0
0.3976612091064453,342,0
0.3977985382080078,322,0
0.3979341983795166,342,0
0.3980748653411865,322,0
0.39821743965148926,342,0
0.3983442783355713,322,0
0.39849233627319336,342,0
0.3986022472381592,322,0
0.39873743057250977,342,0
0.39883995056152344,322,0
0.39897871017456055,342,0
0.39908361434936523,322,0
0.39920926094055176,342,0
0.3993186950683594,322,0
0.39945030212402344,342,0
0.3995804786682129,322,0
0.3997025489807129,342,0
0.399796724319458,322,0
0.4001493453979492,342,0
0.40030717849731445,322,0
0.4005110263824463,342,0
0.40065741539001465,322,0
0.4008302688598633,342,0
0.400956392288208,322,0
0.4010922908782959,342,0
0.401226282119751,322,0
0.4013643264770508,342,0
0.40147852897644043,322,0
0.4016537666320801,342,0
0.4017820358276367,322,0
0.4019203186035156,342,0
0.40203022956848145,322,0
0.4021575450897217,342,0
0.40239596366882324,322,0
0.40253162384033203,342,0
0.40264129638671875,322,0
0.40280961990356445,342,0
0.4029195308685303,322,0
0.4033782482147217,342,0
0.4037196636199951,322,0
0.4046144485473633,342,0
0.4051859378814697,322,0
0.4078221321105957,342,0
0.40804123878479004,322,0
0.408219575881958,342,0
0.4083561897277832,322,0
0.4085047245025635,342,0
0.40862083435058594,322,0
0.4087808132171631,342,0
0.4089202880859375,322,0
0.40909314155578613,342,0
0.40923142433166504,322,0
0.409393310546875,342,0
0.4095005989074707,322,0
0.40963149070739746,342,0
0.4097321033477783,322,0
0.40986204147338867,342,0
0.4099900722503662,322,0
0.4104890823364258,342,0
0.410625696182251,322,0
0.4107522964477539,342,0
0.4108545780181885,322,0
0.41121506690979004,342,0
0.41152024269104004,322,0
0.4116840362548828,342,0
0.41182780265808105,322,0
0.41196393966674805,342,0
0.4120774269104004,322,0
0.41220855712890625,342,0
0.4123115539550781,322,0
0.4124417304992676,342,0
0.41254377365112305,322,0
0.41266942024230957,342,0
0.41280388832092285,322,0
0.41307854652404785,342,0
0.41335439682006836,322,0
0.4136781692504883,342,0
0.41383957862854004,322,0
0.41399168968200684,342,0
0.4141223430633545,322,0
0.4142611026763916,342,0
0.4143705368041992,322,0
0.41455554962158203,342,0
0.41466522216796875,322,0
0.4147975444793701,342,0
0.41490674018859863,322,0
0.4150395393371582,342,0
0.4151480197906494,322,0
0.4153110980987549,342,0
0.41542553901672363,322,0
0.4155552387237549,342,0
0.4156496524810791,322,0
0.41582417488098145,342,0
0.4161808490753174,322,0
0.4163963794708252,342,0
0.41658520698547363,322,0
0.4167346954345703,342,0
0.4168548583984375,322,0
0.41698765754699707,342,0
0.41709423065185547,322,0
0.4172239303588867,342,0
0.41733670234680176,322,0
0.4174807071685791,342,0
0.4175872802734375,322,0
0.41771721839904785,342,0
0.4178299903869629,322,0
0.41796350479125977,342,0
0.41809844970703125,322,0
0.41826486587524414,342,0
0.41837191581726074,322,0
0.4185161590576172,342,0
0.4186558723449707,322,0
0.418790340423584,342,0
0.41889190673828125,322,0
0.4190187454223633,342,0
0.4191265106201172,322,0
0.4192681312561035,342,0
0.41936492919921875,322,0
0.4194777011871338,342,0
0.41957759857177734,322,0
0.4200735092163086,342,0
0.42034077644348145,322,0
0.4234151840209961,342,0
0.4244544506072998,322,0
0.4250144958496094,342,0
0.4251992702484131,322,0
0.42537450790405273,342,0
0.4255080223083496,322,0
0.4256703853607178,342,0
0.4258003234863281,322,0
0.4259316921234131,342,0
0.4260737895965576,322,0
0.4262199401855469,342,0
0.4263274669647217,322,0
0.42645788192749023,342,0
0.42656421661376953,322,0
0.42669129371643066,342,0
0.42679381370544434,322,0
0.426924467086792,342,0
0.4270286560058594,322,0
0.4271583557128906,342,0
0.42727017402648926,322,0
0.4274153709411621,342,0
0.42754578590393066,322,0
0.42768335342407227,342,0
0.42778706550598145,322,0
0.4279193878173828,342,0
0.42806053161621094,322,0
0.428220272064209,342,0
0.4283561706542969,322,0
0.4285149574279785,342,0
0.4286191463470459,322,0
0.42874765396118164,342,0
0.4288597106933594,322,0
0.42899513244628906,342,0
0.42912983894348145,322,0
0.42927050590515137,342,0
0.42937588691711426,322,0
0.4295065402984619,342,0
0.42961788177490234,322,0
0.42974328994750977,342,0
0.4298391342163086,322,0
0.43022775650024414,342,0
0.43065309524536133,322,0
0.43111109733581543,342,0
0.4316370487213135,322,0
0.43193602561950684,342,0
0.43212032318115234,322,0
0.4322683811187744,342,0
0.43237805366516113,322,0
0.4325103759765625,342,0
0.43262362480163574,322,0
0.4327535629272461,342,0
0.43288588523864746,322,0
0.4330296516418457,342,0
0.43317317962646484,322,0
0.4333381652832031,342,0
0.433443546295166,322,0
0.43357348442077637,342,0
0.4336855411529541,322,0
0.4338397979736328,342,0
0.4339728355407715,322,0
0.43411874771118164,342,0
0.43425512313842773,322,0
0.43439793586730957,342,0
0.43453216552734375,322,0
0.43466663360595703,342,0
0.4347689151763916,322,0
0.43521952629089355,342,0
0.43541789054870605,322,0
0.4356677532196045,342,0
0.4357945919036865,322,0
0.43594837188720703,342,0
0.4360537528991699,322,0
0.43617963790893555,342,0
0.4362814426422119,322,0
0.4367966651916504,342,0
0.43698740005493164,322,0
0.43781208992004395,342,0
0.43859267234802246,322,0
0.4398837089538574,342,0
0.44022417068481445,322,0
0.440676212310791,342,0
0.44148778915405273,322,0
0.44190239906311035,342,0
0.44209909439086914,322,0
0.44230008125305176,342,0
0.44249939918518066,322,0
0.44264745712280273,342,0
0.44275331497192383,322,0
0.44288182258605957,342,0
0.4429903030395508,322,0
0.443117618560791,342,0
0.4432556629180908,322,0
0.4433906078338623,342,0
0.4434971809387207,322,0
0.44362330436706543,342,0
0.44376087188720703,322,0
0.4439260959625244,342,0
0.44405460357666016,322,0
0.44422078132629395,342,0
0.4443328380584717,322,0
0.44446730613708496,342,0
0.44457483291625977,322,0
0.4447166919708252,342,0
0.44483470916748047,322,0
0.44497036933898926,342,0
0.4450809955596924,322,0
0.44521450996398926,342,0
0.44532203674316406,322,0
0.44545912742614746,342,0
0.4455685615539551,322,0
0.44571971893310547,342,0
0.44582128524780273,322,0
0.44608211517333984,342,0
0.44678330421447754,322,0
0.4469771385192871,342,0
0.4470970630645752,322,0
0.4472358226776123,342,0
0.44736361503601074,322,0
0.4475088119506836,342,0
0.4476172924041748,322,0
0.4477531909942627,342,0
0.447918176651001,322,0
0.448136568069458,342,0
0.4483797550201416,322,0
0.44869518280029297,342,0
0.44887471199035645,322,0
0.44903016090393066,342,0
0.4491539001464844,322,0
0.44929981231689453,342,0
0.44941210746765137,322,0
0.4495503902435303,342,0
0.4496581554412842,322,0
0.44979429244995117,342,0
0.4499022960662842,322,0
0.4500386714935303,342,0
0.4501686096191406,322,0
0.4502906799316406,342,0
0.45038414001464844,322,0
0.45048975944519043,342,0
0.4506206512451172,322,0
0.4507458209991455,342,0
0.45084118843078613,322,0
0.4509458541870117,342,0
0.45102691650390625,322,0
0.4511594772338867,342,0
0.45125484466552734,322,0
0.4513816833496094,342,0
0.45146751403808594,322,0
0.45157551765441895,342,0
0.4516780376434326,322,0
0.45178794860839844,342,0
0.45186614990234375,322,0
0.4519672393798828,342,0
0.45208740234375,322,0
0.4522209167480469,342,0
0.4523448944091797,322,0
0.45249009132385254,342,0
0.45263671875,322,0
0.4528319835662842,342,0
0.4549853801727295,322,0
0.45633745193481445,342,0
0.4566061496734619,322,0
0.4568648338317871,342,0
0.4571988582611084,322,0
0.45754432678222656,342,0
0.4579448699951172,322,0
0.4581019878387451,342,0
0.45821380615234375,322,0
0.4583456516265869,342,0
0.4584505558013916,322,0
0.45857667922973633,342,0
0.45871448516845703,322,0
0.4588947296142578,342,0
0.4589993953704834,322,0
0.45917582511901855,342,0
0.4593162536621094,322,0
0.45945239067077637,342,0
0.459561824798584,322,0
0.4596824645996094,342,0
0.4597775936126709,322,0
0.4601292610168457,342,0
0.46039438247680664,322,0
0.46073484420776367,342,0
0.4609968662261963,322,0
0.4614546298980713,342,0
0.4616374969482422,322,0
0.46190953254699707,342,0
0.46205949783325195,322,0
0.46224093437194824,342,0
0.4624159336090088,322,0
0.4625852108001709,342,0
0.4627413749694824,322,0
0.46291542053222656,342,0
0.4630720615386963,322,0
0.46325230598449707,342,0
0.46341514587402344,322,0
0.4635939598083496,342,0
0.46373939514160156,322,0
0.4639582633972168,342,0
0.46411991119384766,322,0
0.4642949104309082,342,0
0.46441125869750977,322,0
0.4646430015563965,342,0
0.4648432731628418,322,0
0.46535515785217285,342,0
0.4655497074127197,322,0
0.4657416343688965,342,0
0.46591711044311523,322,0
0.4661374092102051,342,0
0.4662899971008301,322,0
0.46649169921875,342,0
0.4666295051574707,322,0
0.4668614864349365,342,0
0.46709656715393066,322,0
0.4672849178314209,342,0
0.4674344062805176,322,0
0.4676532745361328,342,0
0.4678206443786621,322,0
0.4680774211883545,342,0
0.46822047233581543,322,0
0.46840667724609375,342,0
0.4685540199279785,322,0
0.46889567375183105,342,0
0.46904778480529785,322,0
0.46923303604125977,342,0
0.4693470001220703,322,0
0.46957898139953613,342,0
0.46997594833374023,322,0
0.4721224308013916,342,0
0.4741332530975342,322,0
0.4746973514556885,342,0
0.4748828411102295,322,0
0.47503066062927246,342,0
0.4751400947570801,322,0
0.4752693176269531,342,0
0.4753727912902832,322,0
0.47549915313720703,342,0
0.47560834884643555,322,0
0.47573137283325195,342,0
0.4758338928222656,322,0
0.47616004943847656,342,0
0.4764859676361084,322,0
0.47670722007751465,342,0
0.47686052322387695,322,0
0.47700929641723633,342,0
0.4771456718444824,322,0
0.47730088233947754,342,0
0.47740817070007324,322,0
0.4775373935699463,342,0
0.47768306732177734,322,0
0.47791600227355957,342,0
0.4780392646789551,322,0
0.47843265533447266,342,0
0.4785594940185547,322,0
0.47869277000427246,342,0
0.47880029678344727,322,0
0.4789290428161621,342,0
0.47905778884887695,322,0
0.4792056083679199,342,0
0.4793109893798828,322,0
0.47943925857543945,342,0
0.4795494079589844,322,0
0.47968101501464844,342,0
0.47979307174682617,322,0
0.4799509048461914,342,0
0.48009657859802246,322,0
0.4802579879760742,342,0
0.48036742210388184,322,0
0.4804987907409668,342,0
0.4806087017059326,322,0
0.4807298183441162,342,0
0.480863094329834,322,0
0.4812049865722656,342,0
0.48134613037109375,322,0
0.48156046867370605,342,0
0.4817187786102295,322,0
0.4818532466888428,342,0
0.48196911811828613,322,0
0.4821033477783203,342,0
0.4822120666503906,322,0
0.482342004776001,342,0
0.4824526309967041,322,0
0.4826059341430664,342,0
0.4827132225036621,322,0
0.48284244537353516,342,0
0.4829556941986084,322,0
0.4830935001373291,342,0
0.4832286834716797,322,0
0.4833667278289795,342,0
0.4834749698638916,322,0
0.48360514640808105,342,0
0.48371362686157227,322,0
0.48384594917297363,342,0
0.4839470386505127,322,0
0.48407483100891113,342,0
0.4842104911804199,322,0
0.48434948921203613,342,0
0.48448824882507324,322,0
0.48464298248291016,342,0
0.48478031158447266,322,0
0.48491477966308594,342,0
0.485018253326416,322,0
0.48514461517333984,342,0
0.48525357246398926,322,0
0.4853842258453369,342,0
0.4854862689971924,322,0
0.4856138229370117,342,0
0.48571109771728516,322,0
0.48586511611938477,342,0
0.486236572265625,322,0
0.48723816871643066,342,0
0.48818159103393555,322,0
0.48895716667175293,342,0
0.4903078079223633,322,0
0.49066925048828125,342,0
0.49101924896240234,322,0
0.4914531707763672,342,0
0.4918019771575928,322,0
0.4921245574951172,342,0
0.4922811985015869,322,0
0.49243760108947754,342,0
0.4925816059112549,322,0
0.4927237033843994,342,0
0.4928314685821533,322,0
0.49296092987060547,342,0
0.4930694103240967,322,0
0.49319887161254883,342,0
0.49330878257751465,322,0
0.4934701919555664,342,0
0.4935777187347412,322,0
0.49370765686035156,342,0
0.49384474754333496,322,0
0.4939734935760498,342,0
0.494081974029541,322,0
0.4942154884338379,342,0
0.4943583011627197,322,0
0.4944953918457031,342,0
0.494631290435791,322,0
0.4947659969329834,342,0
0.4948701858520508,322,0
0.4949979782104492,342,0
0.4951016902923584,322,0
0.49523091316223145,342,0
0.4953460693359375,322,0
0.49550700187683105,342,0
0.49561619758605957,322,0
0.4957458972930908,342,0
0.49585437774658203,322,0
0.4959878921508789,342,0
0.4960901737213135,322,0
0.4962172508239746,342,0
0.49636363983154297,322,0
0.4965240955352783,342,0
0.4966607093811035,322,0
0.4967834949493408,342,0
0.4969038963317871,322,0
0.497791051864624,342,0
0.4996004104614258,322,0
0.49996519088745117,342,0
0.5001444816589355,322,0
0.5003902912139893,342,0
0.5005714893341064,322,0
0.5007483959197998,342,0
0.5009005069732666,322,0
0.5011658668518066,342,0
0.5013391971588135,322,0
0.5016205310821533,342,0
0.5018863677978516,322,0
0.502140998840332,342,0
0.5025148391723633,322,0
0.5028047561645508,342,0
0.5029587745666504,322,0
0.5067150592803955,342,0
0.5078287124633789,322,0
0.5089454650878906,342,0
0.5091714859008789,322,0
0.5094423294067383,342,0
0.5095951557159424,322,0
0.5097353458404541,342,0
0.5098333358764648,322,0
0.5099620819091797,342,0
0.5100705623626709,322,0
0.5101962089538574,342,0
0.5103363990783691,322,0
0.5104782581329346,342,0
0.5105912685394287,322,0
0.5107524394989014,342,0
0.510857105255127,322,0
0.5109894275665283,342,0
0.5110952854156494,322,0
0.5112276077270508,342,0
0.5113658905029297,322,0
0.5115258693695068,342,0
0.5116329193115234,322,0
0.511760950088501,342,0
0.5118966102600098,322,0
0.5120363235473633,342,0
0.5121660232543945,322,0
0.5122973918914795,342,0
0.5124466419219971,322,0
0.5126242637634277,342,0
0.5134432315826416,322,0
0.5137298107147217,342,0
0.5139968395233154,322,0
0.5147011280059814,342,0
0.5151987075805664,322,0
0.5156528949737549,342,0
0.5160019397735596,322,0
0.516211986541748,342,0
0.5163466930389404,322,0
0.5164916515350342,342,0
0.516596794128418,322,0
0.5167503356933594,342,0
0.5168857574462891,322,0
0.5170164108276367,342,0
0.5171260833740234,322,0
0.5172538757324219,342,0
0.5173683166503906,322,0
0.5175037384033203,342,0
0.5176074504852295,322,0
0.5177345275878906,342,0
0.5178446769714355,322,0
0.5179769992828369,308,0
0.5180907249450684,339,0
0.5181968212127686,351,0
0.518301248550415,273,0
0.5184071063995361,280,0
0.5185105800628662,309,0
0.5186185836791992,370,0
0.5187208652496338,401,0
0.5188260078430176,340,0
0.5189287662506104,358,0
0.5190300941467285,402,0
0.5191354751586914,451,0
0.5192611217498779,50370,0
0.519364595413208,401,0
0.5195090770721436,340,0
0.5196261405944824,358,0
0.5214416980743408,402,0
0.5222311019897461,451,0
0.523719072341919,50370,0
0.5244133472442627,401,0
0.524775505065918,340,0
0.5250566005706787,358,0
0.525183916091919,402,0
0.5252993106842041,451,0
0.5254080295562744,505,0
0.5254807472229004,5,0
0.5255608558654785,5,0
0.5256342887878418,5,0
0.5257053375244141,5,0
0.5257730484008789,5,0
0.5258946418762207,5,0
0.5261752605438232,5,0
0.5263409614562988,5,0
0.5265209674835205,5,0
0.5266263484954834,5,0
0.5267124176025391,5,0
0.5267922878265381,5,0
0.5269110202789307,5,0
0.5270426273345947,5,0
0.5271406173706055,5,0
0.5272235870361328,5,0
0.5273251533508301,5,0
0.527421236038208,5,0
0.5275046825408936,5,0
0.5275802612304688,5,0
0.5276572704315186,5,0
0.5277354717254639,5,0
0.5278317928314209,5,0
0.5279324054718018,5,0
0.5280280113220215,5,0
0.5281097888946533,5,0
0.5281984806060791,5,0
0.5283041000366211,5,0
0.5283915996551514,5,0
0.5284731388092041,5,0
0.5297105312347412,5,0
0.5299310684204102,5,0
0.5301001071929932,5,0
0.5302371978759766,5,0
0.5303528308868408,5,0
0.5304968357086182,5,0
0.5306100845336914,5,0
0.5307157039642334,5,0
0.5308184623718262,5,0
0.530972957611084,5,0
0.5312755107879639,451,0
0.5314478874206543,441,0
0.5316431522369385,445,0
0.5317742824554443,461,0
0.5318903923034668,505,0
0.5319986343383789,456,0
0.5321049690246582,437,0
0.5322105884552002,460,0
0.5323193073272705,480,0
0.5324230194091797,541,0
0.5325281620025635,509,0
0.5326375961303711,466,0
0.532757043838501,512,0
0.5328898429870605,543,0
0.5330295562744141,627,0
0.5331676006317139,607,0
0.5332863330841064,547,0
0.5333967208862305,575,0
0.5334997177124023,583,0
0.5336034297943115,643,0
0.5337104797363281,595,0
0.5338156223297119,502,0
0.5339217185974121,502,0
0.5340275764465332,504,0
0.5341315269470215,556,0
0.5342354774475098,539,0
0.5343422889709473,463,0
0.5344460010528564,477,0
0.5345504283905029,475,0
0.5346579551696777,532,0
0.5347616672515869,562,0
0.534865140914917,483,0
0.5349695682525635,481,0
0.5350720882415771,489,0
0.535175085067749,526,0
0.5352797508239746,543,0
0.5353877544403076,472,0
0.535491943359375,488,0
0.5355958938598633,527,0
0.5356879234313965,566,0
0.5357818603515625,588,0
0.5359251499176025,511,0
0.5367496013641357,491,0
0.5369877815246582,490,0
0.5376691818237305,516,0
0.5381107330322266,578,0
0.5402023792266846,529,0
0.5415141582489014,503,0
0.5424277782440186,522,0
0.5429112911224365,530,0
0.543140172958374,582,0
0.5434861183166504,543,0
0.5437271595001221,503,0
0.5438790321350098,525,0
0.544043779373169,536,0
0.5441968441009521,605,0
0.544353723526001,579,0
0.5445177555084229,528,0
0.5446550846099854,549,0
0.5448203086853027,538,0
0.5449564456939697,592,0
0.5450646877288818,577,0
0.5452275276184082,513,0
0.5453987121582031,536,0
0.5455319881439209,548,0
0.5456759929656982,599,0
0.5457961559295654,584,0
0.5459470748901367,505,0
0.5460643768310547,520,0
0.5462052822113037,535,0
0.5463216304779053,588,0
0.5464339256286621,588,0
0.5465829372406006,508,0
0.5467946529388428,526,0
0.5473196506500244,531,0
0.5476717948913574,585,0
0.5481991767883301,589,0
0.5488440990447998,507,0
0.5491223335266113,521,0
0.5494301319122314,538,0
0.5495755672454834,591,0
0.5497462749481201,618,0
0.5499522686004639,524,0
0.5500788688659668,524,0
0.5502429008483887,533,0
0.5504179000854492,550,0
0.5533723831176758,583,0
0.5572376251220703,533,0
0.5610527992248535,535,0
0.5649425983428955,568,0
0.5688011646270752,568,0
0.5729281902313232,604,0
0.5766417980194092,536,0
0.5805697441101074,514,0
0.5844335556030273,553,0
0.5885388851165771,569,0
0.5922636985778809,619,0
0.5961816310882568,575,0
0.6001315116882324,532,0
0.6044795513153076,547,0
0.6081030368804932,557,0
0.6118454933166504,624,0
0.6157891750335693,600,0
0.6198544502258301,536,0
0.6237602233886719,560,0
0.6275613307952881,574,0
0.6314263343811035,626,0
0.6355714797973633,603,0
0.6397271156311035,543,0
0.6432178020477295,557,0
0.6471202373504639,559,0
0.6510744094848633,626,0
0.6552600860595703,624,0
0.6613209247589111,550,0
0.66302490234375,566,0
0.6666398048400879,580,0
0.6706218719482422,627,0
0.6750435829162598,637,0
0.678356409072876,580,0
0.6825716495513916,593,0
0.6861841678619385,605,0
0.6901788711547852,642,0
0.694068193435669,653,0
0.6980724334716797,586,0
0.7018313407897949,603,0
0.7060151100158691,621,0
0.7097933292388916,683,0
0.7135777473449707,708,0
0.717710018157959,639,0
0.7215700149536133,624,0
0.7254831790924072,636,0
0.7292361259460449,660,0
0.7331411838531494,714,0
0.737483024597168,644,0
0.7412378787994385,590,0
0.7448608875274658,569,0
0.748767614364624,548,0
0.7527117729187012,588,0
0.7567946910858154,546,0
0.7605602741241455,536,0
0.7644188404083252,555,0
0.7683260440826416,537,0
0.7726359367370605,595,0
0.7777724266052246,551,0
0.7801623344421387,514,0
0.7840564250946045,527,0
0.7882568836212158,519,0
0.7922382354736328,570,0
0.797072172164917,546,0
0.8704378604888916,491,0
0.8774371147155762,498,0
0.8781888484954834,486,0
0.8789160251617432,536,0
0.8810520172119141,529,0
0.8820629119873047,466,0
0.8826360702514648,477,0
0.8835513591766357,451,0
0.8841996192932129,500,0
0.8846564292907715,525,0
0.8850007057189941,454,0
0.9838736057281494,457,0
0.9911808967590332,443,0
0.9922332763671875,483,0
0.9952659606933594,496,0
0.9965405464172363,425,0
0.9978804588317871,430,0
0.9984943866729736,471,0
1.0320115089416504,509,0
1.032228708267212,518,0
1.0333716869354248,453,0
1.0338466167449951,453,0
1.0342459678649902,476,0
1.0345194339752197,497,0
1.0348904132843018,515,0
1.0351388454437256,412,0
1.0354015827178955,406,0
1.0355963706970215,485,0
1.035782814025879,514,0
1.0359628200531006,554,0
1.036128282546997,448,0
1.0363106727600098,417,0
1.0455141067504883,512,0
1.0463018417358398,535,0
1.0467734336853027,576,0
1.0472183227539062,487,0
1.047621250152588,441,0
1.0478553771972656,525,0
1.0485427379608154,548,0
1.0487213134765625,613,0
1.0489575862884521,518,0
1.049229621887207,442,0
1.0495409965515137,531,0
1.051039218902588,574,0
1.056647777557373,633,0
1.0611157417297363,558,0
1.0620002746582031,454,0
1.0622880458831787,536,0
1.0626349449157715,573,0
1.0628514289855957,606,0
1.0630297660827637,541,0
1.0632548332214355,414,0
1.063441514968872,477,0
1.0636322498321533,520,0
1.0638628005981445,553,0
1.0640575885772705,508,0
1.0642859935760498,356,0
1.0644774436950684,398,0
1.064650058746338,469,0
1.0648317337036133,470,0
1.0650324821472168,436,0
1.065216064453125,328,0
1.065382957458496,374,0
1.065624475479126,446,0
1.0657918453216553,469,0
1.0659832954406738,451,0
1.06638503074646,349,0
1.0666518211364746,376,0
1.0671906471252441,452,0
1.0695843696594238,471,0
1.0742931365966797,493,0
1.0774919986724854,403,0
1.0814287662506104,405,0
1.0852348804473877,488,0
1.0891618728637695,502,0
1.093094825744629,532,0
1.0970399379730225,448,0
1.1008579730987549,409,0
1.1049058437347412,496,0
1.1088147163391113,518,0
1.1127476692199707,562,0
1.1165215969085693,477,0
1.1204347610473633,450,0
1.1246311664581299,543,0
1.1283001899719238,564,0
1.1322627067565918,610,0
1.1360926628112793,542,0
1.1401667594909668,463,0
1.144411563873291,537,0
1.147890329360962,565,0
1.1517925262451172,605,0
1.1556811332702637,538,0
1.1595985889434814,435,0
1.1648962497711182,492,0
1.1674022674560547,496,0
1.1722216606140137,521,0
1.1751806735992432,472,0
1.1797072887420654,335,0
1.1950194835662842,377,0
1.2010166645050049,412,0
1.201735019683838,435,0
1.2020072937011719,425,0
1.2027535438537598,331,0
1.2060368061065674,388,0
1.2074546813964844,436,0
1.211555004119873,452,0
1.214616298675537,444,0
1.2185041904449463,342,0
1.230445384979248,363,0
1.2322156429290771,415,0
1.2414531707763672,438,0
1.2437877655029297,462,0
1.2448394298553467,372,0
1.2452409267425537,381,0
1.2456018924713135,433,0
1.2495157718658447,427,0
1.2535436153411865,454,0
1.2573661804199219,359,0
1.2613000869750977,347,0
1.2653429508209229,429,0
1.2691452503204346,429,0
1.2731966972351074,475,0
1.2769029140472412,413,0
1.280837059020996,386,0
1.284834384918213,469,0
1.2886629104614258,484,0
1.2926836013793945,528,0
1.2965903282165527,455,0
1.3003835678100586,402,0
1.304767370223999,497,0
1.3082408905029297,522,0
1.3162117004394531,568,0
1.3181583881378174,498,0
1.320023775100708,403,0
1.324037790298462,471,0
1.328136682510376,503,0
1.3320248126983643,556,0
1.3357088565826416,506,0
1.3396804332733154,401,0
1.3435606956481934,465,0
1.3473079204559326,495,0
1.3512673377990723,523,0
1.3554284572601318,494,0
1.359217643737793,393,0
1.3631043434143066,440,0
1.3668897151947021,480,0
1.371669054031372,494,0
1.374856948852539,448,0
1.3786520957946777,336,0
1.3825554847717285,391,0
1.386937141418457,456,0
1.3904197216033936,461,0
1.3950121402740479,471,0
1.3981950283050537,372,0
1.4021573066711426,382,0
1.4065313339233398,457,0
1.4124908447265625,478,0
1.4149012565612793,503,0
1.417731523513794,418,0
1.4220001697540283,427,0
1.4256680011749268,521,0
1.4295332431793213,523,0
1.4335110187530518,553,0
1.437901496887207,453,0
1.441227912902832,433,0
1.4455986022949219,501,0
1.4490869045257568,513,0
1.4531042575836182,551,0
1.457141637802124,468,0
1.4611091613769531,418,0
1.4647483825683594,497,0
1.4686167240142822,513,0
1.4725027084350586,555,0
1.4765777587890625,457,0
1.480510950088501,325,0
1.4843881130218506,369,0
1.4887580871582031,387,0
1.4922223091125488,416,0
1.496159553527832,347,0
1.4998817443847656,256,0
1.5039634704589844,329,0
1.5077784061431885,371,0
1.5116097927093506,408,0
1.5155527591705322,370,0
1.5196928977966309,271,0
1.5237536430358887,336,0
1.5274899005889893,397,0
1.5313355922698975,433,0
1.5352692604064941,416,0
1.5394563674926758,308,0
1.5434367656707764,342,0
1.5468595027923584,410,0
1.5507256984710693,435,0
1.5554757118225098,423,0
1.5594282150268555,312,0
1.5625431537628174,333,0
1.5663845539093018,398,0
1.5704624652862549,419,0
1.57450532913208,425,0
1.5781447887420654,312,0
1.5821020603179932,315,0
1.5860404968261719,391,0
1.5900821685791016,401,0
1.5937607288360596,434,0
1.5976948738098145,344,0
1.6016054153442383,327,0
1.605658769607544,407,0
1.609450340270996,426,0
1.6133244037628174,477,0
1.617356777191162,389,0
1.6217873096466064,345,0
1.6251757144927979,402,0
1.629072904586792,399,0
1.632932424545288,415,0
1.636932134628296,321,0
1.6409633159637451,266,0
1.6446361541748047,370,0
1.64854097366333,413,0
1.6524603366851807,470,0
1.6565306186676025,405,0
1.660261869430542,321,0
1.6642396450042725,412,0
1.668121099472046,471,0
1.6721978187561035,520,0
1.676640272140503,480,0
1.6798601150512695,386,0
1.6837553977966309,463,0
1.6883389949798584,525,0
1.6921935081481934,560,0
1.6954989433288574,531,0
1.6993811130523682,435,0
1.7036266326904297,488,0
1.707395076751709,529,0
1.7112987041473389,551,0
1.7151153087615967,551,0
1.719130516052246,464,0
1.722942590713501,486,0
1.7268216609954834,515,0
1.7306923866271973,502,0
1.7346086502075195,521,0
1.738602876663208,445,0
1.7426538467407227,463,0
1.7463462352752686,545,0
1.7502572536468506,576,0
1.754321575164795,599,0
1.7581672668457031,506,0
1.7620632648468018,493,0
1.7660157680511475,541,0
1.7699365615844727,533,0
1.7738049030303955,572,0
1.7776784896850586,484,0
1.7815635204315186,441,0
1.7854547500610352,491,0
1.7895772457122803,496,0
1.7933363914489746,544,0
1.7971975803375244,474,0
1.8012316226959229,425,0
1.8053321838378906,492,0
1.809661865234375,502,0
1.8129010200500488,531,0
1.8167672157287598,474,0
1.8213460445404053,401,0
1.8247218132019043,461,0
1.8285129070281982,484,0
1.8324229717254639,522,0
1.8363380432128906,464,0
1.8403024673461914,383,0
1.8441705703735352,454,0
1.8481271266937256,495,0
1.8520269393920898,532,0
1.8571407794952393,498,0
1.8627088069915771,408,0
1.863715410232544,442,0
1.8676707744598389,461,0
1.871729850769043,495,0
1.8754687309265137,471,0
1.879474401473999,346,0
1.8834233283996582,372,0
1.8876852989196777,436,0
1.8924996852874756,461,0
1.8951337337493896,448,0
1.899038553237915,342,0
1.9028351306915283,354,0
1.9067842960357666,406,0
1.9107165336608887,421,0
1.9145917892456055,444,0
1.918466329574585,367,0
1.9228992462158203,370,0
1.9263389110565186,417,0
1.930382251739502,417,0
1.9341638088226318,444,0
1.9381110668182373,355,0
1.9422783851623535,342,0
1.9458682537078857,397,0
1.9498200416564941,410,0
1.9543612003326416,457,0
1.9578235149383545,369,0
1.9615142345428467,304,0
1.9655086994171143,358,0
1.9694628715515137,369,0
1.9752585887908936,413,0
1.9772326946258545,338,0
1.9814119338989258,258,0
1.9851577281951904,310,0
1.989628553390503,325,0
1.99324631690979,376,0
1.9968314170837402,341,0
2.0006933212280273,289,0
2.0072693824768066,373,0
2.008604049682617,412,0
2.0123770236968994,464,0
2.016448497772217,444,0
2.0214250087738037,348,0
2.024965763092041,402,0
2.028136968612671,446,0
2.0320141315460205,471,0
2.0358543395996094,431,0
2.0405757427215576,329,0
2.043729066848755,371,0
2.0475986003875732,411,0
2.0515730381011963,464,0
2.055659294128418,502,0
2.0593717098236084,413,0
2.0633339881896973,425,0
2.0674240589141846,469,0
2.0730292797088623,462,0
2.0750904083251953,455,0
2.079029083251953,354,0
2.0828568935394287,358,0
2.0867974758148193,428,0
2.091158151626587,452,0
2.0945465564727783,499,0
2.0984303951263428,424,0
2.1023504734039307,411,0
2.1072263717651367,477,0
2.110180377960205,500,0
2.1141698360443115,548,0
2.118114709854126,450,0
2.122426986694336,402,0
2.1258950233459473,481,0
2.12973690032959,504,0
2.133647918701172,554,0
2.1380209922790527,494,0
2.141550064086914,453,0
2.145371437072754,519,0
2.1493074893951416,526,0
2.1536476612091064,571,0
2.157870054244995,519,0
2.1611063480377197,460,0
2.1650354862213135,528,0
2.1688573360443115,538,0
2.1728436946868896,573,0
2.176679849624634,537,0
2.180595636367798,441,0
2.1846108436584473,493,0
2.188822031021118,510,0
2.1924920082092285,527,0
2.196265459060669,480,0
2.200352668762207,366,0
2.2043445110321045,405,0
2.208442449569702,437,0
2.2118756771087646,465,0
2.2158477306365967,461,0
2.219689130783081,377,0
2.223782539367676,414,0
2.2275772094726562,470,0
2.2315192222595215,505,0
2.2356653213500977,524,0
2.239661693572998,438,0
2.243191719055176,470,0
2.2471237182617188,533,0
2.251051425933838,568,0
2.255598783493042,592,0
2.2588326930999756,523,0
2.2628352642059326,517,0
2.2668423652648926,587,0
2.271357297897339,611,0
2.2750344276428223,642,0
2.2784790992736816,543,0
2.282494068145752,513,0
2.2863264083862305,555,0
2.2903521060943604,559,0
2.294191360473633,607,0
2.298032283782959,528,0
2.3018758296966553,468,0
2.3059933185577393,512,0
2.309817314147949,538,0
2.3136892318725586,590,0
2.3176279067993164,531,0
2.3218507766723633,472,0
2.3262035846710205,539,0
2.3295891284942627,558,0
2.3333511352539062,620,0
2.337196111679077,593,0
2.341562271118164,525,0
2.3453080654144287,611,0
2.3488376140594482,660,0
2.3527426719665527,715,0
2.3571293354034424,680,0
2.360750675201416,598,0
2.3645145893096924,658,0
2.368422269821167,714,0
2.3729090690612793,748,0
2.3764333724975586,743,0
2.3801350593566895,646,0
2.3841147422790527,682,0
2.388334274291992,727,0
2.391871929168701,747,0
2.3957746028900146,748,0
2.399707794189453,664,0
2.4037585258483887,679,0
2.4076571464538574,720,0
2.411410093307495,728,0
2.415479898452759,743,0
2.419283390045166,632,0
2.4233713150024414,611,0
2.427112102508545,658,0
2.431150436401367,671,0
2.434953212738037,690,0
2.439138889312744,605,0
2.4427707195281982,592,0
2.4466753005981445,655,0
2.450593948364258,654,0
2.455176830291748,702,0
2.4586968421936035,618,0
2.462405204772949,576,0
2.4662511348724365,634,0
2.470296621322632,650,0
2.474186897277832,682,0
2.478029251098633,604,0
2.481826066970825,545,0
2.4857170581817627,605,0
2.489946126937866,615,0
2.4935903549194336,674,0
2.497467279434204,633,0
2.50142240524292,563,0
2.50567626953125,625,0
2.5094707012176514,638,0
2.513181686401367,655,0
2.51708722114563,607,0
2.521620035171509,510,0
2.525233030319214,571,0
2.5287795066833496,614,0
2.532663583755493,645,0
2.5377464294433594,623,0
2.540565013885498,523,0
2.544471263885498,560,0
2.5484228134155273,582,0
2.5522539615631104,597,0
2.556272268295288,586,0
2.560124397277832,480,0
2.564055919647217,498,0
2.5679755210876465,542,0
2.571989059448242,565,0
2.5759289264678955,554,0
2.5796751976013184,453,0
2.5835936069488525,461,0
2.588204860687256,525,0
2.591397762298584,548,0
2.595313787460327,561,0
2.599215269088745,477,0
2.603250741958618,460,0
2.6072301864624023,505,0
2.6112375259399414,517,0
2.6148650646209717,556,0
2.6188056468963623,485,0
2.6233115196228027,457,0
2.626650333404541,506,0
2.630505323410034,497,0
2.634488821029663,534,0
2.639086961746216,459,0
2.6423683166503906,409,0
2.646148204803467,465,0
2.65020751953125,480,0
2.655343770980835,523,0
2.6604065895080566,459,0
2.661835193634033,388,0
2.6657164096832275,457,0
2.6696200370788574,476,0
2.673625946044922,525,0
2.677443504333496,484,0
2.681462287902832,424,0
2.685443639755249,501,0
2.6899075508117676,525,0
2.6933228969573975,562,0
2.6970882415771484,534,0
2.700920820236206,434,0
2.7057738304138184,473,0
2.7091023921966553,516,0
2.7126405239105225,546,0
2.716585636138916,544,0
2.7212119102478027,450,0
2.7246317863464355,494,0
2.728363513946533,546,0
2.7324166297912598,568,0
2.7361576557159424,580,0
2.740109920501709,489,0
2.744058132171631,501,0
2.7481539249420166,552,0
2.751779079437256,570,0
2.7567532062530518,575,0
2.7596113681793213,470,0
2.7634923458099365,449,0
2.7674338817596436,496,0
2.7724769115448,502,0
2.775394916534424,533,0
2.779280185699463,448,0
2.783135414123535,399,0
2.7886452674865723,441,0
2.791754722595215,444,0
2.7948241233825684,474,0
2.7987210750579834,391,0
2.8026671409606934,342,0
2.814382553100586,398,0
2.8147242069244385,414,0
2.8149983882904053,458,0
2.818333625793457,402,0
2.823958396911621,333,0
2.826321840286255,389,0
2.8300654888153076,414,0
2.8340208530426025,464,0
2.8392977714538574,420,0
2.8420495986938477,352,0
2.8456435203552246,416,0
2.849696636199951,449,0
2.8554317951202393,508,0
2.857858419418335,493,0
2.861316204071045,425,0
2.8652892112731934,503,0
2.8692541122436523,558,0
2.8754899501800537,606,0
2.8774282932281494,608,0
2.8808815479278564,531,0
2.884906053543091,575,0
2.8892710208892822,622,0
2.892832040786743,642,0
2.8965680599212646,617,0
2.9004979133605957,503,0
2.905691146850586,506,0
2.9086735248565674,527,0
2.912189245223999,523,0
2.9162557125091553,521,0
2.9220516681671143,425,0
2.924499273300171,427,0
2.9278295040130615,485,0
2.9317328929901123,496,0
2.9356493949890137,517,0
2.9397530555725098,433,0
2.94381046295166,412,0
2.947439193725586,468,0
2.951366424560547,470,0
2.9555928707122803,498,0
2.960076332092285,392,0
2.9631311893463135,341,0
2.9670746326446533,404,0
2.972236394882202,438,0
2.975165605545044,508,0
2.9786922931671143,441,0
2.9825878143310547,386,0
2.9884040355682373,433,0
2.99123215675354,460,0
2.994417905807495,506,0
2.998230457305908,439,0
3.0021536350250244,348,0
3.006399154663086,419,0
3.0101845264434814,459,0
3.0140490531921387,497,0
3.0177853107452393,420,0
3.023771047592163,315,0
3.0268473625183105,346,0
3.029572010040283,362,0
3.0334584712982178,399,0
3.038851261138916,367,0
3.0438547134399414,284,0
3.0452921390533447,340,0
3.049226760864258,370,0
3.0531322956085205,390,0
3.0575907230377197,383,0
3.060847043991089,299,0
3.064840793609619,336,0
3.0686707496643066,392,0
3.0730948448181152,421,0
3.0767529010772705,408,0
3.081268310546875,334,0
3.0843489170074463,354,0
3.0903050899505615,403,0
3.093695640563965,432,0
3.0961925983428955,468,0
3.100184679031372,391,0
3.113068103790283,397,0
3.1134374141693115,457,0
3.1139378547668457,467,0
3.1157608032226562,492,0
3.1311237812042236,422,0
3.1350133419036865,388,0
3.136174440383911,441,0
3.136535882949829,473,0
3.1451706886291504,522,0
3.1470682621002197,481,0
3.148383378982544,468,0
3.1498003005981445,541,0
3.1792891025543213,565,0
3.1816961765289307,611,0
3.262033462524414,565,0
3.2652063369750977,534,0
3.267484426498413,626,0
3.26810884475708,680,0
3.2684311866760254,745,0
3.2688064575195312,719,0
3.269160270690918,659,0
3.269695520401001,718,0
3.3168342113494873,731,0
3.3427324295043945,763,0
3.34580135345459,710,0
3.352168083190918,618,0
3.3687663078308105,669,0
3.38409686088562,711,0
3.3982460498809814,735,0
3.427497386932373,713,0
3.474937677383423,620,0
3.484461784362793,644,0
3.5017802715301514,690,0
3.5172955989837646,720,0
3.5426251888275146,721,0
3.546220064163208,639,0
3.550736665725708,652,0
3.5628857612609863,697,0
3.577777624130249,712,0
3.594158411026001,703,0
3.6005139350891113,589,0
3.6112430095672607,578,0
3.615828514099121,628,0
3.618664026260376,635,0
3.630472421646118,648,0
3.6436514854431152,570,0
3.646852731704712,557,0
3.6483004093170166,617,0
3.6493184566497803,634,0
3.6522860527038574,668,0
3.6591796875,565,0
3.6612353324890137,529,0
3.66314435005188,591,0
3.6670095920562744,620,0
3.6696715354919434,681,0
3.6778957843780518,607,0
3.6803641319274902,542,0
3.6812262535095215,599,0
3.6818292140960693,623,0
3.683810234069824,666,0
3.6841938495635986,597,0
3.6917953491210938,505,0
3.6939496994018555,551,0
3.695444345474243,564,0
3.697958469390869,601,0
3.698603868484497,562,0
3.700862169265747,478,0
3.702441453933716,535,0
3.702883720397949,561,0
3.7091305255889893,600,0
3.7128682136535645,587,0
3.7144227027893066,509,0
3.7149667739868164,574,0
3.7153515815734863,621,0
3.715806245803833,621,0
3.724663257598877,586,0
3.726308584213257,489,0
3.726583480834961,510,0
3.7272205352783203,558,0
3.7279067039489746,591,0
3.728466749191284,598,0
3.7321395874023438,500,0
3.7339370250701904,517,0
3.7355921268463135,584,0
3.7359776496887207,598,0
3.7399137020111084,600,0
3.7417519092559814,512,0
3.7445743083953857,490,0
3.7465593814849854,541,0
3.747335910797119,553,0
3.7502267360687256,563,0
3.7519092559814453,466,0
3.7525839805603027,442,0
3.7529873847961426,520,0
3.7566611766815186,550,0
3.7585811614990234,612,0
3.761911153793335,554,0
3.764101505279541,509,0
3.7644176483154297,566,0
3.7652969360351562,569,0
3.767409086227417,604,0
3.76908802986145,531,0
3.772408962249756,459,0
3.7772488594055176,529,0
3.7829577922821045,559,0
3.79350209236145,591,0
3.8445801734924316,552,0
3.884061098098755,484,0
3.8958404064178467,547,0
3.916154623031616,587,0
3.9342916011810303,633,0
3.9490559101104736,605,0
3.962799072265625,510,0
4.013777256011963,553,0
4.029034614562988,590,0
4.045348644256592,621,0
4.0575337409973145,601,0
4.077927350997925,497,0
4.093858480453491,538,0
4.119669675827026,573,0
4.142290353775024,575,0
4.159559965133667,576,0
4.177299499511719,473,0
4.185898542404175,477,0
4.243373394012451,531,0
4.2528076171875,550,0
4.351220369338989,567,0
4.439194679260254,481,0
4.480342149734497,477,0
4.525335788726807,530,0
4.545115947723389,545,0
4.548644781112671,577,0
4.571797132492065,495,0
4.578329563140869,473,0
4.580434560775757,499,0
4.587735891342163,509,0
4.590310335159302,547,0
4.59371542930603,444,0
4.599001169204712,396,0
4.6040966510772705,461,0
4.60648250579834,488,0
4.642036199569702,544,0
4.646596908569336,472,0
4.649839401245117,405,0
4.651464223861694,472,0
4.652251243591309,495,0
4.652709007263184,541,0
4.657862186431885,490,0
4.65920877456665,438,0
4.6600987911224365,520,0
4.661155462265015,550,0
4.661714315414429,586,0
4.661964178085327,560,0
4.6623499393463135,463,0
4.662949562072754,510,0
4.663368225097656,530,0
4.663828611373901,549,0
4.674201488494873,495,0
4.677490472793579,369,0
4.68122410774231,401,0
4.684198379516602,441,0
4.684555768966675,472,0
4.684818267822266,457,0
4.685101509094238,372,0
4.685779571533203,422,0
4.686022043228149,485,0
4.6887617111206055,545,0
4.6943442821502686,577,0
4.699358701705933,481,0
4.700360536575317,487,0
4.702950477600098,559,0
4.707577705383301,585,0
4.7098548412323,616,0
4.710493803024292,533,0
4.713918209075928,531,0
4.715187311172485,598,0
4.715702533721924,608,0
4.716448545455933,652,0
4.717091083526611,568,0
4.726745843887329,538,0
4.728864669799805,603,0
4.7296271324157715,619,0
4.730019569396973,660,0
4.730458498001099,583,0
4.730694055557251,531,0
4.730979681015015,572,0
4.731392860412598,558,0
4.731768846511841,576,0
4.732841491699219,498,0
4.735449314117432,424,0
4.7435009479522705,480,0
4.7494611740112305,504,0
4.753032684326172,552,0
4.75729513168335,509,0
4.760581970214844,426,0
4.76401424407959,475,0
4.777386426925659,507,0
4.781226396560669,539,0
4.783795595169067,499,0
4.785799264907837,401,0
4.788855791091919,457,0
4.79552149772644,501,0
4.798886299133301,538,0
4.800621509552002,521,0
4.8159685134887695,439,0
4.818571329116821,496,0
4.822354555130005,550,0
4.835620164871216,581,0
4.843852519989014,583,0
4.859537839889526,482,0
4.867106914520264,486,0
4.876593828201294,531,0
4.8793628215789795,533,0
4.885941505432129,517,0
4.892643690109253,397,0
4.896187782287598,384,0
4.9016687870025635,448,0
4.911638021469116,468,0
4.913739442825317,505,0
4.914884328842163,430,0
4.9257214069366455,418,0
4.929337501525879,488,0
4.930369138717651,521,0
4.931518793106079,562,0
4.9321208000183105,469,0
4.9328837394714355,413,0
4.936107397079468,454,0
4.938814401626587,460,0
4.940467357635498,494,0
4.943321704864502,421,0
4.944285154342651,356,0
4.944502830505371,399,0
4.944728851318359,407,0
4.944919586181641,449,0
4.9451024532318115,400,0
4.94530987739563,327,0
4.945504188537598,389,0
4.945728540420532,402,0
4.946476459503174,425,0
4.947367906570435,378,0
4.947613954544067,301,0
4.947817325592041,364,0
4.947991371154785,419,0
4.948155641555786,461,0
4.948330640792847,428,0
4.948498010635376,319,0
4.948664426803589,350,0
4.948863983154297,389,0
4.949807167053223,449,0
4.9503092765808105,460,0
4.950629234313965,370,0
4.950790166854858,399,0
4.95093846321106,455,0
4.951107501983643,473,0
4.951233148574829,465,0
4.95161509513855,353,0
4.951796293258667,348,0
4.951932907104492,411,0
4.9520862102508545,446,0
4.952237367630005,480,0
4.9523608684539795,407,0
4.952508211135864,403,0
4.9526801109313965,469,0
4.952826261520386,490,0
4.952969551086426,533,0
4.95309853553772,468,0
4.953218936920166,446,0
4.953598976135254,512,0
4.953876495361328,530,0
4.954451084136963,583,0
4.954888582229614,518,0
4.955040693283081,473,0
4.955252647399902,522,0
4.956120491027832,545,0
4.958029747009277,600,0
4.958341598510742,542,0
4.95847749710083,475,0
4.958585500717163,541,0
4.958775281906128,568,0
4.958892345428467,604,0
4.9590394496917725,552,0
4.959156036376953,469,0
4.95928692817688,533,0
4.959401607513428,569,0
4.959517240524292,605,0
4.959632158279419,574,0
4.959741830825806,493,0
4.959844589233398,563,0
4.95994758605957,608,0
4.960061311721802,643,0
4.960161924362183,633,0
4.960268974304199,531,0
4.960368871688843,570,0
4.960468769073486,604,0
4.960572004318237,590,0
4.960672855377197,542,0
4.960772514343262,428,0
4.960892200469971,455,0
4.960993528366089,526,0
4.9610936641693115,565,0
4.961194276809692,579,0
4.9613165855407715,482,0
4.9614174365997314,462,0
4.961519002914429,513,0
4.961621999740601,509,0
4.961735963821411,537,0
4.961840629577637,451,0
4.961942672729492,431,0
4.9620513916015625,495,0
4.962160110473633,523,0
4.962263822555542,568,0
4.962366104125977,485,0
4.9624669551849365,446,0
4.962568044662476,520,0
4.962671995162964,530,0
4.962772607803345,575,0
4.962874174118042,501,0
4.962984323501587,438,0
4.963088750839233,498,0
4.963191270828247,527,0
4.963292121887207,570,0
4.9633917808532715,508,0
4.96349310874939,417,0
4.96359395980835,467,0
4.963695287704468,479,0
4.963796854019165,496,0
4.963897228240967,447,0
4.963998317718506,368,0
4.9641053676605225,429,0
4.96420693397522,453,0
4.964306831359863,492,0
4.964407920837402,464,0
4.964508771896362,361,0
4.9646100997924805,405,0
4.964710712432861,436,0
4.9648144245147705,466,0
4.96491551399231,454,0
4.965015888214111,357,0
4.965115308761597,410,0
4.965215682983398,484,0
4.9653143882751465,524,0
4.965415000915527,545,0
4.965514421463013,468,0
4.965617895126343,480,0
4.9657301902771,546,0
4.965834617614746,577,0
4.9659435749053955,597,0
4.966048002243042,493,0
4.966155290603638,462,0
4.966257333755493,516,0
4.96635890007019,511,0
4.966460466384888,534,0
4.9665610790252686,448,0
4.9666619300842285,412,0
4.9667649269104,477,0
4.966881513595581,492,0
4.967029094696045,533,0
4.967144012451172,462,0
4.96726131439209,407,0
4.9674952030181885,476,0
4.969640016555786,515,0
4.970807075500488,574,0
4.973053693771362,518,0
4.973390579223633,466,0
4.974550724029541,547,0
4.9788501262664795,574,0
4.984185218811035,592,0
4.988105535507202,527,0
4.998460054397583,437,0
5.007958889007568,487,0
5.01417088508606,531,0
5.018595933914185,593,0
5.023206949234009,568,0
5.025386810302734,454,0
5.026837348937988,498,0
5.030849933624268,533,0
5.034017324447632,563,0
5.037353515625,543,0
5.039128303527832,439,0
5.0398008823394775,481,0
5.040601491928101,546,0
5.042835712432861,580,0
5.045609712600708,583,0
5.04656982421875,491,0
5.046907424926758,507,0
5.047335386276245,562,0
5.047777891159058,592,0
5.04803204536438,609,0
5.0485169887542725,502,0
5.050958633422852,498,0
5.052820444107056,554,0
5.054651737213135,579,0
5.055112838745117,616,0
5.0554656982421875,524,0
5.057386875152588,501,0
5.059724807739258,564,0
5.061658620834351,575,0
5.063145637512207,616,0
5.0640175342559814,529,0
5.065431118011475,481,0
5.067673206329346,535,0
5.068329811096191,545,0
5.069282054901123,584,0
5.071805953979492,481,0
5.072815418243408,355,0
5.0749359130859375,360,0
5.076286315917969,346,0
5.077146291732788,410,0
5.077671051025391,368,0
5.078431129455566,309,0
5.0791285037994385,396,0
5.082156419754028,439,0
5.082913160324097,485,0
5.083646297454834,445,0
5.084062337875366,347,0
5.08640193939209,409,0
5.089766979217529,461,0
5.092589855194092,526,0
5.094170093536377,531,0
5.0948193073272705,452,0
5.095404148101807,516,0
5.096110820770264,559,0
5.0965588092803955,589,0
5.0984015464782715,583,0
5.099359035491943,480,0
5.101372480392456,489,0
5.102080583572388,529,0
5.1038384437561035,561,0
5.104304313659668,579,0
5.104598045349121,495,0
5.104971885681152,493,0
5.1058337688446045,554,0
5.106397867202759,586,0
5.107245445251465,618,0
5.107644557952881,548,0
5.109492301940918,532,0
5.111302852630615,590,0
5.113347768783569,596,0
5.114801645278931,614,0
5.115674734115601,525,0
5.116614580154419,504,0
5.117359638214111,559,0
5.1195292472839355,568,0
5.122915267944336,608,0
5.123629093170166,554,0
5.123986482620239,513,0
5.12467622756958,561,0
5.131794691085815,570,0
5.141400337219238,615,0
5.145117521286011,552,0
5.148405075073242,466,0
5.150439500808716,517,0
5.151072263717651,530,0
5.15152907371521,571,0
5.151950359344482,510,0
5.152392625808716,421,0
5.152779817581177,462,0
5.157032489776611,478,0
5.161915302276611,506,0
5.168049335479736,486,0
5.1906418800354,392,0
5.202807664871216,451,0
5.21363377571106,493,0
5.23583722114563,521,0
5.245147228240967,502,0
5.2476723194122314,393,0
5.259361267089844,404,0
5.264416694641113,449,0
5.265650510787964,477,0
5.266549110412598,486,0
5.269300699234009,406,0
5.272858142852783,420,0
5.2806854248046875,469,0
5.2817723751068115,484,0
5.282278299331665,505,0
5.282855987548828,422,0
5.283111810684204,420,0
5.2835328578948975,477,0
5.283827304840088,488,0
5.2843053340911865,520,0
5.28485894203186,442,0
5.293012857437134,420,0
5.293871641159058,483,0
5.295480966567993,491,0
5.2973480224609375,526,0
5.299088716506958,454,0
5.299689292907715,430,0
5.299956321716309,501,0
5.300269603729248,519,0
5.300422191619873,550,0
5.300752878189087,476,0
5.301016330718994,412,0
5.301252603530884,473,0
5.301482677459717,486,0
5.301675081253052,536,0
5.301944255828857,501,0
5.302161931991577,427,0
5.302454233169556,491,0
5.302684545516968,527,0
5.302906274795532,577,0
5.303118944168091,535,0
5.308416366577148,449,0
5.309920310974121,513,0
5.312834978103638,551,0
5.3135645389556885,584,0
5.313785791397095,555,0
5.314042806625366,431,0
5.314273834228516,466,0
5.314562559127808,487,0
5.314767360687256,502,0
5.314911842346191,483,0
5.315171480178833,374,0
5.315386533737183,390,0
5.315756320953369,424,0
5.317925453186035,442,0
5.319087505340576,464,0
5.319330930709839,376,0
5.3197181224823,378,0
5.319862127304077,423,0
5.3246541023254395,434,0
5.326341867446899,457,0
5.326588153839111,398,0
5.326921701431274,396,0
5.327248573303223,450,0
5.3275697231292725,453,0
5.328032732009888,490,0
5.328876733779907,418,0
5.329485654830933,369,0
5.330039739608765,425,0
5.332980155944824,450,0
5.333399534225464,501,0
5.333588123321533,433,0
5.335463285446167,406,0
5.335747718811035,491,0
5.33614182472229,526,0
5.337327003479004,594,0
5.338663578033447,556,0
5.339065790176392,494,0
5.341222286224365,578,0
5.342139959335327,630,0
5.343405246734619,688,0
5.344236850738525,667,0
5.344919443130493,592,0
5.34533953666687,646,0
5.3455164432525635,678,0
5.345816612243652,727,0
5.347106456756592,713,0
5.3474509716033936,614,0
5.3482255935668945,654,0
5.350258827209473,699,0
5.350686311721802,734,0
5.351613521575928,725,0
5.352487564086914,633,0
5.3547141551971436,660,0
5.355129957199097,716,0
5.355346202850342,747,0
5.35589337348938,746,0
5.3582422733306885,645,0
5.358885288238525,647,0
5.35908055305481,687,0
5.359478712081909,657,0
5.359708309173584,644,0
5.359951734542847,543,0
5.360135793685913,522,0
5.360376834869385,562,0
5.360696792602539,568,0
5.360994815826416,593,0
5.361288070678711,498,0
5.361461400985718,442,0
5.361757755279541,476,0
5.362706422805786,476,0
5.363320827484131,506,0
5.364067554473877,431,0
5.3642332553863525,374,0
5.364891529083252,416,0
5.365296363830566,410,0
5.365509986877441,441,0
5.365747690200806,370,0
5.366011381149292,299,0
5.377696514129639,350,0
5.3848559856414795,357,0
5.387529611587524,394,0
5.388279914855957,353,0
5.388751745223999,274,0
5.389405012130737,325,0
5.392500877380371,368,0
5.396517276763916,428,0
5.4003190994262695,427,0
5.404424428939819,353,0
5.408202648162842,410,0
5.4120941162109375,455,0
5.4160637855529785,492,0
5.419899940490723,476,0
5.423721790313721,383,0
5.42771053314209,421,0
5.431575775146484,463,0
5.435462951660156,507,0
5.439443111419678,505,0
5.443499565124512,402,0
5.447268009185791,422,0
5.451146364212036,476,0
5.455153465270996,502,0
5.45889949798584,536,0
5.462822198867798,467,0
5.46673846244812,482,0
5.470735549926758,527,0
5.474589824676514,535,0
5.478540420532227,578,0
5.482501983642578,481,0
5.486495494842529,470,0
5.490307092666626,555,0
5.494198560714722,586,0
5.498141050338745,636,0
5.502137899398804,561,0
5.505871295928955,500,0
5.510059118270874,546,0
5.513734579086304,538,0
5.517701625823975,570,0
5.521673917770386,503,0
5.525525331497192,449,0
5.529412031173706,520,0
5.533475160598755,552,0
5.537259101867676,607,0
5.541153430938721,562,0
5.54510498046875,496,0
5.54905104637146,565,0
5.5528883934021,600,0
5.55683159828186,656,0
5.560675144195557,630,0
5.564675331115723,559,0
5.568528652191162,618,0
5.5725274085998535,642,0
5.57649564743042,679,0
5.580312967300415,662,0
5.584129810333252,579,0
5.588526487350464,624,0
5.592061519622803,662,0
5.595904350280762,701,0
5.59990930557251,685,0
5.639174222946167,577,0
5.699891805648804,599,0
5.707035541534424,639,0
5.712331771850586,639,0
5.752863883972168,625,0
5.7614521980285645,519,0
5.7640814781188965,515,0
5.765939950942993,558,0
5.766557455062866,579,0
5.766834020614624,611,0
5.767225503921509,540,0
5.767530918121338,558,0
5.7679033279418945,622,0
5.768703460693359,646,0
5.7689738273620605,703,0
5.769392013549805,642,0
5.769550561904907,610,0
5.769983530044556,657,0
5.775964260101318,647,0
5.776795148849487,691,0
5.777145147323608,617,0
5.778990983963013,560,0
5.779855728149414,624,0
5.780267953872681,661,0
5.783732652664185,700,0
5.790509223937988,633,0
5.795039892196655,572,0
5.796923875808716,624,0
5.797256231307983,622,0
5.7977025508880615,645,0
5.7981274127960205,595,0
5.798639297485352,509,0
5.798977613449097,567,0
5.802334547042847,607,0
5.811159133911133,649,0
5.814761400222778,601,0
5.815673112869263,494,0
5.816810131072998,553,0
5.81757116317749,580,0
5.824305534362793,593,0
5.828671932220459,551,0
5.829367399215698,455,0
5.829912185668945,482,0
5.830565929412842,534,0
5.831212282180786,595,0
5.835540056228638,598,0
5.845522165298462,501,0
5.84734845161438,522,0
5.8508522510528564,572,0
5.852466821670532,604,0
5.853179454803467,625,0
5.854338884353638,558,0
5.85664176940918,560,0
5.859165668487549,607,0
5.860212087631226,638,0
5.861565828323364,672,0
5.863192319869995,616,0
5.863945960998535,611,0
5.864640474319458,671,0
5.866521120071411,693,0
5.872096300125122,753,0
5.87343692779541,683,0
5.874072551727295,644,0
5.874432325363159,694,0
5.874948501586914,693,0
5.8777174949646,731,0
5.878371715545654,656,0
5.87912654876709,591,0
5.87987208366394,644,0
5.880074977874756,666,0
5.880778789520264,687,0
5.883943557739258,598,0
5.886067867279053,505,0
5.889380931854248,541,0
5.893266439437866,559,0
5.897275686264038,591,0
5.901125431060791,545,0
5.905008554458618,453,0
5.908856153488159,486,0
5.912806510925293,475,0
5.916669607162476,494,0
5.9205663204193115,460,0
5.924543142318726,379,0
5.928405523300171,448,0
5.932490587234497,514,0
5.936394929885864,576,0
5.94017767906189,588,0
5.944180488586426,500,0
5.948083162307739,519,0
5.952428579330444,559,0
5.959718704223633,592,0
5.960125207901001,599,0
5.9635910987854,499,0
5.968780040740967,498,0
5.972544193267822,554,0
5.97537636756897,570,0
5.979432821273804,583,0
5.983226776123047,504,0
5.987212181091309,488,0
5.9910876750946045,523,0
5.994956731796265,516,0
5.998876094818115,544,0
6.0027875900268555,461,0
6.00664210319519,419,0
6.010671138763428,477,0
6.014651298522949,498,0
6.018361330032349,545,0
6.023377895355225,480,0
6.026354551315308,422,0
6.0302746295928955,492,0
6.0341408252716064,522,0
6.038135528564453,563,0
6.041940212249756,496,0
6.045799970626831,426,0
6.050710439682007,488,0
6.056530714035034,513,0
6.0605833530426025,557,0
6.063113689422607,513,0
6.067096471786499,420,0
6.0695579051971436,468,0
6.073271989822388,492,0
6.07722282409668,526,0
6.081112384796143,489,0
6.0849289894104,409,0
6.088781833648682,466,0
6.092784404754639,507,0
6.09694504737854,535,0
6.100607395172119,503,0
6.105566501617432,397,0
6.128569841384888,427,0
6.140863418579102,468,0
6.148998022079468,494,0
6.1505091190338135,475,0
6.151121139526367,381,0
6.163311719894409,409,0
6.16530179977417,457,0
6.174681663513184,478,0
6.176905393600464,506,0
6.192981243133545,419,0
6.20806097984314,408,0
6.2090675830841064,449,0
6.209665536880493,463,0
6.212703704833984,503,0
6.213240385055542,427,0
6.213587999343872,417,0
6.213997840881348,486,0
6.217529535293579,494,0
6.21825385093689,545,0
6.218625068664551,496,0
6.218897342681885,462,0
6.220250368118286,505,0
6.220793008804321,504,0
6.220990180969238,538,0
6.221179008483887,448,0
6.221325159072876,374,0
6.2214648723602295,424,0
6.221665143966675,441,0
6.2244672775268555,485,0
6.225574970245361,426,0
6.2258381843566895,363,0
6.229658842086792,426,0
6.233563184738159,439,0
6.237510442733765,476,0
6.241362810134888,444,0
6.245408058166504,362,0
6.249419927597046,411,0
6.2569427490234375,433,0
6.2575273513793945,474,0
6.2609593868255615,467,0
6.264909505844116,382,0
6.268754243850708,435,0
6.272742986679077,480,0
6.276553392410278,514,0
6.280540227890015,507,0
6.284747123718262,398,0
6.289541482925415,408,0
6.292377710342407,447,0
6.296202659606934,477,0
6.301015853881836,489,0
6.307867527008057,389,0
6.308250427246094,388,0
6.3118391036987305,440,0
6.315691232681274,442,0
6.31958532333374,440,0
6.323572874069214,347,0
6.327545642852783,335,0
6.342309236526489,371,0
6.3432936668396,380,0
6.347261428833008,420,0
6.34784460067749,346,0
6.348077297210693,325,0
6.350877523422241,394,0
6.354892015457153,417,0
6.358696222305298,477,0
6.362616062164307,414,0
6.366588354110718,369,0
6.3737571239471436,448,0
6.374528884887695,488,0
6.38279390335083,550,0
6.383470773696899,483,0
6.386239767074585,428,0
6.390171527862549,493,0
6.393907070159912,532,0
6.397939205169678,590,0
6.401719093322754,552,0
6.405655860900879,483,0
6.40966010093689,528,0
6.419061660766602,543,0
6.419458627700806,571,0
6.421844482421875,518,0
6.425204515457153,420,0
6.429270505905151,440,0
6.433120489120483,455,0
6.437150239944458,492,0
6.440875291824341,473,0
6.444772243499756,378,0
6.448681592941284,400,0
6.4526848793029785,433,0
6.456576585769653,459,0
6.460455417633057,457,0
6.467735290527344,387,0
6.469292402267456,433,0
6.472437858581543,497,0
6.481967926025391,533,0
6.482996225357056,555,0
6.485009431838989,474,0
6.487887382507324,493,0
6.502673387527466,563,0
6.524001836776733,597,0
6.526494741439819,652,0
6.527867555618286,581,0
6.528301477432251,552,0
6.528743743896484,601,0
6.529521226882935,604,0
6.530332803726196,634,0
6.530614137649536,546,0
6.530864953994751,486,0
6.5310657024383545,519,0
6.535203456878662,522,0
6.538777112960815,562,0
6.542633056640625,515,0
6.55155086517334,467,0
6.552689552307129,531,0
6.5544164180755615,545,0
6.5584094524383545,584,0
6.589049816131592,522,0
6.58976411819458,447,0
6.625187158584595,512,0
6.6279144287109375,538,0
6.628319978713989,578,0
6.628530025482178,535,0
6.628755331039429,449,0
6.628961801528931,498,0
6.629162549972534,527,0
6.629356861114502,537,0
6.629568338394165,519,0
6.629823684692383,422,0
6.630086660385132,444,0
6.630280017852783,474,0
6.630459547042847,506,0
6.630786180496216,496,0
6.631031274795532,402,0
6.631374835968018,426,0
6.632613658905029,464,0
6.636525869369507,498,0
6.648059844970703,514,0
6.648293972015381,426,0
6.648754596710205,431,0
6.6521971225738525,480,0
6.6561243534088135,518,0
6.660100221633911,563,0
6.6654698848724365,490,0
6.667884111404419,489,0
6.671785116195679,559,0
6.675682544708252,588,0
6.679654121398926,639,0
6.683561325073242,564,0
6.687624931335449,524,0
6.691293239593506,570,0
6.695294618606567,560,0
6.699168920516968,582,0
6.7030534744262695,502,0
6.706950664520264,471,0
6.710861682891846,530,0
6.714834451675415,563,0
6.723512172698975,618,0
6.724470615386963,558,0
6.726469278335571,460,0
6.730488300323486,496,0
6.734435319900513,505,0
6.74768853187561,565,0
6.74818754196167,542,0
6.748941421508789,476,0
6.77736759185791,536,0
6.781859874725342,566,0
6.7940990924835205,612,0
6.875392436981201,587,0
6.886009454727173,494,0
6.908955812454224,531,0
6.935657262802124,554,0
6.95568585395813,573,0
6.966122388839722,556,0
6.9724037647247314,479,0
6.976411819458008,520,0
6.978219509124756,559,0
6.979048013687134,588,0
6.979355096817017,590,0
6.979863166809082,487,0
6.980084657669067,496,0
6.9804816246032715,549,0
6.980748653411865,561,0
6.981232166290283,575,0
6.981539726257324,482,0
6.981793642044067,483,0
6.982199192047119,547,0
6.982727527618408,577,0
6.9832587242126465,606,0
6.984393358230591,524,0
6.986589193344116,504,0
6.987662315368652,556,0
6.987926006317139,559,0
6.9882652759552,618,0
6.98851203918457,565,0
6.988813161849976,520,0
6.989027738571167,567,0
6.989295721054077,570,0
6.989633083343506,621,0
6.989851474761963,557,0
6.9900736808776855,491,0
6.990315914154053,542,0
6.990520477294922,565,0
6.990727424621582,630,0
6.991283416748047,577,0
6.991702556610107,492,0
6.991968393325806,543,0
6.992982625961304,573,0
6.993495464324951,614,0
6.993780851364136,548,0
6.994173765182495,424,0
6.994473218917847,440,0
6.994829177856445,449,0
6.995237827301025,464,0
6.995404958724976,424,0
6.995805740356445,320,0
6.997464418411255,368,0
6.999169111251831,402,0
6.999836683273315,414,0
7.000701427459717,402,0
7.0011632442474365,306,0
7.001440763473511,322,0
7.0017249584198,361,0
7.0026233196258545,390,0
7.003002882003784,408,0
7.005536794662476,327,0
7.00584077835083,333,0
7.006399393081665,391,0
7.0066022872924805,427,0
7.006972312927246,464,0
7.007932424545288,411,0
7.00884222984314,413,0
7.012211322784424,463,0
7.016129970550537,466,0
7.0199339389801025,510,0
7.02376389503479,416,0
7.027653932571411,380,0
7.031616687774658,436,0
7.035527229309082,449,0
7.039511680603027,501,0
7.043494701385498,447,0
7.047282457351685,403,0
7.0513129234313965,467,0
7.0552074909210205,482,0
7.059212923049927,516,0
7.062962293624878,443,0
7.067118883132935,367,0
7.070838928222656,425,0
7.074650764465332,446,0
7.078552961349487,485,0
7.08250093460083,432,0
7.0865161418914795,347,0
7.0904176235198975,400,0
7.0943639278411865,413,0
7.098144769668579,448,0
7.102140665054321,412,0
7.106015920639038,305,0
7.109816312789917,339,0
7.1138222217559814,364,0
7.117679834365845,394,0
7.121655464172363,391,0
7.125497102737427,259,0
7.129421949386597,268,0
7.133376598358154,305,0
7.137338638305664,348,0
7.143594980239868,380,0
7.145949602127075,315,0
7.149080991744995,345,0
7.152895450592041,397,0
7.156863451004028,439,0
7.16076135635376,482,0
7.164707183837891,413,0
7.16855788230896,413,0
7.172561407089233,469,0
7.1764562129974365,502,0
7.180253505706787,540,0
7.184221267700195,472,0
7.188263177871704,459,0
7.192080020904541,531,0
7.19592547416687,549,0
7.199830055236816,588,0
7.203803300857544,510,0
7.207751274108887,457,0
7.211524486541748,504,0
7.21553897857666,520,0
7.2195916175842285,570,0
7.223474740982056,523,0
7.227205753326416,490,0
7.23119330406189,560,0
7.235100030899048,584,0
7.239062786102295,632,0
7.24290919303894,587,0
7.246851921081543,522,0
7.250695466995239,581,0
7.254633188247681,603,0
7.258562326431274,644,0
7.262403964996338,609,0
7.266459226608276,509,0
7.270495891571045,555,0
7.274280309677124,586,0
7.278137683868408,606,0
7.28205418586731,584,0
7.285876750946045,492,0
7.289826393127441,524,0
7.293703079223633,572,0
7.297635555267334,620,0
7.301594018936157,604,0
7.305450677871704,503,0
7.309357166290283,526,0
7.3134565353393555,564,0
7.317234754562378,590,0
7.321221113204956,607,0
7.325090408325195,521,0
7.328948020935059,518,0
7.332905054092407,568,0
7.336845397949219,599,0
7.340640544891357,631,0
7.344609975814819,568,0
7.348479270935059,569,0
7.352468252182007,630,0
7.356419563293457,644,0
7.360318660736084,674,0
7.364218473434448,598,0
7.3681111335754395,562,0
7.371955633163452,622,0
7.375911474227905,638,0
7.379818677902222,690,0
7.383725643157959,634,0
7.387682914733887,583,0
7.391615390777588,641,0
7.395509481430054,667,0
7.399336338043213,717,0
7.403268575668335,650,0
7.407230377197266,566,0
7.411192893981934,616,0
7.415069103240967,636,0
7.418948650360107,675,0
7.422912359237671,618,0
7.4267802238464355,524,0
7.430650949478149,570,0
7.4345598220825195,594,0
7.438542127609253,646,0
7.442540407180786,624,0
7.4463419914245605,546,0
7.450308322906494,595,0
7.454283952713013,625,0
7.458101272583008,655,0
7.46192741394043,646,0
7.465865135192871,549,0
7.469850778579712,574,0
7.47369122505188,609,0
7.477567911148071,624,0
7.481485366821289,623,0
7.485564708709717,527,0
7.4893798828125,528,0
7.493225574493408,566,0
7.497258901596069,598,0
7.5011677742004395,630,0
7.505070447921753,549,0
7.508914470672607,540,0
7.512791872024536,585,0
7.516730308532715,600,0
7.520740270614624,609,0
7.524555683135986,514,0
7.528420686721802,474,0
7.532505512237549,531,0
7.536269903182983,566,0
7.540250301361084,636,0
7.544153928756714,570,0
7.54813814163208,540,0
7.552034378051758,613,0
7.555894136428833,641,0
7.559829235076904,702,0
7.563664436340332,650,0
7.567575693130493,593,0
7.571515798568726,663,0
7.575480937957764,682,0
7.579553127288818,710,0
7.584298610687256,660,0
7.587460517883301,588,0
7.591132402420044,645,0
7.59493613243103,668,0
7.598881006240845,699,0
7.60286808013916,652,0
7.606763601303101,568,0
7.61060643196106,616,0
7.6145570278167725,646,0
7.618424415588379,664,0
7.622518301010132,629,0
7.62640380859375,524,0
7.6301867961883545,566,0
7.6341328620910645,594,0
7.638124942779541,617,0
7.642096042633057,601,0
7.646141767501831,510,0
7.649764060974121,540,0
7.653661012649536,584,0
7.6576197147369385,578,0
7.661474943161011,565,0
7.665350437164307,486,0
7.669451951980591,517,0
7.673223257064819,585,0
7.677139520645142,605,0
7.681086301803589,639,0
7.684934616088867,568,0
7.688932180404663,561,0
7.692835807800293,628,0
7.6967387199401855,662,0
7.7005696296691895,702,0
7.704591989517212,596,0
7.7084715366363525,547,0
7.712381362915039,601,0
7.7162299156188965,633,0
7.7202019691467285,689,0
7.724105358123779,625,0
7.7279839515686035,568,0
7.731858730316162,631,0
7.735809564590454,650,0
7.739816188812256,695,0
7.743687152862549,630,0
7.7476441860198975,552,0
7.7515904903411865,599,0
7.755361080169678,618,0
7.759243011474609,658,0
7.763170957565308,601,0
7.767202854156494,495,0
7.771085023880005,522,0
7.7749152183532715,527,0
7.77889347076416,555,0
7.782896280288696,519,0
7.786651134490967,422,0
7.790565729141235,463,0
7.794579029083252,516,0
7.7985451221466064,563,0
7.8022918701171875,550,0
7.80633544921875,439,0
7.81024432182312,463,0
7.814895868301392,504,0
7.817978143692017,527,0
7.821869611740112,529,0
7.82573938369751,423,0
7.829771280288696,432,0
7.833585977554321,502,0
7.837600946426392,529,0
7.8414061069488525,541,0
7.845321178436279,450,0
7.849271059036255,449,0
7.853181838989258,505,0
7.857164144515991,506,0
7.860954999923706,526,0
7.864924907684326,435,0
7.868861436843872,412,0
7.872727870941162,479,0
7.876596927642822,499,0
7.880509376525879,550,0
7.884461879730225,467,0
7.888482093811035,407,0
7.892345428466797,474,0
7.896238088607788,505,0
7.900243520736694,562,0
7.904104948043823,494,0
7.907969951629639,437,0
7.911839962005615,513,0
7.915717124938965,561,0
7.919711589813232,608,0
7.923527956008911,534,0
7.927450180053711,428,0
7.93150520324707,463,0
7.935256004333496,503,0
7.939295530319214,579,0
7.943277835845947,567,0
7.94708776473999,473,0
7.95094633102417,492,0
7.954949855804443,517,0
7.958833932876587,559,0
7.962652683258057,570,0
7.966559648513794,478,0
7.9705650806427,487,0
7.974375009536743,501,0
7.978430271148682,534,0
7.98230767250061,538,0
7.98624324798584,427,0
7.990555763244629,418,0
7.994173765182495,445,0
7.997876882553101,476,0
8.001839399337769,502,0
8.005717039108276,426,0
8.009589672088623,419,0
8.013498783111572,473,0
8.01741361618042,503,0
8.021394491195679,550,0
8.025436639785767,478,0
8.029180765151978,444,0
8.033143043518066,480,0
8.037154197692871,498,0
8.040889739990234,556,0
8.04480767250061,490,0
8.048765182495117,437,0
8.052717924118042,476,0
8.056667804718018,501,0
8.060513019561768,556,0
8.064462900161743,489,0
8.068396806716919,416,0
8.072332859039307,457,0
8.076128005981445,477,0
8.08008098602295,515,0
8.083934783935547,453,0
8.088228702545166,377,0
8.091769933700562,414,0
8.09575867652893,429,0
8.099575996398926,497,0
8.103522777557373,503,0
8.107415914535522,446,0
8.1113862991333,501,0
8.115363121032715,551,0
8.119247674942017,620,0
8.123103618621826,626,0
8.127047538757324,547,0
8.130924463272095,572,0
8.134822368621826,616,0
8.1387357711792,661,0
8.142720699310303,670,0
8.146541595458984,575,0
8.150519132614136,584,0
8.154510498046875,633,0
8.158281326293945,682,0
8.162242412567139,698,0
8.166224241256714,605,0
8.176553010940552,588,0
8.178139925003052,638,0
8.17885446548462,666,0
8.183703184127808,704,0
8.189456462860107,620,0
8.189749956130981,596,0
8.19351577758789,660,0
8.197469472885132,704,0
8.289307117462158,755,0
8.295301914215088,672,0
8.298541069030762,620,0
8.302526712417603,639,0
8.319961071014404,639,0
8.398698568344116,694,0
8.399285316467285,632,0
8.400564908981323,570,0
8.40137529373169,599,0
8.401675701141357,616,0
8.40241813659668,670,0
8.403221368789673,616,0
8.403579711914062,535,0
8.404012203216553,571,0
8.404205322265625,608,0
8.404374122619629,672,0
8.404632806777954,641,0
8.405159711837769,550,0
8.405307292938232,561,0
8.40557312965393,573,0
8.406081914901733,624,0
8.406550168991089,609,0
8.406723737716675,507,0
8.40683889389038,522,0
8.406943798065186,572,0
8.40704345703125,620,0
8.407145261764526,609,0
8.407246112823486,498,0
8.407336950302124,492,0
8.40746521949768,511,0
8.407639026641846,554,0
8.407759666442871,584,0
8.407902240753174,492,0
8.408018112182617,483,0
8.408143758773804,518,0
8.408257961273193,566,0
8.408373594284058,608,0
8.408487319946289,553,0
8.408616065979004,552,0
8.408831596374512,600,0
8.409083366394043,641,0
8.409265279769897,700,0
8.409401655197144,631,0
8.409505367279053,594,0
8.409597873687744,636,0
8.40971565246582,663,0
8.409883975982666,722,0
8.40999984741211,671,0
8.410121202468872,634,0
8.410237312316895,658,0
8.410354137420654,680,0
8.410468101501465,743,0
8.410584449768066,680,0
8.41070294380188,604,0
8.41258454322815,634,0
8.416455268859863,656,0
8.420417785644531,702,0
8.424488306045532,633,0
8.42820405960083,546,0
8.432200193405151,586,0
8.43606948852539,616,0
8.440032482147217,663,0
8.443905115127563,612,0
8.447821140289307,517,0
8.451765775680542,542,0
8.455628395080566,580,0
8.478115320205688,650,0
8.481269836425781,645,0
8.481908321380615,522,0
8.482403993606567,513,0
8.482683420181274,525,0
8.483002662658691,558,0
8.48418116569519,571,0
8.48721194267273,471,0
8.498409748077393,454,0
8.505297422409058,494,0
8.506561040878296,530,0
8.507229566574097,555,0
8.507523775100708,479,0
8.510519027709961,471,0
8.514424800872803,530,0
8.518290042877197,575,0
8.522246360778809,601,0
8.526183605194092,486,0
8.529956340789795,444,0
8.533851146697998,461,0
8.537769794464111,475,0
8.541752338409424,533,0
8.545719385147095,475,0
8.549566984176636,442,0
8.554015398025513,500,0
8.557823419570923,527,0
8.563432693481445,567,0
8.56796407699585,502,0
8.56971549987793,457,0
8.576416492462158,501,0
8.586543321609497,551,0
8.595707416534424,641,0
8.600504636764526,612,0
8.610607147216797,549,0
8.615293741226196,584,0
8.619383335113525,607,0
8.621278762817383,666,0
8.621769905090332,646,0
8.62203049659729,574,0
8.622296571731567,618,0
8.62249755859375,648,0
8.622680902481079,702,0
8.623826026916504,673,0
8.627811908721924,561,0
8.631668329238892,588,0
8.63559865951538,635,0
8.639509916305542,700,0
8.643580198287964,693,0
8.647457122802734,587,0
8.651216983795166,591,0
8.655200958251953,627,0
8.659134864807129,665,0
8.663045406341553,678,0
8.666845083236694,593,0
8.670811414718628,595,0
8.674667119979858,629,0
8.67865538597107,654,0
8.68248462677002,674,0
8.686390161514282,573,0
8.690317869186401,531,0
8.694366216659546,564,0
8.69814133644104,598,0
8.702133655548096,644,0
8.706063985824585,565,0
8.709916591644287,529,0
8.713775157928467,550,0
8.717711925506592,536,0
8.721653938293457,557,0
8.725518703460693,445,0
8.729432582855225,380,0
8.733394622802734,424,0
8.737279415130615,445,0
8.741184949874878,510,0
8.745206832885742,463,0
8.749069452285767,399,0
8.752891540527344,430,0
8.756848096847534,461,0
8.76076626777649,522,0
8.764647960662842,480,0
8.768548250198364,368,0
8.772563934326172,396,0
8.77635645866394,437,0
8.78034782409668,505,0
8.78420877456665,497,0
8.788174390792847,437,0
8.7920823097229,471,0
8.795945405960083,509,0
8.799844026565552,579,0
8.80410385131836,578,0
8.807668447494507,491,0
8.811619758605957,500,0
8.815521717071533,532,0
8.819461107254028,574,0
8.8233642578125,533,0
8.8272705078125,410,0
8.831305265426636,408,0
8.835171461105347,441,0
8.839070320129395,475,0
8.842994928359985,487,0
8.846804141998291,388,0
8.850811243057251,376,0
8.854704141616821,427,0
8.858618974685669,468,0
8.862435579299927,491,0
8.86637544631958,410,0
8.870563268661499,383,0
8.874348163604736,419,0
8.878162860870361,437,0
8.882167339324951,479,0
8.886014938354492,412,0
8.889894008636475,377,0
8.893799543380737,408,0
8.897696733474731,414,0
8.901848316192627,458,0
8.905503273010254,392,0
8.90950345993042,340,0
8.913487195968628,389,0
8.917316675186157,423,0
8.921256065368652,490,0
8.92513132095337,457,0
8.929128885269165,390,0
8.932860851287842,424,0
8.937187671661377,442,0
8.940805196762085,476,0
8.944655418395996,437,0
8.948621034622192,366,0
8.952607154846191,410,0
8.956403493881226,440,0
8.960289716720581,486,0
8.964276552200317,451,0
8.968236684799194,343,0
8.972090721130371,358,0
8.978267908096313,382,0
8.980045795440674,441,0
8.983881950378418,436,0
8.987720489501953,326,0
8.99397087097168,339,0
8.997653484344482,389,0
8.999600410461426,440,0
9.00336217880249,468,0
9.007233619689941,390,0
9.011228322982788,394,0
9.015192985534668,442,0
9.01905632019043,492,0
9.022886753082275,527,0
9.026777744293213,440,0
9.030759572982788,422,0
9.034756660461426,460,0
9.038666725158691,496,0
9.042510509490967,542,0
9.046437740325928,458,0
9.0502347946167,416,0
9.054244995117188,469,0
9.058132648468018,498,0
9.061963558197021,548,0
9.06592607498169,487,0
9.06981635093689,449,0
9.07381010055542,496,0
9.077624559402466,517,0
9.081585884094238,561,0
9.085565328598022,489,0
9.089474201202393,425,0
9.093342304229736,460,0
9.097265243530273,473,0
9.10122013092041,530,0
9.10513687133789,495,0
9.108940124511719,443,0
9.112854957580566,453,0
9.11672329902649,451,0
9.120843648910522,490,0
9.124633073806763,454,0
9.128554344177246,369,0
9.132530450820923,403,0
9.136464834213257,428,0
9.140271663665771,475,0
9.14414668083191,459,0
9.148236274719238,369,0
9.152189493179321,393,0
9.155989170074463,419,0
9.161404609680176,453,0
9.163719654083252,455,0
9.16776180267334,358,0
9.171539783477783,340,0
9.175518989562988,367,0
9.179546117782593,418,0
9.183375120162964,454,0
9.18729829788208,374,0
9.192286968231201,374,0
9.195175170898438,394,0
9.199010133743286,422,0
9.252265691757202,454,0
9.252761602401733,372,0
9.25303030014038,344,0
9.316936016082764,382,0
9.324331045150757,426,0
9.351583242416382,502,0
9.35288953781128,443,0
9.358015060424805,404,0
9.363180875778198,449,0
9.363847017288208,466,0
9.364081382751465,532,0
9.364312887191772,498,0
9.364539384841919,443,0
9.364784955978394,457,0
9.365020513534546,457,0
9.365303039550781,513,0
9.365546464920044,466,0
9.365979671478271,413,0
9.366776943206787,461,0
9.367107391357422,491,0
9.367332935333252,543,0
9.369024991989136,517,0
9.369416236877441,436,0
9.369677066802979,481,0
9.369956254959106,517,0
9.370179653167725,573,0
9.37111783027649,570,0
9.372084617614746,488,0
9.372719526290894,517,0
9.373085975646973,533,0
9.375556468963623,581,0
9.377347469329834,569,0
9.377764701843262,468,0
9.377973556518555,464,0
9.378250360488892,479,0
9.378435611724854,496,0
9.37862777709961,512,0
9.378829956054688,442,0
9.37923264503479,455,0
9.380163669586182,488,0
9.380489826202393,510,0
9.38083791732788,529,0
9.381224155426025,439,0
9.38289213180542,423,0
9.383511304855347,470,0
9.383754014968872,495,0
9.384057760238647,536,0
9.386685371398926,474,0
9.390624523162842,445,0
9.394860029220581,485,0
9.398439407348633,513,0
9.402418613433838,578,0
9.406376838684082,522,0
9.41023874282837,478,0
9.414196252822876,536,0
9.418136835098267,564,0
9.422447681427002,633,0
9.425898551940918,581,0
9.429823637008667,528,0
9.433723211288452,574,0
9.437588930130005,590,0
9.441538095474243,644,0
9.445404529571533,595,0
9.449374437332153,514,0
9.453349828720093,541,0
9.457305431365967,564,0
9.461145162582397,622,0
9.465107679367065,604,0
9.468870401382446,503,0
9.47282886505127,507,0
9.476786136627197,517,0
9.480621337890625,554,0
9.484564781188965,571,0
9.48861575126648,490,0
9.49245548248291,524,0
9.496236085891724,574,0
9.500190258026123,626,0
9.50419569015503,644,0
9.508115291595459,568,0
9.512169599533081,568,0
9.517736673355103,552,0
9.519755601882935,527,0
9.523671865463257,522,0
9.527615070343018,420,0
9.531602621078491,403,0
9.535541296005249,447,0
9.543519735336304,499,0
9.544974565505981,558,0
9.547192573547363,493,0
9.551210403442383,473,0
9.556516647338867,515,0
9.563542127609253,537,0
9.564118146896362,595,0
9.56679630279541,536,0
9.578155040740967,515,0
9.578727722167969,569,0
9.581166505813599,585,0
9.582413673400879,639,0
9.586496114730835,579,0
9.592338800430298,516,0
9.594191074371338,552,0
9.59818172454834,572,0
9.601938009262085,628,0
9.60592794418335,578,0
9.610090494155884,511,0
9.613731622695923,550,0
9.617554426193237,570,0
9.62146806716919,632,0
9.625571012496948,595,0
9.629307985305786,521,0
9.633169651031494,564,0
9.637178182601929,574,0
9.641031503677368,611,0
9.644961833953857,581,0
9.648808479309082,489,0
9.652777910232544,495,0
9.65666389465332,507,0
9.660534143447876,541,0
9.6645028591156,554,0
9.668409585952759,456,0
9.672352313995361,451,0
9.676260948181152,466,0
9.680307388305664,491,0
9.68410587310791,514,0
9.687957048416138,426,0
9.69192099571228,433,0
9.695870876312256,481,0
9.699714183807373,506,0
9.70384693145752,534,0
9.707593441009521,463,0
9.711526155471802,453,0
9.715406656265259,497,0
9.719250679016113,524,0
9.723206281661987,583,0
9.727144479751587,529,0
9.731077671051025,507,0
9.734872817993164,540,0
9.738924026489258,549,0
9.742688179016113,600,0
9.746584415435791,540,0
9.750524044036865,499,0
9.754443883895874,548,0
9.758363485336304,564,0
9.76229739189148,619,0
9.766268014907837,567,0
9.770384311676025,508,0
9.77399730682373,559,0
9.777907848358154,567,0
9.782008409500122,622,0
9.78593373298645,597,0
9.789659023284912,531,0
9.793595552444458,575,0
9.797474384307861,599,0
9.80179762840271,647,0
9.805423021316528,626,0
9.80932068824768,537,0
9.813196897506714,568,0
9.817105770111084,591,0
9.821010828018188,629,0
9.824891567230225,620,0
9.8288094997406,518,0
9.832767486572266,541,0
9.83655595779419,568,0
9.840941667556763,609,0
9.844509840011597,625,0
9.848362684249878,531,0
9.852414608001709,535,0
9.856181144714355,575,0
9.860183715820312,607,0
9.864073991775513,635,0
9.867932081222534,569,0
9.871843338012695,560,0
9.875674486160278,584,0
9.879603862762451,612,0
9.883525371551514,654,0
9.887438774108887,588,0
9.891324520111084,573,0
9.89523959159851,605,0
9.899271488189697,626,0
9.903191328048706,677,0
9.907117366790771,586,0
9.910991191864014,525,0
9.914932250976562,539,0
9.918832302093506,550,0
9.922637224197388,609,0
9.926660060882568,547,0
9.930495977401733,471,0
9.934477806091309,508,0
9.93842601776123,506,0
9.942203044891357,548,0
9.946244955062866,483,0
9.950093507766724,388,0
9.95390272140503,420,0
9.957870721817017,438,0
9.961745738983154,490,0
9.965676307678223,466,0
9.969573259353638,392,0
9.97348165512085,432,0
9.977436065673828,476,0
9.98130989074707,539,0
9.992715835571289,545,0
9.992933750152588,456,0
9.993141412734985,470,0
9.997073411941528,497,0
10.0009183883667,535,0
10.004798889160156,520,0
10.008701801300049,428,0
10.012641191482544,459,0
10.016514301300049,515,0
10.020541191101074,557,0
10.024442672729492,575,0
10.028338432312012,499,0
10.032191514968872,503,0
10.036145210266113,526,0
10.040126085281372,551,0
10.043889045715332,577,0
10.047847032546997,490,0
10.051719188690186,482,0
10.05563473701477,525,0
10.059582948684692,537,0
10.063494443893433,569,0
10.067386627197266,492,0
10.071419954299927,450,0
10.075210094451904,485,0
10.079135656356812,509,0
10.083096027374268,562,0
10.087042331695557,501,0
10.090840339660645,447,0
10.09475302696228,472,0
10.098673820495605,485,0
10.105016946792603,549,0
10.130175590515137,504,0
10.130476713180542,447,0
10.130849599838257,494,0
10.131323099136353,512,0
10.131893873214722,553,0
10.132081508636475,520,0
10.132386207580566,464,0
10.134100198745728,505,0
10.138003826141357,538,0
10.144492149353027,583,0
10.147597789764404,562,0
10.151554346084595,478,0
10.153525352478027,514,0
10.157387018203735,552,0
10.161269903182983,603,0
10.16538119316101,611,0
10.169204711914062,519,0
10.173118352890015,540,0
10.177083492279053,563,0
10.180853128433228,609,0
10.184876441955566,621,0
10.188722610473633,534,0
10.192569732666016,532,0
10.19656753540039,559,0
10.200552225112915,585,0
10.204312086105347,605,0
10.208370208740234,531,0
10.212215662002563,535,0
10.216156005859375,567,0
10.220010995864868,585,0
10.223947048187256,606,0
10.228090286254883,515,0
10.23177456855774,490,0
10.23560118675232,534,0
10.239852666854858,549,0
10.243404865264893,594,0
10.24745798110962,514,0
10.251264333724976,456,0
10.255370140075684,513,0
10.25914216041565,554,0
10.263138055801392,634,0
10.266960144042969,596,0
10.270895719528198,541,0
10.274822235107422,566,0
10.278618812561035,575,0
10.282588720321655,624,0
10.286541938781738,589,0
10.290564060211182,524,0
10.294285297393799,551,0
10.29833984375,572,0
10.302151203155518,618,0
10.306135177612305,569,0
10.3099524974823,473,0
10.313870429992676,537,0
10.317771673202515,595,0
10.321765899658203,665,0
10.325584411621094,660,0
10.329511165618896,581,0
10.333522319793701,620,0
10.337651014328003,660,0
10.34133791923523,697,0
10.34520936012268,703,0
10.349181890487671,619,0
10.353064060211182,636,0
10.357238292694092,655,0
10.360987663269043,664,0
10.364773273468018,670,0
10.36870789527893,584,0
10.37261176109314,584,0
10.376588821411133,619,0
10.380594253540039,638,0
10.384253740310669,674,0
10.388193130493164,582,0
10.392200231552124,536,0
10.396358728408813,567,0
10.401429176330566,584,0
10.404074668884277,648,0
10.407819271087646,594,0
10.411710023880005,550,0
10.415609121322632,578,0
10.419608116149902,595,0
10.423870325088501,660,0
10.4275062084198,581,0
10.432344913482666,511,0
10.435221672058105,533,0
10.439477682113647,538,0
10.443752527236938,579,0
10.446955919265747,514,0
10.450768947601318,454,0
10.454720497131348,491,0
10.45860767364502,514,0
10.462578535079956,570,0
10.46644115447998,529,0
10.471580982208252,444,0
10.474459648132324,466,0
10.47823715209961,496,0
10.482143640518188,554,0
10.486176490783691,527,0
10.490330219268799,421,0
10.493897914886475,453,0
10.49777340888977,485,0
10.501751899719238,534,0
10.505869150161743,531,0
10.509500741958618,424,0
10.51336121559143,447,0
10.517406702041626,493,0
10.521403789520264,541,0
10.525139093399048,549,0
10.529119491577148,462,0
10.532992124557495,490,0
10.536856412887573,544,0
10.545011043548584,570,0
10.54757809638977,591,0
10.551915645599365,505,0
10.553543329238892,486,0
10.557854890823364,507,0
10.560550928115845,528,0
10.5643310546875,554,0
10.568323135375977,477,0
10.572150468826294,442,0
10.576029062271118,461,0
10.580230712890625,458,0
10.583883285522461,484,0
10.587724924087524,417,0
10.591947555541992,403,0
10.595718145370483,481,0
10.599575996398926,514,0
10.603819131851196,566,0
10.61348843574524,501,0
10.614711046218872,441,0
10.615449666976929,492,0
10.619115352630615,522,0
10.62296748161316,575,0
10.6269690990448,531,0
10.630764484405518,476,0
10.63473391532898,520,0
10.638618230819702,529,0
10.64260745048523,582,0
10.646480560302734,543,0
10.65030312538147,452,0
10.654433727264404,486,0
10.658265113830566,525,0
10.662145614624023,603,0
10.66592526435852,598,0
10.669924020767212,495,0
10.673787355422974,510,0
10.677770137786865,550,0
10.681658267974854,606,0
10.685494422912598,595,0
10.689525365829468,487,0
10.693389654159546,498,0
10.697252035140991,516,0
10.701169729232788,529,0
10.705148935317993,524,0
10.709136009216309,430,0
10.713152885437012,414,0
10.716818809509277,444,0
10.721940279006958,480,0
10.724717855453491,519,0
10.728639602661133,445,0
10.732471942901611,429,0
10.73646855354309,464,0
10.740381479263306,492,0
10.74424123764038,532,0
10.7481529712677,455,0
10.752173900604248,437,0
10.756652355194092,483,0
10.760146856307983,493,0
10.763747453689575,547,0
10.767751693725586,500,0
10.772499322891235,467,0
10.775545597076416,497,0
10.779406070709229,501,0
10.78339147567749,554,0
10.787813663482666,501,0
10.791200876235962,425,0
10.7951078414917,453,0
10.79894232749939,464,0
10.802854537963867,515,0
10.806824207305908,480,0
10.82008957862854,403,0
10.821713209152222,424,0
10.822125434875488,448,0
10.822489261627197,505,0
10.826956510543823,490,0
10.830252170562744,402,0
10.834328413009644,421,0
10.838191032409668,449,0
10.842123031616211,491,0
10.845911264419556,476,0
10.849801540374756,386,0
10.853778839111328,402,0
10.8577241897583,425,0
10.861663579940796,439,0
10.865591049194336,464,0
10.869383811950684,396,0
10.873387575149536,403,0
10.877260446548462,425,0
10.88123345375061,451,0
10.885124921798706,475,0
10.889169216156006,405,0
10.893140077590942,398,0
10.896765232086182,443,0
10.900664329528809,487,0
10.904636144638062,540,0
10.90878677368164,469,0
10.912567615509033,427,0
10.916344165802002,456,0
10.92021369934082,486,0
10.924235343933105,543,0
10.928208827972412,478,0
10.931995391845703,438,0
10.935972929000854,490,0
10.939843654632568,513,0
10.943694829940796,567,0
10.947611570358276,491,0
10.951541423797607,405,0
10.955476760864258,425,0
10.960006952285767,438,0
10.963294982910156,491,0
10.967218160629272,443,0
10.971174955368042,369,0
10.975270509719849,414,0
10.978941202163696,442,0
10.982869625091553,489,0
10.986764907836914,456,0
10.990901231765747,374,0
10.994577884674072,400,0
10.998492002487183,403,0
11.002501010894775,439,0
11.006560564041138,440,0
11.010326385498047,372,0
11.014302015304565,395,0
11.018165826797485,423,0
11.051738500595093,462,0
11.052380084991455,477,0
11.062548398971558,402,0
11.063463687896729,420,0
11.102030277252197,449,0
11.113370895385742,479,0
11.114248991012573,489,0
11.114798069000244,418,0
11.115105152130127,407,0
11.115277290344238,429,0
11.115435361862183,442,0
11.115560293197632,480,0
11.115743398666382,416,0
11.115910768508911,403,0
11.11606740951538,433,0
11.116220951080322,446,0
11.11636996269226,495,0
11.116516351699829,402,0
11.11666226387024,354,0
11.116811513900757,390,0
11.11696720123291,397,0
11.117114782333374,464,0
11.117273092269897,420,0
11.11741852760315,391,0
11.117564916610718,442,0
11.11971664428711,461,0
11.123867988586426,532,0
11.127649307250977,496,0
11.143337965011597,424,0
11.145018815994263,459,0
11.145541667938232,485,0
11.145977973937988,534,0
11.147210836410522,497,0
11.151182413101196,417,0
11.155017137527466,450,0
11.158865213394165,475,0
11.163005828857422,522,0
11.166682481765747,490,0
11.171165466308594,390,0
11.175710201263428,426,0
11.178498983383179,477,0
11.18246841430664,531,0
11.186345338821411,518,0
11.190263986587524,430,0
11.194138288497925,454,0
11.197964191436768,491,0
11.20193886756897,539,0
11.205911636352539,561,0
11.209789276123047,480,0
11.213653564453125,497,0
11.217562198638916,557,0
11.221468448638916,623,0
11.225371360778809,678,0
11.229470014572144,623,0
11.233346223831177,626,0
11.237323999404907,660,0
11.24110460281372,703,0
11.244921207427979,761,0
11.248881578445435,700,0
11.252818822860718,681,0
11.256716012954712,712,0
11.260578870773315,711,0
11.26464581489563,744,0
11.268424272537231,693,0
11.272601127624512,639,0
11.276370525360107,660,0
11.28020191192627,673,0
11.284104824066162,724,0
11.288090705871582,666,0
11.291954278945923,584,0
11.295795679092407,617,0
11.299742221832275,633,0
11.303919792175293,681,0
11.307727575302124,643,0
11.31172800064087,570,0
11.31535267829895,600,0
11.319308042526245,617,0
11.323266983032227,667,0
11.32724666595459,642,0
11.331083536148071,557,0
11.334946393966675,582,0
11.338847160339355,602,0
11.342719078063965,660,0
11.346668481826782,638,0
11.350683212280273,550,0
11.354645490646362,592,0
11.358621597290039,624,0
11.362348079681396,643,0
11.36641240119934,623,0
11.37028980255127,523,0
11.374177694320679,535,0
11.37796425819397,546,0
11.381991863250732,538,0
11.385942459106445,535,0
11.390321731567383,450,0
11.393610000610352,454,0
11.39753794670105,497,0
11.401599168777466,529,0
11.405670166015625,561,0
11.409339904785156,487,0
11.413281202316284,464,0
11.417289733886719,498,0
11.421176671981812,533,0
11.425215482711792,591,0
11.42884349822998,514,0
11.432815790176392,467,0
11.436721563339233,503,0
11.440681457519531,527,0
11.444463014602661,604,0
11.448470830917358,567,0
11.452404737472534,512,0
11.456234216690063,539,0
11.460233211517334,535,0
11.46412467956543,564,0
11.468069791793823,513,0
11.472100973129272,470,0
11.47577714920044,525,0
11.479714393615723,567,0
11.483611583709717,638,0
11.487619161605835,612,0
11.491550207138062,564,0
11.495574951171875,613,0
11.499258041381836,642,0
11.503209829330444,694,0
11.507380247116089,683,0
11.511157751083374,598,0
11.515017986297607,636,0
11.518922328948975,668,0
11.522836208343506,713,0
11.526684045791626,721,0
11.530536890029907,625,0
11.534440994262695,619,0
11.538508415222168,638,0
11.542485475540161,677,0
11.546247243881226,687,0
11.550165176391602,592,0
11.554143905639648,574,0
11.558070421218872,590,0
11.561864852905273,613,0
11.565712213516235,638,0
11.569632291793823,548,0
11.573654890060425,543,0
11.577471256256104,585,0
11.581613302230835,603,0
11.585509300231934,624,0
11.58971881866455,541,0
11.593241691589355,494,0
11.597179889678955,511,0
11.600955486297607,523,0
11.604931592941284,559,0
11.608927488327026,482,0
11.612668514251709,431,0
11.616710186004639,478,0
11.621071338653564,505,0
11.624595880508423,562,0
11.62847638130188,516,0
11.632495641708374,457,0
11.636359453201294,486,0
11.640258550643921,495,0
11.644366264343262,543,0
11.648168802261353,508,0
11.651877403259277,424,0
11.655789613723755,444,0
11.6596519947052,451,0
11.663599252700806,490,0
11.667555332183838,461,0
11.671549320220947,408,0
11.675434827804565,456,0
11.679385662078857,493,0
11.683235168457031,546,0
11.687155723571777,532,0
11.691094636917114,446,0
11.69485330581665,470,0
11.698781251907349,512,0
11.702675104141235,560,0
11.70669960975647,572,0
11.710497379302979,492,0
11.714638948440552,485,0
11.718369960784912,520,0
11.72230315208435,563,0
11.726344347000122,581,0
11.730222463607788,492,0
11.734057903289795,473,0
11.738072872161865,504,0
11.74196171760559,545,0
11.745814085006714,587,0
11.74962830543518,522,0
11.753585577011108,513,0
11.757704019546509,559,0
11.761605978012085,593,0
11.765444993972778,637,0
11.769246578216553,558,0
11.77336072921753,514,0
11.777162075042725,546,0
11.781099796295166,561,0
11.785098552703857,615,0
11.788996696472168,553,0
11.792641639709473,488,0
11.796590566635132,507,0
11.8005690574646,491,0
11.804737329483032,529,0
11.808547973632812,477,0
11.8123779296875,407,0
11.816226482391357,455,0
11.820124387741089,495,0
11.824116230010986,541,0
11.827970027923584,494,0
11.83180022239685,413,0
11.835736989974976,468,0
11.839834451675415,497,0
11.84349274635315,549,0
11.847561120986938,541,0
11.851595163345337,450,0
11.855495929718018,485,0
11.859213829040527,517,0
11.863331317901611,600,0
11.867101192474365,608,0
11.871072769165039,515,0
11.874815225601196,542,0
11.878786325454712,575,0
11.882615089416504,608,0
11.886581659317017,623,0
11.890652894973755,535,0
11.894407987594604,531,0
11.898281574249268,580,0
11.902254104614258,615,0
11.906189203262329,625,0
11.910090684890747,541,0
11.913934707641602,540,0
11.917872190475464,593,0
11.921797752380371,607,0
11.92568063735962,637,0
11.929541826248169,550,0
11.933460712432861,521,0
11.937563180923462,553,0
11.941515684127808,557,0
11.945388793945312,601,0
11.949196338653564,544,0
11.95311427116394,506,0
11.95703125,550,0
11.960994958877563,562,0
11.964842557907104,614,0
11.968705654144287,560,0
11.972959995269775,498,0
11.976598024368286,553,0
11.980485677719116,575,0
11.984512090682983,640,0
11.988507986068726,601,0
11.992209911346436,512,0
11.9961838722229,525,0
12.000044822692871,536,0
12.004455327987671,576,0
12.00788140296936,550,0
12.011760473251343,459,0
12.015676498413086,475,0
12.019625186920166,486,0
12.023688316345215,516,0
12.027501821517944,495,0
12.031256198883057,406,0
12.035285234451294,431,0
12.03927230834961,476,0
12.043152093887329,522,0
12.046895027160645,532,0
12.050806045532227,471,0
12.054748296737671,495,0
12.058632612228394,534,0
12.062559843063354,567,0
12.066579341888428,582,0
12.070812702178955,499,0
12.074516773223877,494,0
12.078280687332153,534,0
12.082295179367065,554,0
12.086111307144165,585,0
12.09002161026001,488,0
12.093959331512451,414,0
12.097776174545288,413,0
12.10172438621521,422,0
12.105717658996582,460,0
12.109552145004272,407,0
12.113537311553955,381,0
12.117613554000854,427,0
12.121482610702515,466,0
12.12529706954956,551,0
12.129151582717896,495,0
12.133034467697144,420,0
12.137427568435669,443,0
12.140909194946289,453,0
12.145123720169067,526,0
12.1487557888031,489,0
12.15260100364685,423,0
12.156511783599854,452,0
12.160481691360474,474,0
12.164519786834717,509,0
12.168304443359375,469,0
12.17236042022705,383,0
12.176307201385498,368,0
12.181465148925781,358,0
12.183987855911255,409,0
12.187841176986694,414,0
12.191689729690552,346,0
12.195554494857788,374,0
12.199509620666504,408,0
12.203377962112427,455,0
12.207498550415039,444,0
12.211285591125488,351,0
12.215238809585571,379,0
12.219199657440186,404,0
12.223047018051147,424,0
12.226844072341919,418,0
12.23077940940857,336,0
12.234775066375732,352,0
12.23863434791565,398,0
12.242506980895996,433,0
12.246468782424927,451,0
12.25053071975708,367,0
12.254293441772461,347,0
12.258251428604126,385,0
12.262202024459839,403,0
12.26598072052002,438,0
12.269916534423828,349,0
12.273789167404175,319,0
12.277811527252197,355,0
12.281615734100342,366,0
12.285552978515625,426,0
12.289502143859863,367,0
12.293373346328735,316,0
12.297278642654419,354,0
12.30121898651123,368,0
12.305245876312256,424,0
12.309108972549438,374,0
12.312968015670776,310,0
12.316860914230347,345,0
12.3207848072052,378,0
12.32466173171997,453,0
12.328670740127563,428,0
12.332495212554932,338,0
12.336467981338501,369,0
12.340469360351562,391,0
12.344229221343994,447,0
12.348280668258667,444,0
12.352166414260864,379,0
12.356034755706787,424,0
12.359886884689331,443,0
12.36380386352539,495,0
12.367692470550537,515,0
12.371760368347168,443,0
12.375541687011719,471,0
12.37956953048706,502,0
12.383539199829102,548,0
12.387351512908936,550,0
12.391215801239014,468,0
12.3951416015625,496,0
12.399104595184326,534,0
12.402952432632446,555,0
12.406901121139526,554,0
12.410736799240112,465,0
12.414660453796387,464,0
12.418542385101318,513,0
12.422482013702393,535,0
12.426514625549316,557,0
12.430436134338379,466,0
12.434274911880493,436,0
12.438190460205078,478,0
12.442118167877197,498,0
12.445918321609497,534,0
12.44984221458435,458,0
12.454023361206055,414,0
12.45771050453186,449,0
12.461615800857544,458,0
12.465585470199585,518,0
12.469507932662964,461,0
12.473483085632324,410,0
12.47739315032959,441,0
12.481162309646606,443,0
12.485142946243286,493,0
12.489149332046509,458,0
12.492969036102295,384,0
12.496830224990845,416,0
12.502121448516846,438,0
12.50714659690857,498,0
12.508646965026855,475,0
12.517559051513672,416,0
12.518192291259766,464,0
12.520459651947021,477,0
12.527569770812988,515,0
12.530872821807861,495,0
12.539767742156982,396,0
12.540902853012085,433,0
12.543367147445679,470,0
12.543751239776611,511,0
12.547658920288086,522,0
12.551647901535034,441,0
12.555508613586426,477,0
12.561367988586426,521,0
12.563323020935059,546,0
12.567275524139404,544,0
12.572609901428223,461,0
12.576796054840088,469,0
12.578951597213745,503,0
12.582844972610474,521,0
12.58678126335144,544,0
12.590692281723022,470,0
12.594598054885864,450,0
12.598506689071655,484,0
12.60244369506836,516,0
12.606398344039917,528,0
12.610287189483643,438,0
12.614222764968872,387,0
12.618112564086914,411,0
12.621986865997314,411,0
12.625887632369995,453,0
12.629815340042114,402,0
12.633914232254028,356,0
12.63762378692627,395,0
12.641684770584106,410,0
12.645478010177612,463,0
12.649465560913086,409,0
12.65327763557434,336,0
12.65727424621582,374,0
12.661195278167725,404,0
12.665231227874756,463,0
12.66918396949768,423,0
12.672904253005981,350,0
12.676767587661743,388,0
12.680683135986328,420,0
12.684611082077026,472,0
12.688693046569824,435,0
12.692770957946777,355,0
12.696510553359985,385,0
12.700454473495483,418,0
12.704259634017944,473,0
12.708193063735962,475,0
12.712135553359985,391,0
12.716001987457275,411,0
12.71990156173706,444,0
12.723853588104248,488,0
12.727726459503174,504,0
12.731512069702148,416,0
12.735517740249634,418,0
12.73940658569336,443,0
12.743314027786255,472,0
12.747246503829956,497,0
12.751224279403687,421,0
12.755354642868042,410,0
12.758954286575317,432,0
12.762956142425537,458,0
12.766905784606934,506,0
12.770833492279053,441,0
12.774606466293335,437,0
12.77859377861023,486,0
12.782553434371948,500,0
12.786291599273682,543,0
12.790507793426514,465,0
12.79425859451294,410,0
12.798179626464844,440,0
12.801954984664917,443,0
12.806211233139038,504,0
12.809767246246338,456,0
12.813738346099854,398,0
12.817682266235352,430,0
12.821680784225464,441,0
12.825649976730347,490,0
12.82948637008667,442,0
12.833230018615723,366,0
12.837271928787231,393,0
12.841113090515137,415,0
12.844985961914062,485,0
12.848864316940308,471,0
12.852802991867065,412,0
12.856733798980713,482,0
12.860618591308594,537,0
12.864524126052856,593,0
12.868425846099854,589,0
12.87245488166809,510,0
12.87639856338501,538,0
12.880170345306396,555,0
12.884119987487793,587,0
12.888304948806763,586,0
12.89213252067566,498,0
12.895815134048462,520,0
12.899721145629883,563,0
12.903756618499756,611,0
12.907600402832031,624,0
12.911458492279053,545,0
12.915381669998169,566,0
12.91975212097168,612,0
12.923285484313965,630,0
12.927170753479004,641,0
12.93114948272705,572,0
12.934934854507446,564,0
12.938919067382812,600,0
12.942797183990479,610,0
12.946688652038574,643,0
12.950629711151123,576,0
12.954600095748901,550,0
12.958449602127075,593,0
12.96233868598938,617,0
12.966238975524902,672,0
12.970374822616577,591,0
12.97416090965271,515,0
12.978036880493164,540,0
12.98189401626587,559,0
12.98583698272705,626,0
12.98978877067566,595,0
12.993624210357666,531,0
12.997651815414429,562,0
13.00147795677185,584,0
13.005452871322632,648,0
13.009267330169678,610,0
13.013224363327026,541,0
13.017172813415527,571,0
13.021141290664673,575,0
13.024912118911743,612,0
13.028927087783813,612,0
13.032785415649414,540,0
13.036656379699707,567,0
13.04056453704834,587,0
13.04448914527893,650,0
13.048499822616577,640,0
13.052411317825317,534,0
13.056217432022095,565,0
13.06018853187561,601,0
13.064092636108398,632,0
13.067996740341187,639,0
13.071861028671265,555,0
13.075773000717163,554,0
13.079668998718262,587,0
13.083601474761963,617,0
13.08756160736084,644,0
13.091477870941162,557,0
13.09532117843628,551,0
13.099250078201294,594,0
13.103166580200195,629,0
13.108002424240112,670,0
13.111760139465332,595,0
13.114908933639526,569,0
13.118973731994629,602,0
13.122827053070068,616,0
13.12664794921875,658,0
13.13057827949524,588,0
13.134552717208862,544,0
13.13855504989624,578,0
13.142346620559692,593,0
13.146264791488647,654,0
13.15016770362854,601,0
13.154805898666382,544,0
13.157979011535645,583,0
13.1619393825531,604,0
13.165840864181519,659,0
13.169738054275513,608,0
13.173682928085327,526,0
13.177543640136719,550,0
13.181391716003418,564,0
13.185489177703857,610,0
13.189294338226318,577,0
13.193152904510498,494,0
13.197105646133423,514,0
13.201036930084229,537,0
13.205050468444824,583,0
13.208821773529053,569,0
13.21281385421753,488,0
13.216609001159668,505,0
13.220777750015259,525,0
13.224467754364014,565,0
13.228423595428467,567,0
13.23241639137268,479,0
13.236207723617554,502,0
13.240296840667725,537,0
13.24419116973877,575,0
13.248146772384644,585,0
13.251862525939941,504,0
13.256030559539795,503,0
13.259702682495117,540,0
13.263667106628418,583,0
13.267540216445923,605,0
13.271613836288452,522,0
13.275535583496094,513,0
13.279302835464478,547,0
13.283185482025146,572,0
13.287201404571533,617,0
13.291019916534424,543,0
13.294895648956299,513,0
13.29886245727539,549,0
13.302771806716919,558,0
13.306700944900513,604,0
13.310540676116943,530,0
13.314541339874268,499,0
13.318519353866577,542,0
13.322679042816162,543,0
13.326251029968262,581,0
13.330354690551758,530,0
13.334115982055664,465,0
13.338023900985718,497,0
13.341920375823975,493,0
13.345805168151855,529,0
13.349685907363892,472,0
13.353622674942017,387,0
13.357555389404297,418,0
13.361660480499268,455,0
13.365503787994385,523,0
13.369277238845825,503,0
13.373474836349487,428,0
13.377195835113525,472,0
13.381053447723389,501,0
13.384848356246948,565,0
13.388851165771484,568,0
13.39288330078125,483,0
13.396668910980225,495,0
13.400686740875244,519,0
13.404636144638062,566,0
13.408448934555054,583,0
13.41233205795288,510,0
13.416249752044678,534,0
13.420181035995483,569,0
13.423992395401001,589,0
13.427990674972534,593,0
13.431782007217407,506,0
13.435819864273071,479,0
13.439813613891602,500,0
13.443626642227173,545,0
13.447481155395508,601,0
13.451611280441284,531,0
13.455436944961548,503,0
13.459232330322266,539,0
13.463256120681763,557,0
13.467101097106934,588,0
13.470961570739746,519,0
13.474956274032593,461,0
13.478795766830444,474,0
13.482800006866455,490,0
13.486592054367065,552,0
13.49060845375061,501,0
13.494686603546143,450,0
13.49837613105774,490,0
13.502272129058838,509,0
13.506510019302368,577,0
13.510248184204102,543,0
13.51412582397461,490,0
13.530097961425781,550,0
13.532664060592651,594,0
13.536160945892334,675,0
13.536911725997925,642,0
13.537112951278687,552,0
13.537559270858765,582,0
13.541568040847778,592,0
13.54525375366211,616,0
13.549174785614014,579,0
13.553189992904663,474,0
13.556955099105835,505,0
13.560879707336426,529,0
13.564850091934204,559,0
13.568829774856567,546,0
13.572667121887207,430,0
13.576574325561523,426,0
13.580578565597534,449,0
13.584466457366943,476,0
13.588517665863037,488,0
13.592220544815063,415,0
13.59628963470459,442,0
13.600174188613892,492,0
13.60412883758545,523,0
13.608227491378784,542,0
13.611838102340698,457,0
13.615772485733032,438,0
13.619742631912231,486,0
13.623620748519897,543,0
13.627548694610596,606,0
13.631523847579956,549,0
13.635297775268555,523,0
13.639326333999634,565,0
13.643373489379883,598,0
13.64702582359314,663,0
13.650938987731934,602,0
13.654767274856567,556,0
13.658699750900269,593,0
13.66269326210022,604,0
13.666598796844482,655,0
13.670797348022461,607,0
13.674576997756958,545,0
13.678486347198486,576,0
13.682260751724243,598,0
13.686201333999634,647,0
13.690021276473999,595,0
13.693980693817139,518,0
13.697917222976685,563,0
13.701807737350464,605,0
13.705769062042236,672,0
13.709640264511108,642,0
13.713508605957031,552,0
13.71737003326416,572,0
13.721714735031128,585,0
13.72531533241272,631,0
13.729194164276123,624,0
13.73323941230774,529,0
13.737338781356812,543,0
13.740948915481567,558,0
13.74489426612854,596,0
13.748765707015991,623,0
13.75269889831543,543,0
13.75667405128479,564,0
13.760584831237793,608,0
13.764398336410522,634,0
13.768468141555786,645,0
13.772288084030151,543,0
13.776311159133911,526,0
13.780070781707764,548,0
13.783952951431274,566,0
13.787885427474976,581,0
13.791758298873901,487,0
13.795735597610474,464,0
13.799705505371094,502,0
13.803501605987549,532,0
13.80739951133728,576,0
13.811248540878296,505,0
13.815190553665161,453,0
13.819146394729614,491,0
13.822987794876099,523,0
13.83481478691101,592,0
13.844107627868652,554,0
13.875064134597778,516,0
13.878847360610962,565,0
13.879298210144043,585,0
13.87964940071106,636,0
13.879924058914185,588,0
13.880197525024414,513,0
13.880481004714966,554,0
13.881307125091553,571,0
13.89744758605957,617,0
13.906540393829346,591,0
13.912659883499146,507,0
13.931102752685547,509,0
13.939525127410889,495,0
13.939908504486084,520,0
13.940199136734009,490,0
13.94054627418518,400,0
13.940819263458252,446,0
13.941092729568481,492,0
13.941347122192383,531,0
13.941588640213013,532,0
13.941826105117798,451,0
13.942073106765747,477,0
13.942315101623535,513,0
13.942561864852905,551,0
13.942816019058228,551,0
13.943070888519287,463,0
13.943325519561768,485,0
13.943569421768188,529,0
13.944335460662842,559,0
13.948309659957886,583,0
13.952191591262817,500,0
13.956190824508667,490,0
13.959939956665039,528,0
13.963880777359009,560,0
13.967851400375366,611,0
13.98335886001587,527,0
13.984342813491821,467,0
13.98492431640625,502,0
13.985324621200562,522,0
13.987504720687866,564,0
13.993430376052856,474,0
13.995163917541504,416,0
13.999109983444214,471,0
14.002935647964478,501,0
14.006914854049683,570,0
14.01077675819397,537,0
14.014682531356812,467,0
14.018641233444214,499,0
14.022492170333862,513,0
14.02649712562561,560,0
14.030473232269287,524,0
14.03426218032837,475,0
14.038241863250732,525,0
14.042139291763306,548,0
14.045977354049683,585,0
14.049901723861694,551,0
14.053816556930542,465,0
14.057793378829956,496,0
14.061645984649658,527,0
14.065603494644165,572,0
14.069464921951294,561,0
14.073474884033203,457,0
14.077329635620117,457,0
14.08126425743103,473,0
14.08519983291626,504,0
14.089168787002563,519,0
14.092931032180786,439,0
14.096854448318481,448,0
14.100866079330444,471,0
14.1049063205719,503,0
14.10861086845398,536,0
14.112620115280151,461,0
14.116384506225586,442,0
14.120375394821167,472,0
14.124424695968628,496,0
14.12825632095337,545,0
14.132707357406616,474,0
14.136067152023315,444,0
14.139908075332642,477,0
14.143908977508545,485,0
14.147862195968628,528,0
14.151663780212402,482,0
14.155884981155396,447,0
14.159461259841919,493,0
14.163353681564331,516,0
14.167289733886719,583,0
14.17128586769104,535,0
14.175145864486694,490,0
14.179234266281128,541,0
14.182902574539185,556,0
14.186841249465942,615,0
14.190736293792725,575,0
14.194721937179565,509,0
14.198582410812378,545,0
14.202457189559937,560,0
14.20656132698059,578,0
14.210312604904175,528,0
14.214298009872437,439,0
14.218260288238525,483,0
14.22213101387024,523,0
14.226041316986084,565,0
14.229886531829834,547,0
14.23377513885498,459,0
14.23777461051941,496,0
14.241600513458252,538,0
14.24556016921997,587,0
14.249526023864746,602,0
14.253520250320435,509,0
14.2573082447052,509,0
14.261228322982788,536,0
14.265176057815552,566,0
14.26914095878601,573,0
14.273029088973999,466,0
14.276838541030884,458,0
14.280756711959839,482,0
14.284697532653809,505,0
14.288569450378418,519,0
14.292602777481079,422,0
14.296718835830688,389,0
14.30046558380127,416,0
14.304420232772827,446,0
14.308299541473389,488,0
14.312131881713867,399,0
14.31600832939148,345,0
14.31993842124939,374,0
14.323811054229736,389,0
14.327774047851562,464,0
14.331727981567383,433,0
14.335653305053711,403,0
14.33963656425476,453,0
14.343506813049316,480,0
14.34732985496521,538,0
14.35129189491272,483,0
14.355311632156372,437,0
14.359234809875488,492,0
14.36303162574768,508,0
14.366793870925903,563,0
14.37095332145691,508,0
14.374866962432861,429,0
14.378558874130249,462,0
14.382543087005615,480,0
14.386524438858032,530,0
14.390341520309448,495,0
14.39423131942749,396,0
14.398133039474487,425,0
14.402161836624146,437,0
14.405988216400146,477,0
14.40990924835205,479,0
14.413827419281006,379,0
14.41769552230835,392,0
14.421819686889648,432,0
14.425721883773804,463,0
14.429550170898438,470,0
14.433449029922485,398,0
14.437289953231812,432,0
14.441397428512573,471,0
14.445223569869995,490,0
14.449073553085327,494,0
14.452918529510498,391,0
14.456817388534546,367,0
14.46073842048645,406,0
14.464739084243774,439,0
14.46863317489624,483,0
14.472567081451416,421,0
14.476552248001099,405,0
14.480257987976074,426,0
14.484198331832886,451,0
14.488176107406616,532,0
14.491981506347656,473,0
14.495973110198975,410,0
14.499801635742188,446,0
14.50378155708313,473,0
14.507680654525757,530,0
14.511577129364014,479,0
14.515487670898438,423,0
14.51949667930603,456,0
14.523354291915894,467,0
14.5272696018219,523,0
14.531200885772705,491,0
14.535109281539917,449,0
14.539001941680908,515,0
14.542983293533325,531,0
14.546762466430664,566,0
14.55073595046997,525,0
14.554914951324463,426,0
14.558633089065552,453,0
14.562605142593384,469,0
14.566399574279785,521,0
14.570331573486328,497,0
14.57441759109497,380,0
14.57854676246643,393,0
14.582072496414185,419,0
14.585931777954102,471,0
14.589966773986816,479,0
14.593852996826172,378,0
14.597704887390137,378,0
14.601733922958374,433,0
14.605558633804321,492,0
14.609575271606445,527,0
14.613306999206543,447,0
14.61733889579773,447,0
14.621223449707031,498,0
14.625081062316895,527,0
14.628991603851318,551,0
14.632791519165039,480,0
14.636753559112549,468,0
14.640739917755127,502,0
14.644621133804321,510,0
14.648491144180298,533,0
14.652393102645874,472,0
14.656323432922363,440,0
14.660168409347534,486,0
14.66417908668518,513,0
14.668165683746338,565,0
14.672091960906982,490,0
14.675844192504883,418,0
14.679823875427246,443,0
14.683750629425049,454,0
14.687920570373535,513,0
14.6915283203125,467,0
14.695378065109253,418,0
14.699438333511353,447,0
14.70320177078247,451,0
14.707255363464355,487,0
14.711129426956177,441,0
14.71507453918457,380,0
14.718913793563843,422,0
14.7227942943573,451,0
14.72673749923706,505,0
14.730700016021729,485,0
14.734607219696045,388,0
14.73855996131897,409,0
14.742542266845703,450,0
14.746299266815186,501,0
14.750279903411865,493,0
14.75421404838562,388,0
14.758117914199829,403,0
14.761875629425049,449,0
14.765868186950684,471,0
14.769803047180176,438,0
14.773685693740845,307,0
14.777570009231567,292,0
14.78150224685669,309,0
14.785381317138672,357,0
14.789327144622803,392,0
14.793237209320068,311,0
14.797181606292725,303,0
14.801148891448975,353,0
14.804991245269775,393,0
14.808889150619507,430,0
14.812754154205322,365,0
14.816786766052246,337,0
14.821249723434448,383,0
14.824533700942993,400,0
14.82842493057251,464,0
14.832732439041138,394,0
14.836382865905762,351,0
14.844086647033691,394,0
14.848460912704468,400,0
14.848873615264893,449,0
14.851923942565918,401,0
14.856618404388428,364,0
14.859719276428223,411,0
14.863617181777954,411,0
14.867522716522217,457,0
14.871567964553833,407,0
14.875505924224854,346,0
14.879249811172485,380,0
14.883200645446777,394,0
14.88743543624878,442,0
14.891097068786621,416,0
14.894903421401978,341,0
14.898834705352783,387,0
14.902755975723267,415,0
14.906762599945068,463,0
14.910748481750488,449,0
14.91458773612976,386,0
14.918419599533081,431,0
14.922423362731934,460,0
14.92626166343689,507,0
14.93026089668274,510,0
14.934352397918701,423,0
14.938199520111084,445,0
14.94201946258545,479,0
14.94586992263794,512,0
14.94981837272644,526,0
14.953691005706787,433,0
14.957733631134033,437,0
14.961628198623657,482,0
14.965404748916626,497,0
14.969285726547241,508,0
14.973379135131836,422,0
14.977187871932983,399,0
14.980984926223755,433,0
14.985092401504517,455,0
14.989119291305542,494,0
14.992945671081543,412,0
14.996742963790894,363,0
15.000581979751587,398,0
15.004660844802856,423,0
15.00862431526184,484,0
15.012313604354858,425,0
15.016387701034546,374,0
15.02024221420288,433,0
15.024251222610474,471,0
15.027965784072876,539,0
15.031941890716553,499,0
15.0359206199646,442,0
15.039817333221436,474,0
15.043704748153687,496,0
15.047524690628052,556,0
15.051663637161255,535,0
15.055730104446411,469,0
15.059457302093506,522,0
15.06330156326294,551,0
15.067179203033447,596,0
15.071208000183105,574,0
15.07491660118103,484,0
15.078850030899048,525,0
15.082733154296875,551,0
15.086667537689209,587,0
15.090630292892456,582,0
15.094627618789673,489,0
15.098560094833374,519,0
15.102311134338379,547,0
15.10650897026062,594,0
15.110274314880371,616,0
15.114182949066162,532,0
15.117979526519775,546,0
15.122143983840942,578,0
15.125908374786377,603,0
15.12975549697876,631,0
15.133604764938354,551,0
15.137999773025513,534,0
15.141541719436646,575,0
15.14536190032959,592,0
15.149351835250854,612,0
15.153388023376465,531,0
15.157192468643188,510,0
15.16131591796875,561,0
15.165040969848633,585,0
15.168809652328491,648,0
15.172856092453003,583,0
15.176673889160156,536,0
15.180684089660645,554,0
15.18459439277649,558,0
15.188505172729492,606,0
15.192348718643188,542,0
15.19634747505188,483,0
15.200196027755737,521,0
15.204240322113037,550,0
15.208043336868286,611,0
15.21180772781372,557,0
15.215772867202759,488,0
15.219683647155762,510,0
15.223615646362305,527,0
15.227514028549194,567,0
15.23147177696228,510,0
15.235292911529541,399,0
15.239188194274902,394,0
15.243180274963379,394,0
15.247158288955688,444,0
15.250942707061768,436,0
15.254963874816895,361,0
15.258800268173218,400,0
15.2627432346344,436,0
15.26656436920166,485,0
15.270803689956665,490,0
15.274556636810303,398,0
15.278335332870483,423,0
15.28223729133606,458,0
15.28621768951416,475,0
15.290129899978638,471,0
15.29398250579834,377,0
15.297934770584106,367,0
15.301775693893433,397,0
15.305757999420166,413,0
15.309639930725098,440,0
15.313682079315186,371,0
15.3175048828125,368,0
15.321452379226685,416,0
15.325302362442017,437,0
15.329213380813599,479,0
15.333126544952393,409,0
15.33710503578186,379,0
15.340901851654053,428,0
15.344886064529419,458,0
15.348727464675903,541,0
15.352646112442017,498,0
15.356537103652954,454,0
15.360589981079102,501,0
15.364442586898804,520,0
15.368403434753418,608,0
15.37233829498291,574,0
15.376180410385132,513,0
15.380131721496582,541,0
15.383926153182983,561,0
15.387927055358887,645,0
15.391770124435425,620,0
15.395689487457275,531,0
15.399590730667114,551,0
15.40360426902771,570,0
15.407560110092163,614,0
15.411480903625488,582,0
15.415354251861572,480,0
15.41921353340149,508,0
15.423248052597046,520,0
15.42710828781128,580,0
15.430922746658325,597,0
15.43485403060913,526,0
15.438715696334839,543,0
15.442601442337036,575,0
15.44663405418396,613,0
15.450525522232056,627,0
15.454514265060425,543,0
15.458343982696533,542,0
15.462196350097656,562,0
15.46615219116211,592,0
15.470048189163208,619,0
15.473920822143555,552,0
15.477811574935913,559,0
15.481752395629883,582,0
15.48570728302002,601,0
15.489577531814575,640,0
15.493562698364258,583,0
15.497718095779419,548,0
15.501400470733643,580,0
15.509695768356323,603,0
15.51040005683899,654,0
15.513861417770386,580,0
15.517048120498657,517,0
15.520902156829834,538,0
15.525181293487549,557,0
15.528823614120483,637,0
15.532628774642944,600,0
15.536547422409058,540,0
15.544532775878906,586,0
15.545196294784546,604,0
15.548299789428711,655,0
15.552221775054932,618,0
15.556303262710571,539,0
15.560030698776245,567,0
15.563888311386108,593,0
15.567893028259277,645,0
15.571847677230835,620,0
15.575780868530273,526,0
15.57952618598938,544,0
15.58346438407898,571,0
15.587536573410034,613,0
15.591397523880005,615,0
15.59518027305603,540,0
15.59921646118164,565,0
15.603117942810059,582,0
15.607017993927002,615,0
15.610949516296387,615,0
15.614792346954346,522,0
15.618833780288696,540,0
15.622733354568481,555,0
15.62655782699585,577,0
15.63050651550293,592,0
15.634387731552124,508,0
15.638498306274414,498,0
15.642631530761719,520,0
15.646316766738892,566,0
15.650220155715942,622,0
15.654428005218506,557,0
15.657825708389282,514,0
15.661747455596924,523,0
15.665677070617676,550,0
15.66997480392456,599,0
15.67365574836731,549,0
15.67745304107666,519,0
15.681337833404541,529,0
15.685255765914917,538,0
15.689215421676636,570,0
15.693164110183716,510,0
15.696967601776123,470,0
15.701020956039429,481,0
15.704823970794678,483,0
15.708691358566284,553,0
15.71270489692688,522,0
15.716720581054688,481,0
15.720503807067871,533,0
15.724626541137695,562,0
15.728249311447144,623,0
15.732271909713745,622,0
15.736266613006592,551,0
15.74007534980774,555,0
15.743955135345459,569,0
15.747858762741089,635,0
15.751665115356445,655,0
15.755689859390259,575,0
15.759619951248169,576,0
15.76366925239563,582,0
15.76752781867981,631,0
15.771559715270996,652,0
15.775303602218628,599,0
15.779179811477661,616,0
15.783046245574951,633,0
15.786924123764038,673,0
15.790955066680908,692,0
15.795041799545288,631,0
15.798698663711548,631,0
15.802667140960693,639,0
15.806769847869873,692,0
15.81066370010376,736,0
15.814314842224121,667,0
15.818293571472168,634,0
15.82215690612793,640,0
15.82613205909729,662,0
15.829943418502808,729,0
15.83384394645691,680,0
15.83784294128418,630,0
15.841667890548706,638,0
15.845601081848145,651,0
15.849488496780396,708,0
15.853399276733398,685,0
15.857452630996704,662,0
15.861201047897339,687,0
15.865293502807617,689,0
15.869134426116943,741,0
15.873006820678711,714,0
15.876842260360718,659,0
15.88074016571045,668,0
15.884666681289673,669,0
15.888602018356323,717,0
15.89250135421753,670,0
15.896625518798828,592,0
15.900331020355225,605,0
15.904340744018555,598,0
15.908175945281982,648,0
15.91216778755188,642,0
15.915940761566162,580,0
15.920012712478638,588,0
15.923776626586914,597,0
15.927746295928955,645,0
15.931609392166138,646,0
15.93551254272461,575,0
15.939459800720215,601,0
15.943458795547485,607,0
15.94725751876831,642,0
15.95121955871582,644,0
15.955198287963867,556,0
15.959146976470947,558,0
15.962923765182495,571,0
15.966881275177002,610,0
15.970866441726685,649,0
15.974812984466553,584,0
15.978605508804321,567,0
15.98245358467102,562,0
15.986468076705933,571,0
15.99045467376709,601,0
15.994317531585693,551,0
15.998355865478516,530,0
16.002207279205322,546,0
16.005996465682983,543,0
16.009947538375854,577,0
16.013776540756226,532,0
16.01772952079773,512,0
16.021639823913574,531,0
16.025511980056763,547,0
16.02947211265564,621,0
16.033424615859985,583,0
16.03746747970581,531,0
16.041188955307007,534,0
16.045164585113525,535,0
16.049009084701538,590,0
16.052892923355103,569,0
16.056849002838135,515,0
16.060741662979126,529,0
16.064669847488403,515,0
16.068573713302612,569,0
16.072468280792236,547,0
16.0764102935791,485,0
16.080620527267456,509,0
16.08441472053528,524,0
16.08815598487854,572,0
16.092145442962646,566,0
16.095953464508057,474,0
16.09986186027527,474,0
16.10377550125122,469,0
16.107699394226074,509,0
16.111671209335327,535,0
16.11566662788391,481,0
16.11937952041626,503,0
16.12345862388611,509,0
16.127315282821655,534,0
16.131649255752563,557,0
16.135313034057617,472,0
16.139038801193237,460,0
16.14286732673645,461,0
16.14690113067627,481,0
16.150798320770264,525,0
16.1546049118042,496,0
16.158565998077393,498,0
16.162576913833618,495,0
16.16656231880188,490,0
16.170381546020508,522,0
16.174342393875122,480,0
16.178189277648926,470,0
16.18204164505005,495,0
16.188427448272705,516,0
16.190966844558716,581,0
16.19374418258667,549,0
16.197617769241333,519,0
16.201564073562622,541,0
16.205452919006348,551,0
16.209447860717773,615,0
16.21385383605957,580,0
16.217438459396362,524,0
16.221243143081665,543,0
16.225169897079468,551,0
16.229103803634644,594,0
16.232852458953857,558,0
16.236770153045654,489,0
16.240719079971313,514,0
16.2446231842041,535,0
16.24877166748047,601,0
16.25289487838745,591,0
16.257318258285522,519,0
16.26024031639099,538,0
16.264285564422607,540,0
16.268147468566895,592,0
16.272189617156982,586,0
16.275883674621582,506,0
16.279802560806274,517,0
16.283799409866333,528,0
16.28822350502014,563,0
16.291661739349365,582,0
16.295692920684814,513,0
16.299667358398438,516,0
16.30337691307068,523,0
16.30719232559204,562,0
16.311195373535156,593,0
16.315147161483765,528,0
16.318918228149414,529,0
16.322823762893677,546,0
16.326802492141724,571,0
16.33072566986084,597,0
16.334601402282715,519,0
16.338534593582153,475,0
16.342468738555908,469,0
16.346372842788696,462,0
16.350229740142822,508,0
16.3543062210083,453,0
16.358182668685913,408,0
16.361941814422607,433,0
16.365927696228027,447,0
16.36992120742798,500,0
16.373759269714355,463,0
16.377749919891357,438,0
16.38155698776245,458,0
16.38551425933838,455,0
16.389647722244263,513,0
16.39348864555359,477,0
16.397207975387573,438,0
16.401253700256348,482,0
16.40498685836792,517,0
16.408942461013794,597,0
16.41288948059082,586,0
16.41679835319519,519,0
16.421101808547974,536,0
16.42461585998535,542,0
16.428500413894653,592,0
16.432631015777588,582,0
16.436512231826782,504,0
16.440314531326294,523,0
16.444528579711914,540,0
16.44828748703003,590,0
16.452033042907715,608,0
16.455941915512085,528,0
16.459935426712036,521,0
16.46375846862793,520,0
16.467987298965454,557,0
16.471693992614746,597,0
16.475507020950317,527,0
16.4794340133667,527,0
16.48337149620056,533,0
16.487653970718384,559,0
16.49124264717102,608,0
16.49506640434265,568,0
16.499083042144775,561,0
16.502997398376465,559,0
16.508288621902466,580,0
16.51059079170227,634,0
16.51460099220276,569,0
16.518553256988525,534,0
16.52248501777649,552,0
16.526280879974365,584,0
16.530295610427856,643,0
16.534340143203735,576,0
16.538156032562256,522,0
16.542311429977417,533,0
16.545823097229004,533,0
16.549875497817993,581,0
16.553651094436646,521,0
16.557669639587402,470,0
16.561474084854126,475,0
16.565502405166626,448,0
16.569398641586304,504,0
16.573373556137085,485,0
16.577235460281372,429,0
16.581226110458374,430,0
16.584957361221313,429,0
16.58900547027588,486,0
16.592886447906494,468,0
16.596789121627808,416,0
16.600594520568848,443,0
16.605255603790283,459,0
16.61227560043335,521,0
16.61276602745056,523,0
16.61629295349121,441,0
16.620186805725098,447,0
16.624156951904297,461,0
16.628056049346924,502,0
16.63209342956543,511,0
16.635969400405884,437,0
16.639928340911865,432,0
16.643778085708618,424,0
16.647616624832153,446,0
16.651641368865967,478,0
16.655702829360962,416,0
16.65934658050537,395,0
16.66325306892395,410,0
16.6672260761261,441,0
16.671391487121582,481,0
16.67508840560913,412,0
16.679084062576294,408,0
16.682979822158813,432,0
16.686732530593872,455,0
16.690629482269287,496,0
16.694648027420044,426,0
16.69857430458069,388,0
16.7023868560791,400,0
16.70635223388672,420,0
16.710222005844116,494,0
16.714422702789307,459,0
16.718857288360596,401,0
16.72200107574463,402,0
16.72592544555664,415,0
16.729750871658325,488,0
16.733843326568604,464,0
16.7377028465271,425,0
16.741616249084473,444,0
16.74558687210083,448,0
16.749517917633057,501,0
16.75334930419922,473,0
16.757141590118408,405,0
16.76111888885498,407,0
16.765127420425415,402,0
16.76894783973694,458,0
16.772911071777344,443,0
16.77753782272339,345,0
16.780717849731445,344,0
16.784480094909668,344,0
16.78865694999695,392,0
16.79262065887451,400,0
16.796375036239624,311,0
16.800231218338013,295,0
16.804133653640747,291,0
16.808079957962036,314,0
16.81187891960144,328,0
16.81575298309326,273,0
16.819677591323853,286,0
16.824787139892578,292,0
16.827472686767578,313,0
16.83143424987793,331,0
16.83548140525818,254,0
16.83967161178589,235,0
16.847511053085327,256,0
16.85163688659668,284,0
16.86148953437805,336,0
16.862426042556763,277,0
16.862706661224365,255,0
16.863017559051514,289,0
16.86659574508667,315,0
16.87089443206787,378,0
16.87481665611267,349,0
16.878320932388306,325,0
16.88245129585266,343,0
16.88618779182434,347,0
16.89028549194336,420,0
16.894120454788208,396,0
16.897955656051636,349,0
16.901861906051636,380,0
16.90608525276184,394,0
16.90968108177185,444,0
16.91365647315979,424,0
16.917606115341187,391,0
16.921590566635132,425,0
16.925392150878906,413,0
16.929300785064697,451,0
16.93319797515869,434,0
16.937206029891968,365,0
16.941078901290894,375,0
16.944923162460327,389,0
16.978541135787964,456,0
16.979387044906616,463,0
16.992034673690796,386,0
16.994698524475098,395,0
16.995732069015503,409,0
16.995992422103882,474,0
16.99636220932007,510,0
17.027026414871216,445,0
17.035163402557373,446,0
17.03537631034851,446,0
17.036648750305176,472,0
17.040835857391357,507,0
17.041104316711426,436,0
17.041544198989868,435,0
17.041757106781006,451,0
17.041994094848633,484,0
17.04212212562561,515,0
17.042295455932617,453,0
17.04246759414673,445,0
17.042745351791382,445,0
17.043489933013916,436,0
17.043732404708862,468,0
17.043915510177612,409,0
17.044085025787354,378,0
17.044251918792725,408,0
17.04669761657715,443,0
17.050609588623047,524,0
17.054524898529053,500,0
17.0584979057312,465,0
17.072633981704712,493,0
17.0735604763031,504,0
17.073850631713867,578,0
17.074023723602295,537,0
17.077917098999023,466,0
17.081782579421997,489,0
17.085691928863525,501,0
17.08974051475525,557,0
17.093509197235107,533,0
17.09750199317932,470,0
17.101514101028442,480,0
17.105408668518066,479,0
17.109196424484253,536,0
17.113176822662354,526,0
17.117000341415405,444,0
17.12116527557373,426,0
17.124922275543213,411,0
17.128767728805542,458,0
17.132729530334473,480,0
17.136675596237183,420,0
17.14062237739563,438,0
17.144653797149658,453,0
17.14848256111145,490,0
17.152297258377075,508,0
17.156605005264282,437,0
17.16007971763611,444,0
17.163918495178223,449,0
17.167963981628418,470,0
17.171942949295044,494,0
17.175711393356323,430,0
17.179704904556274,426,0
17.18353009223938,445,0
17.188114404678345,472,0
17.191575050354004,513,0
17.209816455841064,461,0
17.215163946151733,436,0
17.216129064559937,464,0
17.21639108657837,494,0
17.216550588607788,552,0
17.216696977615356,499,0
17.21874213218689,446,0
17.222771644592285,468,0
17.226577520370483,490,0
17.230565786361694,571,0
17.234352350234985,541,0
17.23872184753418,483,0
17.242199659347534,500,0
17.2461678981781,504,0
17.25012707710266,568,0
17.25393319129944,533,0
17.257901430130005,466,0
17.261836051940918,485,0
17.265723705291748,490,0
17.26965570449829,546,0
17.273953437805176,525,0
17.277410745620728,452,0
17.281317710876465,482,0
17.285231351852417,488,0
17.28953504562378,536,0
17.293211936950684,533,0
17.29711627960205,443,0
17.300899744033813,431,0
17.30496335029602,451,0
17.308804035186768,506,0
17.31262755393982,530,0
17.316771745681763,456,0
17.32120370864868,465,0
17.325875520706177,484,0
17.328391313552856,524,0
17.332269191741943,561,0
17.336117029190063,499,0
17.340198516845703,508,0
17.343905448913574,526,0
17.34780979156494,552,0
17.351787328720093,580,0
17.355722427368164,523,0
17.35967516899109,529,0
17.363558769226074,545,0
17.36753559112549,566,0
17.371560096740723,647,0
17.37521767616272,620,0
17.379167079925537,605,0
17.383077144622803,635,0
17.386961460113525,651,0
17.390957355499268,705,0
17.39480495452881,647,0
17.398664474487305,601,0
17.40257239341736,642,0
17.40659189224243,668,0
17.41059947013855,723,0
17.414351224899292,672,0
17.418327569961548,612,0
17.422459363937378,629,0
17.426256895065308,648,0
17.4299635887146,711,0
17.433887004852295,687,0
17.43813180923462,613,0
17.44178867340088,623,0
17.445692539215088,634,0
17.44957184791565,692,0
17.453561067581177,686,0
17.45756435394287,583,0
17.461382389068604,570,0
17.46526050567627,582,0
17.46920680999756,626,0
17.473772525787354,626,0
17.477052450180054,558,0
17.48108720779419,586,0
17.48471975326538,620,0
17.489293336868286,679,0
17.492630004882812,701,0
17.496587991714478,621,0
17.5005464553833,616,0
17.504900217056274,629,0
17.508332014083862,665,0
17.51222252845764,692,0
17.51622247695923,612,0
17.520079135894775,590,0
17.524064302444458,592,0
17.52788758277893,594,0
17.531763315200806,638,0
17.53564739227295,587,0
17.539666175842285,575,0
17.543856382369995,585,0
17.547569513320923,586,0
17.55137038230896,625,0
17.555298328399658,580,0
17.55926275253296,560,0
17.56299662590027,600,0
17.566996574401855,614,0
17.570953130722046,666,0
17.574711322784424,618,0
17.578705549240112,560,0
17.58253002166748,579,0
17.586593627929688,584,0
17.590442657470703,640,0
17.59450125694275,592,0
17.59823441505432,538,0
17.602153062820435,581,0
17.606047868728638,609,0
17.609930515289307,676,0
17.61384916305542,660,0
17.61774492263794,590,0
17.621723413467407,604,0
17.62563467025757,604,0
17.629474401474,645,0
17.633540630340576,635,0
17.637313842773438,544,0
17.641297578811646,566,0
17.645349979400635,589,0
17.649127960205078,633,0
17.65293312072754,632,0
17.656917572021484,553,0
17.66087293624878,558,0
17.664680242538452,568,0
17.668572902679443,575,0
17.67275905609131,571,0
17.676594495773315,482,0
17.680426597595215,481,0
17.684391736984253,500,0
17.688337802886963,523,0
17.692172527313232,557,0
17.695965051651,492,0
17.699896335601807,492,0
17.703890800476074,526,0
17.707731008529663,541,0
17.71174120903015,582,0
17.7156343460083,510,0
17.7195565700531,452,0
17.723671674728394,475,0
17.727457523345947,495,0
17.73119306564331,556,0
17.735177278518677,521,0
17.739162921905518,468,0
17.74301266670227,483,0
17.746840715408325,488,0
17.750797986984253,543,0
17.75471043586731,502,0
17.75857973098755,455,0
17.762495040893555,483,0
17.76655411720276,495,0
17.770361185073853,561,0
17.774266481399536,538,0
17.778318405151367,462,0
17.782171487808228,474,0
17.785951852798462,478,0
17.78993034362793,527,0
17.793762683868408,522,0
17.797810077667236,455,0
17.801655530929565,483,0
17.805598735809326,502,0
17.809613704681396,522,0
17.81356930732727,513,0
17.817464351654053,425,0
17.82124614715576,429,0
17.825129985809326,445,0
17.829034566879272,483,0
17.832975149154663,504,0
17.83694052696228,426,0
17.840811491012573,431,0
17.844632148742676,447,0
17.84860348701477,483,0
17.852457761764526,523,0
17.856476068496704,456,0
17.860373497009277,426,0
17.86419177055359,450,0
17.868152379989624,481,0
17.872087955474854,516,0
17.875990867614746,451,0
17.87984800338745,438,0
17.883754014968872,476,0
17.88782548904419,497,0
17.891740560531616,548,0
17.895544052124023,485,0
17.89951515197754,424,0
17.903453588485718,422,0
17.90727400779724,423,0
17.911328077316284,476,0
17.91521954536438,439,0
17.919282913208008,404,0
17.923158168792725,461,0
17.926899671554565,497,0
17.930768251419067,572,0
17.934757709503174,535,0
17.938961029052734,472,0
17.942477464675903,495,0
17.94655752182007,519,0
17.950438022613525,564,0
17.95433783531189,525,0
17.95821261405945,444,0
17.96207880973816,468,0
17.96597647666931,485,0
17.969857454299927,536,0
17.973822355270386,528,0
17.977657794952393,473,0
17.981546878814697,508,0
17.985504388809204,527,0
17.989442586898804,571,0
17.993290662765503,577,0
17.997276544570923,474,0
18.001158952713013,480,0
18.00521421432495,478,0
18.00893497467041,517,0
18.01286005973816,554,0
18.016826391220093,482,0
18.02071475982666,468,0
18.02462673187256,480,0
18.028547525405884,509,0
18.03265690803528,550,0
18.036521196365356,495,0
18.040388345718384,488,0
18.044212818145752,512,0
18.048235654830933,529,0
18.051957845687866,554,0
18.055888414382935,476,0
18.059849500656128,438,0
18.063711404800415,458,0
18.067646980285645,464,0
18.071613788604736,506,0
18.07555627822876,455,0
18.079365015029907,407,0
18.08343195915222,423,0
18.08731985092163,434,0
18.091317892074585,496,0
18.095165729522705,460,0
18.09894824028015,418,0
18.102858543395996,445,0
18.106841325759888,455,0
18.110705375671387,510,0
18.114534616470337,487,0
18.118512392044067,437,0
18.122525930404663,452,0
18.12647247314453,466,0
18.130228519439697,514,0
18.134299278259277,496,0
18.138216257095337,410,0
18.142059564590454,420,0
18.145950317382812,456,0
18.149784088134766,512,0
18.15368676185608,499,0
18.157705783843994,418,0
18.161566734313965,418,0
18.16544485092163,429,0
18.169461250305176,454,0
18.17332410812378,469,0
18.177249670028687,401,0
18.181119680404663,422,0
18.185006380081177,474,0
18.188976287841797,530,0
18.192814350128174,563,0
18.19677996635437,492,0
18.200701236724854,482,0
18.204673767089844,509,0
18.208484649658203,534,0
18.212433576583862,582,0
18.216399431228638,517,0
18.22020721435547,494,0
18.224202632904053,521,0
18.22812557220459,546,0
18.231931686401367,599,0
18.235852479934692,546,0
18.239784479141235,516,0
18.24368906021118,520,0
18.247593879699707,522,0
18.25167179107666,592,0
18.255429983139038,551,0
18.259345054626465,499,0
18.26327109336853,533,0
18.267249822616577,546,0
18.271195650100708,599,0
18.27504539489746,540,0
18.27889847755432,459,0
18.282878875732422,482,0
18.286729335784912,503,0
18.290661096572876,571,0
18.294594049453735,567,0
18.298629999160767,523,0
18.302479028701782,564,0
18.306400060653687,586,0
18.31023645401001,640,0
18.314229488372803,630,0
18.318113327026367,552,0
18.32205057144165,566,0
18.32585382461548,567,0
18.32974076271057,594,0
18.33375120162964,583,0
18.33815860748291,476,0
18.34157633781433,447,0
18.34556555747986,446,0
18.349312782287598,460,0
18.354242086410522,464,0
18.364289045333862,392,0
18.364951610565186,390,0
18.36705470085144,395,0
18.370306730270386,425,0
18.384135007858276,466,0
18.415857076644897,396,0
18.418527603149414,384,0
18.419944286346436,405,0
18.42040228843689,417,0
18.42250418663025,445,0
18.432769536972046,381,0
18.437926292419434,357,0
18.443278074264526,390,0
18.448967456817627,405,0
18.4612774848938,457,0
18.479117393493652,404,0
18.48033332824707,349,0
18.57246470451355,354,0
18.584511756896973,354,0
18.58665680885315,416,0
18.596497774124146,368,0
18.6129310131073,291,0
18.619589805603027,301,0
18.634164333343506,329,0
18.665913105010986,408,0
18.675044775009155,399,0
18.73923635482788,326,0
18.933504104614258,363,0
18.984015226364136,387,0
18.98564338684082,458,0
18.986807346343994,438,0
18.99184823036194,367,0
18.998287200927734,388,0
19.012080907821655,388,0
19.015893936157227,440,0
19.016331911087036,454,0
19.01768159866333,383,0
19.01802635192871,390,0
19.018410205841064,405,0
19.018731594085693,448,0
19.01897382736206,470,0
19.0193088054657,404,0
19.01954746246338,401,0
19.027433156967163,419,0
19.041227102279663,453,0
19.041747331619263,510,0
19.04198670387268,456,0
19.042453289031982,455,0
19.042713165283203,485,0
19.042989492416382,514,0
19.04322838783264,565,0
19.04344081878662,523,0
19.043625354766846,514,0
19.0439190864563,550,0
19.04418969154358,563,0
19.044482231140137,606,0
19.045129776000977,566,0
19.045435190200806,549,0
19.04590654373169,581,0
19.04652214050293,564,0
19.046806812286377,609,0
19.04714298248291,551,0
19.051954984664917,504,0
19.05243968963623,534,0
19.05283546447754,532,0
19.057052850723267,586,0
19.05750870704651,546,0
19.057776927947998,489,0
19.057990074157715,532,0
19.0582013130188,567,0
19.058412313461304,623,0
19.05858850479126,592,0
19.058763027191162,516,0
19.058940887451172,529,0
19.05913019180298,541,0
19.059343099594116,592,0
19.059537887573242,583,0
19.059776782989502,508,0
19.059970378875732,520,0
19.060139656066895,530,0
19.060312509536743,580,0
19.060497522354126,593,0
19.060664653778076,527,0
19.06087374687195,534,0
19.06129550933838,532,0
19.061586618423462,569,0
19.06194019317627,609,0
19.06217336654663,545,0
19.062479496002197,538,0
19.0627863407135,561,0
19.063066959381104,596,0
19.063334941864014,633,0
19.063528537750244,574,0
19.063712120056152,559,0
19.06388521194458,573,0
19.064059019088745,576,0
19.064172506332397,608,0
19.064305543899536,551,0
19.064473152160645,522,0
19.064637422561646,531,0
19.064802646636963,540,0
19.06508493423462,590,0
19.065266609191895,536,0
19.065447092056274,484,0
19.065663814544678,507,0
19.065840244293213,507,0
19.066097021102905,521,0
19.066502809524536,461,0
19.066781759262085,391,0
19.066973447799683,405,0
19.067166328430176,429,0
19.067330360412598,505,0
19.067506074905396,483,0
19.067686557769775,415,0
19.067845106124878,437,0
19.068044900894165,460,0
19.068244218826294,504,0
19.068400859832764,477,0
19.06852078437805,417,0
19.06866955757141,435,0
19.068890810012817,429,0
19.069092512130737,465,0
19.069230318069458,468,0
19.069348573684692,396,0
19.069474935531616,428,0
19.069589853286743,464,0
19.06974959373474,525,0
19.0699520111084,530,0
19.070140838623047,435,0
19.070324897766113,434,0
19.070499181747437,456,0
19.070605993270874,511,0
19.070741653442383,544,0
19.071751356124878,471,0
19.072137355804443,487,0
19.072525024414062,503,0
19.072999954223633,526,0
19.073322296142578,570,0
19.07352900505066,499,0
19.073699712753296,482,0
19.07383108139038,514,0
19.07401752471924,532,0
19.07421612739563,561,0
19.074341297149658,495,0
19.0744788646698,450,0
19.074601888656616,480,0
19.07474184036255,496,0
19.074898719787598,568,0
19.075024604797363,519,0
19.07517981529236,480,0
19.0753173828125,514,0
19.075470447540283,533,0
19.075637102127075,580,0
19.075790643692017,538,0
19.075950384140015,487,0
19.076234817504883,487,0
19.076443672180176,491,0
19.07668948173523,563,0
19.076877117156982,551,0
19.077075719833374,483,0
19.07719326019287,497,0
19.07733964920044,500,0
19.077462673187256,560,0
19.07760739326477,572,0
19.07775592803955,523,0
19.077908277511597,551,0
19.07804584503174,567,0
19.078162908554077,615,0
19.078300714492798,601,0
19.078415632247925,503,0
19.07858157157898,511,0
19.078701972961426,516,0
19.078854084014893,555,0
19.07897400856018,546,0
19.079080820083618,460,0
19.07922911643982,469,0
19.079404592514038,482,0
19.079556226730347,511,0
19.07972002029419,566,0
19.079843521118164,526,0
19.080026865005493,531,0
19.080175638198853,576,0
19.080294370651245,610,0
19.08044719696045,657,0
19.080634117126465,590,0
19.080888509750366,565,0
19.0847647190094,607,0
19.08878755569458,618,0
19.092615842819214,676,0
19.096503257751465,634,0
19.10052251815796,598,0
19.104562282562256,628,0
19.108261108398438,639,0
19.112247467041016,694,0
19.11620283126831,663,0
19.119965076446533,620,0
19.12398409843445,647,0
19.127869367599487,650,0
19.131738662719727,695,0
19.135650873184204,664,0
19.139586448669434,598,0
19.143532037734985,602,0
19.14748215675354,602,0
19.15136742591858,657,0
19.1552574634552,645,0
19.15927267074585,573,0
19.164756774902344,603,0
19.168378591537476,612,0
19.171085834503174,650,0
19.177488565444946,634,0
19.180827617645264,544,0
19.182589292526245,563,0
19.186553478240967,591,0
19.193598985671997,649,0
19.19447898864746,656,0
19.198243379592896,559,0
19.20220184326172,540,0
19.206228256225586,561,0
19.21217632293701,565,0
19.21490788459778,564,0
19.217991828918457,487,0
19.221808910369873,473,0
19.227707147598267,508,0
19.231547832489014,550,0
19.233558416366577,594,0
19.23781991004944,528,0
19.244537353515625,512,0
19.245296478271484,527,0
19.249468088150024,535,0
19.25299334526062,574,0
19.257014513015747,521,0
19.2617666721344,489,0
19.265608072280884,521,0
19.268654346466064,532,0
19.272689819335938,576,0
19.27852702140808,524,0
19.28102207183838,470,0
19.284439086914062,474,0
19.28834867477417,476,0
19.294427156448364,529,0
19.29691982269287,497,0
19.2999529838562,448,0
19.303848266601562,475,0
19.309399843215942,489,0
19.311689853668213,556,0
19.315600633621216,542,0
19.319594383239746,487,0
19.323670864105225,524,0
19.328028202056885,552,0
19.332090139389038,613,0
19.335233688354492,606,0
19.339258193969727,527,0
19.345104932785034,547,0
19.350436687469482,570,0
19.350817918777466,628,0
19.354766368865967,644,0
19.359885454177856,565,0
19.363734006881714,573,0
19.36663007736206,591,0
19.370346069335938,644,0
19.374338626861572,668,0
19.378326416015625,595,0
19.383343935012817,592,0
19.388874769210815,612,0
19.39003276824951,646,0
19.393834829330444,678,0
19.397815942764282,605,0
19.401747226715088,578,0
19.40569519996643,603,0
19.410648822784424,633,0
19.413930416107178,664,0
19.417360067367554,579,0
19.421379804611206,537,0
19.42538022994995,546,0
19.42920231819153,545,0
19.432950019836426,611,0
19.436938524246216,578,0
19.440950632095337,555,0
19.444857835769653,586,0
19.448604822158813,588,0
19.452549695968628,645,0
19.456624031066895,594,0
19.460314512252808,534,0
19.46424436569214,542,0
19.468199014663696,540,0
19.472209453582764,605,0
19.476097106933594,561,0
19.479891538619995,489,0
19.48380708694458,510,0
19.488133192062378,545,0
19.492267847061157,608,0
19.495514392852783,596,0
19.49951481819153,501,0
19.503541946411133,494,0
19.507413625717163,485,0
19.51127052307129,513,0
19.515244960784912,511,0
19.519070148468018,428,0
19.523054599761963,441,0
19.5268976688385,441,0
19.53075075149536,483,0
19.53473448753357,500,0
19.539571285247803,408,0
19.543017864227295,408,0
19.546417474746704,430,0
19.550360441207886,470,0
19.55474615097046,482,0
19.558353424072266,390,0
19.562180757522583,372,0
19.565991401672363,381,0
19.570000648498535,411,0
19.5738046169281,455,0
19.577734231948853,397,0
19.581681728363037,380,0
19.585536003112793,383,0
19.589557647705078,398,0
19.59350872039795,458,0
19.59728765487671,400,0
19.60127282142639,359,0
19.60555934906006,381,0
19.609073162078857,398,0
19.612894296646118,470,0
19.616828441619873,421,0
19.620744466781616,368,0
19.624631643295288,392,0
19.62856411933899,407,0
19.63244080543518,480,0
19.636509656906128,447,0
19.64046549797058,395,0
19.644235849380493,411,0
19.64825463294983,410,0
19.652019262313843,447,0
19.65622639656067,412,0
19.66002130508423,349,0
19.663850784301758,368,0
19.66773819923401,388,0
19.67172360420227,467,0
19.675517559051514,475,0
19.679429292678833,422,0
19.68334412574768,455,0
19.687351942062378,474,0
19.691249132156372,508,0
19.695213794708252,509,0
19.698955297470093,427,0
19.702946662902832,431,0
19.70686936378479,444,0
19.71069073677063,485,0
19.71463632583618,510,0
19.71864342689514,438,0
19.722666025161743,446,0
19.726361989974976,446,0
19.730450868606567,473,0
19.734296798706055,516,0
19.738438844680786,457,0
19.74207305908203,449,0
19.74599027633667,468,0
19.749850273132324,493,0
19.753709077835083,518,0
19.757665872573853,452,0
19.761568784713745,421,0
19.765562295913696,430,0
19.769352197647095,448,0
19.773556232452393,509,0
19.777275800704956,450,0
19.781289100646973,418,0
19.785226106643677,432,0
19.78934097290039,428,0
19.79288649559021,481,0
19.796812295913696,463,0
19.800747394561768,416,0
19.804652214050293,443,0
19.808534383773804,446,0
19.81259799003601,490,0
19.816385984420776,454,0
19.820334672927856,392,0
19.824244499206543,419,0
19.828208208084106,430,0
19.832031965255737,510,0
19.8360013961792,504,0
19.83983874320984,418,0
19.843836307525635,446,0
19.847687005996704,475,0
19.851589918136597,519,0
19.85576605796814,501,0
19.859538555145264,412,0
19.863288402557373,405,0
19.867204189300537,385,0
19.871318817138672,419,0
19.874998331069946,413,0
19.87890625,323,0
19.882870197296143,333,0
19.88684916496277,353,0
19.89068293571472,398,0
19.89462637901306,429,0
19.898505210876465,360,0
19.90278124809265,344,0
19.917941093444824,372,0
19.918982982635498,400,0
19.930927515029907,410,0
19.93170714378357,339,0
19.931957006454468,315,0
19.932254552841187,329,0
19.93253517150879,357,0
19.933719873428345,398,0
19.938071489334106,338,0
19.943758726119995,295,0
19.94548487663269,298,0
19.949522495269775,309,0
19.953264236450195,366,0
19.957598447799683,317,0
19.96125078201294,268,0
19.965022087097168,289,0
19.968932151794434,299,0
19.97356081008911,380,0
19.976733684539795,347,0
19.98063611984253,291,0
19.9845552444458,311,0
19.988622665405273,318,0
19.99246597290039,380,0
19.996416568756104,364,0
20.000230073928833,314,0
20.004312992095947,348,0
20.008199453353882,370,0
20.01196837425232,416,0
20.01583743095398,394,0
20.019824266433716,318,0
20.023672103881836,327,0
20.02763843536377,350,0
20.031612396240234,418,0
20.035412073135376,433,0
20.039381742477417,361,0
20.043320417404175,373,0
20.047247886657715,386,0
20.05119490623474,427,0
20.055201530456543,450,0
20.058887720108032,386,0
20.062819004058838,396,0
20.066750526428223,411,0
20.07065486907959,445,0
20.074599027633667,495,0
20.07844638824463,461,0
20.08245348930359,483,0
20.086291313171387,488,0
20.090277433395386,500,0
20.094162702560425,526,0
20.09799861907959,466,0
20.10194754600525,452,0
20.105828285217285,488,0
20.109757661819458,512,0
20.113728761672974,580,0
20.117624282836914,543,0
20.121572732925415,512,0
20.125553131103516,544,0
20.129518747329712,569,0
20.133304834365845,634,0
20.137245416641235,587,0
20.14116096496582,536,0
20.14497995376587,557,0
20.148909091949463,572,0
20.15286660194397,638,0
20.156782388687134,618,0
20.16061568260193,564,0
20.164670944213867,604,0
20.168562173843384,617,0
20.172363996505737,665,0
20.176450490951538,646,0
20.180306434631348,590,0
20.184454917907715,613,0
20.188120126724243,634,0
20.191931009292603,703,0
20.195884466171265,713,0
20.199711084365845,634,0
20.203688621520996,642,0
20.207502841949463,663,0
20.211545944213867,692,0
20.215367794036865,704,0
20.219263792037964,637,0
20.22324800491333,646,0
20.22719144821167,676,0
20.231122970581055,723,0
20.235007524490356,741,0
20.239026069641113,651,0
20.242874145507812,626,0
20.246843576431274,634,0
20.250653505325317,654,0
20.254894018173218,681,0
20.25866436958313,594,0
20.262344360351562,556,0
20.266249895095825,560,0
20.270326614379883,572,0
20.274179935455322,619,0
20.27796959877014,543,0
20.281970739364624,500,0
20.28600239753723,515,0
20.289803504943848,533,0
20.29364514350891,605,0
20.29755711555481,565,0
20.301610469818115,525,0
20.30573058128357,544,0
20.309406280517578,553,0
20.313415050506592,610,0
20.317349672317505,575,0
20.321226596832275,527,0
20.325018405914307,568,0
20.328912258148193,603,0
20.33278799057007,675,0
20.33666491508484,648,0
20.340651035308838,584,0
20.34456181526184,607,0
20.348658323287964,621,0
20.352437734603882,674,0
20.356412649154663,656,0
20.36024522781372,586,0
20.364105224609375,591,0
20.368012189865112,597,0
20.371963500976562,653,0
20.37577486038208,648,0
20.37983512878418,575,0
20.383636951446533,596,0
20.387597799301147,608,0
20.391456365585327,653,0
20.39534091949463,663,0
20.39924907684326,579,0
20.403316020965576,573,0
20.407207012176514,584,0
20.41101861000061,625,0
20.414873600006104,655,0
20.418878316879272,583,0
20.42274260520935,577,0
20.426631212234497,598,0
20.430519580841064,616,0
20.434434413909912,644,0
20.438369274139404,574,0
20.442307472229004,539,0
20.446224451065063,546,0
20.450244665145874,562,0
20.454002141952515,613,0
20.45793056488037,551,0
20.461831092834473,503,0
20.465800285339355,516,0
20.469741582870483,545,0
20.47360897064209,607,0
20.477550745010376,572,0
20.481504678726196,525,0
20.485332489013672,535,0
20.48941445350647,535,0
20.493234157562256,597,0
20.497211933135986,571,0
20.50105381011963,514,0
20.505069494247437,536,0
20.50885820388794,561,0
20.512704610824585,618,0
20.51668071746826,569,0
20.520681381225586,487,0
20.52451515197754,498,0
20.52836012840271,507,0
20.532264232635498,577,0
20.536250114440918,580,0
20.54021692276001,510,0
20.544004440307617,557,0
20.547902822494507,577,0
20.5518159866333,619,0
20.55576992034912,620,0
20.55967879295349,535,0
20.563557386398315,544,0
20.56757640838623,575,0
20.57136869430542,613,0
20.575336694717407,625,0
20.579352617263794,541,0
20.58317756652832,550,0
20.587023973464966,588,0
20.590933561325073,624,0
20.594815254211426,646,0
20.598734617233276,568,0
20.602654457092285,544,0
20.606651067733765,585,0
20.61064076423645,606,0
20.614532947540283,641,0
20.618333339691162,569,0
20.622334480285645,518,0
20.626188039779663,518,0
20.630032300949097,520,0
20.634024620056152,564,0
20.637872457504272,500,0
20.64182734489441,457,0
20.650739192962646,466,0
20.651264190673828,482,0
20.653538465499878,554,0
20.657565593719482,520,0
20.661348342895508,478,0
20.665722370147705,509,0
20.669261693954468,538,0
20.67315649986267,623,0
20.67706608772278,598,0
20.680903434753418,532,0
20.68482279777527,547,0
20.688850164413452,558,0
20.692643404006958,611,0
20.696674585342407,589,0
20.70064067840576,518,0
20.70458984375,554,0
20.708319664001465,569,0
20.712244987487793,615,0
20.71625065803528,610,0
20.7202091217041,523,0
20.7240309715271,536,0
20.727826833724976,563,0
20.731788873672485,624,0
20.735670804977417,636,0
20.739625692367554,536,0
20.743510007858276,519,0
20.74751591682434,530,0
20.751649856567383,558,0
20.75529146194458,581,0
20.759171724319458,530,0
20.763174533843994,529,0
20.767194986343384,543,0
20.77089524269104,570,0
20.774840593338013,611,0
20.778748035430908,532,0
20.78263807296753,491,0
20.78675079345703,499,0
20.790605306625366,514,0
20.794604063034058,563,0
20.798401832580566,508,0
20.802256107330322,450,0
20.806264400482178,456,0
20.810044050216675,457,0
20.81393074989319,510,0
20.81783151626587,482,0
20.821897983551025,448,0
20.825688123703003,485,0
20.829540014266968,504,0
20.83348274230957,577,0
20.837515592575073,549,0
20.84139657020569,491,0
20.84524655342102,519,0
20.849188089370728,533,0
20.85304284095764,591,0
20.856923580169678,567,0
20.86094069480896,488,0
20.86475396156311,504,0
20.86873435974121,516,0
20.872669219970703,572,0
20.876513242721558,574,0
20.880451440811157,504,0
20.88441228866577,503,0
20.888399362564087,489,0
20.892274618148804,513,0
20.89617919921875,509,0
20.899978399276733,433,0
20.903971433639526,454,0
20.907817125320435,468,0
20.91172766685486,491,0
20.915668964385986,504,0
20.919720888137817,437,0
20.92375683784485,444,0
20.927494764328003,465,0
20.931393146514893,503,0
20.935434579849243,551,0
20.939300060272217,484,0
20.94304370880127,460,0
20.94698190689087,479,0
20.95087742805481,520,0
20.95483922958374,551,0
20.958795309066772,462,0
20.962634086608887,396,0
20.96660828590393,388,0
20.97044849395752,396,0
20.974390029907227,477,0
20.978294134140015,456,0
20.98221731185913,426,0
20.986270427703857,456,0
20.989995002746582,477,0
20.99386763572693,559,0
20.997803926467896,531,0
21.001838445663452,486,0
21.005911111831665,507,0
21.0097496509552,527,0
21.013553380966187,599,0
21.01733636856079,565,0
21.0217502117157,498,0
21.025452136993408,517,0
21.02918767929077,522,0
21.033025979995728,575,0
21.036990880966187,563,0
21.04106330871582,496,0
21.044840097427368,524,0
21.048657178878784,550,0
21.052766799926758,610,0
21.056837797164917,618,0
21.060545206069946,539,0
21.06453585624695,547,0
21.068326950073242,549,0
21.072276830673218,594,0
21.076154232025146,629,0
21.07999300956726,559,0
21.084097623825073,571,0
21.088595390319824,594,0
21.091773509979248,642,0
21.09564232826233,677,0
21.09955072402954,612,0
21.10354995727539,613,0
21.107434511184692,648,0
21.111430168151855,681,0
21.11525535583496,704,0
21.119189977645874,644,0
21.123270750045776,610,0
21.126986026763916,609,0
21.13109850883484,631,0
21.134779930114746,670,0
21.13895297050476,601,0
21.14268946647644,550,0
21.146671533584595,542,0
21.15039300918579,524,0
21.15480136871338,565,0
21.158507108688354,534,0
21.16228485107422,496,0
21.16637134552002,520,0
21.169973373413086,529,0
21.17395544052124,587,0
21.17789626121521,556,0
21.1816623210907,505,0
21.185543060302734,533,0
21.1896653175354,548,0
21.19370150566101,613,0
21.197437524795532,611,0
21.201314210891724,542,0
21.205273628234863,558,0
21.20916485786438,569,0
21.213048934936523,606,0
21.21690320968628,593,0
21.22081470489502,504,0
21.224705934524536,514,0
21.228644371032715,525,0
21.23253083229065,573,0
21.236477613449097,580,0
21.240347623825073,499,0
21.244346141815186,509,0
21.248268127441406,505,0
21.25217318534851,540,0
21.256145000457764,581,0
21.259914875030518,493,0
21.26378083229065,493,0
21.267698764801025,516,0
21.271697521209717,546,0
21.275562047958374,568,0
21.27956247329712,486,0
21.28352999687195,471,0
21.287291765213013,493,0
21.291247844696045,527,0
21.295210599899292,569,0
21.299021244049072,511,0
21.302979469299316,482,0
21.3069007396698,499,0
21.310787677764893,525,0
21.314792156219482,566,0
21.31860637664795,518,0
21.32253098487854,497,0
21.326502561569214,540,0
21.33047604560852,572,0
21.334232807159424,642,0
21.33818006515503,590,0
21.34203338623047,537,0
21.34596061706543,558,0
21.34988784790039,564,0
21.353932857513428,636,0
21.357802867889404,615,0
21.361610651016235,536,0
21.365522861480713,543,0
21.36941957473755,560,0
21.373509645462036,608,0
21.37728476524353,584,0
21.381230354309082,516,0
21.385159015655518,509,0
21.389031410217285,495,0
21.39290976524353,525,0
21.39683198928833,534,0
21.400747060775757,482,0
21.4048011302948,512,0
21.408766984939575,542,0
21.41245722770691,591,0
21.41641402244568,601,0
21.420424222946167,513,0
21.424232482910156,511,0
21.428175926208496,519,0
21.432146787643433,564,0
21.435937881469727,606,0
21.439943552017212,540,0
21.44380831718445,542,0
21.4477059841156,567,0
21.451577186584473,594,0
21.455513954162598,623,0
21.45942234992981,554,0
21.463314056396484,526,0
21.467235326766968,544,0
21.47141146659851,567,0
21.47532057762146,626,0
21.479053020477295,568,0
21.48287010192871,532,0
21.48682451248169,556,0
21.490708827972412,569,0
21.494606256484985,621,0
21.498644828796387,563,0
21.502628803253174,520,0
21.506726026535034,542,0
21.510475635528564,541,0
21.514395713806152,593,0
21.518235683441162,556,0
21.525908708572388,504,0
21.5262553691864,530,0
21.529921770095825,545,0
21.533828496932983,585,0
21.537907600402832,547,0
21.54158616065979,481,0
21.5456485748291,496,0
21.56022596359253,504,0
21.56071925163269,569,0
21.561563968658447,555,0
21.56205415725708,461,0
21.56520915031433,462,0
21.568941354751587,494,0
21.572842121124268,569,0
21.576764822006226,589,0
21.580681562423706,512,0
21.58460807800293,514,0
21.58875274658203,534,0
21.59250497817993,587,0
21.596385955810547,615,0
21.600394010543823,533,0
21.604299068450928,510,0
21.608198881149292,523,0
21.612029314041138,552,0
21.61590838432312,586,0
21.619858980178833,506,0
21.623718976974487,484,0
21.62762689590454,504,0
21.631605625152588,528,0
21.635446310043335,572,0
21.648961067199707,503,0
21.649662733078003,475,0
21.64992594718933,499,0
21.654627084732056,510,0
21.655370712280273,554,0
21.65896987915039,505,0
21.66284680366516,478,0
21.666760683059692,492,0
21.67065978050232,486,0
21.674582958221436,528,0
21.678584337234497,457,0
21.682508945465088,404,0
21.686380624771118,417,0
21.690297842025757,440,0
21.694188356399536,509,0
21.698103189468384,483,0
21.702070713043213,409,0
21.70618176460266,413,0
21.710017919540405,429,0
21.713905811309814,491,0
21.71775531768799,476,0
21.721843719482422,409,0
21.7256338596344,448,0
21.72948122024536,472,0
21.73345184326172,515,0
21.737288236618042,515,0
21.7412166595459,447,0
21.745009422302246,482,0
21.74892020225525,501,0
21.75299572944641,545,0
21.756749391555786,551,0
21.76073908805847,468,0
21.764654636383057,478,0
21.76869797706604,495,0
21.77257204055786,532,0
21.7764151096344,547,0
21.78054141998291,455,0
21.78432297706604,439,0
21.788166522979736,435,0
21.791962146759033,461,0
21.79609990119934,507,0
21.79980707168579,434,0
21.80375337600708,381,0
21.807651042938232,377,0
21.811611890792847,395,0
21.815407276153564,446,0
21.819353103637695,399,0
21.823261737823486,387,0
21.827266931533813,426,0
21.831161975860596,457,0
21.83510136604309,522,0
21.8389151096344,473,0
21.842838764190674,435,0
21.846738576889038,461,0
21.85063099861145,477,0
21.854800939559937,544,0
21.85866355895996,500,0
21.862412929534912,430,0
21.86640477180481,447,0
21.870312690734863,480,0
21.874157428741455,554,0
21.878008604049683,526,0
21.881890535354614,458,0
21.885838270187378,494,0
21.889797687530518,518,0
21.89366102218628,582,0
21.897634029388428,577,0
21.90156126022339,511,0
21.90560555458069,537,0
21.909329175949097,561,0
21.913398027420044,627,0
21.91729474067688,644,0
21.92146611213684,563,0
21.924943208694458,571,0
21.928991556167603,581,0
21.932840824127197,616,0
21.936750650405884,634,0
21.940627336502075,569,0
21.944532871246338,586,0
21.94857144355774,603,0
21.95236587524414,640,0
21.95638418197632,665,0
21.96022129058838,614,0
21.96424651145935,615,0
21.967998266220093,640,0
21.971911191940308,662,0
21.975815773010254,692,0
21.979734182357788,625,0
21.983648538589478,586,0
21.988009214401245,613,0
21.991541624069214,628,0
21.995489835739136,666,0
21.99934697151184,592,0
22.003512620925903,543,0
22.007203817367554,561,0
22.011032104492188,572,0
22.014925718307495,647,0
22.018906354904175,600,0
22.028378009796143,533,0
22.028675317764282,548,0
22.037172555923462,561,0
22.038756370544434,622,0
22.040925979614258,583,0
22.043229579925537,530,0
22.046315908432007,563,0
22.050324201583862,572,0
22.054170846939087,619,0
22.061601400375366,590,0
22.06319785118103,514,0
22.0745792388916,534,0
22.07529354095459,550,0
22.075950860977173,604,0
22.07758593559265,600,0
22.08154559135437,520,0
22.085631608963013,519,0
22.089391231536865,515,0
22.09336256980896,558,0
22.09727931022644,567,0
22.10137367248535,495,0
22.123190879821777,503,0
22.124236822128296,508,0
22.124475240707397,541,0
22.12466263771057,563,0
22.124923706054688,493,0
22.12521266937256,481,0
22.12885069847107,496,0
22.132632732391357,526,0
22.13627862930298,557,0
22.141695976257324,505,0
22.144048929214478,495,0
22.147998571395874,507,0
22.15192413330078,510,0
22.158233880996704,542,0
22.16471004486084,480,0
22.16537094116211,441,0
22.167575120925903,462,0
22.17225432395935,495,0
22.181894540786743,555,0
22.182908535003662,514,0
22.183975219726562,473,0
22.187227487564087,498,0
22.191322088241577,506,0
22.194913625717163,563,0
22.198863983154297,520,0
22.202821016311646,463,0
22.20677947998047,494,0
22.210830688476562,525,0
22.21459650993347,583,0
22.218478441238403,555,0
22.223222017288208,486,0
22.226359844207764,506,0
22.230217695236206,526,0
22.234143257141113,563,0
22.23921513557434,537,0
22.244741439819336,449,0
22.246647834777832,469,0
22.25088334083557,502,0
22.263461351394653,556,0
22.26380467414856,569,0
22.26418399810791,509,0
22.26543116569519,527,0
22.269275426864624,548,0
22.274562120437622,592,0
22.27719497680664,598,0
22.281129598617554,537,0
22.284948348999023,562,0
22.29041624069214,579,0
22.295398473739624,623,0
22.29669427871704,648,0
22.30087375640869,575,0
22.306222438812256,566,0
22.311355113983154,584,0
22.31231999397278,605,0
22.316357135772705,635,0
22.32022476196289,568,0
22.32668113708496,552,0
22.327954530715942,572,0
22.33187747001648,580,0
22.347224950790405,611,0
22.355205297470093,549,0
22.35711908340454,513,0
22.357765197753906,546,0
22.35828447341919,553,0
22.358768463134766,612,0
22.359320878982544,560,0
22.363303899765015,523,0
22.366995096206665,561,0
22.370943546295166,584,0
22.374868631362915,639,0
22.378755807876587,592,0
22.38277316093445,527,0
22.386579275131226,546,0
22.390687704086304,555,0
22.394606351852417,602,0
22.398441791534424,568,0
22.402349710464478,501,0
22.407622575759888,524,0
22.410312175750732,545,0
22.414127349853516,594,0
22.417961835861206,577,0
22.422546863555908,497,0
22.425789833068848,504,0
22.429657697677612,514,0
22.43356990814209,541,0
22.437570810317993,546,0
22.443201303482056,471,0
22.44868540763855,489,0
22.44924306869507,497,0
22.45385503768921,539,0
22.458693027496338,556,0
22.461976766586304,487,0
22.46491575241089,495,0
22.468778610229492,520,0
22.473280906677246,552,0
22.476622581481934,556,0
22.480531692504883,469,0
22.48455309867859,452,0
22.489335298538208,456,0
22.49231219291687,458,0
22.496235132217407,495,0
22.50014877319336,428,0
22.504035472869873,396,0
22.507914543151855,431,0
22.511852025985718,452,0
22.515692949295044,507,0
22.519741535186768,453,0
22.523723363876343,409,0
22.52751588821411,429,0
22.531526803970337,435,0
22.53544569015503,491,0
22.539266347885132,443,0
22.54324436187744,384,0
22.547107934951782,400,0
22.55093240737915,416,0
22.555110692977905,474,0
22.55878210067749,449,0
22.562641859054565,385,0
22.5667667388916,398,0
22.570468425750732,398,0
22.574525117874146,474,0
22.578460693359375,468,0
22.582340002059937,394,0
22.58622932434082,407,0
22.590449571609497,421,0
22.594115734100342,475,0
22.598004579544067,472,0
22.601827383041382,392,0
22.605843782424927,401,0
22.609741926193237,412,0
22.61360216140747,463,0
22.617530584335327,469,0
22.621597290039062,378,0
22.625311613082886,385,0
22.62919807434082,411,0
22.633179426193237,446,0
22.636993169784546,462,0
22.64092707633972,383,0
22.6448974609375,393,0
22.648711919784546,433,0
22.652657747268677,468,0
22.65670871734619,510,0
22.6609845161438,451,0
22.664398908615112,436,0
22.668269395828247,435,0
22.673153162002563,428,0
22.676268815994263,464,0
22.680481910705566,408,0
22.683967351913452,387,0
22.68902587890625,423,0
22.69186544418335,455,0
22.69571089744568,518,0
22.69959783554077,468,0
22.703717947006226,406,0
22.707885026931763,420,0
22.711527585983276,424,0
22.715258359909058,467,0
22.719184637069702,422,0
22.723451375961304,379,0
22.72702431678772,412,0
22.7309308052063,439,0
22.73481011390686,497,0
22.739088535308838,478,0
22.74340033531189,414,0
22.746543407440186,450,0
22.750454664230347,475,0
22.754821300506592,540,0
22.758265495300293,534,0
22.762268781661987,463,0
22.766045570373535,474,0
22.769959449768066,492,0
22.773977279663086,557,0
22.777786254882812,561,0
22.782004356384277,471,0
22.78570246696472,479,0
22.79052448272705,514,0
22.793562650680542,554,0
22.79738688468933,554,0
22.80308246612549,483,0
22.81750464439392,485,0
22.817930221557617,490,0
22.818438053131104,534,0
22.820203065872192,572,0
22.82087230682373,513,0
22.830041885375977,497,0
22.830354690551758,517,0
22.832582235336304,539,0
22.836581707000732,577,0
22.84085988998413,526,0
22.844310522079468,507,0
22.848318338394165,521,0
22.852213382720947,549,0
22.85665726661682,595,0
22.86003565788269,546,0
22.863921880722046,509,0
22.86779260635376,527,0
22.87291932106018,527,0
22.87572479248047,570,0
22.879557132720947,525,0
22.88357710838318,481,0
22.887523412704468,505,0
22.892417430877686,525,0
22.89528226852417,584,0
22.899205207824707,544,0
22.903180837631226,472,0
22.906898260116577,491,0
22.91085171699524,490,0
22.914761066436768,547,0
22.91875171661377,545,0
22.92285442352295,474,0
22.92690396308899,489,0
22.93216586112976,502,0
22.934425592422485,553,0
22.938464164733887,532,0
22.94475293159485,443,0
22.946067094802856,439,0
22.949960708618164,440,0
22.95389223098755,461,0
22.958782196044922,462,0
22.961705923080444,375,0
22.965665340423584,381,0
22.969713926315308,412,0
22.973554849624634,476,0
22.977399349212646,502,0
22.981436252593994,423,0
22.985239267349243,420,0
22.989941596984863,428,0
22.99559998512268,449,0
22.996917486190796,475,0
23.00088381767273,395,0
23.005810499191284,371,0
23.00869107246399,387,0
23.01267671585083,404,0
23.016432762145996,446,0
23.020453214645386,380,0
23.02445125579834,329,0
23.028240203857422,356,0
23.032332181930542,393,0
23.036102294921875,456,0
23.04039692878723,419,0
23.046921968460083,386,0
23.04996633529663,400,0
23.05172848701477,412,0
23.05572485923767,467,0
23.059625148773193,426,0
23.06360411643982,374,0
23.067478895187378,403,0
23.071476697921753,416,0
23.07529616355896,473,0
23.07903504371643,438,0
23.08301591873169,386,0
23.086870193481445,422,0
23.090797424316406,452,0
23.094722032546997,512,0
23.09868574142456,499,0
23.102636337280273,431,0
23.106690883636475,453,0
23.112086534500122,457,0
23.116116285324097,491,0
23.122631311416626,479,0
23.123138666152954,398,0
23.125974416732788,406,0
23.129920482635498,431,0
23.133835554122925,485,0
23.13801670074463,508,0
23.150054454803467,447,0
23.15193009376526,479,0
23.153090953826904,511,0
23.153422355651855,563,0
23.157390832901,604,0
23.161311864852905,540,0
23.165206909179688,533,0
23.16906476020813,551,0
23.174398183822632,584,0
23.176950454711914,614,0
23.18139410018921,529,0
23.18472671508789,500,0
23.188684940338135,527,0
23.19348120689392,551,0
23.197348594665527,613,0
23.202097177505493,560,0
23.204267263412476,526,0
23.208242654800415,553,0
23.212109804153442,555,0
23.21600317955017,613,0
23.226104974746704,573,0
23.226734399795532,530,0
23.23002052307129,564,0
23.231600999832153,581,0
23.2355318069458,645,0
23.239432334899902,610,0
23.2434504032135,553,0
23.247528314590454,586,0
23.251257181167603,606,0
23.25516963005066,662,0
23.259053230285645,641,0
23.263055086135864,577,0
23.26769208908081,602,0
23.27075719833374,603,0
23.274625778198242,638,0
23.27857732772827,629,0
23.28306293487549,570,0
23.28648066520691,601,0
23.290475368499756,612,0
23.294987678527832,646,0
23.298189163208008,658,0
23.3021183013916,583,0
23.30601668357849,589,0
23.30997085571289,593,0
23.313939332962036,619,0
23.317719221115112,632,0
23.321797132492065,550,0
23.325681447982788,528,0
23.32948350906372,532,0
23.333351612091064,556,0
23.337345838546753,580,0
23.343077182769775,517,0
23.3452045917511,498,0
23.34899616241455,504,0
23.3529269695282,524,0
23.35687279701233,560,0
23.360700130462646,494,0
23.364632844924927,476,0
23.368508338928223,499,0
23.372495889663696,502,0
23.376484632492065,548,0
23.380293130874634,497,0
23.3842716217041,465,0
23.388232707977295,479,0
23.39201259613037,465,0
23.395894527435303,506,0
23.399817943572998,453,0
23.403740167617798,395,0
23.407657384872437,386,0
23.411606788635254,384,0
23.41560459136963,452,0
23.419492721557617,421,0
23.423421144485474,364,0
23.427334308624268,398,0
23.431187391281128,420,0
23.43515944480896,468,0
23.438962936401367,448,0
23.44288468360901,369,0
23.44677472114563,391,0
23.450685501098633,410,0
23.454764366149902,471,0
23.45863127708435,477,0
23.462461709976196,400,0
23.466490983963013,415,0
23.4704692363739,438,0
23.47434425354004,512,0
23.47815704345703,557,0
23.481968879699707,486,0
23.485985279083252,488,0
23.489981412887573,485,0
23.493805408477783,507,0
23.497677326202393,515,0
23.50155735015869,441,0
23.505613565444946,442,0
23.50936460494995,458,0
23.513298511505127,493,0
23.517244577407837,537,0
23.521179914474487,489,0
23.525216341018677,471,0
23.52897334098816,498,0
23.532897472381592,529,0
23.53673028945923,567,0
23.54068350791931,475,0
23.544615030288696,420,0
23.54851222038269,430,0
23.5525541305542,431,0
23.556479454040527,506,0
23.56024432182312,487,0
23.564213275909424,461,0
23.568068265914917,489,0
23.572052240371704,513,0
23.575849294662476,589,0
23.579813241958618,560,0
23.58380961418152,507,0
23.587625980377197,533,0
23.59154748916626,548,0
23.595553874969482,602,0
23.599493980407715,581,0
23.60332751274109,522,0
23.60727310180664,534,0
23.611233711242676,548,0
23.61502194404602,614,0
23.619039297103882,607,0
23.62286901473999,517,0
23.626885652542114,522,0
23.63068151473999,523,0
23.634622812271118,575,0
23.638546228408813,580,0
23.64248561859131,496,0
23.646355390548706,513,0
23.650268077850342,536,0
23.65417194366455,581,0
23.657996654510498,597,0
23.66192936897278,531,0
23.665853261947632,539,0
23.669753789901733,574,0
23.673741340637207,622,0
23.6777560710907,660,0
23.68144702911377,600,0
23.685531616210938,587,0
23.68956208229065,600,0
23.693391799926758,626,0
23.697245836257935,653,0
23.701194286346436,598,0
23.70497465133667,578,0
23.708900451660156,594,0
23.712771892547607,615,0
23.716793060302734,683,0
23.720683097839355,632,0
23.72462010383606,574,0
23.728492736816406,585,0
23.732465744018555,593,0
23.73627471923828,656,0
23.740212202072144,625,0
23.744208574295044,581,0
23.747976779937744,593,0
23.751996517181396,595,0
23.75592541694641,644,0
23.75978112220764,607,0
23.76365089416504,543,0
23.767650604248047,539,0
23.771665334701538,540,0
23.775474786758423,590,0
23.77937626838684,590,0
23.78325057029724,530,0
23.78717875480652,542,0
23.79105257987976,543,0
23.79492688179016,583,0
23.79887056350708,564,0
23.80283212661743,497,0
23.80666446685791,541,0
23.81064748764038,574,0
23.814663410186768,616,0
23.818448781967163,619,0
23.822837114334106,536,0
23.826379776000977,546,0
23.830257892608643,565,0
23.834116458892822,607,0
23.838050842285156,633,0
23.84194040298462,562,0
23.845866680145264,548,0
23.84986114501953,562,0
23.85364317893982,597,0
23.857587337493896,635,0
23.861636877059937,579,0
23.865403175354004,563,0
23.869368076324463,588,0
23.87332320213318,619,0
23.87725067138672,655,0
23.881025552749634,604,0
23.88506293296814,567,0
23.88881230354309,572,0
23.892751693725586,578,0
23.90546679496765,628,0
23.90604281425476,588,0
23.909366846084595,542,0
23.909971237182617,559,0
23.91233468055725,583,0
23.91627025604248,648,0
23.920191764831543,616,0
23.92409634590149,566,0
23.928027391433716,581,0
23.931944131851196,579,0
23.935782194137573,623,0
23.93975806236267,595,0
23.943610429763794,545,0
23.947515964508057,573,0
23.951550483703613,581,0
23.955360174179077,612,0
23.960232496261597,590,0
23.963266372680664,512,0
23.96721625328064,523,0
23.970961570739746,535,0
23.97499656677246,604,0
23.97887945175171,624,0
23.982736349105835,559,0
23.986665964126587,586,0
23.9905903339386,627,0
23.994478225708008,662,0
23.99849820137024,663,0
24.002355337142944,586,0
24.0062997341156,585,0
24.010205268859863,592,0
24.01400661468506,608,0
24.017926931381226,622,0
24.021929025650024,540,0
24.02594804763794,535,0
24.029661178588867,570,0
24.033564805984497,623,0
24.03760528564453,674,0
24.04140281677246,624,0
24.045305728912354,616,0
24.049243450164795,631,0
24.053293466567993,634,0
24.05704665184021,660,0
24.060943126678467,589,0
24.064948797225952,537,0
24.06876039505005,559,0
24.072679042816162,596,0
24.07661533355713,660,0
24.080554246902466,640,0
24.084406852722168,618,0
24.0883526802063,647,0
24.092591285705566,656,0
24.09636163711548,704,0
24.100225687026978,660,0
24.103986501693726,584,0
24.10796594619751,598,0
24.111833095550537,613,0
24.11583423614502,668,0
24.119823694229126,656,0
24.126396656036377,595,0
24.12756586074829,611,0
24.131388664245605,631,0
24.135397911071777,654,0
24.13933753967285,640,0
24.143320322036743,562,0
24.148430585861206,576,0
24.151050567626953,580,0
24.154970169067383,621,0
24.175031423568726,615,0
24.183021783828735,541,0
24.184569358825684,568,0
24.186468839645386,590,0
24.186935424804688,630,0
24.18714451789856,653,0
24.18738627433777,587,0
24.187703371047974,593,0
24.190227270126343,602,0
24.194044589996338,649,0
24.197926998138428,696,0
24.20488739013672,624,0
24.206239938735962,599,0
24.209640741348267,621,0
24.21355700492859,641,0
24.22847294807434,681,0
24.229228734970093,615,0
24.233750581741333,581,0
24.24209213256836,593,0
24.280659675598145,588,0
24.28214144706726,639,0
24.283072471618652,594,0
24.284345626831055,554,0
24.290618658065796,586,0
24.291601419448853,595,0
24.29454517364502,644,0
24.296531677246094,600,0
24.296940326690674,570,0
24.297377824783325,602,0
24.29774022102356,628,0
24.298238277435303,691,0
24.299049377441406,649,0
24.299358129501343,574,0
24.300665140151978,588,0
24.301074981689453,590,0
24.301936149597168,640,0
24.30567717552185,630,0
24.3085880279541,556,0
24.309251308441162,573,0
24.31199026107788,588,0
24.31536030769348,616,0
24.31923270225525,603,0
24.32323408126831,497,0
24.327043294906616,492,0
24.331000804901123,488,0
24.334903955459595,525,0
24.339203357696533,533,0
24.344783782958984,458,0
24.346693992614746,462,0
24.350504636764526,480,0
24.354410409927368,516,0
24.36005997657776,548,0
24.362333297729492,464,0
24.36628746986389,465,0
24.37014150619507,485,0
24.373953342437744,529,0
24.377899885177612,566,0
24.381860733032227,485,0
24.385712146759033,427,0
24.389856338500977,409,0
24.393669605255127,400,0
24.397414445877075,439,0
24.401437520980835,390,0
24.405328035354614,365,0
24.411991119384766,385,0
24.413066864013672,395,0
24.41701054573059,451,0
24.420915126800537,398,0
24.424856185913086,350,0
24.42881202697754,377,0
24.432629585266113,386,0
24.43666911125183,446,0
24.44049048423767,413,0
24.444327354431152,362,0
24.4482684135437,395,0
24.452260732650757,412,0
24.456183433532715,464,0
24.460044860839844,437,0
24.463918447494507,371,0
24.467824459075928,401,0
24.47176218032837,424,0
24.476479053497314,482,0
24.47960090637207,482,0
24.483590364456177,412,0
24.487370252609253,429,0
24.491409301757812,434,0
24.495271921157837,488,0
24.499178409576416,491,0
24.50308322906494,407,0
24.50704336166382,417,0
24.51083278656006,443,0
24.514731884002686,498,0
24.518671989440918,527,0
24.522591829299927,446,0
24.526578187942505,441,0
24.530544996261597,460,0
24.534348249435425,518,0
24.538294792175293,573,0
24.54233193397522,519,0
24.546061992645264,519,0
24.549971103668213,539,0
24.553947925567627,573,0
24.557891368865967,636,0
24.56177568435669,584,0
24.565647840499878,557,0
24.569554090499878,568,0
24.5735342502594,585,0
24.577428817749023,656,0
24.581270933151245,605,0
24.585253477096558,568,0
24.589216709136963,598,0
24.592971563339233,613,0
24.596898317337036,672,0
24.6008141040802,621,0
24.605111360549927,575,0
24.608690977096558,611,0
24.61257314682007,618,0
24.61649513244629,683,0
24.62058448791504,662,0
24.624544620513916,611,0
24.628441095352173,637,0
24.632272243499756,661,0
24.636050701141357,720,0
24.64013361930847,705,0
24.650322675704956,632,0
24.651345252990723,640,0
24.652252435684204,667,0
24.657565593719482,728,0
24.66163158416748,713,0
24.663628101348877,627,0
24.667401790618896,633,0
24.67158842086792,638,0
24.67562174797058,682,0
24.679181575775146,684,0
24.683618545532227,587,0
24.68704652786255,587,0
24.69361972808838,610,0
24.695834159851074,642,0
24.70329451560974,643,0
24.70772695541382,540,0
24.711148977279663,506,0
24.715956926345825,522,0
24.71657395362854,545,0
24.71831965446472,571,0
24.723007202148438,486,0
24.73431634902954,463,0
24.734694242477417,478,0
24.73511815071106,488,0
24.737825870513916,535,0
24.74176812171936,469,0
24.74560809135437,429,0
24.749618530273438,458,0
24.753363370895386,491,0
24.757351398468018,569,0
24.761312007904053,535,0
24.765182495117188,495,0
24.769038677215576,518,0
24.773303985595703,529,0
24.776946783065796,591,0
24.780783891677856,541,0
24.78471565246582,486,0
24.789133548736572,521,0
24.792664289474487,538,0
24.796411752700806,600,0
24.800320386886597,570,0
24.80423617362976,471,0
24.80892562866211,475,0
24.812217712402344,494,0
24.815975427627563,564,0
24.819895029067993,577,0
24.823867321014404,513,0
24.827751398086548,519,0
24.831631898880005,529,0
24.835540771484375,565,0
24.83969473838806,558,0
24.84336018562317,474,0
24.847291946411133,478,0
24.851259469985962,491,0
24.855216026306152,534,0
24.859057426452637,534,0
24.86293077468872,446,0
24.86682438850403,456,0
24.870829582214355,478,0
24.874671459197998,522,0
24.878556966781616,559,0
24.882515907287598,499,0
24.886558055877686,486,0
24.890376567840576,504,0
24.894230842590332,535,0
24.898174047470093,574,0
24.902035236358643,503,0
24.9061758518219,467,0
24.909931421279907,480,0
24.91383719444275,492,0
24.917675495147705,537,0
24.921623468399048,481,0
24.925563097000122,444,0
24.929492235183716,462,0
24.933399200439453,481,0
24.93726134300232,551,0
24.94122838973999,502,0
24.945235013961792,452,0
24.94902276992798,465,0
24.952918767929077,480,0
24.956827640533447,547,0
24.960726976394653,516,0
24.964641571044922,469,0
24.968541622161865,500,0
24.972769498825073,513,0
24.97650933265686,561,0
24.980318784713745,530,0
24.984235048294067,451,0
24.98819398880005,453,0
24.992055654525757,452,0
24.99598741531372,500,0
24.999876260757446,505,0
25.00376844406128,437,0
25.00769281387329,472,0
25.011611938476562,491,0
25.015505075454712,539,0
25.01954174041748,539,0
25.02359914779663,445,0
25.02729296684265,453,0
25.0312180519104,470,0
25.035054445266724,505,0
25.03896975517273,513,0
25.042888879776,435,0
25.0468168258667,435,0
25.05071759223938,464,0
25.054821252822876,508,0
25.058542013168335,541,0
25.062596797943115,475,0
25.06643295288086,458,0
25.070334434509277,474,0
25.074286937713623,489,0
25.07816743850708,543,0
25.08200716972351,489,0
25.085933208465576,464,0
25.089842557907104,484,0
25.093765020370483,490,0
25.09767460823059,523,0
25.101636171340942,466,0
25.10563850402832,415,0
25.109454870224,413,0
25.11333394050598,408,0
25.117265224456787,469,0
25.121253490447998,435,0
25.125108242034912,375,0
25.128942012786865,377,0
25.132845401763916,380,0
25.136778116226196,446,0
25.140716791152954,413,0
25.144766330718994,351,0
25.14850091934204,375,0
25.15253186225891,403,0
25.15664291381836,488,0
25.1603000164032,491,0
25.16425132751465,422,0
25.168073177337646,438,0
25.172130346298218,445,0
25.175970315933228,478,0
25.179912328720093,484,0
25.183800220489502,415,0
25.18767499923706,431,0
25.191692352294922,440,0
25.195728540420532,488,0
25.199599981307983,512,0
25.203317642211914,443,0
25.20754837989807,453,0
25.21135640144348,461,0
25.21544098854065,496,0
25.21912145614624,519,0
25.226189613342285,452,0
25.22835612297058,461,0
25.230753421783447,494,0
25.234739542007446,510,0
25.238734006881714,510,0
25.242603540420532,408,0
25.246407985687256,374,0
25.25025177001953,399,0
25.26313018798828,440,0
25.26391315460205,513,0
25.264628887176514,480,0
25.2674298286438,463,0
25.26983380317688,488,0
25.27372932434082,500,0
25.277676820755005,555,0
25.28157687187195,508,0
25.285587787628174,474,0
25.2894549369812,513,0
25.293256044387817,531,0
25.297269105911255,594,0
25.301204442977905,542,0
25.305058240890503,473,0
25.30890202522278,489,0
25.312805891036987,503,0
25.316836833953857,569,0
25.32067847251892,545,0
25.324552059173584,476,0
25.328617811203003,486,0
25.332516193389893,502,0
25.336307287216187,569,0
25.34026312828064,578,0
25.344233751296997,521,0
25.34800386428833,543,0
25.352020740509033,556,0
25.35600471496582,584,0
25.359779596328735,585,0
25.363703727722168,511,0
25.36769700050354,518,0
25.371532201766968,533,0
25.375620365142822,574,0
25.379363775253296,576,0
25.383264541625977,496,0
25.38721776008606,502,0
25.39128565788269,516,0
25.3949978351593,549,0
25.398897409439087,586,0
25.402875185012817,515,0
25.408687114715576,501,0
25.410778999328613,511,0
25.414580583572388,530,0
25.418511390686035,562,0
25.42238426208496,505,0
25.426360607147217,487,0
25.430304050445557,512,0
25.434244632720947,531,0
25.438188791275024,578,0
25.442060947418213,518,0
25.44589376449585,476,0
25.44977331161499,493,0
25.453709602355957,507,0
25.457619190216064,573,0
25.461477756500244,533,0
25.465560913085938,472,0
25.46949338912964,485,0
25.473241090774536,495,0
25.47716450691223,544,0
25.481027603149414,528,0
25.484977960586548,455,0
25.48891043663025,451,0
25.492793083190918,447,0
25.496734619140625,520,0
25.500598192214966,533,0
25.504772663116455,484,0
25.508479595184326,497,0
25.512389183044434,498,0
25.516249895095825,544,0
25.520228147506714,544,0
25.52413535118103,469,0
25.528059005737305,484,0
25.531901597976685,485,0
25.535828351974487,530,0
25.539907932281494,543,0
25.543620347976685,452,0
25.547563552856445,463,0
25.551437854766846,469,0
25.556334972381592,506,0
25.55930185317993,530,0
25.563414573669434,461,0
25.567299365997314,444,0
25.570990324020386,448,0
25.57543683052063,482,0
25.578881978988647,533,0
25.582759618759155,466,0
25.58665180206299,443,0
25.59058976173401,465,0
25.59452247619629,502,0
25.59840488433838,567,0
25.602373600006104,505,0
25.606337785720825,470,0
25.610246896743774,498,0
25.614044427871704,530,0
25.617954969406128,594,0
25.62190866470337,545,0
25.625906467437744,491,0
25.629819631576538,501,0
25.63362741470337,509,0
25.637615442276,576,0
25.641677141189575,538,0
25.645357608795166,487,0
25.649351596832275,509,0
25.653334617614746,517,0
25.657193899154663,569,0
25.66100263595581,545,0
25.66490650177002,478,0
25.668797254562378,492,0
25.672767877578735,499,0
25.676655530929565,548,0
25.680570602416992,526,0
25.684682607650757,446,0
25.688531637191772,436,0
25.692668437957764,421,0
25.69629144668579,456,0
25.700202226638794,450,0
25.704041004180908,363,0
25.70815134048462,383,0
25.711862564086914,408,0
25.71576738357544,471,0
25.719796895980835,490,0
25.72366452217102,417,0
25.727670192718506,398,0
25.731491565704346,397,0
25.735373497009277,439,0
25.739344835281372,468,0
25.743231296539307,405,0
25.747276782989502,396,0
25.751025915145874,399,0
25.75498127937317,426,0
25.758928060531616,473,0
25.76283836364746,416,0
25.76665186882019,388,0
25.770646572113037,418,0
25.774718523025513,440,0
25.77859854698181,494,0
25.782489776611328,456,0
25.786261796951294,434,0
25.79063057899475,455,0
25.794143199920654,479,0
25.797908067703247,555,0
25.80321431159973,517,0
25.806195497512817,473,0
25.809927701950073,492,0
25.813676834106445,495,0
25.81755542755127,559,0
25.821526765823364,545,0
25.82551383972168,503,0
25.82925271987915,520,0
25.833186388015747,524,0
25.83702826499939,588,0
25.84106469154358,571,0
25.844858169555664,509,0
25.848790645599365,516,0
25.852685689926147,523,0
25.856682300567627,581,0
25.86055612564087,584,0
25.864569187164307,516,0
25.86832904815674,522,0
25.872400045394897,519,0
25.876356601715088,573,0
25.880170106887817,582,0
25.883970737457275,504,0
25.887902975082397,496,0
25.891803979873657,502,0
25.89574408531189,544,0
25.89963698387146,562,0
25.903578519821167,511,0
25.907727003097534,515,0
25.9113667011261,511,0
25.915287256240845,535,0
25.91924786567688,549,0
25.923253059387207,458,0
25.92701268196106,438,0
25.930903673171997,458,0
25.934832096099854,484,0
25.93877124786377,535,0
25.94269347190857,472,0
25.946573972702026,432,0
25.950608491897583,440,0
25.954486846923828,446,0
25.958532094955444,500,0
25.9622802734375,445,0
25.966272592544556,394,0
25.970104217529297,397,0
25.974258184432983,416,0
25.977999687194824,498,0
25.981871128082275,474,0
25.98571491241455,432,0
25.990148782730103,438,0
25.99362564086914,446,0
25.997650146484375,506,0
26.00133991241455,469,0
26.00528073310852,404,0
26.009260177612305,421,0
26.013068437576294,438,0
26.01700234413147,493,0
26.020919799804688,486,0
26.02537488937378,422,0
26.028759479522705,436,0
26.032723903656006,447,0
26.03667140007019,494,0
26.041069507598877,491,0
26.044382333755493,413,0
26.048300981521606,438,0
26.052273511886597,449,0
26.056307315826416,487,0
26.06000566482544,502,0
26.06394076347351,420,0
26.067943811416626,420,0
26.072027921676636,461,0
26.075822114944458,497,0
26.07967209815979,496,0
26.083617687225342,426,0
26.087533473968506,420,0
26.09152579307556,440,0
26.095261335372925,478,0
26.099195957183838,521,0
26.10306406021118,466,0
26.107179880142212,429,0
26.110920667648315,442,0
26.11488389968872,475,0
26.11875820159912,526,0
26.12274670600891,472,0
26.126638650894165,421,0
26.130524396896362,420,0
26.134562730789185,433,0
26.138710260391235,468,0
26.14294409751892,411,0
26.146329641342163,377,0
26.15003538131714,405,0
26.153993844985962,413,0
26.157970666885376,477,0
26.161744356155396,447,0
26.165838479995728,387,0
26.169668674468994,406,0
26.17370581626892,433,0
26.178036212921143,511,0
26.18137216567993,490,0
26.185243129730225,425,0
26.18949007987976,441,0
26.193057775497437,453,0
26.196969270706177,506,0
26.200926303863525,503,0
26.20503044128418,423,0
26.209182500839233,438,0
26.212721824645996,453,0
26.21661400794983,515,0
26.220425128936768,530,0
26.224424362182617,456,0
26.228455305099487,456,0
26.232210397720337,458,0
26.236119270324707,499,0
26.240000247955322,524,0
26.243926525115967,439,0
26.247922658920288,427,0
26.251709699630737,423,0
26.255649089813232,451,0
26.25959587097168,483,0
26.26345729827881,417,0
26.267414093017578,412,0
26.271586894989014,425,0
26.275315523147583,449,0
26.279176235198975,477,0
26.283010721206665,419,0
26.286917686462402,401,0
26.290979146957397,412,0
26.294767141342163,424,0
26.298712968826294,472,0
26.302654504776,428,0
26.306962251663208,389,0
26.310413360595703,397,0
26.314449071884155,399,0
26.318323612213135,464,0
26.32235860824585,413,0
26.326111555099487,354,0
26.329962015151978,360,0
26.33383560180664,361,0
26.337767601013184,421,0
26.341750621795654,415,0
26.345638275146484,380,0
26.34970259666443,391,0
26.353559255599976,382,0
26.357444763183594,439,0
26.361361742019653,432,0
26.3653666973114,366,0
26.369189023971558,373,0
26.37316083908081,381,0
26.376922845840454,441,0
26.381023645401,437,0
26.384761571884155,370,0
26.388704538345337,389,0
26.392581939697266,409,0
26.396543979644775,459,0
26.400407791137695,476,0
26.404396295547485,412,0
26.40835666656494,437,0
26.412203550338745,467,0
26.416094303131104,516,0
26.420044898986816,544,0
26.42398500442505,480,0
26.42786192893982,468,0
26.43168568611145,482,0
26.435775995254517,520,0
26.439833164215088,559,0
26.44406008720398,500,0
26.447517156600952,487,0
26.45164704322815,508,0
26.45540189743042,533,0
26.459186792373657,580,0
26.463035821914673,523,0
26.466970682144165,496,0
26.470885753631592,508,0
26.474913835525513,518,0
26.47864055633545,584,0
26.482548475265503,542,0
26.48673152923584,486,0
26.49035120010376,488,0
26.49430227279663,504,0
26.498213291168213,577,0
26.50220274925232,520,0
26.506131887435913,461,0
26.509972095489502,478,0
26.513898611068726,486,0
26.51777482032776,552,0
26.521756887435913,540,0
26.525660514831543,490,0
26.52960467338562,517,0
26.533533096313477,519,0
26.53739905357361,563,0
26.541272401809692,545,0
26.545295238494873,469,0
26.549195528030396,478,0
26.55302929878235,504,0
26.55687141418457,579,0
26.56079649925232,586,0
26.564783096313477,478,0
26.56877374649048,465,0
26.57260012626648,477,0
26.57651448249817,538,0
26.580568075180054,567,0
26.584348917007446,487,0
26.588634490966797,486,0
26.623624801635742,516,0
26.62402367591858,558,0
26.624406099319458,571,0
26.62747597694397,496,0
26.629185676574707,501,0
26.665786266326904,512,0
26.671470880508423,537,0
26.67239260673523,577,0
26.67283320426941,514,0
26.67311191558838,493,0
26.67564105987549,518,0
26.675848722457886,525,0
26.676005125045776,563,0
26.676145315170288,504,0
26.676280975341797,467,0
26.67642331123352,494,0
26.676560401916504,516,0
26.676730155944824,565,0
26.6769061088562,512,0
26.677700996398926,460,0
26.677932024002075,488,0
26.67812466621399,514,0
26.678274154663086,588,0
26.682032346725464,554,0
26.68604016304016,504,0
26.689863204956055,520,0
26.69377040863037,518,0
26.697726011276245,560,0
26.701611280441284,535,0
26.70557975769043,470,0
26.709439516067505,482,0
26.713334321975708,482,0
26.717244386672974,542,0
26.7212975025177,544,0
26.725180864334106,437,0
26.72900080680847,428,0
26.73292088508606,429,0
26.737119674682617,490,0
26.740749835968018,492,0
26.744722843170166,407,0
26.748596668243408,418,0
26.7526593208313,443,0
26.75652313232422,503,0
26.76034188270569,526,0
26.764454126358032,451,0
26.76826763153076,458,0
26.77216386795044,472,0
26.776071071624756,485,0
26.779874563217163,491,0
26.783925771713257,408,0
26.787766695022583,397,0
26.791687965393066,424,0
26.795555353164673,450,0
26.79973316192627,497,0
26.80334162712097,438,0
26.807273626327515,402,0
26.811209201812744,432,0
26.815102100372314,451,0
26.818983554840088,502,0
26.822896480560303,453,0
26.826866149902344,416,0
26.830736875534058,445,0
26.834614276885986,456,0
26.838578462600708,510,0
26.842581510543823,465,0
26.84635019302368,422,0
26.850369691848755,449,0
26.854366779327393,458,0
26.85818386077881,520,0
26.862000465393066,494,0
26.865954637527466,448,0
26.869905710220337,476,0
26.873773336410522,476,0
26.877645015716553,499,0
26.88156485557556,480,0
26.88550567626953,424,0
26.889540672302246,444,0
26.893326997756958,473,0
26.897305250167847,553,0
26.901302099227905,563,0
26.905130624771118,483,0
26.909031867980957,502,0
26.913068056106567,508,0
26.916829109191895,562,0
26.920717239379883,570,0
26.924627780914307,490,0
26.928627014160156,491,0
26.93264675140381,494,0
26.936566591262817,534,0
26.940319538116455,560,0
26.944225788116455,487,0
26.948073863983154,483,0
26.952041625976562,496,0
26.95587944984436,517,0
26.959907293319702,559,0
26.963767051696777,503,0
26.96777105331421,470,0
26.971741437911987,482,0
26.975597381591797,522,0
26.979368686676025,562,0
26.98329997062683,491,0
26.987265586853027,439,0
26.991270780563354,455,0
26.995176076889038,497,0
26.998990297317505,559,0
27.00292992591858,515,0
27.00680184364319,466,0
27.01090693473816,480,0
27.014649868011475,484,0
27.018603801727295,542,0
27.022491931915283,503,0
27.026351928710938,448,0
27.030264377593994,468,0
27.03420639038086,464,0
27.03819704055786,506,0
27.041964292526245,483,0
27.045892238616943,422,0
27.049801349639893,444,0
27.05368733406067,465,0
27.057669401168823,527,0
27.06154155731201,529,0
27.066035509109497,461,0
27.069477796554565,467,0
27.073353052139282,473,0
27.077244758605957,531,0
27.081457138061523,533,0
27.085010528564453,449,0
27.08907914161682,455,0
27.092891931533813,464,0
27.096834897994995,502,0
27.100817441940308,493,0
27.104660749435425,403,0
27.108625411987305,419,0
27.112606287002563,464,0
27.116569995880127,527,0
27.12031316757202,578,0
27.124422550201416,523,0
27.128129720687866,524,0
27.132018566131592,559,0
27.135910034179688,610,0
27.1402690410614,672,0
27.143874645233154,624,0
27.147770166397095,582,0
27.1516056060791,590,0
27.15564727783203,613,0
27.159470558166504,654,0
27.16348910331726,582,0
27.167293071746826,519,0
27.171201467514038,518,0
27.175795555114746,535,0
27.179067134857178,602,0
27.182928800582886,565,0
27.186833143234253,516,0
27.190704822540283,539,0
27.194804906845093,565,0
27.19870662689209,627,0
27.20253825187683,594,0
27.20673394203186,540,0
27.21035408973694,563,0
27.214319705963135,574,0
27.218132495880127,633,0
27.2221462726593,617,0
27.226049423217773,564,0
27.231224060058594,577,0
27.233787536621094,582,0
27.237796783447266,648,0
27.241633892059326,654,0
27.245635986328125,568,0
27.249329090118408,558,0
27.253363370895386,568,0
27.257327795028687,617,0
27.26119875907898,619,0
27.265259265899658,535,0
27.268872022628784,535,0
27.272830486297607,531,0
27.276689767837524,556,0
27.28061318397522,567,0
27.28471851348877,488,0
27.288606643676758,480,0
27.29263997077942,495,0
27.296475172042847,510,0
27.300310134887695,518,0
27.30419683456421,435,0
27.307994842529297,427,0
27.312279224395752,450,0
27.316407203674316,473,0
27.31971573829651,514,0
27.32378315925598,456,0
27.327564477920532,412,0
27.331557750701904,422,0
27.33544921875,444,0
27.339303970336914,510,0
27.34337306022644,460,0
27.347414016723633,407,0
27.351083993911743,422,0
27.355058908462524,441,0
27.35886836051941,521,0
27.362801551818848,485,0
27.366732835769653,419,0
27.37059259414673,433,0
27.374531269073486,442,0
27.37863564491272,490,0
27.382392644882202,440,0
27.386319637298584,375,0
27.390211820602417,372,0
27.394197940826416,364,0
27.39805507659912,441,0
27.401994228363037,459,0
27.40602707862854,398,0
27.409759998321533,430,0
27.41368293762207,445,0
27.417555809020996,510,0
27.421753644943237,530,0
27.425502061843872,467,0
27.429344654083252,490,0
27.43325638771057,520,0
27.437152862548828,567,0
27.44117045402527,576,0
27.44498348236084,495,0
27.44883418083191,500,0
27.452731132507324,523,0
27.45679211616516,572,0
27.46055269241333,606,0
27.46447515487671,545,0
27.468551874160767,536,0
27.472434043884277,554,0
27.476317405700684,588,0
27.480281352996826,644,0
27.484031677246094,584,0
27.487937927246094,556,0
27.491904497146606,558,0
27.496005296707153,588,0
27.499701261520386,635,0
27.503600120544434,577,0
27.50776195526123,525,0
27.51166319847107,532,0
27.515697479248047,533,0
27.519397735595703,586,0
27.524285316467285,539,0
27.532787322998047,496,0
27.533989667892456,517,0
27.54190230369568,520,0
27.546696424484253,583,0
27.54734182357788,550,0
27.54772186279297,491,0
27.55072593688965,503,0
27.55452847480774,510,0
27.558451175689697,583,0
27.56240701675415,563,0
27.56628656387329,484,0
27.570217847824097,499,0
27.574240922927856,521,0
27.57792091369629,586,0
27.581894874572754,593,0
27.585795164108276,535,0
27.589666843414307,557,0
27.59357213973999,559,0
27.59760880470276,607,0
27.60158610343933,614,0
27.605522394180298,549,0
27.609307289123535,553,0
27.613185167312622,558,0
27.617210626602173,594,0
27.621114492416382,613,0
27.625016927719116,535,0
27.62884259223938,526,0
27.63273525238037,547,0
27.636778116226196,581,0
27.640850067138672,598,0
27.644495010375977,524,0
27.648619174957275,508,0
27.65231990814209,531,0
27.656574964523315,546,0
27.66023063659668,586,0
27.664073705673218,538,0
27.668064832687378,521,0
27.671900033950806,533,0
27.675804376602173,544,0
27.68000555038452,595,0
27.683648586273193,537,0
27.68764019012451,483,0
27.69159507751465,486,0
27.695361137390137,499,0
27.699615240097046,557,0
27.703307390213013,473,0
27.707699298858643,403,0
27.711074590682983,431,0
27.715694427490234,470,0
27.71926999092102,565,0
27.722814798355103,556,0
27.72689199447632,510,0
27.73060965538025,543,0
27.73461627960205,572,0
27.738488912582397,644,0
27.742310523986816,643,0
27.746390342712402,572,0
27.750113010406494,576,0
27.75439214706421,574,0
27.758307933807373,618,0
27.76192283630371,625,0
27.765867710113525,554,0
27.769643306732178,555,0
27.77368712425232,557,0
27.777809143066406,600,0
27.78160285949707,609,0
27.785362720489502,528,0
27.789576053619385,540,0
27.793156385421753,521,0
27.7970871925354,540,0
27.800966262817383,550,0
27.805506467819214,465,0
27.808841705322266,472,0
27.81277561187744,507,0
27.816643238067627,567,0
27.820539474487305,604,0
27.824702739715576,527,0
27.828394174575806,515,0
27.832292795181274,554,0
27.836199283599854,586,0
27.84005045890808,647,0
27.843969583511353,603,0
27.84789228439331,562,0
27.851747512817383,570,0
27.855778455734253,581,0
27.85962986946106,642,0
27.863688468933105,592,0
27.867507219314575,533,0
27.8715763092041,544,0
27.875322103500366,565,0
27.87926459312439,632,0
27.883185625076294,599,0
27.886988401412964,545,0
27.9041166305542,568,0
27.9044828414917,565,0
27.905248641967773,623,0
27.909795999526978,595,0
27.91006827354431,525,0
27.910440683364868,533,0
27.91449213027954,545,0
27.918480157852173,606,0
27.922326803207397,606,0
27.926217555999756,534,0
27.930009126663208,536,0
27.93395972251892,544,0
27.93789792060852,589,0
27.941762924194336,587,0
27.945847034454346,508,0
27.94969940185547,520,0
27.953685998916626,533,0
27.957501888275146,573,0
27.961520433425903,584,0
27.965365886688232,515,0
27.969291925430298,502,0
27.973300218582153,518,0
27.977067947387695,577,0
27.980998754501343,620,0
27.984867572784424,544,0
27.988799333572388,522,0
27.992834329605103,530,0
27.99686026573181,565,0
28.00071144104004,595,0
28.004584312438965,535,0
28.009010076522827,496,0
28.012554168701172,509,0
28.016276597976685,547,0
28.020074367523193,620,0
28.02397108078003,588,0
28.02799105644226,559,0
28.031806230545044,565,0
28.035766124725342,568,0
28.039724111557007,639,0
28.043696403503418,595,0
28.047643184661865,530,0
28.051403045654297,547,0
28.055413722991943,577,0
28.05937170982361,636,0
28.063119411468506,584,0
28.06711435317993,531,0
28.070984840393066,555,0
28.074994325637817,561,0
28.07878279685974,614,0
28.08273196220398,595,0
28.086554765701294,544,0
28.090592861175537,546,0
28.09437108039856,555,0
28.098368406295776,627,0
28.102243900299072,637,0
28.10677146911621,550,0
28.110729217529297,532,0
28.113903284072876,538,0
28.11828899383545,603,0
28.121837615966797,622,0
28.125711679458618,548,0
28.12956690788269,553,0
28.13354778289795,559,0
28.13732886314392,607,0
28.141286373138428,626,0
28.145262241363525,567,0
28.14911198616028,559,0
28.15301513671875,564,0
28.157033920288086,584,0
28.16090416908264,618,0
28.164790153503418,526,0
28.168718099594116,494,0
28.172942399978638,515,0
28.176740407943726,532,0
28.180453538894653,559,0
28.184401988983154,490,0
28.188460111618042,449,0
28.19249153137207,452,0
28.196073055267334,446,0
28.200133800506592,479,0
28.203967571258545,427,0
28.207823514938354,384,0
28.211756229400635,425,0
28.21579337120056,474,0
28.219584703445435,573,0
28.2236008644104,543,0
28.227397918701172,492,0
28.231367826461792,502,0
28.235345602035522,516,0
28.239275455474854,584,0
28.243087768554688,561,0
28.247057676315308,509,0
28.250898599624634,531,0
28.255301237106323,515,0
28.25869083404541,547,0
28.262579202651978,537,0
28.266668558120728,469,0
28.270556688308716,470,0
28.27441143989563,473,0
28.278334379196167,525,0
28.28223466873169,534,0
28.28609824180603,452,0
28.289987564086914,442,0
28.293912887573242,438,0
28.29787802696228,469,0
28.301751852035522,488,0
28.305779695510864,423,0
28.30954647064209,440,0
28.31360125541687,456,0
28.317520141601562,498,0
28.32136607170105,533,0
28.32523798942566,471,0
28.329191207885742,453,0
28.33309769630432,467,0
28.33690118789673,520,0
28.340879440307617,581,0
28.34477424621582,510,0
28.348807334899902,463,0
28.352778911590576,468,0
28.356820344924927,488,0
28.360449075698853,519,0
28.36448073387146,467,0
28.368525505065918,451,0
28.37266230583191,468,0
28.37608003616333,486,0
28.379929065704346,560,0
28.383994102478027,527,0
28.387832403182983,493,0
28.39176607131958,511,0
28.395711660385132,516,0
28.399547576904297,581,0
28.403454303741455,540,0
28.407487630844116,461,0
28.411475896835327,461,0
28.415287256240845,464,0
28.419279098510742,529,0
28.42314338684082,501,0
28.4269278049469,435,0
28.43097686767578,456,0
28.434741735458374,482,0
28.43906593322754,543,0
28.44280195236206,522,0
28.446657180786133,447,0
28.450359344482422,471,0
28.45440983772278,476,0
28.458346128463745,530,0
28.46221351623535,541,0
28.466142654418945,458,0
28.46998167037964,453,0
28.473891973495483,465,0
28.47789192199707,517,0
28.481645345687866,533,0
28.4856116771698,438,0
28.48963975906372,427,0
28.49338150024414,449,0
28.4972984790802,494,0
28.50142502784729,527,0
28.505330562591553,466,0
28.509069681167603,456,0
28.51301121711731,471,0
28.516905069351196,490,0
28.520917892456055,527,0
28.524855375289917,478,0
28.528584003448486,454,0
28.53268313407898,458,0
28.536654233932495,464,0
28.540363788604736,514,0
28.54437804222107,459,0
28.5482394695282,418,0
28.55211615562439,439,0
28.556113958358765,473,0
28.559993028640747,545,0
28.563867330551147,497,0
28.56780433654785,435,0
28.571863889694214,461,0
28.57559609413147,488,0
28.57969617843628,544,0
28.584017992019653,505,0
28.587352752685547,443,0
28.5913405418396,463,0
28.595112085342407,459,0
28.59917664527893,491,0
28.60298442840576,467,0
28.606975078582764,399,0
28.61086678504944,423,0
28.614638328552246,455,0
28.618587493896484,525,0
28.62256360054016,548,0
28.626542329788208,470,0
28.63037872314453,469,0
28.634390592575073,481,0
28.638506412506104,529,0
28.64205813407898,538,0
28.64594793319702,453,0
28.649911880493164,441,0
28.653850555419922,456,0
28.657751321792603,516,0
28.661751747131348,544,0
28.66557264328003,476,0
28.669575452804565,479,0
28.673721075057983,482,0
28.677326440811157,501,0
28.681275844573975,537,0
28.685308933258057,487,0
28.68923568725586,464,0
28.69304847717285,464,0
28.696833848953247,484,0
28.70077919960022,538,0
28.70480990409851,485,0
28.70877766609192,452,0
28.71268367767334,461,0
28.71646237373352,481,0
28.720328092575073,545,0
28.724316835403442,499,0
28.728280305862427,462,0
28.732064485549927,484,0
28.73600172996521,496,0
28.74012279510498,555,0
28.743847131729126,505,0
28.747684955596924,444,0
28.751584768295288,454,0
28.75570058822632,457,0
28.75946354866028,525,0
28.763530731201172,488,0
28.767402410507202,427,0
28.771350860595703,448,0
28.77509617805481,457,0
28.779025554656982,512,0
28.78299880027771,498,0
28.7867648601532,418,0
28.790725708007812,427,0
28.794808387756348,442,0
28.79872727394104,512,0
28.802555561065674,514,0
28.806591510772705,425,0
28.81056022644043,429,0
28.814275979995728,447,0
28.81809163093567,500,0
28.82213544845581,527,0
28.825968265533447,470,0
28.829798698425293,491,0
28.833693981170654,504,0
28.837615251541138,537,0
28.84158730506897,570,0
28.845437049865723,503,0
28.84933590888977,490,0
28.853257656097412,511,0
28.85726284980774,554,0
28.861071348190308,609,0
28.864988803863525,541,0
28.868972063064575,518,0
28.87286639213562,530,0
28.87675666809082,572,0
28.880653619766235,635,0
28.884618997573853,582,0
28.88877296447754,530,0
28.892470359802246,549,0
28.89635181427002,564,0
28.900328636169434,614,0
28.90424633026123,547,0
28.908040523529053,499,0
28.9121356010437,503,0
28.91585397720337,514,0
28.919825315475464,590,0
28.92369318008423,585,0
28.92762804031372,534,0
28.931739330291748,553,0
28.935604333877563,554,0
28.939453125,612,0
28.9433491230011,586,0
28.947482347488403,499,0
28.95116090774536,496,0
28.955220460891724,515,0
28.958901405334473,587,0
28.962844133377075,575,0
28.96689748764038,487,0
28.97073793411255,497,0
28.974672317504883,526,0
28.97864079475403,578,0
28.982662439346313,580,0
28.986355304718018,479,0
28.990331411361694,443,0
28.994131565093994,446,0
28.998111486434937,477,0
29.002122163772583,516,0
29.005913496017456,458,0
29.009941816329956,470,0
29.013729333877563,503,0
29.017613410949707,557,0
29.02186894416809,597,0
29.025665044784546,546,0
29.02951407432556,536,0
29.033316612243652,567,0
29.03730583190918,597,0
29.041186571121216,619,0
29.044980764389038,534,0
29.048898458480835,493,0
29.05293035507202,492,0
29.056769847869873,502,0
29.060842275619507,563,0
29.064555883407593,520,0
29.068418741226196,467,0
29.07254409790039,474,0
29.076428174972534,501,0
29.08040165901184,573,0
29.084229469299316,523,0
29.088005542755127,451,0
29.09192943572998,465,0
29.095855474472046,480,0
29.099713563919067,548,0
29.103645086288452,515,0
29.107608318328857,457,0
29.111464023590088,493,0
29.115397691726685,512,0
29.119328022003174,561,0
29.123366832733154,530,0
29.127281188964844,445,0
29.131063222885132,442,0
29.134929895401,464,0
29.138907432556152,527,0
29.142923831939697,526,0
29.14680004119873,443,0
29.150699138641357,450,0
29.154637098312378,472,0
29.15843653678894,515,0
29.16247272491455,512,0
29.16632890701294,410,0
29.170239210128784,406,0
29.174298763275146,420,0
29.17799997329712,438,0
29.181986331939697,460,0
29.185951709747314,393,0
29.1897292137146,393,0
29.19370675086975,413,0
29.197616577148438,459,0
29.201557159423828,502,0
29.205623626708984,450,0
29.209494829177856,438,0
29.213302612304688,466,0
29.217105627059937,513,0
29.220998525619507,598,0
29.224926471710205,561,0
29.228851795196533,528,0
29.232799768447876,565,0
29.236696004867554,594,0
29.240878582000732,661,0
29.24473524093628,644,0
29.248552322387695,619,0
29.252378702163696,630,0
29.256368398666382,638,0
29.260289669036865,710,0
29.264103651046753,693,0
29.268090963363647,632,0
29.272093296051025,648,0
29.275820016860962,667,0
29.279700756072998,740,0
29.283605337142944,705,0
29.287615299224854,618,0
29.291550397872925,624,0
29.295384883880615,640,0
29.29944348335266,704,0
29.30333948135376,694,0
29.307077169418335,621,0
29.311054229736328,634,0
29.314885139465332,650,0
29.318886280059814,708,0
29.322758197784424,713,0
29.32663369178772,604,0
29.330596208572388,590,0
29.33456516265869,589,0
29.338411808013916,637,0
29.34229302406311,660,0
29.3462872505188,597,0
29.350287437438965,596,0
29.35405468940735,612,0
29.357908964157104,646,0
29.361854314804077,659,0
29.365784645080566,586,0
29.36975622177124,587,0
29.37360692024231,590,0
29.37770986557007,605,0
29.381565809249878,648,0
29.385454893112183,591,0
29.38938617706299,545,0
29.39322018623352,544,0
29.39722466468811,550,0
29.400970220565796,596,0
29.405064582824707,535,0
29.408801555633545,467,0
29.41278600692749,470,0
29.416709184646606,519,0
29.420559644699097,607,0
29.42453646659851,574,0
29.428370714187622,512,0
29.432313203811646,527,0
29.436228036880493,545,0
29.4402117729187,618,0
29.443997144699097,600,0
29.44796323776245,558,0
29.451910495758057,568,0
29.455785751342773,576,0
29.459718942642212,628,0
29.46372103691101,612,0
29.467514514923096,547,0
29.471405506134033,551,0
29.47544836997986,560,0
29.479271411895752,605,0
29.48322033882141,618,0
29.487106323242188,551,0
29.490954399108887,560,0
29.494837760925293,569,0
29.498762369155884,617,0
29.502690315246582,629,0
29.50675868988037,557,0
29.510682821273804,555,0
29.514498233795166,570,0
29.51850461959839,613,0
29.52237629890442,634,0
29.526240825653076,560,0
29.53011202812195,561,0
29.533965349197388,570,0
29.537877798080444,605,0
29.541810512542725,649,0
29.545742511749268,578,0
29.54961895942688,557,0
29.553756713867188,577,0
29.557474374771118,603,0
29.561362981796265,656,0
29.565277338027954,612,0
29.569304704666138,572,0
29.57331657409668,573,0
29.577072143554688,592,0
29.580925226211548,643,0
29.584898710250854,589,0
29.58876347541809,550,0
29.592682361602783,566,0
29.59660243988037,572,0
29.60050916671753,633,0
29.604528665542603,597,0
29.60848641395569,542,0
29.612388610839844,539,0
29.6163113117218,539,0
29.620055675506592,595,0
29.62400460243225,556,0
29.62813115119934,471,0
29.632169485092163,474,0
29.635701417922974,487,0
29.639718532562256,557,0
29.643634796142578,534,0
29.647536754608154,458,0
29.651370763778687,475,0
29.655324697494507,492,0
29.659226179122925,544,0
29.663071632385254,516,0
29.667014122009277,401,0
29.670955657958984,390,0
29.67480444908142,385,0
29.678763151168823,417,0
29.682626485824585,442,0
29.686748504638672,366,0
29.6905198097229,365,0
29.69435453414917,387,0
29.69828176498413,440,0
29.702250242233276,464,0
29.70613956451416,387,0
29.710015535354614,369,0
29.714033603668213,385,0
29.717857122421265,426,0
29.721927642822266,466,0
29.72578740119934,402,0
29.729615688323975,385,0
29.733549118041992,397,0
29.737540006637573,427,0
29.74132013320923,497,0
29.745275259017944,453,0
29.749215126037598,413,0
29.75306534767151,417,0
29.756936073303223,435,0
29.760910272598267,519,0
29.764760971069336,486,0
29.76872968673706,434,0
29.772661209106445,445,0
29.776527404785156,467,0
29.780465602874756,542,0
29.784381866455078,508,0
29.788374185562134,457,0
29.79224729537964,474,0
29.796069622039795,496,0
29.799994230270386,554,0
29.803924322128296,503,0
29.807841777801514,410,0
29.81170916557312,410,0
29.81566834449768,416,0
29.819526433944702,478,0
29.823490142822266,476,0
29.82748055458069,406,0
29.831331253051758,404,0
29.835261821746826,410,0
29.839214324951172,472,0
29.843068838119507,501,0
29.846977710723877,427,0
29.850827932357788,414,0
29.85474729537964,419,0
29.85871720314026,479,0
29.86258101463318,513,0
29.866613626480103,426,0
29.87044668197632,387,0
29.87431526184082,393,0
29.878276348114014,462,0
29.882208824157715,524,0
29.88608956336975,468,0
29.88995099067688,439,0
29.893903255462646,435,0
29.897789001464844,468,0
29.901704788208008,511,0
29.9057354927063,444,0
29.909560918807983,409,0
29.91345524787903,435,0
29.91749382019043,467,0
29.921345949172974,543,0
29.925453662872314,494,0
29.92909002304077,447,0
29.933147430419922,445,0
29.93738079071045,448,0
29.940932512283325,505,0
29.944751977920532,470,0
29.948659896850586,412,0
29.95260977745056,405,0
29.95671319961548,402,0
29.96121644973755,481,0
29.96446657180786,476,0
29.968276262283325,418,0
29.97225785255432,414,0
29.976489305496216,419,0
29.97994112968445,497,0
29.983888864517212,479,0
29.987889289855957,413,0
29.991687536239624,416,0
29.995604276657104,417,0
29.99962830543518,463,0
30.003427505493164,460,0
30.007564067840576,387,0
30.011436939239502,388,0
30.015238285064697,408,0
30.019043445587158,467,0
30.023002862930298,480,0
30.026885986328125,404,0
30.03080916404724,413,0
30.034717321395874,429,0
30.038687467575073,503,0
30.042515754699707,553,0
30.04648995399475,496,0
30.05045771598816,498,0
30.054274082183838,517,0
30.058248281478882,561,0
30.06213092803955,617,0
30.065980195999146,571,0
30.069955825805664,534,0
30.074013710021973,533,0
30.0778226852417,578,0
30.081786155700684,644,0
30.085602283477783,586,0
30.089523792266846,542,0
30.09340262413025,546,0
30.097373723983765,567,0
30.101274967193604,613,0
30.105297565460205,555,0
30.10906195640564,494,0
30.112963676452637,498,0
30.11685347557068,502,0
30.12075972557068,553,0
30.124711513519287,508,0
30.128599166870117,474,0
30.132567405700684,502,0
30.136399745941162,513,0
30.14058208465576,567,0
30.144285202026367,550,0
30.148241996765137,489,0
30.15207529067993,507,0
30.156008005142212,533,0
30.159991025924683,596,0
30.163838863372803,571,0
30.16776466369629,493,0
30.171728134155273,503,0
30.17571449279785,514,0
30.17958641052246,550,0
30.183353662490845,550,0
30.187280416488647,489,0
30.191256284713745,491,0
30.195233821868896,480,0
30.19900417327881,525,0
30.202948093414307,552,0
30.206834316253662,473,0
30.210825204849243,471,0
30.21478581428528,501,0
30.218651294708252,566,0
30.261285305023193,601,0
30.26209855079651,521,0
30.26279616355896,503,0
30.332276821136475,526,0
30.374552488327026,557,0
30.375559329986572,598,0
30.37728261947632,541,0
30.378779888153076,533,0
30.379362106323242,532,0
30.379810571670532,545,0
30.38007092475891,597,0
30.38033366203308,538,0
30.38057279586792,490,0
30.380805015563965,499,0
30.381064891815186,524,0
30.381303787231445,583,0
30.381521463394165,524,0
30.381741285324097,470,0
30.381948232650757,498,0
30.382174253463745,508,0
30.38237762451172,563,0
30.382704257965088,512,0
30.38289165496826,466,0
30.38327670097351,493,0
30.384684324264526,496,0
30.385069370269775,564,0
30.38529872894287,552,0
30.385468244552612,499,0
30.385607481002808,508,0
30.385741233825684,522,0
30.385874271392822,588,0
30.3860182762146,607,0
30.386157751083374,542,0
30.386300086975098,559,0
30.38644003868103,568,0
30.38659119606018,608,0
30.386755228042603,595,0
30.3868989944458,495,0
30.387040615081787,497,0
30.3871808052063,516,0
30.387320041656494,545,0
30.38746190071106,563,0
30.387603759765625,499,0
30.39078950881958,501,0
30.395155906677246,516,0
30.400923490524292,563,0
30.402591466903687,611,0
30.406458377838135,553,0
30.410603761672974,539,0
30.41422724723816,564,0
30.41811466217041,597,0
30.422000885009766,652,0
30.425979137420654,596,0
30.42985200881958,556,0
30.433754444122314,569,0
30.43767237663269,589,0
30.441750049591064,629,0
30.4454824924469,563,0
30.449416637420654,509,0
30.45334005355835,519,0
30.45729923248291,531,0
30.461208820343018,585,0
30.46503520011902,525,0
30.469077110290527,474,0
30.47292995452881,490,0
30.476791620254517,507,0
30.480684280395508,584,0
30.48471450805664,561,0
30.488701581954956,498,0
30.492544651031494,498,0
30.49652361869812,500,0
30.50028705596924,566,0
30.504395484924316,550,0
30.508126497268677,474,0
30.511976957321167,492,0
30.51590847969055,511,0
30.51984429359436,586,0
30.523789405822754,598,0
30.52765440940857,519,0
30.531573057174683,532,0
30.535481214523315,562,0
30.539419412612915,649,0
30.543354034423828,684,0
30.547257661819458,631,0
30.551202297210693,647,0
30.55523943901062,663,0
30.558945178985596,711,0
30.56289291381836,746,0
30.566731452941895,670,0
30.570725202560425,661,0
30.574628114700317,646,0
30.578461408615112,651,0
30.58238434791565,643,0
30.586384296417236,553,0
30.590419054031372,538,0
30.59422492980957,575,0
30.598037481307983,608,0
30.602020025253296,644,0
30.606125354766846,583,0
30.609853982925415,558,0
30.613757848739624,571,0
30.617774724960327,585,0
30.621962308883667,642,0
30.62566351890564,598,0
30.629421710968018,548,0
30.633414268493652,566,0
30.637397527694702,566,0
30.645090341567993,622,0
30.646044969558716,563,0
30.649040699005127,494,0
30.65287971496582,514,0
30.657891750335693,531,0
30.663191318511963,587,0
30.664726972579956,554,0
30.668643474578857,500,0
30.67253541946411,528,0
30.67868208885193,536,0
30.680380821228027,594,0
30.684316635131836,585,0
30.68814206123352,515,0
30.693178415298462,531,0
30.6959068775177,554,0
30.69980025291443,610,0
30.70368790626526,606,0
30.70772886276245,519,0
30.712013959884644,507,0
30.715614795684814,519,0
30.71933674812317,559,0
30.72361397743225,548,0
30.727229833602905,464,0
30.731045961380005,478,0
30.73496389389038,507,0
30.739111185073853,544,0
30.74278426170349,579,0
30.746694564819336,512,0
30.750632524490356,511,0
30.754570484161377,521,0
30.758631467819214,568,0
30.762571811676025,616,0
30.766356468200684,557,0
30.77031970024109,535,0
30.774271249771118,561,0
30.778016567230225,608,0
30.78199601173401,664,0
30.785850286483765,592,0
30.789903163909912,536,0
30.793739557266235,558,0
30.797610759735107,585,0
30.801504135131836,645,0
30.80597949028015,613,0
30.809562921524048,585,0
30.81330442428589,616,0
30.81731939315796,619,0
30.821303367614746,668,0
30.825028657913208,627,0
30.828868627548218,573,0
30.832884550094604,593,0
30.836753845214844,617,0
30.84066367149353,714,0
30.844510793685913,713,0
30.848491668701172,636,0
30.85247778892517,654,0
30.856332063674927,697,0
30.860239267349243,794,0
30.864058256149292,805,0
30.86800193786621,735,0
30.8719322681427,743,0
30.875925064086914,740,0
30.879782915115356,762,0
30.88363742828369,728,0
30.887566566467285,626,0
30.89142894744873,619,0
30.895599126815796,620,0
30.89928650856018,652,0
30.903242826461792,665,0
30.9072265625,574,0
30.911016702651978,554,0
30.91509461402893,573,0
30.91883397102356,620,0
30.922797918319702,648,0
30.92666792869568,557,0
30.93060612678528,538,0
30.934552431106567,551,0
30.938437700271606,575,0
30.94254207611084,613,0
30.946343421936035,549,0
30.950287342071533,510,0
30.954124927520752,524,0
30.95814061164856,525,0
30.96190857887268,535,0
30.96582055091858,441,0
30.969786167144775,378,0
30.97370147705078,412,0
30.977975845336914,445,0
30.98145341873169,518,0
30.985387563705444,489,0
30.989623069763184,441,0
30.99341917037964,457,0
30.997266054153442,476,0
31.001408338546753,547,0
31.005890607833862,483,0
31.009053945541382,382,0
31.012847185134888,384,0
31.016720294952393,394,0
31.020779132843018,459,0
31.025362491607666,439,0
31.028411149978638,358,0
31.03306794166565,373,0
31.03641438484192,390,0
31.040436267852783,455,0
31.044076204299927,464,0
31.04793906211853,397,0
31.05191206932068,408,0
31.055741786956787,421,0
31.05970048904419,467,0
31.063687086105347,462,0
31.067591905593872,368,0
31.071411609649658,373,0
31.07537055015564,405,0
31.079459190368652,459,0
31.083330869674683,488,0
31.08712100982666,398,0
31.091381549835205,385,0
31.095030784606934,407,0
31.09888768196106,453,0
31.10283589363098,499,0
31.10677456855774,421,0
31.110604763031006,390,0
31.114790678024292,418,0
31.11855673789978,441,0
31.12252449989319,485,0
31.126400232315063,422,0
31.130207300186157,380,0
31.134117126464844,396,0
31.138143062591553,418,0
31.14203381538391,483,0
31.145848035812378,440,0
31.14968204498291,386,0
31.153643369674683,404,0
31.157816171646118,425,0
31.161621570587158,498,0
31.165432453155518,465,0
31.169366598129272,410,0
31.17332649230957,431,0
31.177247762680054,463,0
31.181117057800293,560,0
31.184947967529297,541,0
31.18899393081665,478,0
31.192758083343506,500,0
31.196775913238525,522,0
31.20068383216858,596,0
31.2045636177063,581,0
31.20838713645935,489,0
31.212305068969727,476,0
31.216375827789307,476,0
31.220259428024292,535,0
31.22424554824829,554,0
31.22794485092163,471,0
31.231820583343506,473,0
31.235867023468018,488,0
31.239749908447266,529,0
31.24360489845276,550,0
31.24756669998169,477,0
31.251404762268066,488,0
31.25563883781433,496,0
31.259332418441772,530,0
31.263227462768555,559,0
31.26712918281555,509,0
31.2709858417511,529,0
31.274901866912842,544,0
31.278959274291992,558,0
31.282747507095337,587,0
31.286763191223145,523,0
31.290589094161987,482,0
31.29441499710083,485,0
31.298527002334595,490,0
31.3023419380188,535,0
31.306763648986816,485,0
31.31024980545044,457,0
31.314380168914795,489,0
31.318035125732422,498,0
31.322242498397827,555,0
31.325865507125854,519,0
31.32966685295105,481,0
31.333617210388184,499,0
31.337629318237305,519,0
31.341398000717163,583,0
31.34532880783081,516,0
31.34925150871277,433,0
31.353116035461426,447,0
31.35704779624939,451,0
31.360910415649414,511,0
31.36483073234558,496,0
31.368720054626465,425,0
31.37269687652588,439,0
31.376612186431885,445,0
31.380627393722534,506,0
31.384464025497437,504,0
31.38839340209961,441,0
31.39249062538147,464,0
31.396371364593506,483,0
31.40010094642639,517,0
31.404083490371704,505,0
31.40789031982422,420,0
31.411797523498535,444,0
31.415703296661377,479,0
31.41959810256958,527,0
31.423805952072144,544,0
31.42769718170166,466,0
31.433801889419556,473,0
31.437305688858032,509,0
31.439496517181396,562,0
31.44326162338257,597,0
31.44696879386902,522,0
31.45102882385254,494,0
31.454795598983765,499,0
31.458770513534546,516,0
31.462676763534546,579,0
31.46665096282959,529,0
31.470717430114746,490,0
31.474679946899414,504,0
31.47832202911377,517,0
31.482301473617554,582,0
31.486236095428467,541,0
31.4900381565094,502,0
31.493940830230713,519,0
31.497847318649292,534,0
31.501932621002197,584,0
31.505830764770508,540,0
31.509636402130127,498,0
31.513587474822998,525,0
31.51751446723938,544,0
31.521397829055786,611,0
31.52544617652893,585,0
31.529418468475342,500,0
31.533180475234985,502,0
31.536975383758545,503,0
31.540924072265625,570,0
31.544819831848145,567,0
31.548791646957397,486,0
31.562565803527832,484,0
31.562833309173584,508,0
31.563153743743896,577,0
31.56582808494568,576,0
31.568271160125732,489,0
31.5722815990448,490,0
31.57607412338257,489,0
31.580001831054688,532,0
31.58392882347107,559,0
31.58781909942627,498,0
31.591761589050293,499,0
31.595744132995605,505,0
31.599605083465576,552,0
31.603519201278687,580,0
31.60756802558899,514,0
31.61137580871582,498,0
31.61534285545349,509,0
31.619330644607544,533,0
31.62327003479004,563,0
31.626972436904907,507,0
31.63106060028076,487,0
31.634873867034912,508,0
31.638795614242554,537,0
31.642796993255615,580,0
31.64677143096924,520,0
31.650540828704834,488,0
31.654666662216187,490,0
31.65860939025879,497,0
31.66262698173523,553,0
31.666279077529907,498,0
31.700738668441772,451,0
31.741924285888672,500,0
31.745885610580444,521,0
31.74685311317444,577,0
31.747198820114136,526,0
31.74757671356201,444,0
31.747958183288574,455,0
31.74836754798889,485,0
31.74867558479309,547,0
31.748963117599487,522,0
31.74920630455017,453,0
31.749417304992676,465,0
31.749611377716064,488,0
31.74981689453125,558,0
31.749998331069946,559,0
31.750200986862183,484,0
31.750377893447876,505,0
31.750565767288208,530,0
31.75073552131653,571,0
31.75099468231201,542,0
31.751576900482178,423,0
31.752318382263184,415,0
31.756136894226074,428,0
31.7599995136261,488,0
31.766952753067017,530,0
31.767797470092773,463,0
31.77182102203369,464,0
31.775691509246826,472,0
31.779937505722046,502,0
31.783605575561523,535,0
31.787336349487305,459,0
31.791527271270752,450,0
31.79522943496704,477,0
31.79922080039978,504,0
31.802993774414062,544,0
31.806994438171387,466,0
31.810811758041382,423,0
31.81475257873535,446,0
31.818641185760498,479,0
31.822566509246826,521,0
31.826433181762695,454,0
31.830545902252197,417,0
31.834282875061035,443,0
31.838295936584473,471,0
31.842105627059937,543,0
31.845994472503662,505,0
31.84992527961731,460,0
31.853888034820557,488,0
31.857908010482788,487,0
31.861765146255493,529,0
31.865662813186646,487,0
31.86953616142273,432,0
31.873679637908936,467,0
31.87747573852539,486,0
31.88130021095276,541,0
31.88532018661499,509,0
31.889344930648804,441,0
31.89297366142273,466,0
31.896983861923218,481,0
31.901079416275024,532,0
31.904789924621582,538,0
31.908785820007324,463,0
31.912788152694702,478,0
31.916537761688232,496,0
31.920685529708862,557,0
31.9243745803833,578,0
31.928345680236816,500,0
31.93227744102478,486,0
31.936081886291504,497,0
31.9400155544281,532,0
31.94390106201172,558,0
31.94777250289917,512,0
31.95172095298767,523,0
31.955698013305664,530,0
31.959947109222412,557,0
31.963471174240112,592,0
31.96933364868164,520,0
31.975849390029907,496,0
31.976894855499268,539,0
31.979082107543945,583,0
31.98301863670349,623,0
31.986870288848877,541,0
31.990846395492554,491,0
31.99475598335266,514,0
31.99871301651001,545,0
32.00274896621704,621,0
32.006465911865234,563,0
32.01046371459961,479,0
32.01455807685852,479,0
32.01828670501709,494,0
32.02217721939087,546,0
32.026060342788696,487,0
32.02991557121277,413,0
32.034013748168945,419,0
32.03786325454712,424,0
32.0417959690094,488,0
32.04573035240173,467,0
32.04969787597656,385,0
32.05341339111328,396,0
32.05749464035034,415,0
32.06123185157776,483,0
32.06520318984985,486,0
32.06908202171326,425,0
32.07297134399414,446,0
32.076897859573364,462,0
32.080751180648804,518,0
32.0849449634552,542,0
32.089016914367676,476,0
32.092570781707764,502,0
32.09646773338318,519,0
32.10037541389465,542,0
32.10432720184326,558,0
32.10832190513611,478,0
32.11240196228027,466,0
32.11602807044983,478,0
32.11987638473511,518,0
32.12398600578308,556,0
32.12789297103882,487,0
32.1317994594574,489,0
32.135796308517456,494,0
32.13963484764099,516,0
32.14346766471863,539,0
32.14737367630005,467,0
32.15143966674805,471,0
32.15585517883301,536,0
32.159040451049805,575,0
32.16296935081482,623,0
32.16684865951538,570,0
32.170921325683594,525,0
32.17479062080383,545,0
32.17872953414917,563,0
32.18270683288574,618,0
32.186450481414795,562,0
32.19039535522461,511,0
32.194247007369995,529,0
32.19815945625305,537,0
32.20205879211426,586,0
32.206130504608154,538,0
32.20984959602356,465,0
32.21394157409668,487,0
32.21773910522461,504,0
32.22172689437866,566,0
32.225709676742554,535,0
32.229639768600464,459,0
32.23343467712402,473,0
32.23740887641907,503,0
32.24151539802551,577,0
32.24510216712952,557,0
32.24904108047485,470,0
32.25296902656555,477,0
32.256935834884644,501,0
32.260833501815796,569,0
32.26465153694153,567,0
32.26852774620056,456,0
32.27255058288574,443,0
32.27651500701904,458,0
32.28030705451965,499,0
32.28423595428467,496,0
32.288151264190674,409,0
32.29233384132385,417,0
32.29606032371521,451,0
32.299859046936035,495,0
32.30403995513916,512,0
32.307756423950195,426,0
32.31157374382019,401,0
32.31545662879944,424,0
32.31950926780701,465,0
32.32350826263428,507,0
32.32728862762451,436,0
32.331212282180786,410,0
32.33507537841797,449,0
32.339142084121704,484,0
32.342949867248535,526,0
32.346837282180786,458,0
32.350746870040894,405,0
32.35475492477417,421,0
32.35867977142334,419,0
32.36259627342224,479,0
32.3664128780365,446,0
32.37052655220032,396,0
32.37443995475769,420,0
32.378061294555664,442,0
32.382073402404785,501,0
32.385937213897705,468,0
32.390037536621094,406,0
32.3938410282135,442,0
32.397754430770874,468,0
32.401702642440796,530,0
32.40557599067688,523,0
32.40950679779053,454,0
32.413403272628784,456,0
32.417287826538086,456,0
32.42128539085388,503,0
32.425292015075684,507,0
32.429059982299805,434,0
32.43288612365723,456,0
32.436816930770874,475,0
32.44074749946594,526,0
32.444677114486694,535,0
32.448737144470215,455,0
32.45259737968445,468,0
32.456605434417725,483,0
32.4603910446167,508,0
32.464518308639526,522,0
32.46812987327576,445,0
32.472116231918335,443,0
32.47600221633911,459,0
32.47999429702759,484,0
32.48379588127136,514,0
32.48779535293579,442,0
32.4919331073761,421,0
32.4955632686615,436,0
32.4993851184845,455,0
32.50339698791504,479,0
32.50729942321777,409,0
32.511080503463745,379,0
32.51503896713257,392,0
32.51890754699707,399,0
32.523152351379395,452,0
32.5268177986145,399,0
32.53071212768555,355,0
32.53465509414673,348,0
32.53875255584717,335,0
32.54248261451721,391,0
32.546380281448364,369,0
32.5504093170166,337,0
32.55431818962097,373,0
32.558021783828735,408,0
32.56205439567566,497,0
32.56597423553467,498,0
32.56980776786804,439,0
32.57376050949097,459,0
32.57764458656311,467,0
32.581666231155396,525,0
32.585575580596924,511,0
32.5895357131958,424,0
32.593384981155396,436,0
32.59740138053894,456,0
32.60126733779907,520,0
32.60499715805054,531,0
32.608983278274536,449,0
32.61279487609863,456,0
32.616729974746704,487,0
32.62064266204834,541,0
32.62466645240784,558,0
32.62865877151489,471,0
32.63257956504822,467,0
32.63634133338928,476,0
32.6404824256897,516,0
32.644103050231934,560,0
32.648061752319336,493,0
32.652045488357544,495,0
32.655967473983765,514,0
32.65982675552368,553,0
32.66365432739258,614,0
32.66765284538269,571,0
32.67164325714111,553,0
32.67589974403381,572,0
32.67949652671814,599,0
32.68330359458923,645,0
32.68719244003296,609,0
32.69107103347778,570,0
32.6949999332428,581,0
32.698853731155396,586,0
32.70275807380676,645,0
32.70679450035095,618,0
32.7106671333313,578,0
32.71448111534119,594,0
32.718393325805664,598,0
32.72247314453125,659,0
32.72639846801758,622,0
32.73117160797119,558,0
32.73465013504028,575,0
32.73800778388977,584,0
32.74213981628418,637,0
32.745810985565186,607,0
32.74976563453674,534,0
32.75364089012146,529,0
32.757715940475464,526,0
32.761412382125854,586,0
32.76539993286133,595,0
32.76931619644165,532,0
32.773350954055786,540,0
32.77709627151489,553,0
32.781118869781494,610,0
32.78500580787659,638,0
32.78907799720764,557,0
32.79297661781311,567,0
32.79672884941101,587,0
32.80063819885254,642,0
32.804699659347534,651,0
32.80840444564819,566,0
32.81232738494873,550,0
32.81633687019348,547,0
32.820300340652466,562,0
32.82406663894653,580,0
32.82799243927002,512,0
32.83190584182739,519,0
32.83586525917053,544,0
32.839834451675415,569,0
32.84368562698364,613,0
32.84773325920105,553,0
32.851635456085205,532,0
32.85542345046997,547,0
32.87768030166626,554,0
32.878671169281006,599,0
32.87897562980652,541,0
32.883288621902466,476,0
32.88351511955261,472,0
32.88365578651428,478,0
32.883780002593994,540,0
32.88662338256836,506,0
32.89069390296936,450,0
32.894606828689575,450,0
32.89843249320984,464,0
32.902427196502686,521,0
32.90653681755066,486,0
32.91014504432678,418,0
32.91413378715515,403,0
32.91816711425781,402,0
32.92210268974304,476,0
32.92602777481079,469,0
32.959155797958374,378,0
32.99966907501221,370,0
33.011075258255005,376,0
33.011479139328,428,0
33.01176071166992,435,0
33.012025117874146,357,0
33.01222467422485,363,0
33.012450218200684,383,0
33.01268672943115,449,0
33.01295518875122,457,0
33.01338243484497,369,0
33.01359415054321,372,0
33.01410889625549,387,0
33.01453375816345,435,0
33.01479911804199,453,0
33.015015840530396,366,0
33.01522517204285,357,0
33.015424728393555,388,0
33.01563358306885,421,0
33.01589822769165,447,0
33.016125440597534,362,0
33.01635241508484,397,0
33.01660132408142,450,0
33.01968693733215,367,0
33.02363634109497,420,0
33.03620767593384,367,0
33.036566495895386,317,0
33.03682041168213,333,0
33.03927564620972,341,0
33.04329037666321,392,0
33.04725790023804,317,0
33.05093264579773,267,0
33.054917335510254,311,0
33.058836698532104,344,0
33.06273555755615,426,0
33.06658053398132,373,0
33.070518016815186,313,0
33.07447361946106,343,0
33.07832384109497,359,0
33.08235788345337,437,0
33.086342573165894,411,0
33.090131521224976,343,0
33.09411358833313,369,0
33.09794497489929,397,0
33.101985454559326,471,0
33.10580229759216,452,0
33.109697103500366,372,0
33.11369061470032,395,0
33.117648124694824,401,0
33.121389389038086,475,0
33.12535858154297,506,0
33.129369020462036,435,0
33.13335037231445,433,0
33.13725399971008,436,0
33.14113807678223,477,0
33.144914865493774,495,0
33.14882731437683,419,0
33.15272283554077,430,0
33.15670824050903,458,0
33.16054606437683,506,0
33.16445016860962,537,0
33.168437004089355,465,0
33.17248892784119,458,0
33.17634439468384,482,0
33.18027091026306,517,0
33.18403625488281,569,0
33.18805432319641,507,0
33.191887855529785,472,0
33.195767879486084,479,0
33.19979476928711,506,0
33.20362687110901,566,0
33.207534074783325,516,0
33.21160125732422,483,0
33.21559977531433,503,0
33.21948790550232,527,0
33.22351932525635,576,0
33.22705912590027,517,0
33.231115102767944,463,0
33.23500442504883,477,0
33.23886752128601,490,0
33.24303221702576,564,0
33.246840953826904,526,0
33.250606298446655,455,0
33.25444436073303,477,0
33.25843119621277,486,0
33.26230239868164,536,0
33.266287326812744,512,0
33.27054762840271,415,0
33.274012088775635,442,0
33.27794694900513,452,0
33.281765937805176,498,0
33.285674810409546,417,0
33.289674282073975,275,0
33.293633699417114,304,0
33.29745006561279,346,0
33.30137515068054,406,0
33.305400371551514,408,0
33.30924892425537,316,0
33.313162088394165,344,0
33.316983461380005,397,0
33.32089042663574,460,0
33.32489538192749,461,0
33.32877016067505,353,0
33.33264231681824,375,0
33.33666229248047,429,0
33.34064531326294,476,0
33.34452223777771,489,0
33.348304271698,391,0
33.35227417945862,409,0
33.35616445541382,470,0
33.36004829406738,492,0
33.365336179733276,520,0
33.36789917945862,414,0
33.371914863586426,396,0
33.37580156326294,476,0
33.37953543663025,504,0
33.38364219665527,538,0
33.38742184638977,436,0
33.39131021499634,378,0
33.39527773857117,444,0
33.39911437034607,479,0
33.403133153915405,536,0
33.406941413879395,438,0
33.41089916229248,370,0
33.414851903915405,445,0
33.41870713233948,477,0
33.422802448272705,530,0
33.42651081085205,454,0
33.430564165115356,359,0
33.4343421459198,415,0
33.43838596343994,461,0
33.44229769706726,529,0
33.44609618186951,481,0
33.44997811317444,380,0
33.45396876335144,448,0
33.45781850814819,492,0
33.46176791191101,535,0
33.465641498565674,491,0
33.46955180168152,370,0
33.473660469055176,425,0
33.47737765312195,484,0
33.481318950653076,537,0
33.48526358604431,530,0
33.48912477493286,423,0
33.49307298660278,453,0
33.49714660644531,508,0
33.50084900856018,546,0
33.5047709941864,539,0
33.50875926017761,411,0
33.51265478134155,416,0
33.51652145385742,471,0
33.52057695388794,496,0
33.524306774139404,510,0
33.52829599380493,388,0
33.532231092453,374,0
33.536048889160156,443,0
33.5401291847229,483,0
33.543938398361206,506,0
33.54783320426941,411,0
33.55185079574585,389,0
33.55591630935669,471,0
33.56230330467224,512,0
33.56353163719177,564,0
33.56745719909668,486,0
33.571385860443115,441,0
33.575400829315186,509,0
33.579272508621216,532,0
33.584556102752686,594,0
33.587027072906494,498,0
33.593388080596924,416,0
33.59487199783325,490,0
33.598681688308716,537,0
33.60271739959717,584,0
33.60650634765625,492,0
33.610536336898804,397,0
33.61448836326599,468,0
33.61825919151306,524,0
33.62224459648132,567,0
33.62602090835571,495,0
33.62996482849121,393,0
33.63404440879822,476,0
33.637871503829956,549,0
33.64173412322998,590,0
33.64560317993164,543,0
33.64955759048462,400,0
33.65347242355347,452,0
33.65760087966919,521,0
33.66142964363098,559,0
33.66534066200256,524,0
33.66935753822327,394,0
33.673078536987305,439,0
33.67695164680481,530,0
33.68093395233154,573,0
33.684751987457275,562,0
33.68908190727234,412,0
33.6928071975708,429,0
33.696627378463745,494,0
33.70042157173157,502,0
33.704357862472534,519,0
33.70842981338501,437,0
33.71224403381348,466,0
33.7162561416626,551,0
33.72002553939819,566,0
33.724008321762085,599,0
33.72778534889221,522,0
33.731695890426636,523,0
33.735734701156616,623,0
33.73990273475647,652,0
33.74351239204407,707,0
33.747708320617676,639,0
33.75159406661987,590,0
33.75560140609741,656,0
33.75928592681885,670,0
33.7630660533905,710,0
33.7669632434845,635,0
33.77092146873474,561,0
33.7748498916626,627,0
33.77867341041565,658,0
33.78308033943176,703,0
33.788153648376465,643,0
33.79054355621338,554,0
33.79451036453247,624,0
33.798283100128174,653,0
33.80213475227356,686,0
33.8061740398407,610,0
33.80999565124512,481,0
33.81401991844177,533,0
33.817766189575195,576,0
33.82163405418396,626,0
33.82568359375,601,0
33.82972764968872,497,0
33.83357238769531,552,0
33.83737659454346,619,0
33.84128665924072,677,0
33.84513521194458,665,0
33.84902501106262,548,0
33.85292196273804,574,0
33.856842041015625,648,0
33.860780000686646,688,0
33.86470365524292,688,0
33.86858582496643,573,0
33.872668981552124,588,0
33.8764488697052,676,0
33.88037419319153,706,0
33.884323835372925,721,0
33.88823223114014,603,0
33.89214015007019,590,0
33.89602327346802,678,0
33.89987897872925,688,0
33.90381598472595,706,0
33.90778970718384,586,0
33.911720752716064,558,0
33.91562247276306,637,0
33.91960549354553,657,0
33.92363905906677,696,0
33.92755365371704,600,0
33.93138384819031,541,0
33.935173749923706,619,0
33.939111948013306,635,0
33.943042039871216,655,0
33.94686794281006,555,0
33.950799226760864,485,0
33.95487833023071,575,0
33.95869541168213,627,0
33.96251916885376,676,0
33.966567516326904,618,0
33.9703471660614,513,0
33.974334716796875,574,0
33.978227615356445,609,0
33.982088565826416,640,0
33.98598861694336,600,0
33.98988127708435,495,0
33.99375295639038,548,0
33.99771595001221,601,0
34.00180506706238,642,0
34.00573134422302,612,0
34.00970387458801,491,0
34.013500928878784,530,0
34.017366886138916,588,0
34.021413803100586,617,0
34.025524854660034,613,0
34.029027462005615,504,0
34.034446001052856,531,0
34.037113666534424,604,0
34.04077625274658,633,0
34.044760942459106,624,0
34.048590660095215,493,0
34.0525119304657,481,0
34.05664801597595,565,0
34.06039619445801,591,0
34.06431722640991,611,0
34.06816387176514,482,0
34.07253694534302,453,0
34.07620429992676,541,0
34.079907178878784,550,0
34.08383870124817,590,0
34.08778119087219,491,0
34.09180736541748,432,0
34.095529556274414,509,0
34.099414110183716,519,0
34.10346508026123,546,0
34.10737752914429,452,0
34.111122369766235,390,0
34.115113735198975,482,0
34.11899948120117,529,0
34.123478412628174,591,0
34.12695288658142,515,0
34.13074231147766,413,0
34.13482356071472,501,0
34.138964891433716,563,0
34.14252018928528,622,0
34.14656186103821,564,0
34.150606632232666,442,0
34.15447545051575,496,0
34.15830183029175,548,0
34.16209411621094,607,0
34.16594076156616,581,0
34.16994905471802,483,0
34.17404007911682,535,0
34.177674531936646,595,0
34.18164134025574,631,0
34.18577265739441,601,0
34.18956136703491,474,0
34.1933856010437,512,0
34.197354555130005,596,0
34.20111966133118,637,0
34.205257177352905,625,0
34.20902943611145,493,0
34.21284246444702,492,0
34.2167534828186,562,0
34.22077703475952,610,0
34.224701166152954,624,0
34.22860074043274,498,0
34.232595682144165,480,0
34.236525535583496,553,0
34.24035310745239,572,0
34.244510889053345,599,0
34.24813270568848,491,0
34.252084255218506,450,0
34.256041288375854,533,0
34.259804487228394,561,0
34.26392221450806,595,0
34.267844915390015,495,0
34.27156376838684,434,0
34.27558374404907,512,0
34.27946662902832,540,0
34.2833092212677,571,0
34.287272930145264,464,0
34.29112124443054,383,0
34.29512095451355,466,0
34.29891657829285,521,0
34.30282711982727,572,0
34.30681085586548,499,0
34.31096434593201,417,0
34.314767360687256,495,0
34.31875443458557,544,0
34.35194373130798,594,0
34.35310196876526,543,0
34.387317180633545,437,0
34.39901900291443,510,0
34.39972639083862,559,0
34.40000081062317,591,0
34.4002583026886,556,0
34.40048432350159,419,0
34.40070366859436,463,0
34.40098762512207,526,0
34.40120244026184,558,0
34.40150713920593,551,0
34.40183472633362,439,0
34.402095556259155,479,0
34.40239357948303,550,0
34.402634143829346,586,0
34.40315127372742,585,0
34.403419733047485,462,0
34.40391755104065,464,0
34.40546941757202,546,0
34.40580153465271,554,0
34.40617489814758,562,0
34.40877985954285,428,0
34.41239857673645,384,0
34.41653251647949,451,0
34.42148685455322,458,0
34.42417001724243,476,0
34.428030014038086,370,0
34.43190598487854,325,0
34.43594455718994,406,0
34.43975472450256,428,0
34.44366693496704,474,0
34.447561740875244,376,0
34.4514799118042,302,0
34.45554852485657,382,0
34.45930099487305,415,0
34.463279485702515,471,0
34.467254400253296,384,0
34.471102714538574,308,0
34.475096225738525,406,0
34.478896379470825,463,0
34.48283553123474,516,0
34.48671054840088,437,0
34.490761518478394,330,0
34.494712829589844,398,0
34.498507499694824,451,0
34.50239658355713,496,0
34.50658440589905,457,0
34.51032495498657,370,0
34.51427245140076,461,0
34.51803517341614,505,0
34.52241015434265,529,0
34.52596998214722,500,0
34.5297966003418,402,0
34.533687114715576,465,0
34.53769516944885,543,0
34.54169058799744,579,0
34.54547381401062,552,0
34.549394369125366,426,0
34.55325174331665,457,0
34.55716156959534,544,0
34.56128263473511,579,0
34.56500959396362,590,0
34.568864822387695,471,0
34.573246240615845,462,0
34.576683044433594,542,0
34.580702781677246,575,0
34.58468532562256,598,0
34.58916234970093,479,0
34.59241199493408,442,0
34.59632587432861,531,0
34.60031199455261,569,0
34.604103803634644,618,0
34.60820817947388,519,0
34.61197900772095,471,0
34.615965604782104,577,0
34.619789123535156,607,0
34.62370038032532,633,0
34.62765169143677,528,0
34.631633043289185,466,0
34.635425090789795,562,0
34.63959097862244,600,0
34.64329171180725,625,0
34.647138357162476,532,0
34.651043176651,450,0
34.65498328208923,540,0
34.65887212753296,579,0
34.6628782749176,612,0
34.66679000854492,555,0
34.670644760131836,463,0
34.67484259605408,543,0
34.67845273017883,584,0
34.682427167892456,587,0
34.68645739555359,527,0
34.690335512161255,397,0
34.69406342506409,458,0
34.6980254650116,517,0
34.701924085617065,545,0
34.70627474784851,517,0
34.70989918708801,410,0
34.71368193626404,443,0
34.717498540878296,512,0
34.72272253036499,538,0
34.72560095787048,535,0
34.72941708564758,416,0
34.7332878112793,432,0
34.73730945587158,502,0
34.74113631248474,519,0
34.74500632286072,520,0
34.748847246170044,409,0
34.75279998779297,393,0
34.756978034973145,463,0
34.76079225540161,484,0
34.76454043388367,524,0
34.76863169670105,423,0
34.77242946624756,391,0
34.77633213996887,477,0
34.780141830444336,504,0
34.78401017189026,538,0
34.7880494594574,427,0
34.792115688323975,359,0
34.795793771743774,445,0
34.799755811691284,473,0
34.80380845069885,501,0
34.80767750740051,391,0
34.811450719833374,305,0
34.81572079658508,404,0
34.81943988800049,476,0
34.82322454452515,535,0
34.82704305648804,457,0
34.831013202667236,349,0
34.834948778152466,423,0
34.8388454914093,503,0
34.84276461601257,573,0
34.846715450286865,507,0
34.85077118873596,397,0
34.8545138835907,478,0
34.85860848426819,536,0
34.86238503456116,571,0
34.866305351257324,529,0
34.87016201019287,412,0
34.87421894073486,464,0
34.87801504135132,529,0
34.882038593292236,550,0
34.88573479652405,526,0
34.88983154296875,407,0
34.893906354904175,458,0
34.89754390716553,546,0
34.901506185531616,581,0
34.905670404434204,587,0
34.909350872039795,474,0
34.91317081451416,489,0
34.917075634002686,572,0
34.92111945152283,596,0
34.92500448226929,623,0
34.92894506454468,533,0
34.93276810646057,516,0
34.93687129020691,589,0
34.94075107574463,615,0
34.94453263282776,653,0
34.948365688323975,565,0
34.95233750343323,536,0
34.95629167556763,614,0
34.9600989818573,629,0
34.9640691280365,667,0
34.96796679496765,569,0
34.97192072868347,497,0
34.97587585449219,577,0
34.979679584503174,613,0
34.98364448547363,663,0
34.98771071434021,584,0
34.9914608001709,498,0
34.99537229537964,571,0
34.999248027801514,612,0
35.003326177597046,667,0
35.00715732574463,606,0
35.01102256774902,484,0
35.01487851142883,537,0
35.01881289482117,583,0
35.02281475067139,625,0
35.02657461166382,585,0
35.03062057495117,483,0
35.03455424308777,557,0
35.03835153579712,628,0
35.04236578941345,678,0
35.046271085739136,670,0
35.05001878738403,565,0
35.05414175987244,606,0
35.05790162086487,675,0
35.06175470352173,714,0
35.065704345703125,701,0
35.06961441040039,575,0
35.073601722717285,583,0
35.07763981819153,635,0
35.081522703170776,647,0
35.0853328704834,633,0
35.08925247192383,507,0
35.093122720718384,504,0
35.0970733165741,589,0
35.10097360610962,635,0
35.1048321723938,674,0
35.10885787010193,559,0
35.11279535293579,515,0
35.11660957336426,594,0
35.12052249908447,613,0
35.12477159500122,645,0
35.12841296195984,548,0
35.13237237930298,496,0
35.136285066604614,571,0
35.140432834625244,603,0
35.143956661224365,653,0
35.14793539047241,556,0
35.151952266693115,477,0
35.155879497528076,552,0
35.15980124473572,593,0
35.16352343559265,640,0
35.16773843765259,546,0
35.17157530784607,460,0
35.17544651031494,544,0
35.179277420043945,603,0
35.18480181694031,647,0
35.186964988708496,582,0
35.19113755226135,471,0
35.195064306259155,543,0
35.19871401786804,591,0
35.20276498794556,626,0
35.206955909729004,574,0
35.210432291030884,457,0
35.21436405181885,516,0
35.21830105781555,570,0
35.222477197647095,600,0
35.22611594200134,564,0
35.23006248474121,431,0
35.233999252319336,466,0
35.238221883773804,539,0
35.24193358421326,565,0
35.245750188827515,565,0
35.24984312057495,450,0
35.25351619720459,466,0
35.25755739212036,548,0
35.261542320251465,574,0
35.265302658081055,577,0
35.269122838974,450,0
35.27310013771057,411,0
35.27696776390076,462,0
35.28101134300232,467,0
35.28489446640015,493,0
35.288867712020874,407,0
35.29269742965698,388,0
35.29671263694763,492,0
35.30066466331482,515,0
35.30435800552368,552,0
35.30858826637268,456,0
35.31220364570618,411,0
35.31619882583618,520,0
35.320040225982666,556,0
35.32403492927551,588,0
35.32795286178589,500,0
35.33183407783508,405,0
35.33573937416077,462,0
35.33997201919556,494,0
35.34370183944702,532,0
35.34753441810608,470,0
35.35151672363281,378,0
35.3552827835083,453,0
35.35924005508423,501,0
35.36312747001648,555,0
35.367114543914795,512,0
35.370877742767334,421,0
35.37484836578369,500,0
35.378708362579346,564,0
35.38276767730713,603,0
35.386637926101685,566,0
35.39037823677063,442,0
35.39430809020996,479,0
35.39824390411377,524,0
35.40218734741211,557,0
35.40613079071045,535,0
35.410154819488525,436,0
35.41399312019348,481,0
35.417863607406616,549,0
35.421711921691895,565,0
35.425745487213135,566,0
35.42950963973999,468,0
35.43369960784912,476,0
35.43753170967102,542,0
35.44135332107544,557,0
35.445191383361816,579,0
35.44920539855957,503,0
35.45314025878906,496,0
35.45710563659668,566,0
35.46089196205139,556,0
35.46482515335083,586,0
35.46870970726013,541,0
35.47271537780762,516,0
35.476672649383545,571,0
35.48042607307434,570,0
35.484341621398926,607,0
35.4883177280426,531,0
35.4922661781311,467,0
35.49609351158142,530,0
35.50017857551575,558,0
35.503904581069946,597,0
35.50782132148743,532,0
35.51183009147644,447,0
35.53483057022095,531,0
35.54291844367981,582,0
35.54383659362793,623,0
35.54443550109863,555,0
35.54464817047119,457,0
35.544842004776,510,0
35.54506015777588,546,0
35.5452082157135,580,0
35.546873569488525,552,0
35.55076742172241,440,0
35.5546715259552,473,0
35.55871510505676,504,0
35.56253981590271,521,0
35.5667781829834,487,0
35.5704128742218,382,0
35.574414014816284,401,0
35.57837176322937,444,0
35.582191705703735,475,0
35.58599615097046,504,0
35.590096950531006,417,0
35.59386610984802,423,0
35.59772872924805,496,0
35.6018590927124,535,0
35.60580587387085,544,0
35.6097469329834,447,0
35.61356782913208,450,0
35.61757183074951,514,0
35.62161183357239,531,0
35.62526869773865,564,0
35.62903141975403,461,0
35.63322997093201,411,0
35.636943340301514,467,0
35.64091992378235,485,0
35.64474654197693,541,0
35.648834466934204,467,0
35.65271210670471,415,0
35.6568489074707,470,0
35.66038179397583,457,0
35.664292335510254,473,0
35.66818976402283,392,0
35.67220973968506,349,0
35.676013469696045,429,0
35.68001103401184,460,0
35.68388509750366,509,0
35.68775248527527,456,0
35.69175863265991,381,0
35.695773124694824,440,0
35.69953417778015,469,0
35.70349407196045,521,0
35.70761013031006,487,0
35.71133303642273,396,0
35.71530532836914,459,0
35.71902275085449,504,0
35.72309112548828,529,0
35.72699189186096,481,0
35.730820178985596,386,0
35.734670639038086,437,0
35.73907017707825,500,0
35.74256873130798,525,0
35.74641132354736,500,0
35.75037717819214,385,0
35.75445890426636,421,0
35.75825524330139,496,0
35.79036784172058,548,0
35.794039487838745,558,0
35.79475545883179,453,0
35.83092927932739,472,0
35.83799457550049,548,0
35.839072704315186,564,0
35.83940529823303,578,0
35.839674949645996,485,0
35.839977741241455,478,0
35.84023690223694,559,0
35.84051513671875,583,0
35.8407781124115,608,0
35.84098720550537,510,0
35.841219425201416,464,0
35.84141731262207,526,0
35.8416166305542,557,0
35.841800689697266,598,0
35.84202289581299,505,0
35.842307567596436,426,0
35.84253144264221,506,0
35.842790365219116,538,0
35.84428143501282,572,0
35.848148345947266,510,0
35.865822315216064,428,0
35.86691975593567,494,0
35.86714577674866,548,0
35.868396520614624,584,0
35.86878967285156,520,0
35.87173056602478,436,0
35.87566590309143,502,0
35.879485845565796,553,0
35.88331389427185,611,0
35.88727021217346,579,0
35.89123606681824,448,0
35.89504933357239,486,0
35.89901399612427,551,0
35.902931213378906,622,0
35.90685963630676,609,0
35.910717725753784,484,0
35.91467332839966,510,0
35.918692111968994,569,0
35.92259240150452,609,0
35.92652106285095,627,0
35.93036246299744,507,0
35.934266090393066,509,0
35.93807935714722,572,0
35.942052364349365,590,0
35.94609260559082,592,0
35.94988441467285,493,0
35.95385479927063,496,0
35.95824599266052,563,0
35.9617657661438,586,0
35.965550899505615,602,0
35.96958589553833,491,0
35.973557472229004,463,0
35.97731852531433,532,0
35.98114895820618,531,0
35.98521900177002,545,0
35.98920774459839,432,0
35.99324870109558,382,0
35.99678635597229,467,0
36.00081539154053,501,0
36.00456261634827,549,0
36.0087034702301,463,0
36.01241683959961,384,0
36.0163950920105,476,0
36.02031898498535,536,0
36.02461886405945,586,0
36.02815818786621,514,0
36.032012701034546,427,0
36.036051511764526,511,0
36.040064096450806,566,0
36.04378318786621,622,0
36.047691106796265,566,0
36.05172944068909,457,0
36.055845737457275,520,0
36.05959510803223,575,0
36.06464195251465,605,0
36.06785845756531,551,0
36.07110357284546,413,0
36.075003147125244,471,0
36.07891035079956,547,0
36.08279037475586,595,0
36.086764097213745,577,0
36.090805768966675,444,0
36.09455323219299,456,0
36.098663568496704,503,0
36.10272693634033,548,0
36.10654544830322,575,0
36.11034035682678,471,0
36.114322662353516,481,0
36.118146896362305,541,0
36.12213468551636,562,0
36.126073360443115,583,0
36.12979698181152,482,0
36.13383746147156,466,0
36.137665033340454,524,0
36.14163613319397,558,0
36.145482540130615,594,0
36.149473905563354,514,0
36.15353608131409,500,0
36.15737843513489,570,0
36.16112422943115,584,0
36.16507625579834,621,0
36.16892647743225,514,0
36.17293739318848,450,0
36.17681884765625,525,0
36.18073511123657,567,0
36.18456721305847,615,0
36.18852496147156,536,0
36.19249105453491,452,0
36.19644570350647,519,0
36.20035004615784,563,0
36.20416712760925,628,0
36.20826816558838,565,0
36.21203875541687,467,0
36.21589398384094,528,0
36.219868421554565,582,0
36.22387909889221,635,0
36.227850675582886,589,0
36.23163390159607,481,0
36.235514879226685,549,0
36.239407539367676,622,0
36.24331307411194,672,0
36.24722957611084,623,0
36.2511146068573,495,0
36.254998207092285,524,0
36.25898838043213,581,0
36.26287913322449,631,0
36.26674675941467,613,0
36.27071952819824,480,0
36.27473521232605,477,0
36.27841877937317,539,0
36.2824125289917,574,0
36.28631949424744,576,0
36.29024410247803,440,0
36.29410219192505,431,0
36.29809617996216,498,0
36.301900148391724,533,0
36.30588507652283,572,0
36.3097665309906,477,0
36.31384015083313,446,0
36.31770944595337,501,0
36.32162046432495,519,0
36.325488567352295,579,0
36.32933235168457,505,0
36.33326959609985,461,0
36.33710193634033,528,0
36.34101414680481,552,0
36.34493088722229,610,0
36.34882879257202,527,0
36.35274624824524,464,0
36.35672736167908,512,0
36.36059784889221,519,0
36.36463117599487,537,0
36.368491649627686,454,0
36.372382402420044,370,0
36.3763108253479,428,0
36.38032102584839,453,0
36.38403916358948,483,0
36.38799786567688,430,0
36.39187669754028,341,0
36.39578437805176,405,0
36.399710178375244,446,0
36.403672218322754,482,0
36.407591819763184,449,0
36.41153001785278,356,0
36.415377378463745,407,0
36.41933465003967,450,0
36.42321586608887,471,0
36.427072048187256,460,0
36.431041955947876,353,0
36.43497395515442,387,0
36.438921213150024,439,0
36.442761182785034,469,0
36.44672393798828,476,0
36.45069885253906,377,0
36.45464277267456,409,0
36.45854091644287,484,0
36.4623806476593,518,0
36.46626567840576,513,0
36.47011375427246,397,0
36.47402024269104,396,0
36.477942943573,493,0
36.48189091682434,536,0
36.48576331138611,570,0
36.489720582962036,474,0
36.49358797073364,455,0
36.4975266456604,551,0
36.501386880874634,577,0
36.505417823791504,603,0
36.50930309295654,497,0
36.513319969177246,458,0
36.51703071594238,542,0
36.52097272872925,559,0
36.52490186691284,590,0
36.52881574630737,491,0
36.53271222114563,425,0
36.53662467002869,510,0
36.54056191444397,555,0
36.544455766677856,603,0
36.54838562011719,529,0
36.55239415168762,446,0
36.55637001991272,524,0
36.56018280982971,590,0
36.564104080200195,658,0
36.56804060935974,628,0
36.57751226425171,531,0
36.57863211631775,582,0
36.58461403846741,624,0
36.58655762672424,661,0
36.58759045600891,626,0
36.59144568443298,520,0
36.59693789482117,546,0
36.59941577911377,577,0
36.60326647758484,599,0
36.607070207595825,572,0
36.61096501350403,472,0
36.6148886680603,506,0
36.6187961101532,567,0
36.62280988693237,587,0
36.62666034698486,569,0
36.63067984580994,453,0
36.634456396102905,470,0
36.63831806182861,534,0
36.64231586456299,543,0
36.646347522735596,542,0
36.65006732940674,413,0
36.653987884521484,401,0
36.65791726112366,474,0
36.66179299354553,498,0
36.665704011917114,527,0
36.66963505744934,429,0
36.67362952232361,393,0
36.67760181427002,479,0
36.681396484375,506,0
36.68536400794983,553,0
36.689359188079834,481,0
36.693286657333374,430,0
36.697181940078735,505,0
36.70104694366455,540,0
36.704859495162964,576,0
36.708863973617554,488,0
36.71269607543945,422,0
36.716601610183716,492,0
36.72072076797485,510,0
36.72449707984924,540,0
36.72838997840881,476,0
36.73236536979675,407,0
36.73625707626343,476,0
36.74020266532898,519,0
36.74407148361206,558,0
36.7479305267334,512,0
36.752012968063354,421,0
36.75582790374756,483,0
36.75967240333557,542,0
36.763795137405396,590,0
36.76771354675293,582,0
36.77148962020874,472,0
36.77534461021423,495,0
36.77943277359009,546,0
36.783164501190186,578,0
36.787137269973755,582,0
36.791022062301636,504,0
36.794843435287476,520,0
36.798739194869995,566,0
36.80275535583496,588,0
36.8065927028656,570,0
36.8104989528656,466,0
36.81457161903381,471,0
36.818359375,526,0
36.82237148284912,541,0
36.826143741607666,566,0
36.83003067970276,472,0
36.83392596244812,432,0
36.837870359420776,489,0
36.84178185462952,491,0
36.84572148323059,525,0
36.8496036529541,452,0
36.85361385345459,412,0
36.857463359832764,477,0
36.86134672164917,505,0
36.865307331085205,547,0
36.869277000427246,445,0
36.873085260391235,375,0
36.877012729644775,446,0
36.88091468811035,492,0
36.88486909866333,555,0
36.88915276527405,489,0
36.89262342453003,397,0
36.89653301239014,460,0
36.90049743652344,498,0
36.90441131591797,545,0
36.90841102600098,473,0
36.912269592285156,359,0
36.91609311103821,414,0
36.91999912261963,486,0
36.923946380615234,550,0
36.92781043052673,525,0
36.93176531791687,416,0
36.935678005218506,467,0
36.93973731994629,545,0
36.94349694252014,595,0
36.947397232055664,553,0
36.95136523246765,407,0
36.95527100563049,415,0
36.959195375442505,473,0
36.963072061538696,501,0
36.96695399284363,473,0
36.97085118293762,343,0
36.97476387023926,352,0
36.97866606712341,441,0
36.98272228240967,483,0
36.98654866218567,479,0
36.99042892456055,361,0
36.9943413734436,354,0
36.99831748008728,437,0
37.002254486083984,457,0
37.006168603897095,464,0
37.01008653640747,356,0
37.01390480995178,345,0
37.01777720451355,449,0
37.02175045013428,494,0
37.0256187915802,543,0
37.02953767776489,436,0
37.03342413902283,385,0
37.03738975524902,477,0
37.04132437705994,503,0
37.045273780822754,549,0
37.04913115501404,451,0
37.05304169654846,388,0
37.05693006515503,480,0
37.06087923049927,525,0
37.06475758552551,566,0
37.06865358352661,482,0
37.07261085510254,384,0
37.076661825180054,444,0
37.080501317977905,505,0
37.08434295654297,548,0
37.088276624679565,482,0
37.092395305633545,376,0
37.0960693359375,427,0
37.09997344017029,498,0
37.103856325149536,557,0
37.107768058776855,526,0
37.11169099807739,415,0
37.11560845375061,455,0
37.11960554122925,519,0
37.12367653846741,550,0
37.15554070472717,536,0
37.166752338409424,415,0
37.17977428436279,440,0
37.18038988113403,525,0
37.180743932724,553,0
37.18103289604187,539,0
37.18131923675537,407,0
37.18159031867981,412,0
37.181899309158325,486,0
37.18352699279785,500,0
37.185221910476685,493,0
37.18590497970581,380,0
37.18639612197876,384,0
37.18671107292175,487,0
37.18695783615112,520,0
37.18722987174988,547,0
37.18995022773743,429,0
37.196096658706665,382,0
37.19789719581604,491,0
37.201704025268555,534,0
37.20582628250122,579,0
37.20951962471008,472,0
37.21355175971985,413,0
37.21868062019348,528,0
37.22131848335266,581,0
37.22526454925537,615,0
37.229071855545044,503,0
37.23297953605652,389,0
37.23685073852539,486,0
37.240806341171265,549,0
37.24470496177673,587,0
37.24860072135925,518,0
37.25252652168274,417,0
37.256529092788696,503,0
37.26039671897888,574,0
37.2643940448761,596,0
37.26825714111328,510,0
37.27215600013733,380,0
37.27607440948486,456,0
37.280096769332886,556,0
37.28390312194824,621,0
37.2878201007843,583,0
37.29183769226074,435,0
37.29574012756348,461,0
37.29948329925537,547,0
37.30343842506409,594,0
37.3074996471405,578,0
37.31133151054382,431,0
37.31533193588257,439,0
37.31921148300171,510,0
37.323413133621216,545,0
37.32695007324219,573,0
37.33094525337219,458,0
37.33480978012085,451,0
37.33867049217224,530,0
37.34260940551758,556,0
37.34643483161926,565,0
37.35048055648804,455,0
37.35454344749451,439,0
37.35832619667053,531,0
37.362122535705566,539,0
37.3660614490509,560,0
37.36997747421265,449,0
37.37394189834595,401,0
37.37776732444763,508,0
37.38173866271973,560,0
37.385737895965576,605,0
37.389782190322876,503,0
37.39340901374817,424,0
37.39742088317871,520,0
37.401434898376465,582,0
37.40511131286621,631,0
37.409117221832275,555,0
37.41312289237976,458,0
37.416969537734985,542,0
37.42086720466614,616,0
37.42488503456116,688,0
37.42877388000488,631,0
37.43274641036987,525,0
37.436506509780884,582,0
37.4406213760376,643,0
37.44428992271423,691,0
37.448264598846436,652,0
37.4521849155426,536,0
37.45598554611206,593,0
37.459975481033325,664,0
37.463782787323,705,0
37.46773672103882,663,0
37.47169208526611,534,0
37.47580122947693,566,0
37.479432344436646,637,0
37.48337459564209,667,0
37.487568855285645,658,0
37.49142622947693,529,0
37.49517059326172,529,0
37.499133348464966,600,0
37.502991676330566,627,0
37.50692939758301,635,0
37.510802030563354,528,0
37.51469874382019,513,0
37.51873707771301,599,0
37.522956132888794,624,0
37.52657747268677,643,0
37.530399322509766,518,0
37.53435230255127,471,0
37.538320541381836,563,0
37.542206048965454,606,0
37.54608416557312,647,0
37.549901485443115,545,0
37.55379319190979,482,0
37.557764291763306,553,0
37.56164598464966,584,0
37.565677881240845,628,0
37.569676876068115,544,0
37.573437452316284,470,0
37.57735633850098,547,0
37.581358432769775,579,0
37.585245847702026,589,0
37.589170932769775,491,0
37.593141078948975,375,0
37.59699368476868,434,0
37.600794076919556,493,0
37.60481572151184,542,0
37.60864567756653,493,0
37.612513303756714,366,0
37.61649131774902,427,0
37.62036395072937,483,0
37.62436056137085,534,0
37.628119230270386,496,0
37.6320903301239,377,0
37.635972023010254,427,0
37.63993501663208,507,0
37.64379906654358,544,0
37.6477267742157,517,0
37.65174984931946,398,0
37.655550718307495,420,0
37.65939664840698,489,0
37.663339138031006,534,0
37.66727089881897,543,0
37.671125650405884,444,0
37.67511749267578,452,0
37.678943157196045,536,0
37.682873249053955,570,0
37.68678331375122,573,0
37.690701484680176,454,0
37.694624185562134,444,0
37.698511838912964,530,0
37.70242476463318,559,0
37.706456899642944,585,0
37.71030282974243,472,0
37.7142813205719,417,0
37.71808624267578,499,0
37.7220094203949,562,0
37.72594594955444,626,0
37.72981405258179,533,0
37.73374652862549,468,0
37.737709760665894,527,0
37.74189805984497,549,0
37.74554181098938,595,0
37.749502658843994,521,0
37.753597021102905,440,0
37.75747847557068,525,0
37.7611129283905,583,0
37.76505994796753,638,0
37.76901984214783,574,0
37.77315044403076,454,0
37.776875495910645,502,0
37.78069233894348,567,0
37.78476405143738,618,0
37.78876185417175,589,0
37.79252290725708,492,0
37.7963707447052,572,0
37.80033755302429,637,0
37.80426478385925,682,0
37.808337688446045,662,0
37.81229901313782,530,0
37.816012144088745,553,0
37.81980490684509,612,0
37.823740005493164,667,0
37.82767915725708,671,0
37.83169484138489,555,0
37.83557677268982,575,0
37.8393976688385,634,0
37.8437602519989,672,0
37.847272634506226,670,0
37.85114026069641,535,0
37.85502910614014,516,0
37.85894465446472,600,0
37.86281657218933,633,0
37.86672282218933,658,0
37.87079048156738,544,0
37.87469720840454,496,0
37.87852191925049,572,0
37.88238787651062,597,0
37.88638257980347,632,0
37.89028024673462,550,0
37.89411807060242,511,0
37.8980176448822,594,0
37.90194582939148,615,0
37.905904054641724,646,0
37.90983557701111,541,0
37.913726568222046,436,0
37.917683124542236,532,0
37.92158079147339,606,0
37.92565298080444,658,0
37.929359912872314,586,0
37.93336248397827,480,0
37.93714261054993,536,0
37.941102504730225,592,0
37.945637226104736,635,0
37.950567960739136,578,0
37.952802658081055,476,0
37.956820249557495,546,0
37.96078181266785,613,0
37.964661598205566,663,0
37.96844458580017,619,0
37.97250175476074,488,0
37.97647476196289,524,0
37.9804048538208,600,0
37.98425340652466,648,0
37.98801636695862,640,0
37.99190092086792,501,0
37.995840549468994,499,0
37.99987506866455,537,0
38.00390553474426,571,0
38.00777792930603,592,0
38.01150417327881,474,0
38.01571583747864,484,0
38.01937937736511,574,0
38.02331328392029,623,0
38.02711796760559,635,0
38.03105640411377,509,0
38.03502655029297,483,0
38.039228200912476,559,0
38.0430121421814,588,0
38.04675793647766,627,0
38.050796031951904,529,0
38.05466318130493,465,0
38.05855369567871,521,0
38.06246304512024,525,0
38.066457986831665,576,0
38.07034087181091,494,0
38.07416605949402,446,0
38.07804822921753,537,0
38.08200550079346,590,0
38.085994243621826,661,0
38.089799642562866,589,0
38.09378480911255,501,0
38.09774446487427,562,0
38.101455211639404,590,0
38.10562825202942,629,0
38.109670877456665,579,0
38.11363101005554,494,0
38.118815898895264,557,0
38.12101888656616,587,0
38.12511897087097,606,0
38.128918170928955,541,0
38.13279843330383,418,0
38.136701345443726,465,0
38.14078617095947,503,0
38.144731283187866,534,0
38.14848184585571,505,0
38.152371883392334,388,0
38.15648818016052,420,0
38.160404920578,459,0
38.1641149520874,495,0
38.168092250823975,465,0
38.17194175720215,346,0
38.17598819732666,381,0
38.179818630218506,482,0
38.18376636505127,542,0
38.18770742416382,563,0
38.19153952598572,428,0
38.195350646972656,407,0
38.19935417175293,492,0
38.203301668167114,547,0
38.2072274684906,603,0
38.21104955673218,523,0
38.215561866760254,520,0
38.21935319900513,605,0
38.222872495651245,651,0
38.22677826881409,675,0
38.23072576522827,563,0
38.2346305847168,524,0
38.2383918762207,597,0
38.242485761642456,632,0
38.24626302719116,686,0
38.250131607055664,592,0
38.254145860672,513,0
38.257975339889526,579,0
38.26191210746765,598,0
38.26589298248291,633,0
38.26974964141846,557,0
38.27371907234192,473,0
38.27767300605774,571,0
38.28162097930908,640,0
38.28538656234741,661,0
38.289369344711304,558,0
38.293163776397705,434,0
38.29723000526428,491,0
38.301151752471924,548,0
38.30514049530029,588,0
38.30917000770569,554,0
38.31280994415283,432,0
38.316657304763794,486,0
38.32056379318237,547,0
38.32450246810913,581,0
38.32840919494629,554,0
38.332430362701416,426,0
38.336483001708984,465,0
38.340192556381226,564,0
38.3441047668457,611,0
38.34811329841614,600,0
38.35186290740967,474,0
38.35578370094299,470,0
38.359708070755005,548,0
38.363643646240234,596,0
38.367589235305786,630,0
38.37161922454834,528,0
38.375645875930786,517,0
38.37930178642273,603,0
38.38321876525879,655,0
38.387139320373535,670,0
38.39125466346741,541,0
38.394936084747314,469,0
38.39889216423035,522,0
38.40268349647522,525,0
38.406728744506836,561,0
38.410579204559326,475,0
38.41450333595276,427,0
38.41858100891113,497,0
38.44930696487427,514,0
38.492772579193115,547,0
38.49839544296265,454,0
38.49886775016785,374,0
38.50122570991516,455,0
38.50147819519043,520,0
38.50168180465698,566,0
38.50183892250061,465,0
38.501994371414185,343,0
38.502148151397705,373,0
38.502315044403076,437,0
38.50245952606201,521,0
38.50260639190674,504,0
38.5028817653656,414,0
38.50346040725708,487,0
38.50372242927551,553,0
38.503923177719116,609,0
38.50406885147095,585,0
38.50420427322388,486,0
38.50433683395386,539,0
38.50443720817566,606,0
38.50458526611328,649,0
38.50832223892212,619,0
38.51233959197998,488,0
38.518890142440796,518,0
38.52105212211609,580,0
38.52410292625427,626,0
38.52787661552429,645,0
38.531803369522095,541,0
38.53568983078003,541,0
38.53960871696472,600,0
38.54358911514282,620,0
38.547444105148315,636,0
38.55138158798218,529,0
38.55532479286194,503,0
38.559290170669556,580,0
38.56308579444885,617,0
38.56703472137451,649,0
38.570958375930786,538,0
38.57491421699524,471,0
38.57885766029358,525,0
38.582690715789795,537,0
38.586846351623535,560,0
38.590853214263916,465,0
38.59456992149353,413,0
38.59846234321594,499,0
38.602468967437744,522,0
38.6063129901886,563,0
38.610087394714355,479,0
38.614070653915405,398,0
38.61786437034607,489,0
38.62179350852966,558,0
38.62578558921814,611,0
38.629737854003906,543,0
38.633577823638916,425,0
38.63754057884216,464,0
38.64143967628479,496,0
38.64536261558533,544,0
38.64926338195801,513,0
38.65312218666077,395,0
38.65712594985962,458,0
38.66091251373291,518,0
38.664793729782104,545,0
38.66878318786621,513,0
38.6727249622345,400,0
38.676775217056274,442,0
38.680500984191895,528,0
38.68456983566284,581,0
38.68837833404541,574,0
38.69236779212952,440,0
38.69621515274048,434,0
38.700000286102295,496,0
38.703967571258545,502,0
38.707926750183105,493,0
38.71184802055359,385,0
38.71571969985962,390,0
38.719696044921875,462,0
38.72376298904419,481,0
38.727659702301025,491,0
38.731505393981934,374,0
38.73533225059509,343,0
38.73923087120056,428,0
38.743112325668335,456,0
38.74697995185852,492,0
38.75094795227051,399,0
38.75482225418091,335,0
38.7588427066803,413,0
38.76266121864319,436,0
38.76657247543335,490,0
38.770490884780884,401,0
38.77455544471741,333,0
38.778666734695435,413,0
38.78225088119507,463,0
38.786370038986206,520,0
38.79015564918518,438,0
38.7940628528595,344,0
38.797874450683594,395,0
38.80188989639282,444,0
38.805994749069214,512,0
38.80968976020813,476,0
38.81349849700928,376,0
38.81738543510437,420,0
38.82145309448242,458,0
38.82540035247803,479,0
38.829145193099976,427,0
38.83301639556885,318,0
38.836931467056274,369,0
38.84084939956665,436,0
38.84482288360596,459,0
38.84880256652832,432,0
38.85262370109558,301,0
38.85660266876221,329,0
38.86049842834473,409,0
38.8643581867218,465,0
38.868324518203735,481,0
38.87232708930969,393,0
38.87608313560486,433,0
38.88007092475891,519,0
38.883968353271484,550,0
38.88788890838623,556,0
38.89171385765076,434,0
38.895660638809204,420,0
38.899659633636475,514,0
38.90341877937317,559,0
38.907437324523926,583,0
38.9114043712616,446,0
38.915261030197144,394,0
38.91908073425293,474,0
38.92307090759277,511,0
38.926952838897705,571,0
38.93087673187256,488,0
38.93486976623535,424,0
38.93867468833923,471,0
38.94262337684631,498,0
38.94677400588989,540,0
38.95041608810425,461,0
38.95440697669983,394,0
38.95833730697632,463,0
38.96212196350098,508,0
38.966026306152344,567,0
38.970006704330444,492,0
38.97402048110962,383,0
38.97923803329468,425,0
38.98305034637451,460,0
38.98565173149109,508,0
38.98971915245056,485,0
38.99500107765198,405,0
38.997353315353394,460,0
39.00129723548889,494,0
39.005255460739136,542,0
39.00906419754028,514,0
39.0129771232605,398,0
39.01689529418945,442,0
39.02078604698181,519,0
39.024715185165405,568,0
39.02862334251404,550,0
39.03261160850525,411,0
39.03655242919922,427,0
39.04046559333801,490,0
39.04433631896973,534,0
39.048280000686646,556,0
39.05213928222656,464,0
39.05604863166809,468,0
39.05996346473694,532,0
39.06388711929321,551,0
39.06776809692383,569,0
39.0717887878418,476,0
39.07574653625488,459,0
39.07966089248657,537,0
39.08351707458496,559,0
39.08765530586243,572,0
39.09166860580444,459,0
39.09516763687134,406,0
39.09904170036316,469,0
39.10296368598938,490,0
39.10693097114563,551,0
39.11078476905823,466,0
39.114755153656006,378,0
39.11858534812927,435,0
39.12282037734985,473,0
39.126609563827515,534,0
39.13046431541443,466,0
39.13435339927673,392,0
39.138367652893066,470,0
39.142094373703,516,0
39.14596176147461,553,0
39.14989161491394,480,0
39.15391230583191,373,0
39.1578106880188,423,0
39.161646127700806,475,0
39.16565251350403,536,0
39.169676780700684,520,0
39.17344832420349,415,0
39.1773464679718,458,0
39.18128728866577,504,0
39.185137033462524,546,0
39.196417808532715,528,0
39.19841456413269,429,0
39.20068359375,469,0
39.20105218887329,524,0
39.20479369163513,558,0
39.20869779586792,546,0
39.21259665489197,437,0
39.21651363372803,464,0
39.220386028289795,530,0
39.224347829818726,557,0
39.22827768325806,574,0
39.23208022117615,484,0
39.236079692840576,493,0
39.24000954627991,575,0
39.24380159378052,598,0
39.24781131744385,597,0
39.25176548957825,467,0
39.2557008266449,409,0
39.2596549987793,471,0
39.26350283622742,516,0
39.26744627952576,571,0
39.27126407623291,483,0
39.27513027191162,435,0
39.279728174209595,509,0
39.283554792404175,550,0
39.286911487579346,609,0
39.2908456325531,534,0
39.2947142124176,457,0
39.298702239990234,518,0
39.30267286300659,532,0
39.30643320083618,557,0
39.310534715652466,467,0
39.31428122520447,368,0
39.318268060684204,440,0
39.32213640213013,499,0
39.32595467567444,563,0
39.329867362976074,512,0
39.33380126953125,401,0
39.33776354789734,469,0
39.341771602630615,520,0
39.34565234184265,566,0
39.349451541900635,531,0
39.353352069854736,398,0
39.35746717453003,438,0
39.36131978034973,496,0
39.36507773399353,539,0
39.36900591850281,531,0
39.37300658226013,441,0
39.37680101394653,496,0
39.38073205947876,567,0
39.38470482826233,612,0
39.388699769973755,614,0
39.39259481430054,496,0
39.39639687538147,497,0
39.400370597839355,576,0
39.404298067092896,619,0
39.408172845840454,635,0
39.41204214096069,531,0
39.415918588638306,504,0
39.41995048522949,572,0
39.42389369010925,613,0
39.42766737937927,649,0
39.4317102432251,549,0
39.435630559921265,507,0
39.43943762779236,571,0
39.4433753490448,591,0
39.447269678115845,623,0
39.45114064216614,514,0
39.455095052719116,458,0
39.458964824676514,532,0
39.46289682388306,561,0
39.466800928115845,599,0
39.470680952072144,493,0
39.47460985183716,396,0
39.47856616973877,468,0
39.48246693611145,525,0
39.48634934425354,592,0
39.49035716056824,528,0
39.49417495727539,429,0
39.49810481071472,475,0
39.50214886665344,509,0
39.505945682525635,540,0
39.50988221168518,487,0
39.513726472854614,379,0
39.51761841773987,456,0
39.521663665771484,519,0
39.525583267211914,547,0
39.52940344810486,493,0
39.533323526382446,374,0
39.537272691726685,425,0
39.54145336151123,502,0
39.545045137405396,541,0
39.548975229263306,510,0
39.55292463302612,387,0
39.55857253074646,419,0
39.565173864364624,498,0
39.56579828262329,552,0
39.5686354637146,566,0
39.57256293296814,453,0
39.57758092880249,444,0
39.58435416221619,506,0
39.58687138557434,530,0
39.58811092376709,541,0
39.59209704399109,438,0
39.59593844413757,403,0
39.59993553161621,467,0
39.60372519493103,493,0
39.60782432556152,515,0
39.61246633529663,411,0
39.615477561950684,376,0
39.61946225166321,453,0
39.623472690582275,464,0
39.627317905426025,496,0
39.631123542785645,398,0
39.63504886627197,335,0
39.63914203643799,417,0
39.642895221710205,461,0
39.64673328399658,509,0
39.65066981315613,425,0
39.654680252075195,311,0
39.658486127853394,360,0
39.66258215904236,406,0
39.666364908218384,476,0
39.670268058776855,423,0
39.67429876327515,324,0
39.67808270454407,379,0
39.681957721710205,447,0
39.68590474128723,516,0
39.689815044403076,490,0
39.69387602806091,384,0
39.69784951210022,427,0
39.70163130760193,485,0
39.70580530166626,541,0
39.70941376686096,519,0
39.713407039642334,396,0
39.71719980239868,438,0
39.721306800842285,516,0
39.725043535232544,566,0
39.72898602485657,582,0
39.73306202888489,483,0
39.73681616783142,512,0
39.741005659103394,595,0
39.74481987953186,630,0
39.74852514266968,647,0
39.75258111953735,518,0
39.756598711013794,491,0
39.76041293144226,558,0
39.76411008834839,583,0
39.76817727088928,601,0
39.77212119102478,499,0
39.77615141868591,467,0
39.80915546417236,533,0
39.8095281124115,548,0
39.809805393218994,561,0
39.81004190444946,451,0
39.81027102470398,386,0
39.81049299240112,465,0
39.81071186065674,496,0
39.810924768447876,551,0
39.81115674972534,474,0
39.81503248214722,400,0
39.83377432823181,473,0
39.83417344093323,511,0
39.84966492652893,563,0
39.855708837509155,501,0
39.8573100566864,426,0
39.85762047767639,503,0
39.85782027244568,536,0
39.85798645019531,572,0
39.85818123817444,505,0
39.86048150062561,390,0
39.86070895195007,436,0
39.86200547218323,485,0
39.86593222618103,523,0
39.86981272697449,482,0
39.87839984893799,366,0
39.879480838775635,412,0
39.884650468826294,478,0
39.885462045669556,533,0
39.88944935798645,519,0
39.89330220222473,389,0
39.897128105163574,445,0
39.9010488986969,539,0
39.90495753288269,593,0
39.90891146659851,601,0
39.9128577709198,491,0
39.91678190231323,498,0
39.920567989349365,575,0
39.92470717430115,618,0
39.92843818664551,649,0
39.93238162994385,538,0
39.93637824058533,498,0
39.94031000137329,574,0
39.94409513473511,608,0
39.948023319244385,634,0
39.95197319984436,547,0
39.95592188835144,515,0
39.959717988967896,571,0
39.96377182006836,571,0
39.967594623565674,599,0
39.97172021865845,508,0
39.97544741630554,444,0
39.97943735122681,504,0
39.983320474624634,526,0
39.987189054489136,572,0
39.991111278533936,497,0
39.99511218070984,424,0
39.9988739490509,507,0
40.0027916431427,562,0
40.00694251060486,616,0
40.01079249382019,557,0
40.014654874801636,463,0
40.01867151260376,512,0
40.02252459526062,547,0
40.02634239196777,596,0
40.030243158340454,547,0
40.034077405929565,430,0
40.03817653656006,479,0
40.0421884059906,502,0
40.045873403549194,515,0
40.04986310005188,474,0
40.05366039276123,359,0
40.05760645866394,432,0
40.06176948547363,520,0
40.06567859649658,570,0
40.06938409805298,557,0
40.07339930534363,434,0
40.077330112457275,446,0
40.08104610443115,508,0
40.085137605667114,547,0
40.08911442756653,566,0
40.09288001060486,474,0
40.096662759780884,469,0
40.100595235824585,523,0
40.104618549346924,559,0
40.10856246948242,586,0
40.11236763000488,486,0
40.1163432598114,466,0
40.120277643203735,529,0
40.1241238117218,533,0
40.12809419631958,557,0
40.13192844390869,456,0
40.13583159446716,414,0
40.13995099067688,508,0
40.14383339881897,549,0
40.147722005844116,604,0
40.151575326919556,517,0
40.15562987327576,434,0
40.159544944763184,497,0
40.16323280334473,509,0
40.167202949523926,551,0
40.17102384567261,473,0
40.1750226020813,386,0
40.178842544555664,461,0
40.182735443115234,491,0
40.186734676361084,522,0
40.19085192680359,450,0
40.19452452659607,343,0
40.198493242263794,413,0
40.20236587524414,469,0
40.20635151863098,512,0
40.21023225784302,467,0
40.21415591239929,336,0
40.21800994873047,361,0
40.22198700904846,410,0
40.225799798965454,451,0
40.22968554496765,434,0
40.2337532043457,334,0
40.237815856933594,371,0
40.24150228500366,418,0
40.24541473388672,440,0
40.249348402023315,432,0
40.25315570831299,318,0
40.2572455406189,341,0
40.26099514961243,411,0
40.264975786209106,452,0
40.26889896392822,469,0
40.272902727127075,355,0
40.2767915725708,352,0
40.280752420425415,436,0
40.284679651260376,444,0
40.28844594955444,470,0
40.292364835739136,378,0
40.296266078948975,356,0
40.30017566680908,435,0
40.30410838127136,477,0
40.30806589126587,521,0
40.312010049819946,421,0
40.31587362289429,367,0
40.31965136528015,437,0
40.32370090484619,474,0
40.32772421836853,531,0
40.33152985572815,458,0
40.33535599708557,397,0
40.33946943283081,479,0
40.343138456344604,516,0
40.3470561504364,547,0
40.351070404052734,466,0
40.35495162010193,373,0
40.35891795158386,436,0
40.36290216445923,470,0
40.366628885269165,523,0
40.37048840522766,461,0
40.3747296333313,345,0
40.37841510772705,403,0
40.38252091407776,467,0
40.38629722595215,517,0
40.39003801345825,499,0
40.39396405220032,393,0
40.39793825149536,449,0
40.40177035331726,507,0
40.40601897239685,539,0
40.40974831581116,516,0
40.41357731819153,404,0
40.41741633415222,453,0
40.42143702507019,530,0
40.425320625305176,567,0
40.42920541763306,555,0
40.433082818984985,439,0
40.437058210372925,418,0
40.440906047821045,461,0
40.44481563568115,477,0
40.44874382019043,501,0
40.452823638916016,421,0
40.4570791721344,420,0
40.46055769920349,498,0
40.464712619781494,526,0
40.46839094161987,556,0
40.472376108169556,463,0
40.476354360580444,434,0
40.480117082595825,491,0
40.48401856422424,493,0
40.48794770240784,522,0
40.49180006980896,416,0
40.49577283859253,361,0
40.499696493148804,442,0
40.50354027748108,480,0
40.50768232345581,548,0
40.51166272163391,473,0
40.52676224708557,395,0
40.53222131729126,454,0
40.53247666358948,478,0
40.53266382217407,502,0
40.53281593322754,431,0
40.534831523895264,353,0
40.53868126869202,433,0
40.54260587692261,478,0
40.54659676551819,506,0
40.55051398277283,439,0
40.55447435379028,319,0
40.55837821960449,357,0
40.56214928627014,415,0
40.56612157821655,464,0
40.569987297058105,427,0
40.57391095161438,307,0
40.57783770561218,361,0
40.581735134124756,426,0
40.58568811416626,467,0
40.58971905708313,465,0
40.593485593795776,365,0
40.5974657535553,401,0
40.601383447647095,444,0
40.60527586936951,463,0
40.60911774635315,457,0
40.613065242767334,349,0
40.61701226234436,362,0
40.62086319923401,448,0
40.62483596801758,501,0
40.628767251968384,534,0
40.63261318206787,428,0
40.63662910461426,419,0
40.64049458503723,506,0
40.64435362815857,534,0
40.64829683303833,584,0
40.652188777923584,499,0
40.656165599823,447,0
40.65998864173889,514,0
40.663867235183716,539,0
40.66779947280884,577,0
40.67184019088745,484,0
40.675639390945435,437,0
40.67970418930054,527,0
40.68360900878906,548,0
40.687352418899536,582,0
40.69130802154541,493,0
40.695350885391235,400,0
40.69911456108093,462,0
40.703157901763916,516,0
40.70700526237488,570,0
40.710866928100586,513,0
40.7148494720459,404,0
40.71870422363281,452,0
40.72264385223389,492,0
40.726664543151855,530,0
40.73042368888855,488,0
40.73437738418579,387,0
40.738322734832764,456,0
40.742193937301636,520,0
40.746055603027344,555,0
40.750041484832764,535,0
40.753933906555176,433,0
40.75777745246887,476,0
40.761807680130005,537,0
40.76561999320984,575,0
40.76962113380432,576,0
40.77353525161743,459,0
40.777464389801025,454,0
40.78131341934204,507,0
40.785311222076416,532,0
40.78915333747864,563,0
40.79302263259888,481,0
40.79689335823059,504,0
40.80080723762512,594,0
40.804813623428345,618,0
40.8087375164032,637,0
40.81253123283386,531,0
40.816588401794434,503,0
40.82052969932556,570,0
40.82437777519226,576,0
40.82829165458679,602,0
40.83212924003601,468,0
40.83602809906006,371,0
40.84007906913757,415,0
40.843868017196655,434,0
40.8477418422699,484,0
40.851640939712524,418,0
40.85577130317688,394,0
40.859596252441406,483,0
40.86340808868408,493,0
40.86732864379883,519,0
40.871272563934326,448,0
40.87528371810913,375,0
40.87907433509827,453,0
40.88296556472778,514,0
40.886898040771484,584,0
40.890880823135376,551,0
40.89472579956055,458,0
40.89868712425232,519,0
40.902822494506836,552,0
40.906489610672,579,0
40.91044211387634,564,0
40.91434979438782,461,0
40.91829586029053,519,0
40.92242193222046,563,0
40.92607879638672,585,0
40.929906606674194,575,0
40.93391156196594,460,0
40.937718629837036,488,0
40.94164538383484,567,0
40.945645332336426,602,0
40.94963836669922,615,0
40.953514099121094,507,0
40.9573814868927,499,0
40.96127223968506,556,0
40.96513628959656,591,0
40.969069719314575,627,0
40.973037242889404,541,0
40.97691893577576,541,0
40.9808075428009,614,0
40.98469305038452,615,0
40.98862862586975,629,0
40.99259877204895,542,0
40.99656677246094,519,0
41.00039553642273,588,0
41.00433087348938,595,0
41.00817799568176,637,0
41.01229810714722,547,0
41.01609539985657,495,0
41.02000856399536,568,0
41.0238254070282,601,0
41.02775025367737,660,0
41.031625270843506,607,0
41.035563945770264,540,0
41.03964686393738,605,0
41.04355049133301,632,0
41.04732322692871,669,0
41.051294565200806,620,0
41.05512261390686,553,0
41.05899739265442,623,0
41.06301236152649,648,0
41.066866397857666,692,0
41.07081484794617,651,0
41.07485342025757,548,0
41.07857871055603,600,0
41.082512617111206,631,0
41.08640694618225,660,0
41.09047746658325,628,0
41.09432935714722,526,0
41.0982780456543,564,0
41.10207724571228,619,0
41.10598349571228,661,0
41.10991954803467,665,0
41.113799810409546,555,0
41.11767625808716,565,0
41.12174034118652,622,0
41.12552738189697,659,0
41.129454374313354,688,0
41.133373498916626,574,0
41.13745331764221,547,0
41.14136743545532,593,0
41.14513039588928,637,0
41.14899730682373,687,0
41.152913093566895,615,0
41.15684247016907,598,0
41.160791873931885,659,0
41.164809465408325,668,0
41.168766260147095,698,0
41.17257499694824,600,0
41.17648768424988,545,0
41.18040490150452,621,0
41.18428993225098,662,0
41.188188791275024,717,0
41.192073345184326,609,0
41.19594764709473,513,0
41.199971199035645,561,0
41.203818798065186,595,0
41.20768356323242,659,0
41.211730003356934,601,0
41.21566987037659,529,0
41.21978569030762,582,0
41.22365093231201,630,0
41.22731971740723,670,0
41.231308937072754,605,0
41.23511075973511,495,0
41.23913788795471,513,0
41.24298691749573,529,0
41.2469277381897,562,0
41.25078272819519,554,0
41.254825592041016,474,0
41.25870871543884,514,0
41.262465953826904,559,0
41.266358375549316,604,0
41.270304918289185,610,0
41.274348735809326,498,0
41.27807950973511,512,0
41.282124042510986,558,0
41.28593468666077,588,0
41.290040493011475,596,0
41.293741941452026,492,0
41.297728538513184,498,0
41.301705837249756,537,0
41.305898904800415,550,0
41.309672594070435,579,0
41.31340932846069,482,0
41.31738996505737,466,0
41.32110118865967,527,0
41.325050354003906,551,0
41.328959226608276,589,0
41.33285307884216,480,0
41.33684206008911,451,0
41.34068417549133,528,0
41.34458661079407,542,0
41.3487913608551,594,0
41.35259509086609,505,0
41.3563871383667,459,0
41.36039209365845,529,0
41.36414647102356,533,0
41.36807942390442,584,0
41.37214779853821,519,0
41.375929832458496,455,0
41.379887342453,523,0
41.38379764556885,548,0
41.38766932487488,580,0
41.39179611206055,514,0
41.395543336868286,438,0
41.39945340156555,521,0
41.403539180755615,582,0
41.407347202301025,621,0
41.41117858886719,577,0
41.41510772705078,466,0
41.41895890235901,521,0
41.422889709472656,593,0
41.42697191238403,643,0
41.45813989639282,619,0
41.45845007896423,506,0
41.459378480911255,543,0
41.45958495140076,610,0
41.47615337371826,658,0
41.47705292701721,637,0
41.47785472869873,522,0
41.478522300720215,528,0
41.47885799407959,598,0
41.47913122177124,640,0
41.479416608810425,655,0
41.47971057891846,543,0
41.480000734329224,525,0
41.48172664642334,586,0
41.493775606155396,605,0
41.49412131309509,623,0
41.50084447860718,517,0
41.50132989883423,486,0
41.50424575805664,558,0
41.50503063201904,596,0
41.5090057849884,643,0
41.512978315353394,568,0
41.51675748825073,536,0
41.520715951919556,600,0
41.524651527404785,617,0
41.528512477874756,659,0
41.532443046569824,581,0
41.5363609790802,524,0
41.54033613204956,601,0
41.544254541397095,627,0
41.548067808151245,667,0
41.55198311805725,591,0
41.555930614471436,505,0
41.55974507331848,556,0
41.56370258331299,576,0
41.56777000427246,619,0
41.571539878845215,571,0
41.575714111328125,493,0
41.57938241958618,538,0
41.583338022232056,580,0
41.587225675582886,615,0
41.59123659133911,562,0
41.59501266479492,444,0
41.599077463150024,476,0
41.602869749069214,506,0
41.6068856716156,537,0
41.61082911491394,523,0
41.614771604537964,414,0
41.61851096153259,446,0
41.62257933616638,488,0
41.626383781433105,516,0
41.630380153656006,515,0
41.6343150138855,393,0
41.638030767440796,383,0
41.64202570915222,437,0
41.64601922035217,469,0
41.64983630180359,481,0
41.65368890762329,383,0
41.65794277191162,368,0
41.661860942840576,441,0
41.66545557975769,478,0
41.66942358016968,516,0
41.67340278625488,439,0
41.67723631858826,413,0
41.68119835853577,488,0
41.68501901626587,524,0
41.689612865448,569,0
41.69289541244507,490,0
41.69671607017517,442,0
41.70086693763733,521,0
41.70476770401001,528,0
41.70881175994873,558,0
41.71253204345703,495,0
41.71648454666138,433,0
41.72037982940674,507,0
41.72420883178711,557,0
41.728127241134644,612,0
41.7319540977478,556,0
41.73586320877075,465,0
41.73992848396301,529,0
41.743696212768555,589,0
41.74756360054016,630,0
41.75171256065369,579,0
41.75563859939575,470,0
41.75946855545044,524,0
41.76332688331604,593,0
41.767152309417725,659,0
41.771063804626465,629,0
41.77513766288757,506,0
41.77890944480896,529,0
41.78290390968323,575,0
41.786850452423096,612,0
41.79075622558594,615,0
41.7947838306427,514,0
41.79862856864929,532,0
41.80254411697388,569,0
41.80717730522156,587,0
41.810314416885376,578,0
41.81444025039673,472,0
41.81812143325806,494,0
41.82209801673889,577,0
41.825851917266846,600,0
41.829851388931274,610,0
41.83373498916626,505,0
41.83765411376953,500,0
41.84154748916626,575,0
41.84537982940674,594,0
41.849310636520386,606,0
41.85329294204712,514,0
41.857094049453735,461,0
41.86100196838379,513,0
41.864914655685425,564,0
41.868831396102905,629,0
41.87279009819031,550,0
41.87672662734985,508,0
41.88074016571045,584,0
41.88447856903076,636,0
41.88844084739685,688,0
41.89236497879028,604,0
41.89649438858032,503,0
41.90012049674988,558,0
41.9040892124176,590,0
41.9080970287323,634,0
41.91198444366455,582,0
41.915858030319214,480,0
41.919742584228516,533,0
41.92389917373657,581,0
41.927675008773804,633,0
41.93146991729736,601,0
41.935423612594604,491,0
41.93952775001526,536,0
41.94320058822632,577,0
41.94706726074219,620,0
41.951202630996704,599,0
41.95497751235962,516,0
41.95893216133118,559,0
41.962815284729004,603,0
41.96673369407654,620,0
41.970783710479736,587,0
41.974568367004395,463,0
41.97859740257263,495,0
41.98243737220764,581,0
41.98646068572998,614,0
41.9903621673584,594,0
41.99414086341858,489,0
41.99805498123169,490,0
42.00199747085571,570,0
42.00608229637146,599,0
42.009822368621826,613,0
42.013678789138794,514,0
42.01778721809387,488,0
42.0215322971344,545,0
42.02562642097473,561,0
42.02930569648743,595,0
42.03331518173218,501,0
42.0371630191803,459,0
42.04108428955078,505,0
42.04500985145569,520,0
42.048848390579224,565,0
42.05285453796387,494,0
42.05688762664795,435,0
42.06058192253113,494,0
42.06463384628296,532,0
42.06845450401306,598,0
42.07285666465759,524,0
42.07632803916931,435,0
42.080151319503784,495,0
42.08406376838684,533,0
42.08799076080322,579,0
42.09187126159668,523,0
42.095765352249146,429,0
42.099748611450195,481,0
42.10384249687195,522,0
42.10764527320862,566,0
42.11140489578247,538,0
42.11541724205017,439,0
42.11931300163269,479,0
42.123151779174805,520,0
42.12720775604248,543,0
42.1310248374939,527,0
42.134931802749634,425,0
42.13880491256714,468,0
42.142762422561646,501,0
42.14697575569153,490,0
42.15078353881836,470,0
42.15465593338013,369,0
42.15838837623596,396,0
42.16246271133423,487,0
42.16627311706543,536,0
42.17007780075073,555,0
42.17413139343262,461,0
42.17792367935181,481,0
42.18194890022278,576,0
42.18570637702942,597,0
42.189722776412964,618,0
42.19366240501404,531,0
42.19745182991028,516,0
42.201375007629395,590,0
42.20533061027527,602,0
42.20930337905884,633,0
42.213123083114624,543,0
42.21709132194519,506,0
42.22091245651245,593,0
42.22484850883484,612,0
42.2288601398468,634,0
42.23267388343811,539,0
42.236655712127686,455,0
42.24066615104675,520,0
42.244566202163696,562,0
42.2485728263855,589,0
42.25238275527954,509,0
42.2562780380249,413,0
42.26017737388611,478,0
42.26400804519653,536,0
42.26791715621948,566,0
42.27177977561951,513,0
42.27574849128723,414,0
42.279680252075195,468,0
42.28364586830139,531,0
42.287516593933105,561,0
42.29152512550354,521,0
42.2954523563385,405,0
42.29919743537903,442,0
42.30305814743042,500,0
42.307056188583374,543,0
42.31088662147522,520,0
42.314842224121094,403,0
42.318683385849,423,0
42.322654724121094,486,0
42.32658934593201,515,0
42.33045291900635,526,0
42.33440160751343,432,0
42.33839297294617,429,0
42.34218668937683,485,0
42.34607267379761,519,0
42.3500018119812,547,0
42.35392880439758,449,0
42.35785889625549,418,0
42.36187171936035,487,0
42.36565613746643,532,0
42.36958956718445,579,0
42.37351107597351,505,0
42.37740683555603,488,0
42.3813853263855,536,0
42.385292530059814,561,0
42.38915777206421,618,0
42.39309763908386,550,0
42.39701509475708,496,0
42.40086317062378,566,0
42.4048273563385,591,0
42.40867233276367,641,0
42.41274666786194,590,0
42.41650748252869,536,0
42.42062067985535,603,0
42.42442178726196,635,0
42.42831826210022,681,0
42.432188272476196,624,0
42.436052322387695,518,0
42.44010138511658,553,0
42.44391465187073,539,0
42.447808504104614,561,0
42.45172166824341,520,0
42.456048011779785,402,0
42.45953297615051,441,0
42.4634428024292,508,0
42.46739864349365,568,0
42.471325159072876,563,0
42.475281953811646,450,0
42.47913146018982,478,0
42.483025550842285,543,0
42.486953258514404,599,0
42.49089455604553,615,0
42.49475121498108,516,0
42.4986617565155,508,0
42.50262236595154,560,0
42.50648641586304,585,0
42.51040458679199,609,0
42.514384746551514,529,0
42.51830697059631,527,0
42.52211284637451,598,0
42.52605938911438,610,0
42.529975175857544,628,0
42.533878564834595,507,0
42.537808895111084,483,0
42.54169321060181,560,0
42.545599937438965,583,0
42.5496666431427,617,0
42.55358672142029,521,0
42.557496070861816,467,0
42.56140375137329,542,0
42.56532430648804,568,0
42.56919002532959,605,0
42.57458424568176,513,0
42.579418659210205,430,0
42.58085918426514,493,0
42.58478784561157,528,0
42.588709115982056,588,0
42.592679023742676,516,0
42.596574783325195,419,0
42.60044050216675,475,0
42.60461783409119,525,0
42.60835146903992,598,0
42.612141609191895,555,0
42.616039752960205,446,0
42.61993765830994,502,0
42.623971462249756,561,0
42.62778401374817,613,0
42.631728410720825,584,0
42.635581731796265,473,0
42.63973784446716,515,0
42.643537282943726,565,0
42.6474711894989,604,0
42.65133881568909,581,0
42.65518021583557,472,0
42.65914463996887,500,0
42.66302180290222,551,0
42.666911363601685,582,0
42.67084193229675,586,0
42.6747772693634,457,0
42.678611278533936,441,0
42.68265438079834,512,0
42.68646502494812,538,0
42.69040489196777,562,0
42.694345235824585,457,0
42.69817662239075,432,0
42.702163219451904,498,0
42.706061601638794,509,0
42.710002422332764,524,0
42.71387577056885,423,0
42.71778345108032,384,0
42.72171878814697,446,0
42.72566103935242,462,0
42.72961926460266,486,0
42.733445167541504,380,0
42.73745775222778,338,0
42.7414231300354,429,0
42.74519920349121,462,0
42.74911570549011,520,0
42.75300145149231,454,0
42.757004737854004,368,0
42.76084780693054,446,0
42.76485228538513,496,0
42.768778800964355,549,0
42.772650480270386,500,0
42.7766010761261,400,0
42.780476093292236,462,0
42.78433012962341,518,0
42.788169384002686,564,0
42.792125940322876,511,0
42.79599452018738,389,0
42.79998207092285,440,0
42.803897857666016,503,0
42.80781006813049,552,0
42.81171917915344,528,0
42.815531492233276,409,0
42.81943869590759,435,0
42.82339119911194,498,0
42.82733702659607,531,0
42.831214427948,515,0
42.835070848464966,365,0
42.839237213134766,357,0
42.84298801422119,415,0
42.8771538734436,459,0
42.877630949020386,496,0
42.87855005264282,413,0
42.879061698913574,425,0
42.879384994506836,493,0
42.87965631484985,531,0
42.879900217056274,560,0
42.88012886047363,468,0
42.88035845756531,450,0
42.882126331329346,526,0
42.9177610874176,548,0
42.932246685028076,590,0
42.93279147148132,493,0
42.93405604362488,450,0
42.93746876716614,540,0
42.93773031234741,583,0
42.93802094459534,642,0
42.9383180141449,548,0
42.93890953063965,466,0
42.94013166427612,532,0
42.94050908088684,574,0
42.94073486328125,619,0
42.94102621078491,548,0
42.94118142127991,471,0
42.94131803512573,533,0
42.9446747303009,586,0
42.94868874549866,646,0
42.96474838256836,589,0
42.96560335159302,500,0
42.96639370918274,569,0
42.96663999557495,622,0
42.96813416481018,671,0
42.97201871871948,634,0
42.97591853141785,526,0
42.97983503341675,577,0
42.98380899429321,641,0
42.98766541481018,676,0
42.99172830581665,642,0
42.995615005493164,509,0
42.9994170665741,545,0
43.00335097312927,614,0
43.00729703903198,660,0
43.011178731918335,642,0
43.01509237289429,518,0
43.01898407936096,531,0
43.02296257019043,608,0
43.02679514884949,650,0
43.0307092666626,656,0
43.03463268280029,542,0
43.0385582447052,549,0
43.042526721954346,629,0
43.046525955200195,644,0
43.05040121078491,648,0
43.054373025894165,535,0
43.058388471603394,507,0
43.0620801448822,596,0
43.066126108169556,618,0
43.069876194000244,641,0
43.073970556259155,541,0
43.07769060134888,494,0
43.08165264129639,578,0
43.08563804626465,576,0
43.08962798118591,590,0
43.09341740608215,491,0
43.09733295440674,412,0
43.10120511054993,489,0
43.105133295059204,528,0
43.1090133190155,567,0
43.11293911933899,492,0
43.11691212654114,394,0
43.1207959651947,453,0
43.125083446502686,510,0
43.1288697719574,565,0
43.1326847076416,509,0
43.13642978668213,389,0
43.140429973602295,446,0
43.144246339797974,501,0
43.14834117889404,551,0
43.15203261375427,520,0
43.15634250640869,399,0
43.15990924835205,441,0
43.16382145881653,519,0
43.16766953468323,562,0
43.17166185379028,542,0
43.17556667327881,432,0
43.17950367927551,454,0
43.183467864990234,527,0
43.1874577999115,557,0
43.19117975234985,549,0
43.19510340690613,416,0
43.19912600517273,414,0
43.202882289886475,484,0
43.206907510757446,522,0
43.21073770523071,541,0
43.21462273597717,421,0
43.21857023239136,400,0
43.22280550003052,482,0
43.226500034332275,530,0
43.23042297363281,595,0
43.23424172401428,529,0
43.23815321922302,471,0
43.242124795913696,521,0
43.24600434303284,531,0
43.24989891052246,586,0
43.253753423690796,523,0
43.25771427154541,467,0
43.26187014579773,534,0
43.265533208847046,546,0
43.26944017410278,577,0
43.273454427719116,486,0
43.2771680355072,404,0
43.28115439414978,470,0
43.285130977630615,503,0
43.28904700279236,545,0
43.29286050796509,474,0
43.296717405319214,379,0
43.30785655975342,445,0
43.3096227645874,500,0
43.310165882110596,534,0
43.314229011535645,488,0
43.31641340255737,370,0
43.32033729553223,430,0
43.32412600517273,494,0
43.3280074596405,520,0
43.33194160461426,488,0
43.33585500717163,381,0
43.33990550041199,446,0
43.34376811981201,528,0
43.34772729873657,559,0
43.351709604263306,556,0
43.355489015579224,455,0
43.3594286441803,489,0
43.36333107948303,559,0
43.3672091960907,580,0
43.37108778953552,583,0
43.37510299682617,486,0
43.378939390182495,506,0
43.382856130599976,577,0
43.386738777160645,590,0
43.39076352119446,613,0
43.39483189582825,518,0
43.398508071899414,493,0
43.402416467666626,545,0
43.40660262107849,556,0
43.41023087501526,601,0
43.41443705558777,521,0
43.41813325881958,486,0
43.42192888259888,566,0
43.42594575881958,590,0
43.42980718612671,631,0
43.43379020690918,536,0
43.437694787979126,462,0
43.44165086746216,540,0
43.44557189941406,565,0
43.4495050907135,601,0
43.45340538024902,536,0
43.45734453201294,461,0
43.46132016181946,531,0
43.46510410308838,578,0
43.468931436538696,622,0
43.472976207733154,581,0
43.47693490982056,489,0
43.480833768844604,531,0
43.484533071517944,563,0
43.488545656204224,600,0
43.49251890182495,575,0
43.49640464782715,469,0
43.50021529197693,508,0
43.50418519973755,555,0
43.508073806762695,589,0
43.51198768615723,585,0
43.51585030555725,466,0
43.51982045173645,498,0
43.52385091781616,566,0
43.52775287628174,608,0
43.53149747848511,619,0
43.53553581237793,512,0
43.53961229324341,535,0
43.54336667060852,604,0
43.547178983688354,615,0
43.55110454559326,627,0
43.5550479888916,532,0
43.558945655822754,518,0
43.56275987625122,584,0
43.56674909591675,617,0
43.57095551490784,663,0
43.57474756240845,577,0
43.578516721725464,537,0
43.582438707351685,604,0
43.586447954177856,629,0
43.5904757976532,672,0
43.59414529800415,570,0
43.598058462142944,510,0
43.601959466934204,571,0
43.60598182678223,591,0
43.60985708236694,653,0
43.61390781402588,579,0
43.61773443222046,501,0
43.62154006958008,564,0
43.62558698654175,595,0
43.62938690185547,640,0
43.63334846496582,576,0
43.637139558792114,476,0
43.64105677604675,501,0
43.644991397857666,510,0
43.64882302284241,545,0
43.65300536155701,492,0
43.657132148742676,393,0
43.66057753562927,461,0
43.6644766330719,523,0
43.668487548828125,592,0
43.672642946243286,583,0
43.67624592781067,477,0
43.68017244338989,526,0
43.684096813201904,607,0
43.687966108322144,662,0
43.691924810409546,650,0
43.69585847854614,530,0
43.69968819618225,551,0
43.70375394821167,620,0
43.70750975608826,666,0
43.71166658401489,666,0
43.71546173095703,541,0
43.71942448616028,540,0
43.723511934280396,599,0
43.727118253707886,635,0
43.73096513748169,664,0
43.73498463630676,556,0
43.73888945579529,534,0
43.74289059638977,605,0
43.74667406082153,635,0
43.750720262527466,687,0
43.754698514938354,597,0
43.75846529006958,548,0
43.76235318183899,604,0
43.766233682632446,619,0
43.77015686035156,663,0
43.77412748336792,575,0
43.778035163879395,515,0
43.78189206123352,598,0
43.785930156707764,625,0
43.78991889953613,680,0
43.793806314468384,604,0
43.797539949417114,514,0
43.80142140388489,585,0
43.805458784103394,629,0
43.809494972229004,681,0
43.81326174736023,615,0
43.81712293624878,505,0
43.820990324020386,559,0
43.82496738433838,603,0
43.828880310058594,654,0
43.832682371139526,608,0
43.836605072021484,493,0
43.84060835838318,545,0
43.84442710876465,608,0
43.8483829498291,651,0
43.852339029312134,613,0
43.85618305206299,481,0
43.86008644104004,518,0
43.86404848098755,589,0
43.867985010147095,632,0
43.87178945541382,618,0
43.875733375549316,462,0
43.87963795661926,458,0
43.883530616760254,527,0
43.88755393028259,571,0
43.89138746261597,587,0
43.895307540893555,475,0
43.89928960800171,458,0
43.90312576293945,526,0
43.90701770782471,548,0
43.91092300415039,584,0
43.91481113433838,506,0
43.91878867149353,496,0
43.92285633087158,584,0
43.92657661437988,621,0
43.930500984191895,668,0
43.934508085250854,579,0
43.93839383125305,537,0
43.942296504974365,615,0
43.946152210235596,641,0
43.950045347213745,684,0
43.95396113395691,596,0
43.95784020423889,539,0
43.96177625656128,622,0
43.96575975418091,645,0
43.96980023384094,669,0
43.973777532577515,579,0
43.977450132369995,497,0
43.98146057128906,568,0
43.98549556732178,617,0
43.98938179016113,649,0
43.99313235282898,579,0
43.99709701538086,459,0
44.00104379653931,519,0
44.004852294921875,586,0
44.00893044471741,623,0
44.012678384780884,596,0
44.01676106452942,471,0
44.02052640914917,522,0
44.024842500686646,608,0
44.028454065322876,667,0
44.03238821029663,663,0
44.03611731529236,542,0
44.040403842926025,564,0
44.04397177696228,639,0
44.04794883728027,650,0
44.051822900772095,616,0
44.05585694313049,464,0
44.05976414680481,459,0
44.06376886367798,553,0
44.06755256652832,594,0
44.07149910926819,620,0
44.075406074523926,510,0
44.07918667793274,491,0
44.08316397666931,576,0
44.08706498146057,618,0
44.091148138046265,654,0
44.0948121547699,545,0
44.098761796951294,504,0
44.10271072387695,583,0
44.1069130897522,612,0
44.11064958572388,670,0
44.11439085006714,582,0
44.11833310127258,508,0
44.12279558181763,589,0
44.126092195510864,625,0
44.13006830215454,660,0
44.13400483131409,563,0
44.13811993598938,481,0
44.14190649986267,553,0
44.14571237564087,595,0
44.1497700214386,646,0
44.153547525405884,583,0
44.15748691558838,502,0
44.16142416000366,588,0
44.16543960571289,646,0
44.169193744659424,683,0
44.1730637550354,623,0
44.177008867263794,510,0
44.18094515800476,597,0
44.18485379219055,667,0
44.18873429298401,699,0
44.19288730621338,649,0
44.19667887687683,517,0
44.20054507255554,565,0
44.20461297035217,640,0
44.20840358734131,668,0
44.21221733093262,630,0
44.2162606716156,500,0
44.220019578933716,521,0
44.22403812408447,597,0
44.2279098033905,638,0
44.23182964324951,624,0
44.23577260971069,488,0
44.239752769470215,487,0
44.24370455741882,572,0
44.24748229980469,609,0
44.25136470794678,623,0
44.25525188446045,505,0
44.25940942764282,483,0
44.26309132575989,596,0
44.26703476905823,646,0
44.27090048789978,682,0
44.27479076385498,557,0
44.27869248390198,500,0
44.28265428543091,574,0
44.28648138046265,584,0
44.29042434692383,628,0
44.2943549156189,542,0
44.29841613769531,466,0
44.30215334892273,535,0
44.30624866485596,565,0
44.3100962638855,607,0
44.31397032737732,504,0
44.317800760269165,416,0
44.321858167648315,505,0
44.32579207420349,566,0
44.32961559295654,615,0
44.33371686935425,550,0
44.33755087852478,434,0
44.341347217559814,508,0
44.34517574310303,554,0
44.34905171394348,580,0
44.35299730300903,523,0
44.3571457862854,402,0
44.36083960533142,473,0
44.36477303504944,552,0
44.36862587928772,593,0
44.37281584739685,559,0
44.376665115356445,442,0
44.38038992881775,486,0
44.38443660736084,566,0
44.3883273601532,613,0
44.39216446876526,610,0
44.3961238861084,468,0
44.40016293525696,465,0
44.40391731262207,528,0
44.40782570838928,547,0
44.41199827194214,550,0
44.415876626968384,426,0
44.41972780227661,421,0
44.42352914810181,503,0
44.42761421203613,530,0
44.431344509124756,548,0
44.43516755104065,442,0
44.43907904624939,430,0
44.443010091781616,536,0
44.44697880744934,562,0
44.45091533660889,607,0
44.45496463775635,506,0
44.45892071723938,471,0
44.46280026435852,582,0
44.46664357185364,634,0
44.47060489654541,674,0
44.50256037712097,552,0
44.520413637161255,467,0
44.536561727523804,547,0
44.537272930145264,598,0
44.53819680213928,652,0
44.54271626472473,566,0
44.54384112358093,468,0
44.551899433135986,551,0
44.55429649353027,600,0
44.55467391014099,653,0
44.55490684509277,596,0
44.55510234832764,476,0
44.555349826812744,542,0
44.55552387237549,605,0
44.555888175964355,647,0
44.55618906021118,607,0
44.55648612976074,486,0
44.556642293930054,540,0
44.5567889213562,609,0
44.55692005157471,645,0
44.55762505531311,613,0
44.557831048965454,489,0
44.56052875518799,540,0
44.5643367767334,630,0
44.56888484954834,666,0
44.57214856147766,645,0
44.58116364479065,512,0
44.58177852630615,522,0
44.58383321762085,605,0
44.58775568008423,629,0
44.59171533584595,631,0
44.59561634063721,495,0
44.59948658943176,478,0
44.60343551635742,561,0
44.607340812683105,592,0
44.61131548881531,628,0
44.615325927734375,511,0
44.61901378631592,457,0
44.623056173324585,536,0
44.62692856788635,560,0
44.63085150718689,603,0
44.63470411300659,512,0
44.63871955871582,433,0
44.64249396324158,498,0
44.646456241607666,528,0
44.650359869003296,580,0
44.65431809425354,504,0
44.65812659263611,410,0
44.66203165054321,487,0
44.66597008705139,524,0
44.66987752914429,572,0
44.67392373085022,516,0
44.67772912979126,430,0
44.68166995048523,505,0
44.68560171127319,554,0
44.68980360031128,594,0
44.69346499443054,538,0
44.69738984107971,423,0
44.70127749443054,501,0
44.70511531829834,570,0
44.709102630615234,588,0
44.7129864692688,537,0
44.716867208480835,409,0
44.72082304954529,469,0
44.724748849868774,559,0
44.72862911224365,590,0
44.73257923126221,566,0
44.736586809158325,445,0
44.740660667419434,472,0
44.74432015419006,559,0
44.74829149246216,604,0
44.75210237503052,602,0
44.75656175613403,461,0
44.75999641418457,445,0
44.763861894607544,526,0
44.767860651016235,563,0
44.771815061569214,591,0
44.775630950927734,480,0
44.77945637702942,450,0
44.78347063064575,535,0
44.78757667541504,574,0
44.791358947753906,627,0
44.795116901397705,538,0
44.799176931381226,502,0
44.80298185348511,588,0
44.80721306800842,619,0
44.810917139053345,667,0
44.81476545333862,581,0
44.818817377090454,529,0
44.822768211364746,606,0
44.82649874687195,628,0
44.8302948474884,658,0
44.83419752120972,579,0
44.83807826042175,484,0
44.8420250415802,548,0
44.84591794013977,581,0
44.84981679916382,612,0
44.853734731674194,527,0
44.85764980316162,393,0
44.86168932914734,463,0
44.86549162864685,504,0
44.86937761306763,527,0
44.873480558395386,483,0
44.87731337547302,369,0
44.881142377853394,447,0
44.88502264022827,533,0
44.88899517059326,570,0
44.89286684989929,536,0
44.89676809310913,407,0
44.90075159072876,447,0
44.904717206954956,529,0
44.90881967544556,554,0
44.91251730918884,496,0
44.916420698165894,332,0
44.92040967941284,327,0
44.92442727088928,404,0
44.92814064025879,444,0
44.932029008865356,470,0
44.935973167419434,362,0
44.94000458717346,354,0
44.94379806518555,435,0
44.94781136512756,454,0
44.95174288749695,485,0
44.95571541786194,383,0
44.95952534675598,352,0
44.9633355140686,432,0
44.96722769737244,460,0
44.97118592262268,508,0
44.97535562515259,412,0
44.97898054122925,380,0
44.982887268066406,480,0
44.98684525489807,513,0
44.990822315216064,559,0
44.99465584754944,466,0
44.998554944992065,389,0
45.002490758895874,486,0
45.00657629966736,538,0
45.01047468185425,575,0
45.014183044433594,478,0
45.018208503723145,363,0
45.02205228805542,435,0
45.02601480484009,478,0
45.02999019622803,524,0
45.03376817703247,482,0
45.03780198097229,361,0
45.04183387756348,436,0
45.045700788497925,504,0
45.049434185028076,548,0
45.05354690551758,511,0
45.05725646018982,378,0
45.061187505722046,424,0
45.065035581588745,484,0
45.069015979766846,510,0
45.073065996170044,491,0
45.07695651054382,377,0
45.08077430725098,401,0
45.084673166275024,460,0
45.08862805366516,489,0
45.09261965751648,480,0
45.096352100372314,362,0
45.10022258758545,388,0
45.10433030128479,467,0
45.10822153091431,483,0
45.11212110519409,488,0
45.11590218544006,371,0
45.119845390319824,366,0
45.12398862838745,474,0
45.12784171104431,506,0
45.13187074661255,542,0
45.13546538352966,423,0
45.13957333564758,377,0
45.14344310760498,459,0
45.14730882644653,499,0
45.15112376213074,558,0
45.15506434440613,473,0
45.15891671180725,404,0
45.16290879249573,485,0
45.16685247421265,536,0
45.17076897621155,592,0
45.17472696304321,511,0
45.17882704734802,435,0
45.18247699737549,495,0
45.18640637397766,505,0
45.190465211868286,524,0
45.19413995742798,440,0
45.19819164276123,344,0
45.20211172103882,428,0
45.20602226257324,485,0
45.20996642112732,519,0
45.21369552612305,463,0
45.21767830848694,349,0
45.22168183326721,423,0
45.22560381889343,495,0
45.2294237613678,516,0
45.23336744308472,464,0
45.23720574378967,339,0
45.241440773010254,392,0
45.24534821510315,476,0
45.24891519546509,519,0
45.25293207168579,505,0
45.256956577301025,390,0
45.2610125541687,440,0
45.26479744911194,534,0
45.268698930740356,566,0
45.273160219192505,557,0
45.27645540237427,433,0
45.28024339675903,414,0
45.2842001914978,494,0
45.28808259963989,550,0
45.2920081615448,588,0
45.29583692550659,495,0
45.29981541633606,451,0
45.303805112838745,502,0
45.307732343673706,551,0
45.31158399581909,594,0
45.315398931503296,517,0
45.31938552856445,450,0
45.32326126098633,497,0
45.32718110084534,544,0
45.3310763835907,618,0
45.33498239517212,569,0
45.338868618011475,509,0
45.342793703079224,523,0
45.34668183326721,538,0
45.35069751739502,608,0
45.35454845428467,569,0
45.358482837677,473,0
45.36237120628357,473,0
45.36636185646057,462,0
45.37024664878845,523,0
45.37414026260376,552,0
45.377991914749146,484,0
45.38189959526062,483,0
45.385833740234375,484,0
45.38972067832947,536,0
45.393672466278076,557,0
45.39755177497864,473,0
45.40158128738403,461,0
45.40539073944092,465,0
45.409383058547974,505,0
45.41326403617859,534,0
45.4170880317688,459,0
45.421037435531616,453,0
45.4249529838562,476,0
45.42898988723755,520,0
45.43276071548462,566,0
45.43664813041687,495,0
45.44064235687256,457,0
45.44458794593811,478,0
45.44840598106384,509,0
45.452390909194946,567,0
45.45632266998291,518,0
45.46009302139282,477,0
45.464118003845215,489,0
45.46794629096985,507,0
45.47185921669006,563,0
45.47580814361572,511,0
45.47971987724304,447,0
45.48365378379822,453,0
45.487669944763184,479,0
45.49156904220581,564,0
45.49539589881897,515,0
45.49939846992493,433,0
45.50317859649658,436,0
45.50713849067688,466,0
45.511022329330444,556,0
45.51487708091736,532,0
45.51882767677307,455,0
45.522876501083374,460,0
45.52676963806152,474,0
45.530736684799194,553,0
45.534603118896484,555,0
45.538472414016724,468,0
45.54232716560364,467,0
45.54621934890747,489,0
45.55013990402222,552,0
45.55412793159485,560,0
45.55804252624512,485,0
45.56188917160034,486,0
45.56577467918396,502,0
45.56972694396973,565,0
45.575331926345825,594,0
45.58278226852417,522,0
45.584251403808594,519,0
45.5854926109314,516,0
45.58971858024597,548,0
45.59328055381775,570,0
45.597129821777344,503,0
45.60100030899048,507,0
45.60495710372925,530,0
45.60904884338379,562,0
45.61284685134888,592,0
45.616790771484375,521,0
45.620664834976196,489,0
45.6246132850647,517,0
45.62855410575867,559,0
45.63231348991394,608,0
45.636168003082275,536,0
45.64009213447571,486,0
45.64400267601013,507,0
45.64789009094238,544,0
45.65180587768555,624,0
45.65580201148987,594,0
45.65969681739807,557,0
45.66370677947998,581,0
45.66752028465271,595,0
45.67165160179138,652,0
45.6753511428833,610,0
45.67921590805054,557,0
45.68319845199585,571,0
45.687068939208984,575,0
45.69115614891052,624,0
45.69503855705261,587,0
45.69882249832153,508,0
45.70282793045044,541,0
45.70703148841858,578,0
45.710548400878906,649,0
45.714513063430786,633,0
45.71845746040344,542,0
45.722859144210815,547,0
45.72641634941101,555,0
45.73026776313782,614,0
45.73412084579468,631,0
45.73805785179138,548,0
45.741795778274536,540,0
45.745792388916016,539,0
45.749879360198975,557,0
45.75374412536621,553,0
45.757554054260254,461,0
45.7614164352417,448,0
45.76538443565369,467,0
45.76925802230835,513,0
45.77329730987549,549,0
45.7770516872406,469,0
45.78097128868103,430,0
45.78484082221985,438,0
45.78876733779907,466,0
45.79275369644165,509,0
45.7968225479126,458,0
45.800554275512695,435,0
45.804545879364014,452,0
45.808537006378174,478,0
45.81238770484924,510,0
45.81614446640015,428,0
45.82013440132141,361,0
45.82398962974548,376,0
45.82784104347229,396,0
45.83178520202637,479,0
45.83565855026245,471,0
45.83967185020447,443,0
45.843589305877686,490,0
45.847450733184814,519,0
45.8513879776001,592,0
45.85534048080444,561,0
45.859166383743286,470,0
45.86306285858154,488,0
45.866952896118164,513,0
45.870935916900635,589,0
45.87485957145691,599,0
45.87889075279236,523,0
45.882630825042725,520,0
45.88659858703613,533,0
45.89052748680115,586,0
45.89440608024597,595,0
45.89834690093994,534,0
45.90230631828308,545,0
45.906195878982544,563,0
45.90999364852905,603,0
45.91392946243286,585,0
45.917839765548706,471,0
45.92172980308533,457,0
45.925655364990234,484,0
45.92983150482178,555,0
45.93358039855957,600,0
45.93738651275635,520,0
45.94136643409729,495,0
45.945313930511475,512,0
45.94912314414978,543,0
45.95305299758911,577,0
45.9570107460022,516,0
45.9608952999115,507,0
45.964818716049194,550,0
45.96884560585022,597,0
45.972784757614136,652,0
45.97668170928955,567,0
45.98053312301636,510,0
45.98439645767212,532,0
45.98833751678467,554,0
45.99219799041748,613,0
46.02298545837402,558,0
46.062934160232544,508,0
46.063501834869385,547,0
46.06592655181885,581,0
46.06656289100647,651,0
46.06711196899414,589,0
46.067490339279175,502,0
46.067726850509644,517,0
46.067930698394775,540,0
46.06811785697937,613,0
46.06834411621094,590,0
46.06851029396057,509,0
46.06868863105774,531,0
46.06885075569153,557,0
46.06899881362915,620,0
46.069151639938354,609,0
46.069342374801636,519,0
46.06950306892395,543,0
46.06966853141785,581,0
46.070472240448,638,0
46.07454442977905,638,0
46.07837462425232,556,0
46.08226203918457,565,0
46.08610916137695,586,0
46.08999252319336,627,0
46.093897342681885,626,0
46.09782528877258,519,0
46.10169577598572,498,0
46.10569524765015,525,0
46.10968589782715,574,0
46.11344861984253,593,0
46.11739468574524,502,0
46.12134313583374,462,0
46.125401735305786,481,0
46.12927746772766,515,0
46.13298010826111,552,0
46.13690495491028,473,0
46.141028881073,431,0
46.144775390625,449,0
46.14868640899658,484,0
46.15282201766968,552,0
46.15669512748718,495,0
46.160446643829346,444,0
46.16442894935608,463,0
46.16837668418884,492,0
46.172133684158325,570,0
46.17611813545227,525,0
46.18005156517029,453,0
46.183937072753906,465,0
46.18778729438782,477,0
46.191816329956055,525,0
46.195685625076294,467,0
46.199780225753784,387,0
46.203693151474,391,0
46.20757555961609,413,0
46.21137833595276,477,0
46.215320110321045,451,0
46.219154834747314,369,0
46.22310400009155,403,0
46.22700119018555,438,0
46.23092985153198,501,0
46.2349967956543,501,0
46.2387592792511,404,0
46.24278736114502,411,0
46.24670743942261,452,0
46.250675201416016,529,0
46.25444531440735,547,0
46.25838303565979,452,0
46.26212120056152,464,0
46.26619005203247,506,0
46.269994258880615,572,0
46.27403521537781,618,0
46.277870416641235,543,0
46.281742334365845,528,0
46.285829305648804,557,0
46.28980875015259,594,0
46.29380464553833,632,0
46.2977089881897,545,0
46.30145883560181,514,0
46.305340051651,551,0
46.309303283691406,601,0
46.31312441825867,652,0
46.316927909851074,569,0
46.32080674171448,526,0
46.32487893104553,569,0
46.328784227371216,613,0
46.332627058029175,666,0
46.336549520492554,602,0
46.34055161476135,546,0
46.34436821937561,564,0
46.348161458969116,581,0
46.35217523574829,655,0
46.35613512992859,589,0
46.36002850532532,506,0
46.36382007598877,533,0
46.367762327194214,556,0
46.371793031692505,621,0
46.3755943775177,572,0
46.37970304489136,474,0
46.3834490776062,472,0
46.387444257736206,493,0
46.39140248298645,556,0
46.3951461315155,548,0
46.39906907081604,478,0
46.40304613113403,502,0
46.40706753730774,537,0
46.41091990470886,595,0
46.41484260559082,588,0
46.41864728927612,485,0
46.423195362091064,490,0
46.42663645744324,521,0
46.43052554130554,568,0
46.43434739112854,572,0
46.438316822052,470,0
46.442177057266235,465,0
46.44601106643677,503,0
46.44995641708374,560,0
46.45399475097656,597,0
46.45799398422241,493,0
46.461803913116455,453,0
46.46581482887268,480,0
46.469536542892456,532,0
46.47390913963318,575,0
46.47793006896973,485,0
46.48127460479736,438,0
46.48516607284546,462,0
46.489091873168945,498,0
46.49302649497986,561,0
46.496840476989746,515,0
46.50079345703125,467,0
46.504913330078125,489,0
46.509000301361084,520,0
46.51255798339844,590,0
46.51647472381592,539,0
46.52044081687927,481,0
46.52462553977966,512,0
46.528281450271606,527,0
46.53217959403992,571,0
46.53598976135254,522,0
46.54049205780029,452,0
46.54384231567383,475,0
46.547815561294556,509,0
46.55179452896118,581,0
46.55638909339905,554,0
46.55949807167053,473,0
46.56345009803772,499,0
46.56758713722229,533,0
46.57122802734375,593,0
46.57516264915466,581,0
46.57907795906067,498,0
46.582996129989624,522,0
46.586979389190674,565,0
46.59075570106506,630,0
46.594907999038696,622,0
46.598819732666016,516,0
46.60279965400696,533,0
46.606544494628906,585,0
46.61046481132507,652,0
46.61425280570984,663,0
46.6181697845459,554,0
46.62211084365845,533,0
46.626100301742554,559,0
46.630047082901,609,0
46.63382363319397,648,0
46.63771414756775,559,0
46.64162087440491,522,0
46.64575934410095,548,0
46.64956212043762,586,0
46.653544187545776,628,0
46.65745806694031,544,0
46.661203384399414,493,0
46.66519594192505,504,0
46.668965339660645,517,0
46.67296767234802,561,0
46.67696166038513,494,0
46.68082046508789,446,0
46.68470025062561,481,0
46.68867564201355,512,0
46.69270396232605,576,0
46.69655156135559,519,0
46.70042324066162,451,0
46.70422172546387,492,0
46.70855450630188,546,0
46.71255350112915,631,0
46.71604084968567,592,0
46.71988129615784,520,0
46.72380042076111,553,0
46.72787261009216,582,0
46.73170471191406,645,0
46.735809087753296,625,0
46.740017890930176,536,0
46.743438720703125,539,0
46.74736166000366,540,0
46.751269817352295,595,0
46.755091190338135,589,0
46.759172439575195,500,0
46.76287817955017,508,0
46.76689553260803,538,0
46.770886182785034,583,0
46.774861097335815,591,0
46.77883863449097,497,0
46.7827250957489,494,0
46.78646278381348,529,0
46.79046869277954,580,0
46.794320821762085,608,0
46.79807782173157,522,0
46.80211520195007,520,0
46.806700706481934,554,0
46.809898853302,585,0
46.81371283531189,615,0
46.817760944366455,532,0
46.82156324386597,495,0
46.82554626464844,523,0
46.829381704330444,559,0
46.83337044715881,608,0
46.837350368499756,544,0
46.84110474586487,511,0
46.844987630844116,544,0
46.848944425582886,576,0
46.85280656814575,641,0
46.85685586929321,580,0
46.86074471473694,516,0
46.86456322669983,550,0
46.868497133255005,575,0
46.87240290641785,639,0
46.87634301185608,550,0
46.880211353302,446,0
46.88413047790527,461,0
46.888041496276855,482,0
46.89197134971619,554,0
46.895878314971924,525,0
46.89989495277405,435,0
46.903836727142334,455,0
46.90780425071716,483,0
46.911776542663574,552,0
46.9157829284668,532,0
46.91956305503845,427,0
46.92338585853577,428,0
46.927210092544556,435,0
46.931254148483276,485,0
46.93512177467346,484,0
46.93889498710632,391,0
46.94281721115112,397,0
46.94674801826477,432,0
46.9507040977478,489,0
46.954715967178345,507,0
46.95848894119263,426,0
46.96251058578491,437,0
46.966325998306274,474,0
46.9703426361084,522,0
46.974348068237305,546,0
46.97809100151062,461,0
46.98203206062317,449,0
46.985852003097534,498,0
46.99009394645691,540,0
46.993767738342285,577,0
46.99775695800781,500,0
47.00173830986023,467,0
47.0055718421936,502,0
47.00941324234009,546,0
47.01331901550293,597,0
47.01719784736633,516,0
47.02114486694336,461,0
47.02516984939575,494,0
47.02897572517395,518,0
47.032933473587036,589,0
47.03677272796631,528,0
47.040730714797974,446,0
47.04481101036072,467,0
47.048616886138916,495,0
47.05242943763733,555,0
47.05649137496948,496,0
47.060198068618774,416,0
47.06415033340454,452,0
47.068100452423096,500,0
47.071962118148804,553,0
47.07595133781433,509,0
47.07996678352356,432,0
47.08373212814331,459,0
47.087812423706055,499,0
47.0918824672699,562,0
47.09551787376404,547,0
47.09941482543945,445,0
47.10336875915527,443,0
47.1075484752655,468,0
47.11117386817932,512,0
47.11506366729736,501,0
47.1188600063324,398,0
47.12307643890381,399,0
47.12696695327759,428,0
47.130688428878784,480,0
47.134544134140015,514,0
47.13852906227112,428,0
47.14240550994873,415,0
47.14634895324707,444,0
47.15044021606445,494,0
47.15409541130066,523,0
47.15805149078369,426,0
47.161885499954224,411,0
47.165860652923584,452,0
47.16972041130066,482,0
47.17403316497803,514,0
47.177775621414185,425,0
47.181702852249146,390,0
47.18544793128967,436,0
47.18966817855835,472,0
47.193429946899414,522,0
47.19733929634094,437,0
47.20122003555298,366,0
47.20496940612793,374,0
47.208921909332275,390,0
47.21276497840881,468,0
47.21678924560547,411,0
47.22082304954529,334,0
47.22461414337158,358,0
47.22840690612793,369,0
47.232507944107056,445,0
47.23636770248413,418,0
47.24037766456604,344,0
47.244054079055786,374,0
47.24804162979126,419,0
47.251996994018555,494,0
47.255852937698364,469,0
47.25977444648743,378,0
47.26372170448303,393,0
47.26759052276611,427,0
47.27147650718689,496,0
47.275583267211914,496,0
47.279435873031616,391,0
47.28325605392456,409,0
47.28716540336609,453,0
47.29108190536499,513,0
47.29491925239563,526,0
47.30586123466492,434,0
47.30753302574158,448,0
47.31092643737793,479,0
47.31115508079529,524,0
47.314470529556274,549,0
47.318387031555176,455,0
47.322365283966064,432,0
47.3261935710907,485,0
47.33021020889282,553,0
47.3340904712677,613,0
47.33791756629944,535,0
47.34184503555298,503,0
47.34582185745239,555,0
47.34967637062073,600,0
47.35369873046875,662,0
47.35778737068176,601,0
47.36144018173218,546,0
47.36540222167969,554,0
47.369370460510254,576,0
47.37323355674744,646,0
47.37720012664795,590,0
47.381080627441406,538,0
47.38492441177368,563,0
47.38896703720093,565,0
47.39274072647095,601,0
47.39662790298462,527,0
47.40077590942383,436,0
47.40469717979431,463,0
47.40856719017029,521,0
47.4124014377594,604,0
47.416237592697144,584,0
47.42025136947632,503,0
47.42411494255066,522,0
47.428035497665405,542,0
47.4318904876709,601,0
47.435900926589966,590,0
47.44006133079529,503,0
47.443708181381226,516,0
47.44765543937683,561,0
47.45149374008179,643,0
47.455360651016235,650,0
47.45924615859985,539,0
47.46310997009277,530,0
47.46713852882385,554,0
47.4711480140686,589,0
47.47509694099426,591,0
47.478960037231445,502,0
47.482898473739624,508,0
47.48664379119873,560,0
47.49082636833191,596,0
47.494659662246704,613,0
47.49849581718445,530,0
47.53263878822327,506,0
47.53389930725098,536,0
47.56776213645935,587,0
47.571216344833374,636,0
47.57509183883667,566,0
47.57550644874573,531,0
47.575812339782715,541,0
47.57601857185364,544,0
47.576199531555176,581,0
47.57635998725891,521,0
47.576580286026,465,0
47.576786518096924,510,0
47.5769829750061,548,0
47.57715964317322,611,0
47.57740902900696,548,0
47.57759928703308,476,0
47.57775139808655,499,0
47.577911138534546,519,0
47.578057050704956,591,0
47.578197956085205,558,0
47.58067536354065,472,0
47.584649085998535,481,0
47.58856678009033,482,0
47.595113039016724,500,0
47.59618854522705,456,0
47.600093603134155,361,0
47.604042768478394,393,0
47.60786747932434,454,0
47.61175894737244,544,0
47.615723848342896,558,0
47.619736194610596,465,0
47.623656272888184,479,0
47.627469539642334,502,0
47.6315701007843,536,0
47.63535690307617,536,0
47.63918733596802,416,0
47.64311933517456,398,0
47.64705777168274,431,0
47.651013135910034,495,0
47.65487480163574,523,0
47.658812284469604,439,0
47.662750244140625,416,0
47.66661357879639,432,0
47.6705060005188,474,0
47.67478632926941,515,0
47.67841458320618,427,0
47.682276248931885,406,0
47.68631458282471,443,0
47.69022607803345,489,0
47.6940221786499,531,0
47.69789171218872,440,0
47.70179200172424,387,0
47.70576190948486,422,0
47.70987010002136,458,0
47.71357703208923,530,0
47.71745276451111,489,0
47.72142839431763,438,0
47.725382566452026,468,0
47.72920274734497,505,0
47.73323154449463,583,0
47.737038373947144,532,0
47.74106812477112,461,0
47.74486517906189,482,0
47.74880504608154,508,0
47.75272250175476,580,0
47.75699782371521,543,0
47.760661363601685,454,0
47.764456033706665,459,0
47.768381118774414,456,0
47.77233624458313,463,0
47.77624559402466,407,0
47.779998540878296,308,0
47.78407692909241,326,0
47.7878634929657,363,0
47.79175877571106,445,0
47.79570508003235,444,0
47.799795627593994,335,0
47.80379390716553,334,0
47.80767107009888,364,0
47.81148028373718,416,0
47.81534719467163,429,0
47.81918668746948,337,0
47.823286056518555,329,0
47.82696795463562,362,0
47.83092761039734,403,0
47.83484625816345,422,0
47.838799476623535,321,0
47.84276366233826,279,0
47.84676384925842,300,0
47.85049533843994,334,0
47.85443115234375,392,0
47.85837769508362,333,0
47.86218214035034,314,0
47.86615467071533,358,0
47.8701753616333,390,0
47.87403869628906,449,0
47.87802195549011,380,0
47.88190197944641,328,0
47.88566827774048,371,0
47.88995289802551,413,0
47.89373183250427,461,0
47.89753484725952,383,0
47.90148210525513,314,0
47.90535354614258,336,0
47.90922403335571,357,0
47.91308403015137,431,0
47.91697573661804,405,0
47.92098307609558,336,0
47.925081968307495,391,0
47.928855895996094,441,0
47.93257427215576,507,0
47.93656587600708,466,0
47.94076347351074,361,0
47.944424867630005,376,0
47.94836926460266,410,0
47.95225715637207,464,0
47.95616030693054,460,0
47.960036754608154,379,0
47.96407723426819,395,0
47.96782064437866,422,0
47.97170662879944,479,0
47.97602581977844,492,0
47.97985792160034,395,0
47.983527421951294,399,0
47.98743772506714,446,0
47.991522789001465,501,0
47.99529957771301,520,0
47.99915790557861,422,0
48.003084659576416,401,0
48.007164001464844,434,0
48.011016607284546,477,0
48.014766454696655,517,0
48.01877474784851,447,0
48.02329754829407,416,0
48.0266432762146,458,0
48.03051137924194,493,0
48.03437876701355,545,0
48.03843331336975,459,0
48.04228901863098,415,0
48.04614567756653,443,0
48.049959659576416,481,0
48.053831577301025,555,0
48.05801558494568,499,0
48.06182909011841,433,0
48.065693855285645,443,0
48.06979560852051,459,0
48.073516845703125,514,0
48.07743954658508,464,0
48.08137059211731,409,0
48.085206747055054,449,0
48.08913850784302,480,0
48.093167543411255,556,0
48.097113370895386,513,0
48.10106015205383,421,0
48.10501289367676,430,0
48.108933448791504,442,0
48.11266779899597,481,0
48.11649227142334,451,0
48.120508909225464,368,0
48.124398708343506,389,0
48.12840008735657,416,0
48.13227915763855,464,0
48.13622736930847,450,0
48.14007830619812,356,0
48.14394187927246,373,0
48.1477153301239,424,0
48.151865005493164,495,0
48.15560436248779,511,0
48.159465312957764,421,0
48.16349220275879,423,0
48.1673629283905,453,0
48.17133450508118,489,0
48.17522740364075,512,0
48.17916560173035,426,0
48.183074712753296,421,0
48.186962366104126,466,0
48.19095540046692,507,0
48.194732904434204,544,0
48.198896408081055,458,0
48.202563524246216,426,0
48.20675444602966,464,0
48.2104389667511,516,0
48.21440386772156,575,0
48.21819067001343,492,0
48.222184896469116,427,0
48.226011514663696,446,0
48.229963541030884,465,0
48.23384070396423,528,0
48.23781704902649,475,0
48.24182200431824,415,0
48.24577569961548,435,0
48.24957299232483,463,0
48.25351858139038,536,0
48.257659912109375,494,0
48.261398792266846,423,0
48.26521325111389,463,0
48.26904511451721,498,0
48.27309465408325,570,0
48.27693223953247,528,0
48.28084659576416,424,0
48.28489804267883,429,0
48.288904666900635,454,0
48.2926709651947,521,0
48.29658365249634,524,0
48.30042552947998,441,0
48.30437397956848,455,0
48.30816149711609,485,0
48.31210017204285,543,0
48.31594514846802,554,0
48.31990456581116,455,0
48.323861598968506,449,0
48.32774901390076,485,0
48.33161544799805,529,0
48.33562207221985,528,0
48.33960676193237,418,0
48.343422651290894,384,0
48.34734225273132,399,0
48.35116457939148,430,0
48.355170488357544,458,0
48.35910367965698,381,0
48.362934827804565,366,0
48.366841077804565,411,0
48.370771169662476,436,0
48.374765396118164,471,0
48.37859010696411,383,0
48.382513761520386,337,0
48.38646340370178,369,0
48.39047646522522,403,0
48.39424800872803,466,0
48.39810824394226,386,0
48.402034759521484,303,0
48.4059271812439,312,0
48.40983963012695,324,0
48.41374468803406,387,0
48.41765236854553,340,0
48.42159557342529,291,0
48.42553782463074,331,0
48.42938804626465,349,0
48.43337368965149,423,0
48.43724179267883,384,0
48.44113349914551,302,0
48.44503831863403,329,0
48.44897150993347,374,0
48.45287775993347,459,0
48.45687770843506,461,0
48.4607138633728,384,0
48.46461534500122,411,0
48.46854114532471,453,0
48.472471475601196,502,0
48.4764130115509,497,0
48.48039436340332,413,0
48.484151124954224,435,0
48.48809862136841,476,0
48.492098569869995,526,0
48.49595260620117,533,0
48.499831438064575,425,0
48.503735065460205,414,0
48.50782227516174,438,0
48.51158618927002,487,0
48.515465259552,530,0
48.51940369606018,459,0
48.52344727516174,459,0
48.52727222442627,486,0
48.531163454055786,515,0
48.53507900238037,550,0
48.5389289855957,467,0
48.54285192489624,440,0
48.546762228012085,484,0
48.55068635940552,549,0
48.5547513961792,623,0
48.558507680892944,563,0
48.56241011619568,505,0
48.56639623641968,515,0
48.570337772369385,520,0
48.574172019958496,577,0
48.5780565738678,525,0
48.58199095726013,474,0
48.58591961860657,512,0
48.58995795249939,541,0
48.594011068344116,610,0
48.59787607192993,561,0
48.60176992416382,494,0
48.60557413101196,546,0
48.609413146972656,596,0
48.61337757110596,677,0
48.61719799041748,635,0
48.621204137802124,544,0
48.62726831436157,560,0
48.6290602684021,590,0
48.6329619884491,655,0
48.6368305683136,652,0
48.64082932472229,562,0
48.64470911026001,569,0
48.64850425720215,583,0
48.65241742134094,634,0
48.65648317337036,636,0
48.66040849685669,536,0
48.66410779953003,536,0
48.6744487285614,581,0
48.67591404914856,657,0
48.67615842819214,678,0
48.679819107055664,567,0
48.68380045890808,544,0
48.68760633468628,569,0
48.69154691696167,617,0
48.69542622566223,655,0
48.69938588142395,582,0
48.70339846611023,569,0
48.70715260505676,598,0
48.71113181114197,620,0
48.71501970291138,658,0
48.71896243095398,575,0
48.72304010391235,538,0
48.7269012928009,562,0
48.73070669174194,596,0
48.73469066619873,664,0
48.738741636276245,585,0
48.74262356758118,513,0
48.746421098709106,534,0
48.75027251243591,559,0
48.754289388656616,616,0
48.75810670852661,567,0
48.76197385787964,514,0
48.765894174575806,549,0
48.7698118686676,571,0
48.77391982078552,632,0
48.77765369415283,587,0
48.78152537345886,517,0
48.78549861907959,555,0
48.78943848609924,602,0
48.793349266052246,683,0
48.797197103500366,655,0
48.8011736869812,548,0
48.805195331573486,551,0
48.808903217315674,571,0
48.81282329559326,633,0
48.816752195358276,628,0
48.820600748062134,533,0
48.8245906829834,544,0
48.82846999168396,577,0
48.83241152763367,638,0
48.836344480514526,645,0
48.84050726890564,545,0
48.8440580368042,552,0
48.84798574447632,602,0
48.851927518844604,655,0
48.85590577125549,668,0
48.8597674369812,568,0
48.86384582519531,554,0
48.86788892745972,574,0
48.87172889709473,612,0
48.87549090385437,658,0
48.87943506240845,593,0
48.88328790664673,561,0
48.887300968170166,580,0
48.89118266105652,598,0
48.89500117301941,608,0
48.89892601966858,504,0
48.90286445617676,452,0
48.9349410533905,484,0
48.93686580657959,533,0
48.970803022384644,597,0
48.981273889541626,520,0
48.981558084487915,447,0
48.98177099227905,465,0
48.984419107437134,496,0
48.98466897010803,579,0
48.984947681427,536,0
48.98511600494385,463,0
48.985302686691284,479,0
48.98544883728027,497,0
48.98561120033264,561,0
48.98576068878174,524,0
48.985918283462524,439,0
48.98606610298157,476,0
48.98620963096619,508,0
48.9863498210907,561,0
48.98648118972778,525,0
48.986626625061035,421,0
48.986769676208496,424,0
48.98892045021057,462,0
48.99279427528381,534,0
48.99684119224548,554,0
49.000786542892456,457,0
49.004613637924194,458,0
49.00845909118652,482,0
49.01235556602478,525,0
49.01618576049805,545,0
49.020171880722046,475,0
49.024060010910034,493,0
49.02792453765869,543,0
49.03187537193298,599,0
49.03575277328491,638,0
49.03976535797119,543,0
49.04361844062805,518,0
49.04771828651428,551,0
49.051514863967896,611,0
49.05553865432739,670,0
49.05945158004761,602,0
49.06321978569031,571,0
49.06714916229248,603,0
49.071051359176636,634,0
49.075008392333984,691,0
49.078813552856445,610,0
49.082775592803955,549,0
49.086726665496826,579,0
49.09089922904968,619,0
49.09454131126404,691,0
49.098461866378784,630,0
49.10244631767273,560,0
49.10635256767273,597,0
49.11024856567383,627,0
49.11416792869568,713,0
49.11804986000061,670,0
49.121888160705566,597,0
49.12607789039612,631,0
49.12978959083557,653,0
49.13366103172302,711,0
49.13754391670227,665,0
49.14158010482788,579,0
49.14547657966614,604,0
49.149367332458496,638,0
49.153210401535034,694,0
49.15722346305847,658,0
49.161094665527344,560,0
49.16503691673279,568,0
49.16889214515686,601,0
49.173176765441895,668,0
49.176769971847534,679,0
49.18057346343994,583,0
49.184648513793945,583,0
49.18851280212402,612,0
49.19245100021362,650,0
49.19617819786072,660,0
49.20021343231201,564,0
49.20418667793274,564,0
49.20812439918518,623,0
49.211894273757935,671,0
49.21577477455139,687,0
49.219905853271484,567,0
49.22378420829773,521,0
49.2275333404541,541,0
49.23149394989014,573,0
49.23546123504639,623,0
49.23939847946167,557,0
49.24316096305847,525,0
49.24711513519287,537,0
49.25102925300598,543,0
49.255064487457275,583,0
49.259191036224365,512,0
49.262858629226685,455,0
49.266703605651855,496,0
49.270517349243164,525,0
49.27456736564636,589,0
49.27859330177307,534,0
49.28231978416443,450,0
49.286267042160034,461,0
49.290367126464844,487,0
49.29402279853821,559,0
49.29794931411743,525,0
49.30188465118408,446,0
49.30576539039612,476,0
49.30990695953369,505,0
49.313547134399414,554,0
49.317508697509766,510,0
49.32149314880371,419,0
49.325475454330444,457,0
49.329307556152344,508,0
49.3331344127655,586,0
49.337108850479126,594,0
49.34097099304199,495,0
49.344921350479126,488,0
49.34879517555237,517,0
49.35286355018616,561,0
49.357057094573975,546,0
49.3607611656189,438,0
49.36445999145508,448,0
49.36845850944519,505,0
49.372255086898804,563,0
49.37640595436096,588,0
49.38026666641235,485,0
49.38403844833374,457,0
49.38806104660034,479,0
49.39187741279602,506,0
49.39578723907471,527,0
49.39961767196655,441,0
49.40377187728882,426,0
49.407641649246216,478,0
49.41142749786377,506,0
49.41535019874573,544,0
49.41944336891174,461,0
49.42320132255554,425,0
49.427064180374146,480,0
49.43091106414795,534,0
49.43488168716431,606,0
49.4387640953064,529,0
49.44272494316101,468,0
49.44666934013367,496,0
49.450716972351074,512,0
49.454466819763184,582,0
49.45858097076416,543,0
49.46223545074463,477,0
49.46619153022766,502,0
49.47017240524292,517,0
49.47401475906372,569,0
49.47808766365051,532,0
49.48185110092163,457,0
49.48570775985718,502,0
49.49016308784485,553,0
49.49361276626587,610,0
49.49768400192261,576,0
49.501508474349976,451,0
49.505316495895386,462,0
49.50942063331604,500,0
49.5131094455719,559,0
49.517027378082275,563,0
49.52104306221008,468,0
49.52489423751831,469,0
49.528823137283325,491,0
49.532663345336914,538,0
49.53657841682434,521,0
49.54057192802429,402,0
49.544432401657104,394,0
49.54837942123413,437,0
49.55220675468445,493,0
49.55630016326904,523,0
49.56003546714783,415,0
49.56393790245056,379,0
49.56800127029419,413,0
49.57176399230957,446,0
49.575753688812256,489,0
49.57987380027771,417,0
49.58350467681885,393,0
49.587507486343384,441,0
49.5914261341095,459,0
49.59533381462097,511,0
49.5991690158844,448,0
49.60311436653137,393,0
49.6072461605072,431,0
49.610944986343384,473,0
49.61491298675537,551,0
49.61886191368103,495,0
49.6228346824646,426,0
49.626585483551025,452,0
49.63051652908325,482,0
49.63446640968323,553,0
49.638468742370605,509,0
49.6423876285553,435,0
49.646100997924805,473,0
49.64998745918274,509,0
49.65393137931824,577,0
49.657904624938965,545,0
49.66183924674988,455,0
49.66580510139465,475,0
49.66955757141113,510,0
49.67353105545044,588,0
49.67759037017822,588,0
49.681339502334595,517,0
49.6852126121521,539,0
49.68921184539795,561,0
49.6931266784668,609,0
49.697004079818726,615,0
49.70086884498596,518,0
49.70479130744934,517,0
49.70879292488098,546,0
49.71276903152466,597,0
49.71658778190613,621,0
49.720499992370605,511,0
49.72442626953125,485,0
49.72824716567993,533,0
49.73213291168213,583,0
49.73613953590393,618,0
49.74018168449402,564,0
49.74406337738037,557,0
49.74798655509949,599,0
49.75180268287659,630,0
49.755805015563965,660,0
49.759793281555176,582,0
49.76348280906677,528,0
49.76743221282959,573,0
49.77155256271362,618,0
49.77535963058472,678,0
49.779210567474365,596,0
49.78303027153015,525,0
49.786941051483154,536,0
49.791054010391235,561,0
49.794928312301636,621,0
49.798668384552,552,0
49.80278778076172,478,0
49.80658006668091,502,0
49.810492277145386,528,0
49.81435513496399,586,0
49.81818675994873,532,0
49.82209229469299,441,0
49.826040506362915,461,0
49.82993459701538,511,0
49.833922386169434,589,0
49.83780837059021,571,0
49.84170985221863,454,0
49.84559154510498,447,0
49.84967923164368,466,0
49.85353112220764,520,0
49.857473850250244,517,0
49.86134433746338,430,0
49.865190744400024,437,0
49.869131088256836,452,0
49.87328124046326,482,0
49.87688422203064,478,0
49.88086748123169,372,0
49.884865522384644,375,0
49.88877081871033,421,0
49.89264369010925,479,0
49.8964946269989,515,0
49.90047597885132,437,0
49.904444456100464,413,0
49.90824770927429,444,0
49.912163496017456,472,0
49.91602897644043,503,0
49.9200541973114,428,0
49.923972368240356,409,0
49.92778205871582,444,0
49.93185472488403,483,0
49.935672760009766,536,0
49.93985390663147,467,0
49.94352960586548,414,0
49.94748568534851,460,0
49.951289653778076,506,0
49.95520639419556,574,0
49.95916557312012,519,0
49.96297526359558,465,0
49.96693015098572,484,0
49.970864057540894,496,0
49.97476005554199,559,0
49.97859311103821,516,0
49.98255491256714,441,0
49.986618995666504,468,0
49.99060082435608,508,0
49.99437999725342,573,0
49.99833822250366,530,0
50.00210499763489,426,0
50.00603890419006,431,0
50.01000261306763,458,0
50.013864040374756,530,0
50.01781225204468,537,0
50.02188467979431,463,0
50.025941610336304,493,0
50.02949118614197,534,0
50.03358507156372,569,0
50.037447452545166,564,0
50.041337966918945,460,0
50.045109033584595,461,0
50.04914689064026,492,0
50.052929401397705,550,0
50.05695056915283,564,0
50.06076145172119,469,0
50.06476402282715,446,0
50.06876277923584,478,0
50.072535276412964,520,0
50.07648038864136,560,0
50.080411195755005,493,0
50.08427953720093,500,0
50.0881884098053,561,0
50.09228515625,600,0
50.09609580039978,622,0
50.10003089904785,532,0
50.10383486747742,485,0
50.107781648635864,515,0
50.11163282394409,556,0
50.115628719329834,631,0
50.11957859992981,570,0
50.12365913391113,516,0
50.12754821777344,547,0
50.1312255859375,577,0
50.13517880439758,633,0
50.13910365104675,578,0
50.142945289611816,526,0
50.14687514305115,566,0
50.15078377723694,581,0
50.15497803688049,634,0
50.15890455245972,573,0
50.16256880760193,506,0
50.16650176048279,548,0
50.1703884601593,595,0
50.17430520057678,666,0
50.17811298370361,640,0
50.18212008476257,551,0
50.186004877090454,575,0
50.1899688243866,602,0
50.19386887550354,649,0
50.19781136512756,641,0
50.201597690582275,565,0
50.205541372299194,574,0
50.20956039428711,577,0
50.21343684196472,627,0
50.2173125743866,632,0
50.221280097961426,553,0
50.22524905204773,546,0
50.22903370857239,553,0
50.23288607597351,613,0
50.23685693740845,633,0
50.240867614746094,538,0
50.244853496551514,525,0
50.24872303009033,546,0
50.25282168388367,566,0
50.25659656524658,590,0
50.2604193687439,506,0
50.26421594619751,494,0
50.26820421218872,516,0
50.272053241729736,543,0
50.27608513832092,535,0
50.27995276451111,418,0
50.28387951850891,362,0
50.28784465789795,397,0
50.29181146621704,431,0
50.295578479766846,479,0
50.29965591430664,376,0
50.30345702171326,323,0
50.30735111236572,396,0
50.311166763305664,441,0
50.315038204193115,506,0
50.31894040107727,421,0
50.32304620742798,357,0
50.32691836357117,448,0
50.33075666427612,464,0
50.33457279205322,507,0
50.33851194381714,460,0
50.342448472976685,370,0
50.34642434120178,432,0
50.35035824775696,477,0
50.354289531707764,481,0
50.35823464393616,393,0
50.36204290390015,266,0
50.36612606048584,334,0
50.36993169784546,412,0
50.3741672039032,485,0
50.3777871131897,436,0
50.38174486160278,319,0
50.38553166389465,365,0
50.38963007926941,427,0
50.419163942337036,481,0
50.4218430519104,474,0
50.437554597854614,363,0
50.44718360900879,384,0
50.447593688964844,423,0
50.448216915130615,445,0
50.44858980178833,442,0
50.449007749557495,350,0
50.44936919212341,389,0
50.44964408874512,465,0
50.449904918670654,486,0
50.450156688690186,492,0
50.45042037963867,395,0
50.45105195045471,367,0
50.451462745666504,426,0
50.453279972076416,455,0
50.45600152015686,497,0
50.469494104385376,402,0
50.47269368171692,371,0
50.47409772872925,444,0
50.47464990615845,468,0
50.475475788116455,516,0
50.47943639755249,439,0
50.483442068099976,407,0
50.49240016937256,467,0
50.49277949333191,483,0
50.49510478973389,530,0
50.50185537338257,458,0
50.50287985801697,406,0
50.506818532943726,499,0
50.510632276535034,540,0
50.51473093032837,578,0
50.51847958564758,503,0
50.522419691085815,412,0
50.52636933326721,474,0
50.53018832206726,509,0
50.53415870666504,570,0
50.53803634643555,535,0
50.54202938079834,432,0
50.545888900756836,486,0
50.54973816871643,522,0
50.55370092391968,560,0
50.55773115158081,535,0
50.56167244911194,439,0
50.56544828414917,485,0
50.569416761398315,518,0
50.57328915596008,538,0
50.57720899581909,512,0
50.581077337265015,393,0
50.5850350856781,420,0
50.58891415596008,496,0
50.5928418636322,542,0
50.59678411483765,550,0
50.60078573226929,429,0
50.60454773902893,429,0
50.60896134376526,487,0
50.612568855285645,510,0
50.616445779800415,538,0
50.620232343673706,456,0
50.62431025505066,444,0
50.62820792198181,513,0
50.63196158409119,518,0
50.635964155197144,541,0
50.64029502868652,443,0
50.643848180770874,399,0
50.64757561683655,469,0
50.65154790878296,480,0
50.655500411987305,510,0
50.65966081619263,424,0
50.66329312324524,366,0
50.66721272468567,442,0
50.67126703262329,483,0
50.67508625984192,549,0
50.67889380455017,485,0
50.682941198349,399,0
50.68686604499817,452,0
50.690775871276855,484,0
50.69457960128784,523,0
50.69859600067139,476,0
50.70244073867798,407,0
50.70653009414673,461,0
50.710264682769775,497,0
50.71420335769653,544,0
50.71802759170532,518,0
50.721940994262695,421,0
50.72587823867798,476,0
50.72982954978943,522,0
50.733906269073486,562,0
50.73763346672058,555,0
50.7416296005249,445,0
50.74550771713257,471,0
50.74941277503967,516,0
50.75327205657959,561,0
50.75770115852356,595,0
50.7610502243042,505,0
50.7649712562561,502,0
50.76892161369324,537,0
50.77327513694763,559,0
50.77688217163086,593,0
50.780856132507324,509,0
50.784610748291016,510,0
50.78847360610962,572,0
50.792542695999146,600,0
50.79626250267029,618,0
50.800212383270264,519,0
50.804229736328125,479,0
50.80830478668213,529,0
50.81193804740906,546,0
50.815993785858154,597,0
50.8197660446167,536,0
50.82389450073242,486,0
50.827675104141235,524,0
50.83156204223633,517,0
50.835448026657104,561,0
50.83935904502869,511,0
50.8431761264801,449,0
50.84710192680359,501,0
50.85120177268982,525,0
50.85503339767456,569,0
50.859041690826416,530,0
50.86277914047241,470,0
50.86673641204834,537,0
50.870816707611084,577,0
50.87484121322632,634,0
50.87849497795105,589,0
50.88248538970947,467,0
50.88629460334778,508,0
50.89033126831055,537,0
50.89410400390625,574,0
50.898082971572876,560,0
50.90192413330078,458,0
50.90598821640015,495,0
50.909950256347656,531,0
50.91361737251282,555,0
50.91779899597168,540,0
50.92152428627014,434,0
50.92558813095093,452,0
50.92938232421875,490,0
50.93324112892151,524,0
50.93735074996948,534,0
50.94117546081543,442,0
50.944913387298584,442,0
50.94889545440674,482,0
50.952919721603394,502,0
50.95692420005798,533,0
50.96069359779358,457,0
50.96466112136841,461,0
50.96865797042847,529,0
50.97246193885803,552,0
50.97623109817505,583,0
50.980172872543335,493,0
50.98414182662964,466,0
50.988064765930176,539,0
50.99190068244934,579,0
50.99580121040344,632,0
50.9998881816864,535,0
51.00363850593567,496,0
51.0078227519989,571,0
51.01158165931702,598,0
51.01554203033447,658,0
51.01945114135742,605,0
51.02345943450928,534,0
51.02733325958252,577,0
51.0310640335083,595,0
51.03515434265137,634,0
51.038902044296265,576,0
51.04279279708862,503,0
51.04685735702515,580,0
51.051294803619385,640,0
51.05441093444824,691,0
51.05855393409729,649,0
51.06235861778259,542,0
51.06618642807007,588,0
51.070096254348755,636,0
51.073984146118164,699,0
51.07790541648865,690,0
51.081830978393555,564,0
51.085761308670044,572,0
51.09130811691284,593,0
51.09369421005249,612,0
51.09744715690613,620,0
51.10144281387329,533,0
51.105480432510376,545,0
51.10925579071045,599,0
51.11312222480774,617,0
51.11705255508423,623,0
51.12093186378479,512,0
51.12488842010498,514,0
51.12885642051697,589,0
51.13278269767761,610,0
51.136574029922485,617,0
51.14054536819458,498,0
51.14461970329285,461,0
51.14850163459778,513,0
51.15223050117493,522,0
51.15639281272888,568,0
51.16004920005798,492,0
51.16467547416687,444,0
51.16850018501282,494,0
51.17183184623718,498,0
51.176087379455566,530,0
51.17974257469177,459,0
51.18354105949402,413,0
51.18742752075195,484,0
51.1914541721344,510,0
51.19560265541077,556,0
51.199342489242554,478,0
51.20308709144592,409,0
51.20709991455078,489,0
51.21096992492676,533,0
51.2148277759552,580,0
51.21876001358032,549,0
51.223100662231445,473,0
51.22665309906006,534,0
51.23063278198242,560,0
51.23446297645569,599,0
51.238539934158325,561,0
51.24225616455078,461,0
51.24617552757263,509,0
51.250086069107056,564,0
51.25413155555725,605,0
51.25808119773865,571,0
51.26187705993652,459,0
51.265806674957275,483,0
51.26966381072998,543,0
51.273924112319946,584,0
51.27754187583923,583,0
51.281415700912476,485,0
51.285425901412964,508,0
51.28921985626221,561,0
51.293100118637085,579,0
51.29706382751465,590,0
51.301023960113525,494,0
51.30505633354187,475,0
51.30880856513977,538,0
51.312711000442505,571,0
51.31674885749817,604,0
51.3205041885376,503,0
51.32447528839111,484,0
51.32849168777466,537,0
51.33219075202942,532,0
51.33615183830261,531,0
51.34642148017883,423,0
51.34815835952759,377,0
51.351760149002075,443,0
51.35199332237244,469,0
51.355698585510254,508,0
51.35965847969055,412,0
51.3635835647583,344,0
51.36743783950806,418,0
51.371417760849,457,0
51.37533950805664,518,0
51.379114627838135,465,0
51.3831353187561,383,0
51.38701391220093,448,0
51.39092993736267,485,0
51.39481043815613,542,0
51.39869952201843,525,0
51.40264654159546,455,0
51.406556606292725,520,0
51.4104528427124,546,0
51.41443109512329,569,0
51.41845488548279,541,0
51.422165870666504,434,0
51.42614674568176,485,0
51.430006980895996,554,0
51.43388366699219,611,0
51.437912464141846,592,0
51.441715478897095,471,0
51.44562005996704,484,0
51.44967603683472,520,0
51.45360541343689,535,0
51.45743250846863,550,0
51.461429595947266,475,0
51.4651939868927,484,0
51.46911954879761,548,0
51.47326064109802,579,0
51.47699761390686,601,0
51.48084831237793,525,0
51.48480248451233,531,0
51.48880982398987,611,0
51.49260401725769,622,0
51.49664068222046,652,0
51.5004677772522,564,0
51.504401445388794,529,0
51.50836896896362,597,0
51.51224112510681,624,0
51.51607346534729,681,0
51.51997089385986,606,0
51.52396202087402,560,0
51.527820110321045,613,0
51.531755685806274,627,0
51.535656452178955,672,0
51.53957462310791,617,0
51.543619871139526,563,0
51.54743933677673,634,0
51.55148720741272,650,0
51.55515241622925,689,0
51.559082984924316,638,0
51.562987089157104,562,0
51.566909074783325,608,0
51.5708167552948,629,0
51.57483172416687,681,0
51.578744411468506,664,0
51.58275032043457,571,0
51.58661913871765,608,0
51.59059119224548,636,0
51.59436559677124,671,0
51.59831237792969,656,0
51.602227210998535,568,0
51.606117248535156,603,0
51.61489677429199,640,0
51.61541986465454,657,0
51.617859840393066,636,0
51.62173795700073,517,0
51.62577724456787,527,0
51.629613399505615,572,0
51.63343596458435,594,0
51.637449979782104,611,0
51.64136052131653,519,0
51.64523220062256,510,0
51.64907193183899,566,0
51.6530179977417,584,0
51.657084465026855,612,0
51.660828590393066,533,0
51.66471719741821,506,0
51.6686589717865,552,0
51.67259645462036,557,0
51.676518201828,584,0
51.708964586257935,506,0
51.72367286682129,470,0
51.74541091918945,548,0
51.75072193145752,570,0
51.752851724624634,625,0
51.753257751464844,553,0
51.754656076431274,494,0
51.75536775588989,556,0
51.75559878349304,542,0
51.75581431388855,571,0
51.75597953796387,516,0
51.756129026412964,429,0
51.75627136230469,457,0
51.75649333000183,469,0
51.75661373138428,508,0
51.756767988204956,476,0
51.75692558288574,417,0
51.75710129737854,490,0
51.75726270675659,527,0
51.75741100311279,566,0
51.75870418548584,542,0
51.76273441314697,439,0
51.766523361206055,487,0
51.77045488357544,538,0
51.77711367607117,575,0
51.77825212478638,561,0
51.78214716911316,452,0
51.786006450653076,475,0
51.789977073669434,523,0
51.79382014274597,550,0
51.79771113395691,564,0
51.80172944068909,485,0
51.80577111244202,506,0
51.809555768966675,559,0
51.81341743469238,578,0
51.817397117614746,597,0
51.821181774139404,513,0
51.82513236999512,515,0
51.82904934883118,576,0
51.83309817314148,566,0
51.83689212799072,582,0
51.84092473983765,491,0
51.84489345550537,482,0
51.84885311126709,574,0
51.85275721549988,614,0
51.85670781135559,669,0
51.86047172546387,585,0
51.864278078079224,535,0
51.8681914806366,592,0
51.872151136398315,597,0
51.876107692718506,641,0
51.87997627258301,582,0
51.88390231132507,498,0
51.887882471084595,541,0
51.89169216156006,549,0
51.89564251899719,575,0
51.899643659591675,526,0
51.903648376464844,472,0
51.90744400024414,557,0
51.911314964294434,599,0
51.91509675979614,634,0
51.919108629226685,601,0
51.92351770401001,514,0
51.926905155181885,565,0
51.93089985847473,607,0
51.934921741485596,658,0
51.93890738487244,650,0
51.94256925582886,554,0
51.946533203125,580,0
51.950461864471436,608,0
51.95439434051514,623,0
51.95846223831177,614,0
51.96210741996765,513,0
51.96599078178406,545,0
51.96996355056763,606,0
51.97405672073364,626,0
51.97801113128662,611,0
51.98187828063965,493,0
51.9856014251709,494,0
51.98956274986267,568,0
51.9934618473053,595,0
51.99727511405945,631,0
52.001211643218994,539,0
52.00514006614685,510,0
52.00908660888672,567,0
52.0130181312561,591,0
52.01685285568237,642,0
52.02081847190857,565,0
52.02498984336853,525,0
52.028757095336914,573,0
52.03260803222656,564,0
52.036624908447266,606,0
52.040570974349976,541,0
52.044514894485474,469,0
52.04820775985718,512,0
52.0520601272583,518,0
52.05605411529541,548,0
52.059988260269165,482,0
52.06381869316101,411,0
52.067734241485596,478,0
52.07183361053467,506,0
52.0756893157959,543,0
52.07956647872925,495,0
52.08344793319702,403,0
52.08737087249756,455,0
52.09116005897522,506,0
52.09510111808777,561,0
52.09894251823425,537,0
52.1028938293457,432,0
52.106889486312866,471,0
52.110779762268066,514,0
52.11473846435547,574,0
52.11854648590088,582,0
52.122539043426514,486,0
52.126474142074585,502,0
52.13049125671387,540,0
52.134233236312866,544,0
52.13813614845276,546,0
52.14206838607788,458,0
52.146005630493164,478,0
52.149845123291016,532,0
52.153809547424316,540,0
52.15763258934021,541,0
52.161662578582764,432,0
52.16551399230957,427,0
52.169477224349976,492,0
52.17353844642639,518,0
52.177350759506226,553,0
52.181241512298584,466,0
52.18522906303406,422,0
52.18920922279358,478,0
52.19298982620239,492,0
52.19690656661987,528,0
52.20081615447998,458,0
52.20467782020569,415,0
52.20880389213562,460,0
52.212504148483276,465,0
52.2164306640625,503,0
52.220314025878906,432,0
52.224430561065674,367,0
52.228254556655884,441,0
52.232049226760864,472,0
52.23591160774231,503,0
52.24012112617493,439,0
52.24411630630493,364,0
52.24770259857178,426,0
52.25158643722534,464,0
52.25568103790283,525,0
52.25961422920227,497,0
52.2633376121521,386,0
52.26728677749634,423,0
52.271137952804565,467,0
52.27518916130066,511,0
52.27899765968323,516,0
52.282843828201294,433,0
52.28682518005371,486,0
52.291099309921265,525,0
52.29480338096619,551,0
52.29874658584595,545,0
52.30251932144165,456,0
52.30663228034973,478,0
52.31029939651489,517,0
52.314213275909424,539,0
52.31809091567993,512,0
52.32194757461548,367,0
52.325907468795776,347,0
52.33003044128418,402,0
52.33389616012573,410,0
52.33778142929077,432,0
52.34159445762634,342,0
52.34553670883179,319,0
52.349530935287476,386,0
52.35328984260559,407,0
52.35730814933777,453,0
52.36110830307007,374,0
52.365134716033936,330,0
52.369099855422974,378,0
52.37284779548645,385,0
52.37690734863281,418,0
52.380900144577026,318,0
52.38461756706238,251,0
52.38859939575195,329,0
52.39252185821533,346,0
52.39663767814636,394,0
52.400309324264526,329,0
52.40423250198364,255,0
52.40840148925781,320,0
52.41213536262512,369,0
52.41608262062073,433,0
52.419800758361816,380,0
52.42392659187317,276,0
52.42782711982727,333,0
52.43159294128418,380,0
52.435652017593384,424,0
52.439520597457886,404,0
52.44325828552246,311,0
52.4472279548645,369,0
52.45120596885681,420,0
52.45501685142517,453,0
52.45907139778137,433,0
52.46280384063721,326,0
52.466715574264526,367,0
52.470781326293945,428,0
52.47465538978577,469,0
52.478569984436035,461,0
52.48245573043823,361,0
52.48638963699341,397,0
52.4903244972229,482,0
52.494359731674194,523,0
52.49804925918579,538,0
52.50198459625244,419,0
52.50598454475403,409,0
52.509827852249146,487,0
52.513773918151855,523,0
52.51775407791138,576,0
52.521666288375854,504,0
52.52558135986328,468,0
52.529468059539795,523,0
52.53326606750488,534,0
52.5372097492218,559,0
52.54116487503052,456,0
52.54499411582947,425,0
52.5489559173584,516,0
52.55288505554199,560,0
52.55693197250366,592,0
52.56069374084473,508,0
52.56465148925781,447,0
52.56845784187317,531,0
52.572410106658936,578,0
52.57639002799988,637,0
52.58013701438904,591,0
52.58408546447754,500,0
52.58795213699341,558,0
52.591936349868774,584,0
52.59583878517151,622,0
52.599841594696045,584,0
52.60375094413757,502,0
52.6076557636261,583,0
52.61152958869934,646,0
52.615418434143066,672,0
52.619389295578,615,0
52.623393297195435,494,0
52.62728667259216,534,0
52.6311297416687,581,0
52.63492465019226,623,0
52.63891363143921,607,0
52.64294409751892,505,0
52.64694285392761,530,0
52.65078783035278,579,0
52.654738664627075,600,0
52.65858340263367,617,0
52.66259217262268,528,0
52.666372776031494,538,0
52.670236587524414,584,0
52.674161195755005,588,0
52.67808985710144,592,0
52.68194317817688,487,0
52.68602466583252,492,0
52.69003176689148,566,0
52.693665981292725,585,0
52.69760704040527,618,0
52.701517820358276,522,0
52.70542669296265,486,0
52.70953392982483,554,0
52.71334910392761,590,0
52.71712565422058,652,0
52.72109317779541,555,0
52.72510290145874,484,0
52.734047412872314,549,0
52.734840869903564,560,0
52.73695659637451,620,0
52.740675926208496,561,0
52.744497299194336,490,0
52.74852800369263,557,0
52.75243377685547,600,0
52.756760597229004,661,0
52.76022481918335,596,0
52.76411199569702,513,0
52.76804494857788,607,0
52.77187633514404,625,0
52.775797605514526,660,0
52.77992630004883,644,0
52.783859968185425,555,0
52.787675619125366,607,0
52.79151797294617,653,0
52.79547595977783,698,0
52.79927968978882,655,0
52.80330038070679,528,0
52.80747961997986,593,0
52.81132960319519,661,0
52.81498575210571,726,0
52.81879663467407,734,0
52.82269835472107,680,0
52.826781272888184,739,0
52.83062148094177,811,0
52.834572076797485,815,0
52.838385820388794,840,0
52.84225273132324,749,0
52.84617376327515,776,0
52.85013747215271,870,0
52.85399055480957,924,0
52.85790777206421,936,0
52.86186957359314,822,0
52.865747928619385,798,0
52.86975836753845,833,0
52.87397527694702,849,0
52.87756848335266,907,0
52.88153147697449,866,0
52.885432958602905,810,0
52.88950490951538,898,0
52.893752336502075,938,0
52.8971221446991,989,0
52.90100288391113,930,0
52.90502619743347,855,0
52.90908479690552,877,0
52.91278266906738,862,0
52.91661190986633,890,0
52.92071747779846,852,0
52.924561500549316,803,0
52.928465843200684,847,0
52.93231725692749,865,0
52.93634080886841,914,0
52.94025778770447,912,0
52.944048166275024,830,0
52.94811677932739,875,0
52.95181488990784,898,0
52.955822467803955,914,0
52.9598023891449,877,0
52.963634967803955,777,0
52.96753168106079,775,0
52.97146224975586,766,0
52.97556018829346,778,0
52.97919511795044,765,0
52.983182430267334,641,0
52.98732542991638,642,0
52.991023778915405,682,0
52.994842290878296,687,0
52.99898052215576,675,0
53.002930879592896,583,0
53.00679302215576,600,0
53.010541677474976,654,0
53.014519929885864,687,0
53.01844596862793,717,0
53.02233386039734,629,0
53.026397466659546,610,0
53.03009104728699,673,0
53.03402280807495,660,0
53.03794288635254,667,0
53.042168855667114,565,0
53.04596662521362,554,0
53.04990196228027,592,0
53.053643226623535,586,0
53.05782151222229,619,0
53.06171226501465,538,0
53.065301179885864,506,0
53.069265604019165,523,0
53.07379078865051,535,0
53.07710027694702,576,0
53.08090257644653,498,0
53.084858894348145,446,0
53.08898305892944,512,0
53.092909812927246,520,0
53.09682011604309,573,0
53.1005482673645,506,0
53.104679584503174,448,0
53.108569622039795,533,0
53.11221766471863,584,0
53.11615777015686,631,0
53.12013077735901,577,0
53.124258041381836,482,0
53.12821555137634,554,0
53.13182067871094,578,0
53.13585352897644,600,0
53.13996434211731,608,0
53.1435387134552,541,0
53.14742827415466,587,0
53.15151524543762,654,0
53.1823353767395,683,0
53.18277955055237,668,0
53.18533778190613,543,0
53.18577170372009,570,0
53.186121702194214,637,0
53.18651008605957,669,0
53.221384048461914,700,0
53.22165083885193,620,0
53.22461676597595,610,0
53.225213289260864,684,0
53.2254683971405,696,0
53.225687742233276,719,0
53.22585940361023,626,0
53.22600269317627,633,0
53.22618317604065,686,0
53.22636342048645,700,0
53.22650599479675,722,0
53.22664785385132,621,0
53.22678875923157,600,0
53.2296998500824,685,0
53.2335569858551,712,0
53.237465143203735,747,0
53.241464376449585,648,0
53.245256185531616,561,0
53.249144315719604,611,0
53.253018617630005,648,0
53.256999492645264,729,0
53.260921239852905,673,0
53.26488208770752,602,0
53.26868271827698,698,0
53.2726514339447,739,0
53.27652049064636,789,0
53.28053689002991,733,0
53.28448748588562,627,0
53.2882297039032,678,0
53.29214262962341,734,0
53.29611110687256,769,0
53.29999041557312,718,0
53.3039071559906,600,0
53.30786418914795,629,0
53.31176805496216,665,0
53.315659523010254,688,0
53.319653034210205,685,0
53.32372331619263,572,0
53.32743954658508,615,0
53.33142852783203,681,0
53.33521366119385,725,0
53.33909463882446,726,0
53.34322786331177,632,0
53.346946239471436,663,0
53.35088610649109,726,0
53.35491919517517,743,0
53.35905981063843,764,0
53.36286687850952,665,0
53.36682438850403,656,0
53.37053346633911,731,0
53.3746018409729,744,0
53.37830996513367,769,0
53.38218641281128,659,0
53.386223793029785,626,0
53.39043474197388,687,0
53.39394736289978,711,0
53.39779591560364,753,0
53.401960372924805,665,0
53.405808448791504,623,0
53.40973448753357,710,0
53.413514375686646,735,0
53.417447090148926,780,0
53.42143154144287,699,0
53.42531394958496,617,0
53.429123878479004,656,0
53.433151721954346,684,0
53.437082052230835,727,0
53.44105005264282,663,0
53.44493293762207,574,0
53.448699951171875,619,0
53.45262169837952,637,0
53.456778049468994,663,0
53.460474491119385,635,0
53.46440243721008,541,0
53.46837377548218,620,0
53.472219944000244,689,0
53.47609758377075,743,0
53.48004174232483,750,0
53.48401236534119,646,0
53.48784303665161,664,0
53.49187660217285,693,0
53.495667695999146,753,0
53.499794244766235,778,0
53.5036416053772,691,0
53.50772023200989,700,0
53.51128792762756,753,0
53.51533389091492,777,0
53.51909828186035,804,0
53.523088216781616,711,0
53.526936769485474,691,0
53.530925035476685,730,0
53.53484773635864,741,0
53.538883209228516,770,0
53.542823791503906,703,0
53.546515226364136,687,0
53.550477504730225,722,0
53.55429697036743,720,0
53.55840802192688,761,0
53.562214851379395,708,0
53.56603932380676,680,0
53.5701162815094,744,0
53.57388734817505,751,0
53.57788157463074,781,0
53.581767320632935,716,0
53.58576273918152,652,0
53.589667081832886,687,0
53.593528747558594,730,0
53.59760761260986,765,0
53.60125923156738,722,0
53.605300188064575,663,0
53.60904502868652,693,0
53.6130473613739,700,0
53.61703014373779,765,0
53.620816469192505,738,0
53.62489080429077,656,0
53.628737926483154,709,0
53.632802963256836,706,0
53.63658881187439,723,0
53.640891551971436,721,0
53.64433574676514,676,0
53.648223638534546,707,0
53.65225648880005,712,0
53.65611982345581,752,0
53.66000556945801,782,0
53.663957357406616,712,0
53.66779589653015,737,0
53.6718487739563,778,0
53.675769090652466,786,0
53.679807901382446,787,0
53.6834979057312,688,0
53.68739128112793,709,0
53.6913948059082,745,0
53.69530963897705,772,0
53.699021100997925,806,0
53.702911376953125,743,0
53.70697379112244,748,0
53.71103477478027,769,0
53.714635610580444,775,0
53.718562602996826,811,0
53.72259759902954,746,0
53.726481199264526,713,0
53.730406761169434,732,0
53.73425316810608,716,0
53.73827123641968,747,0
53.742220878601074,687,0
53.746031522750854,642,0
53.749980211257935,688,0
53.753867387771606,684,0
53.757874727249146,719,0
53.76162672042847,657,0
53.76553750038147,589,0
53.769514083862305,587,0
53.7735652923584,559,0
53.77749991416931,589,0
53.78136086463928,568,0
53.78508281707764,516,0
53.789109230041504,550,0
53.79300856590271,564,0
53.79687190055847,608,0
53.80089545249939,601,0
53.80506372451782,553,0
53.80918049812317,579,0
53.81278967857361,585,0
53.81670427322388,589,0
53.82052445411682,535,0
53.82421016693115,443,0
53.82812690734863,496,0
53.8320095539093,514,0
53.83593535423279,523,0
53.83986306190491,514,0
53.84385323524475,433,0
53.847726345062256,474,0
53.85158324241638,507,0
53.85553574562073,514,0
53.85962128639221,509,0
53.8633975982666,400,0
53.867231369018555,399,0
53.871238470077515,443,0
53.875081300735474,479,0
53.878997802734375,516,0
53.883071422576904,445,0
53.88700556755066,439,0
53.89092659950256,484,0
53.89484238624573,475,0
53.898568630218506,502,0
53.902568101882935,453,0
53.906665325164795,429,0
53.91033482551575,461,0
53.91427540779114,459,0
53.918309688568115,512,0
53.92206954956055,474,0
53.9259717464447,448,0
53.92990016937256,476,0
53.93380665779114,465,0
53.937819480895996,499,0
53.94183373451233,467,0
53.94559597969055,409,0
53.94946551322937,447,0
53.95352482795715,463,0
53.95734882354736,516,0
53.96125936508179,485,0
53.965043783187866,423,0
53.96901845932007,466,0
53.973042726516724,485,0
53.97679805755615,543,0
53.980828046798706,494,0
53.98481464385986,389,0
53.98859405517578,432,0
53.992515087127686,443,0
53.99645638465881,471,0
54.0002920627594,473,0
54.00422430038452,403,0
54.00857472419739,442,0
54.012221813201904,457,0
54.015984296798706,465,0
54.01981258392334,447,0
54.02383899688721,361,0
54.02793216705322,416,0
54.031771659851074,503,0
54.03552746772766,518,0
54.03960919380188,524,0
54.04348921775818,395,0
54.04721212387085,398,0
54.0511314868927,443,0
54.055208683013916,449,0
54.05908727645874,467,0
54.063122034072876,378,0
54.06705451011658,368,0
54.07073354721069,394,0
54.07486653327942,405,0
54.07855749130249,470,0
54.08260178565979,398,0
54.08642792701721,353,0
54.09046411514282,398,0
54.094175577163696,395,0
54.09825921058655,448,0
54.10202646255493,390,0
54.10594034194946,340,0
54.10986852645874,406,0
54.113810539245605,430,0
54.11785912513733,489,0
54.12160301208496,443,0
54.12576723098755,384,0
54.12956690788269,466,0
54.13345193862915,482,0
54.137288093566895,520,0
54.14128375053406,471,0
54.14518904685974,384,0
54.14903974533081,462,0
54.15291738510132,501,0
54.15683722496033,528,0
54.16070532798767,485,0
54.16469073295593,383,0
54.16850805282593,476,0
54.17247033119202,534,0
54.176669120788574,571,0
54.18031644821167,546,0
54.1842303276062,411,0
54.18814134597778,456,0
54.192033767700195,525,0
54.19593119621277,560,0
54.19988751411438,575,0
54.20385432243347,459,0
54.207741022109985,465,0
54.21151638031006,529,0
54.215495586395264,543,0
54.21946167945862,557,0
54.223737478256226,459,0
54.227200508117676,469,0
54.231139183044434,538,0
54.23506259918213,541,0
54.239052057266235,550,0
54.242878913879395,413,0
54.24681568145752,415,0
54.25073552131653,529,0
54.25473642349243,522,0
54.25853443145752,534,0
54.2624077796936,392,0
54.2663688659668,293,0
54.270166873931885,379,0
54.2742862701416,398,0
54.27814078330994,444,0
54.281986713409424,349,0
54.28604698181152,278,0
54.28998303413391,379,0
54.29389262199402,434,0
54.297613859176636,518,0
54.3017213344574,461,0
54.30551338195801,376,0
54.30944848060608,467,0
54.313395500183105,482,0
54.31722450256348,518,0
54.32108187675476,503,0
54.324973583221436,429,0
54.32885479927063,489,0
54.332863330841064,526,0
54.336705923080444,580,0
54.34068727493286,545,0
54.344566106796265,457,0
54.348517179489136,545,0
54.35242676734924,604,0
54.35629224777222,622,0
54.36035132408142,590,0
54.36412739753723,463,0
54.36799240112305,518,0
54.37202787399292,595,0
54.37587547302246,624,0
54.37971496582031,622,0
54.38367676734924,497,0
54.38759899139404,492,0
54.39158058166504,514,0
54.39545226097107,512,0
54.399327993392944,548,0
54.40319323539734,457,0
54.40720772743225,438,0
54.41103649139404,489,0
54.41511154174805,519,0
54.41882944107056,570,0
54.42291522026062,499,0
54.42675495147705,477,0
54.430553674697876,559,0
54.434468269348145,548,0
54.43849515914917,597,0
54.44238543510437,501,0
54.446250915527344,461,0
54.45020604133606,554,0
54.45404005050659,559,0
54.45796990394592,598,0
54.461899280548096,562,0
54.46584463119507,515,0
54.469722032547,577,0
54.473883867263794,567,0
54.47749733924866,606,0
54.481454372406006,600,0
54.48540735244751,472,0
54.48925423622131,524,0
54.493168354034424,590,0
54.49709343910217,614,0
54.50105118751526,530,0
54.50489377975464,441,0
54.508833169937134,501,0
54.512704372406006,512,0
54.51674938201904,553,0
54.520540952682495,519,0
54.52452087402344,397,0
54.52847671508789,459,0
54.53239917755127,519,0
54.53629660606384,527,0
54.54023289680481,561,0
54.54403638839722,475,0
54.54793977737427,489,0
54.55188250541687,535,0
54.55575203895569,539,0
54.559736490249634,564,0
54.563708782196045,487,0
54.56762146949768,438,0
54.57146739959717,493,0
54.57542037963867,522,0
54.57925844192505,561,0
54.58323049545288,513,0
54.587047815322876,496,0
54.590983152389526,525,0
54.59492635726929,531,0
54.59882712364197,577,0
54.602906227111816,499,0
54.60683298110962,476,0
54.61504006385803,536,0
54.61582899093628,512,0
54.61851358413696,533,0
54.622323989868164,528,0
54.628491163253784,494,0
54.63017749786377,452,0
54.63408875465393,477,0
54.638063192367554,553,0
54.646650075912476,548,0
54.64702534675598,490,0
54.689451694488525,477,0
54.731579065322876,499,0
54.733935832977295,576,0
54.73447942733765,604,0
54.73485445976257,550,0
54.73523664474487,505,0
54.73559236526489,467,0
54.73593330383301,514,0
54.73627972602844,590,0
54.73661398887634,544,0
54.7369487285614,498,0
54.73724675178528,460,0
54.737650871276855,476,0
54.738091230392456,504,0
54.738641023635864,462,0
54.73971199989319,454,0
54.7405788898468,452,0
54.74104714393616,452,0
54.75056982040405,500,0
54.75997042655945,456,0
54.760995388031006,435,0
54.76158833503723,453,0
54.76185178756714,475,0
54.76213479042053,528,0
54.762293338775635,470,0
54.762428283691406,395,0
54.76256799697876,371,0
54.762734174728394,399,0
54.763002157211304,485,0
54.763532400131226,472,0
54.766989946365356,414,0
54.770909547805786,378,0
54.77487516403198,370,0
54.778791666030884,425,0
54.782634973526,463,0
54.78656625747681,403,0
54.790499448776245,357,0
54.794490337371826,323,0
54.7983775138855,385,0
54.80224084854126,411,0
54.80611610412598,373,0
54.81012845039368,325,0
54.813928842544556,313,0
54.817848920822144,391,0
54.82176923751831,441,0
54.82572340965271,385,0
54.82963156700134,355,0
54.83349418640137,344,0
54.83749198913574,400,0
54.841508626937866,452,0
54.84521222114563,427,0
54.849156856536865,393,0
54.85307288169861,368,0
54.857035398483276,379,0
54.86087608337402,435,0
54.86489152908325,411,0
54.868857860565186,364,0
54.87301993370056,302,0
54.876579999923706,357,0
54.88053798675537,431,0
54.88447308540344,408,0
54.888373613357544,370,0
54.89222240447998,352,0
54.89625930786133,389,0
54.90005540847778,455,0
54.90398383140564,434,0
54.90787196159363,401,0
54.91180086135864,388,0
54.91572403907776,406,0
54.919790744781494,486,0
54.923624753952026,490,0
54.92746877670288,444,0
54.93148994445801,445,0
54.93521976470947,474,0
54.93921375274658,554,0
54.94316124916077,572,0
54.94699311256409,487,0
54.9509551525116,441,0
54.95484447479248,429,0
54.95880126953125,495,0
54.962788105010986,512,0
54.966606855392456,441,0
54.970553159713745,415,0
54.974743366241455,412,0
54.978429317474365,505,0
54.98227000236511,549,0
54.98614716529846,466,0
54.99024701118469,448,0
54.99406409263611,464,0
54.997891426086426,498,0
55.00181603431702,505,0
55.00577163696289,434,0
55.009859800338745,428,0
55.01360559463501,427,0
55.017579317092896,465,0
55.02148246765137,502,0
55.02542042732239,432,0
55.02920460700989,382,0
55.0331175327301,418,0
55.03700304031372,494,0
55.040990352630615,534,0
55.044771909713745,442,0
55.04881572723389,419,0
55.052786350250244,445,0
55.05718755722046,499,0
55.06050896644592,558,0
55.06450891494751,511,0
55.06828713417053,472,0
55.07221722602844,468,0
55.076263666152954,511,0
55.08002495765686,591,0
55.08391571044922,586,0
55.08787536621094,522,0
55.09182906150818,498,0
55.0956916809082,510,0
55.09957766532898,555,0
55.103535652160645,537,0
55.1076180934906,484,0
55.111302852630615,501,0
55.11528444290161,527,0
55.11922311782837,581,0
55.12304735183716,563,0
55.127026081085205,501,0
55.13105630874634,500,0
55.13488435745239,508,0
55.138697385787964,568,0
55.14283800125122,568,0
55.14664697647095,503,0
55.150505781173706,506,0
55.15444207191467,550,0
55.15827941894531,629,0
55.16217041015625,635,0
55.16608428955078,568,0
55.17018151283264,546,0
55.17397379875183,574,0
55.177905321121216,631,0
55.181896686553955,671,0
55.1855890750885,609,0
55.18961477279663,566,0
55.19355034828186,552,0
55.19758415222168,592,0
55.201257944107056,645,0
55.20521664619446,599,0
55.20922517776489,583,0
55.2130913734436,571,0
55.21703124046326,604,0
55.2208890914917,636,0
55.22485542297363,547,0
55.22873497009277,485,0
55.23256850242615,480,0
55.23672437667847,540,0
55.24069309234619,626,0
55.244383573532104,590,0
55.24823570251465,558,0
55.25217795372009,588,0
55.256128549575806,633,0
55.26002335548401,688,0
55.26389837265015,667,0
55.26785731315613,599,0
55.27188515663147,595,0
55.27570652961731,603,0
55.27952194213867,651,0
55.28356432914734,607,0
55.28744077682495,521,0
55.29137396812439,485,0
55.29516530036926,526,0
55.29913377761841,640,0
55.30303907394409,560,0
55.30710220336914,447,0
55.31087923049927,558,0
55.31481981277466,598,0
55.31881356239319,650,0
55.32252621650696,586,0
55.326555490493774,453,0
55.330437660217285,518,0
55.33431005477905,569,0
55.33817005157471,612,0
55.34207010269165,567,0
55.34596276283264,430,0
55.34990072250366,498,0
55.353891372680664,556,0
55.35779142379761,602,0
55.36166858673096,566,0
55.37440347671509,424,0
55.375160217285156,451,0
55.37594485282898,495,0
55.37892413139343,550,0
55.38119101524353,590,0
55.38511419296265,548,0
55.38902521133423,530,0
55.39295196533203,528,0
55.39683818817139,552,0
55.400747537612915,581,0
55.40467548370361,507,0
55.4087016582489,459,0
55.412532806396484,471,0
55.41645908355713,548,0
55.420445919036865,637,0
55.424227476119995,591,0
55.42813754081726,554,0
55.432039737701416,568,0
55.43599200248718,607,0
55.43993639945984,676,0
55.44377899169922,633,0
55.44777846336365,568,0
55.45161437988281,579,0
55.4556610584259,596,0
55.459444761276245,650,0
55.46343421936035,642,0
55.46735215187073,582,0
55.471158504486084,581,0
55.475104331970215,594,0
55.47898077964783,667,0
55.48292350769043,672,0
55.486799001693726,591,0
55.490761041641235,597,0
55.49466419219971,607,0
55.49858331680298,664,0
55.50251364707947,647,0
55.50650453567505,553,0
55.510414838790894,578,0
55.514219522476196,632,0
55.518105268478394,687,0
55.52214765548706,622,0
55.52594494819641,482,0
55.529890060424805,563,0
55.53381633758545,658,0
55.537811517715454,692,0
55.54163479804993,647,0
55.54556393623352,509,0
55.549569606781006,518,0
55.55346202850342,588,0
55.55728054046631,615,0
55.56116843223572,598,0
55.565122842788696,479,0
55.56900429725647,506,0
55.573002576828,566,0
55.576985597610474,558,0
55.58071160316467,575,0
55.58462643623352,450,0
55.58864641189575,448,0
55.59261465072632,488,0
55.59649896621704,493,0
55.60041379928589,512,0
55.60418105125427,474,0
55.60822319984436,440,0
55.61203360557556,467,0
55.61592173576355,501,0
55.619874238967896,556,0
55.62398552894592,498,0
55.627716064453125,434,0
55.631690979003906,452,0
55.635483741760254,437,0
55.63949131965637,514,0
55.64340686798096,456,0
55.64727306365967,387,0
55.65113639831543,486,0
55.65515375137329,517,0
55.65909290313721,573,0
55.66287565231323,521,0
55.66678786277771,432,0
55.67076849937439,524,0
55.67472052574158,564,0
55.67857527732849,586,0
55.68245553970337,550,0
55.686463356018066,457,0
55.6903395652771,476,0
55.694238901138306,548,0
55.69818377494812,601,0
55.70206832885742,583,0
55.70599293708801,474,0
55.710089921951294,526,0
55.71371674537659,538,0
55.71783995628357,510,0
55.72153854370117,515,0
55.72551679611206,416,0
55.729543685913086,442,0
55.73342990875244,463,0
55.73720383644104,471,0
55.741223096847534,527,0
55.74505090713501,484,0
55.74899125099182,481,0
55.75287985801697,471,0
55.75689196586609,492,0
55.76074290275574,537,0
55.7648138999939,519,0
55.76853585243225,506,0
55.772488594055176,495,0
55.776490211486816,504,0
55.780275106430054,580,0
55.78420329093933,564,0
55.78805494308472,542,0
55.79201579093933,553,0
55.79590821266174,560,0
55.79978370666504,640,0
55.803858518600464,623,0
55.807825803756714,584,0
55.811753273010254,559,0
55.81551647186279,563,0
55.81944036483765,633,0
55.82344460487366,651,0
55.82717299461365,603,0
55.83107805252075,616,0
55.83503484725952,595,0
55.83899164199829,656,0
55.84288167953491,673,0
55.84674572944641,632,0
55.85064077377319,655,0
55.854623794555664,620,0
55.858556032180786,651,0
55.86247372627258,659,0
55.86640477180481,611,0
55.870328426361084,596,0
55.874125480651855,541,0
55.878135442733765,585,0
55.881970167160034,634,0
55.88588571548462,629,0
55.890071392059326,635,0
55.89387226104736,591,0
55.89765214920044,607,0
55.90157079696655,631,0
55.90553545951843,544,0
55.909507513046265,544,0
55.91325092315674,566,0
55.91714644432068,577,0
55.921072483062744,592,0
55.925034523010254,572,0
55.92894887924194,561,0
55.93281817436218,543,0
55.93676424026489,553,0
55.94064450263977,590,0
55.94458818435669,641,0
55.94856667518616,587,0
55.952414751052856,498,0
55.9563193321228,519,0
55.96019792556763,604,0
55.96418333053589,637,0
55.9680073261261,594,0
55.97198843955994,518,0
55.97592067718506,501,0
55.97974491119385,611,0
55.98593521118164,666,0
55.987637519836426,621,0
55.99153757095337,516,0
55.995537996292114,484,0
55.99940299987793,560,0
56.003307580947876,665,0
56.007160902023315,640,0
56.01107740402222,491,0
56.015005350112915,429,0
56.01893138885498,473,0
56.02277684211731,545,0
56.02676200866699,548,0
56.030725955963135,517,0
56.034602642059326,480,0
56.03847694396973,515,0
56.042481422424316,576,0
56.04634428024292,574,0
56.05030179023743,513,0
56.05412530899048,467,0
56.05810332298279,475,0
56.062501192092896,545,0
56.06582283973694,564,0
56.06975054740906,487,0
56.07379484176636,427,0
56.0777587890625,473,0
56.08148217201233,528,0
56.085540771484375,543,0
56.089494705200195,489,0
56.09337496757507,405,0
56.09716057777405,452,0
56.10103988647461,549,0
56.105087757110596,551,0
56.10894775390625,493,0
56.11283898353577,420,0
56.11680603027344,439,0
56.120726346969604,552,0
56.12454104423523,613,0
56.128626585006714,560,0
56.132408142089844,472,0
56.13631844520569,444,0
56.140158891677856,525,0
56.160799503326416,606,0
56.16109848022461,598,0
56.1615264415741,522,0
56.16198921203613,486,0
56.165905475616455,551,0
56.16654086112976,606,0
56.16808819770813,512,0
56.17221927642822,502,0
56.17549538612366,539,0
56.179447889328,590,0
56.18533444404602,508,0
56.191388845443726,408,0
56.192991495132446,464,0
56.194969177246094,488,0
56.19895052909851,519,0
56.202797412872314,471,0
56.206852436065674,348,0
56.210702896118164,416,0
56.214574098587036,453,0
56.21845841407776,475,0
56.22240710258484,425,0
56.22639536857605,322,0
56.23021459579468,381,0
56.23494219779968,447,0
56.238163232803345,479,0
56.24187159538269,537,0
56.24579119682312,506,0
56.24982404708862,463,0
56.25370907783508,466,0
56.257588386535645,503,0
56.26149916648865,547,0
56.26539397239685,543,0
56.26931285858154,506,0
56.27340531349182,457,0
56.27710318565369,461,0
56.28100609779358,534,0
56.28496527671814,520,0
56.288803815841675,476,0
56.29284048080444,499,0
56.29665517807007,520,0
56.3005530834198,520,0
56.30450916290283,489,0
56.308419942855835,458,0
56.31243133544922,515,0
56.316248655319214,525,0
56.3209445476532,575,0
56.324153661727905,527,0
56.32861828804016,456,0
56.33188462257385,462,0
56.33581018447876,459,0
56.340078592300415,500,0
56.34361410140991,485,0
56.34752345085144,406,0
56.351449966430664,434,0
56.355417013168335,435,0
56.359283685684204,452,0
56.363121032714844,457,0
56.367082357406616,389,0
56.37094569206238,431,0
56.374921798706055,420,0
56.37879729270935,440,0
56.38273572921753,451,0
56.386796712875366,405,0
56.42103815078735,407,0
56.42175102233887,388,0
56.46134066581726,422,0
56.470388412475586,436,0
56.472336769104004,381,0
56.477725982666016,379,0
56.47975039482117,385,0
56.499109506607056,432,0
56.50179743766785,471,0
56.50273299217224,434,0
56.503907442092896,416,0
56.50480628013611,401,0
56.505924701690674,423,0
56.50624680519104,489,0
56.51120376586914,431,0
56.51220440864563,422,0
56.51584219932556,405,0
56.51721143722534,396,0
56.51903700828552,463,0
56.51935148239136,488,0
56.51984930038452,445,0
56.521084785461426,373,0
56.52200436592102,358,0
56.52297854423523,390,0
56.52601099014282,422,0
56.52725887298584,413,0
56.528404712677,335,0
56.53128385543823,313,0
56.533573627471924,391,0
56.536720991134644,497,0
56.53795385360718,458,0
56.54213213920593,342,0
56.542930603027344,338,0
56.543742179870605,401,0
56.544095039367676,499,0
56.54429602622986,491,0
56.54453420639038,359,0
56.544769048690796,301,0
56.545005798339844,398,0
56.545243978500366,497,0
56.54718017578125,507,0
56.55092453956604,390,0
56.55494713783264,329,0
56.55877757072449,405,0
56.56265640258789,517,0
56.566569328308105,502,0
56.57053756713867,374,0
56.57444977760315,307,0
56.57843327522278,351,0
56.58221197128296,468,0
56.5861291885376,528,0
56.590047121047974,435,0
56.593974590301514,327,0
56.597859144210815,357,0
56.60185241699219,448,0
56.605711698532104,473,0
56.60959768295288,383,0
56.61359238624573,289,0
56.61750245094299,325,0
56.6214702129364,424,0
56.62524962425232,508,0
56.62914776802063,444,0
56.63316011428833,334,0
56.63705015182495,339,0
56.64097261428833,407,0
56.64481163024902,463,0
56.648807764053345,405,0
56.65270447731018,312,0
56.65664529800415,324,0
56.6606183052063,409,0
56.6645233631134,502,0
56.67049813270569,447,0
56.672300577163696,324,0
56.67618227005005,299,0
56.68025207519531,362,0
56.683958768844604,433,0
56.68785333633423,411,0
56.691896200180054,301,0
56.69580674171448,279,0
56.69971990585327,376,0
56.703567028045654,514,0
56.70753598213196,494,0
56.711402893066406,345,0
56.71521067619324,262,0
56.719253063201904,330,0
56.723047971725464,478,0
56.72696232795715,543,0
56.730873823165894,454,0
56.73478841781616,370,0
56.738786458969116,436,0
56.74275302886963,531,0
56.74654293060303,571,0
56.75064206123352,498,0
56.75442838668823,439,0
56.758350133895874,485,0
56.762245178222656,590,0
56.766088008880615,652,0
56.77005887031555,549,0
56.77400279045105,452,0
56.77784991264343,508,0
56.78180742263794,615,0
56.792848110198975,660,0
56.79464936256409,558,0
56.79788899421692,427,0
56.79813241958618,443,0
56.80142068862915,544,0
56.8052031993866,627,0
56.80915975570679,565,0
56.81310987472534,467,0
56.81694960594177,477,0
56.82097387313843,518,0
56.82484197616577,543,0
56.82876372337341,497,0
56.832650899887085,400,0
56.836578130722046,392,0
56.84159588813782,477,0
56.84449124336243,565,0
56.84824275970459,546,0
56.85221552848816,479,0
56.85606098175049,469,0
56.8600549697876,542,0
56.86394548416138,553,0
56.86788606643677,512,0
56.87176442146301,504,0
56.87578988075256,501,0
56.87962460517883,551,0
56.88353157043457,584,0
56.88745594024658,521,0
56.8914053440094,437,0
56.89522409439087,432,0
56.89917731285095,512,0
56.9031982421875,587,0
56.90709400177002,562,0
56.91097354888916,517,0
56.914774656295776,524,0
56.91877102851868,573,0
56.922581911087036,633,0
56.92652869224548,605,0
56.930514097213745,545,0
56.9344277381897,503,0
56.93843150138855,533,0
56.942124128341675,613,0
56.94604849815369,595,0
56.94996428489685,543,0
56.95385432243347,512,0
56.95783996582031,528,0
56.96177935600281,593,0
56.96561908721924,588,0
56.96966290473938,525,0
56.97383737564087,504,0
56.97773289680481,517,0
56.98123359680176,609,0
56.985212087631226,653,0
56.989084005355835,628,0
56.992999792099,616,0
56.996891498565674,632,0
57.00196051597595,701,0
57.00476694107056,724,0
57.00878834724426,688,0
57.01597619056702,669,0
57.016451835632324,664,0
57.0204598903656,696,0
57.02541518211365,708,0
57.02820348739624,642,0
57.03209829330444,580,0
57.0360631942749,527,0
57.04011416435242,587,0
57.04385042190552,624,0
57.04788637161255,574,0
57.05182194709778,510,0
57.05566072463989,506,0
57.0595223903656,572,0
57.0635871887207,644,0
57.067442655563354,592,0
57.071253538131714,548,0
57.07534575462341,541,0
57.07910871505737,598,0
57.08297371864319,656,0
57.08690142631531,615,0
57.09081721305847,553,0
57.09485054016113,522,0
57.09867548942566,546,0
57.10262989997864,588,0
57.10656118392944,602,0
57.11065053939819,570,0
57.1145761013031,543,0
57.118231773376465,584,0
57.12211775779724,667,0
57.12609648704529,704,0
57.12992572784424,669,0
57.13386940956116,632,0
57.17018485069275,633,0
57.1716513633728,694,0
57.17224359512329,703,0
57.17315721511841,662,0
57.178436517715454,626,0
57.21607995033264,639,0
57.22291851043701,688,0
57.22362303733826,676,0
57.22387385368347,621,0
57.22628712654114,589,0
57.22659683227539,585,0
57.2267804145813,600,0
57.226958990097046,630,0
57.22710132598877,586,0
57.22725200653076,546,0
57.227423906326294,563,0
57.227577924728394,637,0
57.22774577140808,674,0
57.22801876068115,627,0
57.22835397720337,571,0
57.22860288619995,557,0
57.22893285751343,605,0
57.22940135002136,634,0
57.229681968688965,557,0
57.23176956176758,475,0
57.23576831817627,447,0
57.241517543792725,511,0
57.243547677993774,583,0
57.24730682373047,556,0
57.25125765800476,491,0
57.255091190338135,463,0
57.25905227661133,517,0
57.262943506240845,534,0
57.266828536987305,509,0
57.27090001106262,484,0
57.27484369277954,446,0
57.27859950065613,490,0
57.2825403213501,589,0
57.286497354507446,593,0
57.290456771850586,569,0
57.2943959236145,541,0
57.298144817352295,562,0
57.30208897590637,619,0
57.30616736412048,630,0
57.3100061416626,581,0
57.313862323760986,550,0
57.31783938407898,576,0
57.32177519798279,648,0
57.32558465003967,642,0
57.33208250999451,550,0
57.33349800109863,494,0
57.33729553222656,502,0
57.34126806259155,561,0
57.34514260292053,566,0
57.34900999069214,499,0
57.3529736995697,449,0
57.357006788253784,443,0
57.36078214645386,529,0
57.36465334892273,578,0
57.36873722076416,517,0
57.372519731521606,462,0
57.37650465965271,466,0
57.38044309616089,538,0
57.38420057296753,602,0
57.38820934295654,566,0
57.39203643798828,474,0
57.39602255821228,436,0
57.39999985694885,469,0
57.403773069381714,523,0
57.40778732299805,493,0
57.41172695159912,459,0
57.415539026260376,425,0
57.41953754425049,416,0
57.42380094528198,457,0
57.42726802825928,439,0
57.431243658065796,414,0
57.43506646156311,420,0
57.43900752067566,480,0
57.4429829120636,557,0
57.446842670440674,541,0
57.45070743560791,511,0
57.454694509506226,494,0
57.45876479148865,560,0
57.46254277229309,647,0
57.466469287872314,622,0
57.47032332420349,546,0
57.474242210388184,494,0
57.47816014289856,518,0
57.4820818901062,595,0
57.48597311973572,585,0
57.49009823799133,535,0
57.49522924423218,476,0
57.49768328666687,489,0
57.501718521118164,566,0
57.50555419921875,600,0
57.50953555107117,550,0
57.51346731185913,491,0
57.51725673675537,479,0
57.52116417884827,533,0
57.525105476379395,559,0
57.52902436256409,509,0
57.5329155921936,462,0
57.53696656227112,440,0
57.54085993766785,508,0
57.544837951660156,554,0
57.5487163066864,475,0
57.552695989608765,436,0
57.55647397041321,453,0
57.56042242050171,526,0
57.56423616409302,561,0
57.56808686256409,504,0
57.572118520736694,441,0
57.57594633102417,419,0
57.579951763153076,473,0
57.58390140533447,543,0
57.58791375160217,511,0
57.591636657714844,463,0
57.59564685821533,446,0
57.6177761554718,517,0
57.62052130699158,612,0
57.62111854553223,593,0
57.62186408042908,538,0
57.62258863449097,512,0
57.62416338920593,548,0
57.624860763549805,616,0
57.62684917449951,595,0
57.63085961341858,510,0
57.63469314575195,423,0
57.638519525527954,432,0
57.64256930351257,517,0
57.64649820327759,541,0
57.650325298309326,496,0
57.65527415275574,466,0
57.65817379951477,479,0
57.662044286727905,544,0
57.665961265563965,543,0
57.66982388496399,493,0
57.67391633987427,462,0
57.67783761024475,488,0
57.681591749191284,546,0
57.685704708099365,540,0
57.689478158950806,475,0
57.693317890167236,415,0
57.69721221923828,414,0
57.70119833946228,497,0
57.70513439178467,523,0
57.70936584472656,435,0
57.71288728713989,337,0
57.72018480300903,297,0
57.72077822685242,381,0
57.72481107711792,465,0
57.728575468063354,450,0
57.73442578315735,415,0
57.736358642578125,394,0
57.74032163619995,439,0
57.74420690536499,474,0
57.74811553955078,423,0
57.75202798843384,380,0
57.75603532791138,394,0
57.75982046127319,455,0
57.76379895210266,513,0
57.767844676971436,471,0
57.776814460754395,417,0
57.78261661529541,405,0
57.784018754959106,421,0
57.784446477890015,494,0
57.78723621368408,488,0
57.80208921432495,429,0
57.80261039733887,394,0
57.819247007369995,424,0
57.81992554664612,500,0
57.82037377357483,493,0
57.82105898857117,459,0
57.83309459686279,442,0
57.835654735565186,462,0
57.8363618850708,536,0
57.83663749694824,548,0
57.83698654174805,498,0
57.85653471946716,476,0
57.85819435119629,470,0
57.870957374572754,522,0
57.87129187583923,541,0
57.891108751297,486,0
57.89154624938965,435,0
57.906898021698,433,0
57.907612562179565,504,0
57.922945976257324,544,0
57.93593144416809,492,0
57.94286251068115,447,0
57.943721294403076,447,0
57.94459676742554,529,0
57.94597792625427,604,0
57.946226835250854,566,0
57.95768666267395,495,0
57.96124505996704,467,0
57.96273469924927,521,0
57.9635488986969,584,0
57.96543478965759,554,0
57.967599630355835,517,0
57.96810960769653,484,0
57.9731707572937,520,0
57.97542977333069,547,0
57.9785258769989,459,0
57.978936433792114,439,0
57.98151516914368,468,0
57.98241686820984,541,0
57.98288631439209,576,0
57.98312425613403,495,0
57.98329758644104,424,0
57.98367118835449,437,0
57.98598289489746,511,0
57.98653054237366,604,0
57.98890709877014,579,0
57.989664793014526,519,0
57.99006199836731,486,0
57.99099040031433,505,0
57.99303340911865,582,0
57.99606251716614,562,0
57.99653911590576,498,0
57.99675488471985,466,0
57.99856424331665,468,0
58.002464056015015,545,0
58.006237268447876,555,0
58.01105856895447,478,0
58.01510500907898,445,0
58.01806592941284,460,0
58.024476289749146,539,0
58.02584457397461,547,0
58.0298957824707,512,0
58.03379249572754,451,0
58.0377242565155,442,0
58.04414916038513,520,0
58.04757380485535,566,0
58.050530195236206,518,0
58.0533971786499,471,0
58.05862069129944,448,0
58.0610466003418,514,0
58.08085894584656,580,0
58.08668065071106,560,0
58.092814445495605,496,0
58.09347438812256,452,0
58.103971004486084,477,0
58.109352588653564,527,0
58.1096613407135,509,0
58.11268210411072,466,0
58.11320900917053,443,0
58.113696336746216,509,0
58.116459369659424,591,0
58.1169376373291,557,0
58.11727809906006,492,0
58.11765670776367,462,0
58.11978197097778,528,0
58.123748540878296,601,0
58.13218808174133,577,0
58.134645223617554,506,0
58.13546085357666,453,0
58.139291286468506,475,0
58.14413666725159,554,0
58.14724802970886,564,0
58.151044607162476,510,0
58.15498113632202,466,0
58.15887427330017,501,0
58.162781715393066,589,0
58.16685938835144,587,0
58.17064094543457,504,0
58.17459964752197,458,0
58.17844915390015,494,0
58.18238091468811,574,0
58.186238050460815,592,0
58.19124722480774,530,0
58.19409656524658,505,0
58.19893789291382,512,0
58.20191836357117,574,0
58.20579648017883,599,0
58.21346879005432,554,0
58.2197322845459,522,0
58.222216844558716,516,0
58.226449728012085,579,0
58.23145914077759,608,0
58.239410400390625,543,0
58.24180865287781,525,0
58.24377655982971,516,0
58.25214505195618,581,0
58.25391983985901,636,0
58.25508642196655,571,0
58.25545358657837,510,0
58.256683111190796,482,0
58.26069760322571,529,0
58.26461887359619,606,0
58.26863384246826,584,0
58.27234411239624,507,0
58.27619433403015,439,0
58.28024888038635,477,0
58.284013748168945,565,0
58.28796339035034,548,0
58.291972160339355,484,0
58.29600286483765,449,0
58.29987859725952,470,0
58.303752422332764,531,0
58.307697057724,526,0
58.31154274940491,488,0
58.3154571056366,484,0
58.31924271583557,510,0
58.32313275337219,582,0
58.3271119594574,574,0
58.33106470108032,511,0
58.334861278533936,481,0
58.33886957168579,517,0
58.342740297317505,601,0
58.346643686294556,616,0
58.350536584854126,552,0
58.354668855667114,504,0
58.35848569869995,508,0
58.36242890357971,579,0
58.36620759963989,606,0
58.370054960250854,504,0
58.37396478652954,423,0
58.37796068191528,412,0
58.38197565078735,507,0
58.38593125343323,534,0
58.38981366157532,497,0
58.393651247024536,451,0
58.39758539199829,439,0
58.40145206451416,502,0
58.405415296554565,542,0
58.40916609764099,500,0
58.41314673423767,457,0
58.41699266433716,439,0
58.420920848846436,478,0
58.42483139038086,511,0
58.428821086883545,456,0
58.432756662368774,403,0
58.43657040596008,380,0
58.44055390357971,436,0
58.44448947906494,503,0
58.44834065437317,474,0
58.45221257209778,402,0
58.45609664916992,321,0
58.46004557609558,332,0
58.4639356136322,436,0
58.46784496307373,444,0
58.471781730651855,394,0
58.47595572471619,340,0
58.479804039001465,381,0
58.48365545272827,465,0
58.48749327659607,489,0
58.4914608001709,451,0
58.49537682533264,407,0
58.49921774864197,443,0
58.50308847427368,505,0
58.50728440284729,513,0
58.511327266693115,463,0
58.51482033729553,402,0
58.5188889503479,424,0
58.522868633270264,505,0
58.526899337768555,536,0
58.530531883239746,477,0
58.53443241119385,404,0
58.53832292556763,396,0
58.54221963882446,461,0
58.54613900184631,510,0
58.55005192756653,483,0
58.5540885925293,413,0
58.5580518245697,354,0
58.56196737289429,402,0
58.56572699546814,452,0
58.56981801986694,436,0
58.573999881744385,418,0
58.57759356498718,459,0
58.58156752586365,546,0
58.585307359695435,606,0
58.589266777038574,571,0
58.593241691589355,515,0
58.596983432769775,496,0
58.60095024108887,575,0
58.60479521751404,648,0
58.60895133018494,617,0
58.6128466129303,563,0
58.616782426834106,532,0
58.62053990364075,557,0
58.624622106552124,634,0
58.62846755981445,630,0
58.66169023513794,562,0
58.70240759849548,505,0
58.70981526374817,527,0
58.713942766189575,590,0
58.714579820632935,575,0
58.714855432510376,502,0
58.71511363983154,458,0
58.715378761291504,503,0
58.71563100814819,596,0
58.715898752212524,594,0
58.71611452102661,531,0
58.716285943984985,462,0
58.7164466381073,418,0
58.71658182144165,448,0
58.71673011779785,441,0
58.71687388420105,365,0
58.71701622009277,330,0
58.71715712547302,371,0
58.71729898452759,472,0
58.71744465827942,512,0
58.71757936477661,469,0
58.71772313117981,424,0
58.71825194358826,427,0
58.722437143325806,516,0
58.72611904144287,562,0
58.73003625869751,533,0
58.73902630805969,470,0
58.73988461494446,449,0
58.74181866645813,516,0
58.74563956260681,559,0
58.7496132850647,523,0
58.75355863571167,464,0
58.75750279426575,461,0
58.761263608932495,509,0
58.76518654823303,548,0
58.76909351348877,494,0
58.77308106422424,459,0
58.776997804641724,462,0
58.78081917762756,518,0
58.78476095199585,580,0
58.788928270339966,527,0
58.792566776275635,472,0
58.79653239250183,423,0
58.80046558380127,450,0
58.80435585975647,520,0
58.80833148956299,496,0
58.81209468841553,438,0
58.81601572036743,426,0
58.819918632507324,475,0
58.82387924194336,552,0
58.82778477668762,541,0
58.83183193206787,499,0
58.835604190826416,453,0
58.83949542045593,472,0
58.84351372718811,541,0
58.84742736816406,527,0
58.85120344161987,475,0
58.85519075393677,478,0
58.85905170440674,501,0
58.86298656463623,556,0
58.86705803871155,561,0
58.87086272239685,505,0
58.874741554260254,474,0
58.87867546081543,475,0
58.88261270523071,549,0
58.88647103309631,560,0
58.890440225601196,460,0
58.89425802230835,424,0
58.89822244644165,416,0
58.9021201133728,476,0
58.906036138534546,508,0
58.910024642944336,451,0
58.913883686065674,425,0
58.91773319244385,428,0
58.92184925079346,496,0
58.92561912536621,540,0
58.9295117855072,481,0
58.933472633361816,469,0
58.93743062019348,502,0
58.94124174118042,517,0
58.94515872001648,530,0
58.949050188064575,491,0
58.95293593406677,476,0
58.957027196884155,491,0
58.960803508758545,543,0
58.96465277671814,612,0
58.968637466430664,558,0
58.972591161727905,516,0
58.97645282745361,510,0
58.98040962219238,530,0
58.98423910140991,568,0
58.988144874572754,527,0
58.992103815078735,440,0
58.996020793914795,366,0
58.999868392944336,407,0
59.00382161140442,527,0
59.00784683227539,530,0
59.01166653633118,467,0
59.01569652557373,431,0
59.01957654953003,448,0
59.02353048324585,529,0
59.02726602554321,542,0
59.03126406669617,484,0
59.035141944885254,435,0
59.03913593292236,440,0
59.04296326637268,503,0
59.04691481590271,540,0
59.05077528953552,501,0
59.05465817451477,456,0
59.05871820449829,457,0
59.06264066696167,524,0
59.06646013259888,535,0
59.07040572166443,467,0
59.074323892593384,436,0
59.078155755996704,432,0
59.08205962181091,500,0
59.08598756790161,547,0
59.08988976478577,485,0
59.093876361846924,443,0
59.097896337509155,453,0
59.10184288024902,492,0
59.1056911945343,473,0
59.10948157310486,400,0
59.11344599723816,354,0
59.11726427078247,351,0
59.12116599082947,436,0
59.125091314315796,526,0
59.12915539741516,499,0
59.13290333747864,463,0
59.13682699203491,470,0
59.14086890220642,523,0
59.14464974403381,576,0
59.14867854118347,543,0
59.152480125427246,496,0
59.156489849090576,489,0
59.160483598709106,514,0
59.16422176361084,557,0
59.16813397407532,491,0
59.172046184539795,408,0
59.176045179367065,373,0
59.18001413345337,416,0
59.183934688568115,485,0
59.1879403591156,472,0
59.191702127456665,428,0
59.195624589920044,427,0
59.19948101043701,481,0
59.203532695770264,572,0
59.2073118686676,577,0
59.21131944656372,507,0
59.21507954597473,491,0
59.21915340423584,501,0
59.223093032836914,578,0
59.226866483688354,597,0
59.23079586029053,551,0
59.23488807678223,561,0
59.238590240478516,580,0
59.24262547492981,649,0
59.24650430679321,636,0
59.250340938568115,556,0
59.25428223609924,567,0
59.25972819328308,614,0
59.26216721534729,681,0
59.266096115112305,709,0
59.269837379455566,640,0
59.274014472961426,590,0
59.277933835983276,609,0
59.28160333633423,674,0
59.285500049591064,705,0
59.28952503204346,637,0
59.29341650009155,576,0
59.29723644256592,527,0
59.30117869377136,557,0
59.3052134513855,611,0
59.30913734436035,582,0
59.31306600570679,513,0
59.316792488098145,510,0
59.320709228515625,557,0
59.324748516082764,617,0
59.32868027687073,580,0
59.33246874809265,527,0
59.33641028404236,495,0
59.34030890464783,516,0
59.34421944618225,562,0
59.34809899330139,543,0
59.35202479362488,489,0
59.356037855148315,464,0
59.360002756118774,499,0
59.36377286911011,576,0
59.36787724494934,592,0
59.37182831764221,521,0
59.37550711631775,485,0
59.37948966026306,523,0
59.38332748413086,609,0
59.38726043701172,621,0
59.391634702682495,562,0
59.39502191543579,536,0
59.398977518081665,553,0
59.402915954589844,637,0
59.406959772109985,670,0
59.410837173461914,592,0
59.41469168663025,529,0
59.41867518424988,520,0
59.42262506484985,542,0
59.42660880088806,544,0
59.4303560256958,480,0
59.43426752090454,445,0
59.43804883956909,440,0
59.44198274612427,469,0
59.44587683677673,497,0
59.449896574020386,455,0
59.45387005805969,425,0
59.45775842666626,438,0
59.46177291870117,506,0
59.465538024902344,557,0
59.469467639923096,497,0
59.47325539588928,434,0
59.477226972579956,428,0
59.481122732162476,500,0
59.48516631126404,569,0
59.48894000053406,520,0
59.4928719997406,483,0
59.49694037437439,468,0
59.500821590423584,495,0
59.50481057167053,555,0
59.50865316390991,537,0
59.51250195503235,468,0
59.51643657684326,437,0
59.52025556564331,470,0
59.524434089660645,535,0
59.52810287475586,544,0
59.532111406326294,489,0
59.535853147506714,444,0
59.53991413116455,462,0
59.543949604034424,538,0
59.54776692390442,530,0
59.5515775680542,433,0
59.555659532547,374,0
59.55948495864868,421,0
59.56327271461487,516,0
59.567195892333984,558,0
59.57113790512085,483,0
59.57508325576782,422,0
59.57894039154053,426,0
59.58294153213501,505,0
59.58683800697327,586,0
59.59095811843872,522,0
59.60326910018921,438,0
59.603991985321045,419,0
59.60509490966797,497,0
59.60963153839111,589,0
59.61023926734924,581,0
59.61410975456238,484,0
59.61801195144653,429,0
59.6219425201416,474,0
59.62583065032959,556,0
59.62973427772522,526,0
59.63369965553284,460,0
59.637754678726196,442,0
59.64154076576233,504,0
59.645591020584106,579,0
59.64945125579834,527,0
59.65329647064209,477,0
59.65727257728577,488,0
59.66108179092407,547,0
59.665037393569946,580,0
59.668860912323,530,0
59.67281460762024,441,0
59.67672896385193,389,0
59.680660009384155,434,0
59.68457388877869,548,0
59.688520669937134,605,0
59.69260311126709,510,0
59.69628858566284,382,0
59.70025181770325,379,0
59.7041494846344,475,0
59.70815110206604,565,0
59.71207785606384,526,0
59.71587038040161,436,0
59.71977734565735,439,0
59.723881006240845,515,0
59.7276713848114,594,0
59.73157072067261,549,0
59.735724449157715,459,0
59.73949122428894,467,0
59.74341940879822,558,0
59.747217893600464,624,0
59.75110173225403,574,0
59.755024671554565,454,0
59.759050369262695,423,0
59.76283860206604,496,0
59.76670503616333,601,0
59.770832777023315,555,0
59.77475333213806,420,0
59.77849459648132,376,0
59.78251314163208,462,0
59.786425828933716,585,0
59.79057240486145,577,0
59.794190406799316,440,0
59.79799270629883,378,0
59.80213475227356,460,0
59.806071519851685,572,0
59.809733152389526,585,0
59.813713788986206,480,0
59.81753468513489,426,0
59.82154035568237,461,0
59.82543873786926,561,0
59.82924556732178,582,0
59.8331573009491,464,0
59.8371217250824,416,0
59.841001987457275,438,0
59.84488534927368,510,0
59.84884071350098,548,0
59.85284495353699,452,0
59.856675148010254,372,0
59.860708475112915,442,0
59.864500284194946,560,0
59.86842703819275,614,0
59.87233257293701,519,0
59.87620830535889,415,0
59.880128145217896,448,0
59.884058713912964,559,0
59.88793706893921,642,0
59.89185881614685,568,0
59.89577388763428,442,0
59.8998167514801,458,0
59.90367007255554,558,0
59.90768027305603,627,0
59.91146993637085,584,0
59.915430307388306,530,0
59.919228076934814,511,0
59.92318248748779,580,0
59.9270498752594,647,0
59.93097472190857,612,0
59.934892416000366,551,0
59.93877029418945,552,0
59.94282126426697,631,0
59.946784257888794,697,0
59.95057916641235,657,0
59.954625844955444,590,0
59.958446741104126,583,0
59.962255239486694,651,0
59.966269731521606,717,0
59.97008228302002,678,0
59.97410440444946,586,0
59.97796893119812,548,0
59.98181772232056,594,0
59.985782861709595,681,0
59.98974823951721,630,0
59.99356555938721,525,0
59.99747586250305,460,0
60.00149059295654,486,0
60.00530958175659,576,0
60.009196043014526,579,0
60.01319599151611,504,0
60.01701807975769,437,0
60.02094030380249,461,0
60.024861335754395,540,0
60.02878379821777,552,0
60.03268384933472,487,0
60.03672480583191,454,0
60.04057598114014,480,0
60.04447913169861,574,0
60.04844880104065,618,0
60.0522301197052,559,0
60.0562424659729,493,0
60.06022667884827,523,0
60.06400990486145,609,0
60.067976236343384,644,0
60.07190465927124,574,0
60.07582759857178,484,0
60.079816579818726,500,0
60.08369565010071,599,0
60.08752655982971,672,0
60.09147787094116,617,0
60.09529137611389,513,0
60.099199533462524,501,0
60.103116273880005,571,0
60.1073043346405,615,0
60.11094355583191,576,0
60.11488461494446,474,0
60.11873388290405,423,0
60.12266254425049,470,0
60.12655425071716,559,0
60.13045930862427,540,0
60.13444495201111,444,0
60.13844680786133,419,0
60.14223837852478,503,0
60.14615225791931,581,0
60.15016317367554,555,0
60.15401887893677,445,0
60.15793228149414,380,0
60.16187286376953,449,0
60.165947914123535,558,0
60.16987681388855,582,0
60.17373609542847,495,0
60.17766809463501,406,0
60.181474447250366,436,0
60.185261964797974,516,0
60.18919587135315,564,0
60.19316816329956,500,0
60.1971321105957,396,0
60.20114088058472,430,0
60.20499777793884,537,0
60.20894980430603,613,0
60.2129020690918,558,0
60.21668028831482,480,0
60.22058606147766,491,0
60.22469711303711,565,0
60.22833490371704,583,0
60.232322454452515,520,0
60.23620820045471,453,0
60.240025758743286,459,0
60.243969678878784,553,0
60.24797821044922,642,0
60.25179600715637,561,0
60.25574207305908,457,0
60.259636878967285,476,0
60.26355004310608,535,0
60.2674880027771,550,0
60.27145719528198,478,0
60.27523756027222,466,0
60.27914023399353,509,0
60.28304982185364,597,0
60.287009716033936,630,0
60.290998697280884,529,0
60.29483103752136,488,0
60.29886603355408,506,0
60.30283188819885,547,0
60.30673670768738,559,0
60.310566902160645,470,0
60.31444954872131,420,0
60.31832242012024,435,0
60.322378158569336,480,0
60.3261353969574,498,0
60.3300096988678,414,0
60.333943605422974,388,0
60.33782482147217,406,0
60.341928482055664,464,0
60.34573721885681,497,0
60.34968972206116,410,0
60.35357594490051,349,0
60.3575279712677,372,0
60.36142897605896,445,0
60.3652606010437,532,0
60.36914849281311,468,0
60.373034715652466,393,0
60.376994371414185,399,0
60.38096237182617,434,0
60.38478088378906,522,0
60.3886935710907,487,0
60.392659425735474,417,0
60.39655637741089,422,0
60.400503396987915,455,0
60.40441942214966,542,0
60.40831518173218,539,0
60.41217875480652,481,0
60.41611886024475,493,0
60.419978857040405,502,0
60.423973083496094,563,0
60.427844762802124,542,0
60.43181276321411,452,0
60.43562626838684,453,0
60.43954801559448,476,0
60.44355344772339,528,0
60.447447299957275,524,0
60.45127010345459,455,0
60.45527458190918,472,0
60.459166526794434,504,0
60.46306133270264,583,0
60.46694040298462,601,0
60.47084045410156,497,0
60.47480130195618,463,0
60.478808879852295,464,0
60.48262643814087,480,0
60.48648381233215,480,0
60.49048185348511,412,0
60.49443435668945,369,0
60.4982328414917,352,0
60.502116203308105,384,0
60.50606632232666,425,0
60.509974002838135,380,0
60.51389265060425,348,0
60.51780080795288,360,0
60.52180051803589,395,0
60.525795221328735,434,0
60.5295467376709,371,0
60.53350329399109,324,0
60.53739929199219,351,0
60.54133868217468,384,0
60.54516267776489,434,0
60.549092292785645,390,0
60.553022623062134,329,0
60.5571985244751,349,0
60.560824394226074,418,0
60.56484317779541,490,0
60.568703413009644,441,0
60.57258701324463,371,0
60.576476097106934,366,0
60.580400466918945,412,0
60.58440947532654,518,0
60.588253021240234,497,0
60.592204570770264,423,0
60.59620499610901,431,0
60.59999370574951,460,0
60.60678052902222,530,0
60.64732050895691,546,0
60.648592948913574,493,0
60.64962553977966,473,0
60.65022611618042,483,0
60.66162300109863,551,0
60.66304397583008,570,0
60.66367769241333,503,0
60.700058698654175,497,0
60.71160435676575,519,0
60.71276497840881,564,0
60.7133994102478,581,0
60.713945150375366,478,0
60.716819047927856,442,0
60.73416709899902,471,0
60.73676133155823,543,0
60.74185562133789,571,0
60.74244689941406,510,0
60.74287128448486,482,0
60.743377447128296,481,0
60.7472722530365,539,0
60.751949310302734,576,0
60.7550482749939,477,0
60.75562405586243,408,0
60.75622081756592,398,0
60.75673818588257,456,0
60.758864402770996,508,0
60.75921297073364,443,0
60.7594838142395,404,0
60.75973629951477,416,0
60.76022219657898,475,0
60.76105833053589,576,0
60.76156783103943,570,0
60.76181173324585,527,0
60.76206684112549,533,0
60.762298345565796,556,0
60.76247954368591,621,0
60.76266002655029,601,0
60.76283812522888,530,0
60.76300573348999,536,0
60.76317119598389,545,0
60.76424241065979,583,0
60.7681770324707,569,0
60.77207016944885,481,0
60.775967836380005,483,0
60.77989101409912,538,0
60.78382754325867,634,0
60.78776216506958,613,0
60.791736125946045,504,0
60.79561996459961,488,0
60.79958176612854,524,0
60.80348348617554,602,0
60.80738830566406,616,0
60.81129431724548,519,0
60.815160512924194,480,0
60.81907343864441,487,0
60.82294774055481,534,0
60.82690358161926,566,0
60.830785512924194,459,0
60.83485817909241,394,0
60.838584661483765,392,0
60.8424973487854,439,0
60.84652066230774,521,0
60.85042190551758,505,0
60.854228258132935,470,0
60.858147859573364,482,0
60.86204123497009,517,0
60.86611747741699,557,0
60.869877338409424,494,0
60.87381434440613,444,0
60.877769470214844,464,0
60.88176703453064,486,0
60.88550567626953,542,0
60.889487743377686,493,0
60.893425703048706,435,0
60.8972532749176,453,0
60.90117025375366,512,0
60.905083417892456,565,0
60.90900635719299,525,0
60.91289710998535,440,0
60.91683530807495,449,0
60.92077302932739,502,0
60.92487716674805,579,0
60.92862010002136,529,0
60.93259000778198,442,0
60.93652033805847,438,0
60.940799713134766,466,0
60.94427013397217,546,0
60.948139905929565,544,0
60.952094078063965,463,0
60.95610761642456,445,0
60.959973096847534,467,0
60.96383452415466,526,0
60.967734575271606,525,0
60.97162342071533,473,0
60.975621938705444,451,0
60.9797101020813,449,0
60.983630418777466,503,0
60.98726296424866,521,0
60.99125909805298,446,0
60.9951286315918,429,0
60.998993158340454,450,0
61.00296401977539,491,0
61.00680589675903,481,0
61.010995388031006,378,0
61.0148024559021,349,0
61.01877307891846,388,0
61.022560119628906,443,0
61.02651929855347,495,0
61.030325412750244,452,0
61.034470081329346,414,0
61.038193702697754,427,0
61.04216384887695,460,0
61.04597544670105,536,0
61.049870014190674,485,0
61.05374813079834,437,0
61.057876110076904,450,0
61.06183934211731,486,0
61.065659523010254,555,0
61.06946849822998,516,0
61.07332944869995,485,0
61.07732915878296,494,0
61.081154108047485,529,0
61.08512830734253,584,0
61.08908152580261,545,0
61.093214988708496,475,0
61.09690523147583,491,0
61.100714683532715,519,0
61.10469579696655,597,0
61.10864186286926,583,0
61.112526655197144,493,0
61.11645746231079,490,0
61.12025427818298,506,0
61.12438917160034,558,0
61.128084659576416,562,0
61.13199758529663,500,0
61.13593125343323,489,0
61.140000104904175,515,0
61.14378833770752,572,0
61.14764046669006,580,0
61.15158987045288,490,0
61.15557789802551,481,0
61.159611225128174,522,0
61.1632878780365,580,0
61.1673002243042,597,0
61.171175956726074,502,0
61.17512893676758,446,0
61.17893719673157,442,0
61.18291997909546,487,0
61.18693137168884,533,0
61.19079780578613,464,0
61.19474148750305,456,0
61.19862389564514,463,0
61.20257806777954,473,0
61.206406593322754,487,0
61.21031212806702,413,0
61.21423268318176,393,0
61.21811509132385,434,0
61.2220344543457,479,0
61.22614073753357,551,0
61.230029344558716,503,0
61.23401379585266,437,0
61.23769283294678,418,0
61.24167585372925,430,0
61.24569749832153,497,0
61.24948024749756,464,0
61.25350761413574,416,0
61.25757122039795,443,0
61.26115608215332,485,0
61.26507019996643,566,0
61.26898264884949,561,0
61.2729856967926,507,0
61.27692484855652,525,0
61.28091049194336,559,0
61.284770488739014,616,0
61.28850269317627,595,0
61.29252862930298,505,0
61.29636812210083,499,0
61.300456285476685,479,0
61.30428767204285,562,0
61.308210372924805,650,0
61.312041997909546,589,0
61.31615352630615,547,0
61.31993269920349,553,0
61.32384252548218,603,0
61.327691316604614,632,0
61.33159422874451,551,0
61.335471391677856,513,0
61.33942532539368,489,0
61.34326910972595,506,0
61.34720730781555,533,0
61.35106563568115,450,0
61.3550238609314,409,0
61.35912799835205,412,0
61.36300182342529,496,0
61.36677169799805,594,0
61.370832681655884,565,0
61.37477397918701,535,0
61.37857508659363,556,0
61.38251805305481,608,0
61.38650178909302,674,0
61.39067602157593,623,0
61.39417839050293,542,0
61.398051261901855,529,0
61.40194225311279,546,0
61.4058837890625,610,0
61.40977644920349,569,0
61.413790702819824,498,0
61.4177041053772,548,0
61.421597719192505,593,0
61.42558526992798,627,0
61.4293692111969,503,0
61.43346834182739,459,0
61.4372022151947,574,0
61.44130182266235,599,0
61.44500470161438,632,0
61.448893547058105,504,0
61.452879667282104,441,0
61.45675706863403,565,0
61.46069884300232,605,0
61.46459221839905,651,0
61.46858477592468,523,0
61.47251224517822,398,0
61.47645401954651,498,0
61.480204582214355,548,0
61.48414850234985,543,0
61.488054513931274,524,0
61.49199032783508,488,0
61.49584937095642,488,0
61.49990367889404,481,0
61.50371289253235,533,0
61.507835149765015,548,0
61.51155090332031,516,0
61.515437841415405,512,0
61.51929497718811,460,0
61.523205518722534,483,0
61.52715301513672,502,0
61.53102731704712,462,0
61.53498864173889,452,0
61.538856744766235,433,0
61.54291534423828,488,0
61.546640157699585,524,0
61.550565004348755,456,0
61.55467891693115,486,0
61.558523654937744,474,0
61.56235074996948,511,0
61.56623935699463,547,0
61.5701961517334,510,0
61.57418417930603,527,0
61.57818651199341,534,0
61.58191967010498,537,0
61.58596134185791,568,0
61.58985161781311,503,0
61.593751430511475,510,0
61.59764266014099,581,0
61.60158181190491,584,0
61.60549545288086,616,0
61.60948920249939,525,0
61.613221883773804,494,0
61.6171669960022,582,0
61.621148347854614,597,0
61.624987840652466,634,0
61.62888836860657,517,0
61.63286209106445,424,0
61.63694143295288,528,0
61.64075565338135,565,0
61.64454770088196,612,0
61.64884829521179,514,0
61.65245485305786,406,0
61.65624642372131,515,0
61.66029095649719,569,0
61.664161682128906,607,0
61.66800832748413,532,0
61.67201256752014,405,0
61.675873041152954,479,0
61.679903507232666,516,0
61.68363904953003,541,0
61.687562465667725,472,0
61.691744565963745,327,0
61.69548535346985,410,0
61.69935321807861,510,0
61.70354771614075,538,0
61.707308530807495,499,0
61.7110435962677,343,0
61.71500825881958,391,0
61.71882390975952,455,0
61.722774505615234,463,0
61.726893186569214,477,0
61.73061943054199,374,0
61.73451375961304,441,0
61.7385151386261,574,0
61.74231576919556,624,0
61.74628186225891,649,0
61.75018548965454,526,0
61.75413632392883,522,0
61.75804400444031,605,0
61.76190662384033,609,0
61.7658474445343,635,0
61.769824266433716,542,0
61.7737500667572,523,0
61.77757501602173,591,0
61.78153991699219,629,0
61.78536343574524,665,0
61.78936529159546,565,0
61.79321217536926,499,0
61.79704761505127,580,0
61.80261778831482,610,0
61.80509924888611,639,0
61.808995723724365,530,0
61.812755823135376,459,0
61.81663370132446,528,0
61.820536851882935,541,0
61.8245484828949,566,0
61.82851696014404,498,0
61.83230376243591,391,0
61.83623647689819,436,0
61.840296506881714,432,0
61.84401297569275,441,0
61.84792733192444,389,0
61.85185623168945,312,0
61.85583734512329,410,0
61.859720945358276,478,0
61.86374258995056,525,0
61.867477893829346,488,0
61.87142324447632,372,0
61.87534713745117,447,0
61.87920165061951,528,0
61.88319945335388,560,0
61.88704228401184,549,0
61.891127824783325,448,0
61.894837379455566,502,0
61.89879274368286,541,0
61.902727365493774,535,0
61.9066481590271,539,0
61.910566568374634,408,0
61.91454815864563,431,0
61.91845941543579,526,0
61.92227077484131,535,0
61.92629623413086,530,0
61.930349826812744,438,0
61.93405866622925,445,0
61.937952756881714,525,0
61.942007064819336,523,0
61.94594359397888,552,0
61.94969344139099,446,0
61.95373344421387,399,0
61.95768594741821,504,0
61.961493253707886,540,0
61.96533942222595,603,0
61.969281911849976,501,0
61.97315573692322,459,0
61.9771294593811,559,0
61.980936765670776,582,0
61.984885931015015,620,0
61.988898038864136,531,0
61.99284482002258,439,0
61.996628284454346,534,0
62.00058913230896,578,0
62.00463318824768,620,0
62.00845003128052,516,0
62.01228928565979,358,0
62.01629328727722,440,0
62.0201621055603,487,0
62.02417469024658,504,0
62.02797293663025,472,0
62.03199243545532,384,0
62.03594160079956,465,0
62.03965187072754,531,0
62.043590784072876,556,0
62.04761552810669,536,0
62.051483154296875,433,0
62.05529260635376,500,0
62.05929493904114,540,0
62.06307768821716,553,0
62.067076444625854,531,0
62.07092642784119,406,0
62.07485032081604,447,0
62.07890725135803,536,0
62.08290100097656,543,0
62.086710929870605,542,0
62.090625524520874,440,0
62.09449887275696,468,0
62.098427295684814,562,0
62.10223937034607,577,0
62.106149435043335,610,0
62.110103607177734,492,0
62.11392784118652,480,0
62.11785387992859,588,0
62.12185072898865,596,0
62.125882625579834,638,0
62.12967610359192,527,0
62.13366150856018,480,0
62.13764977455139,583,0
62.14171767234802,615,0
62.14532399177551,653,0
62.14922070503235,545,0
62.15316152572632,461,0
62.15722346305847,562,0
62.16100597381592,599,0
62.1648166179657,643,0
62.16882300376892,565,0
62.172696352005005,507,0
62.17662596702576,598,0
62.18055534362793,611,0
62.18455123901367,622,0
62.188554763793945,555,0
62.19241213798523,438,0
62.19614005088806,538,0
62.20012068748474,552,0
62.204039573669434,590,0
62.20817279815674,580,0
62.21198010444641,463,0
62.21571946144104,528,0
62.21961784362793,572,0
62.22395920753479,588,0
62.227712869644165,539,0
62.231332540512085,425,0
62.23533630371094,482,0
62.23925971984863,546,0
62.243141174316406,562,0
62.24707388877869,564,0
62.25115704536438,481,0
62.28099179267883,518,0
62.281511306762695,611,0
62.28187704086304,605,0
62.32472467422485,614,0
62.331220865249634,474,0
62.33177065849304,470,0
62.332087993621826,565,0
62.33226656913757,578,0
62.33461260795593,607,0
62.33483910560608,504,0
62.334999799728394,475,0
62.335155963897705,559,0
62.335304737091064,590,0
62.335464000701904,647,0
62.335620164871216,520,0
62.335777759552,455,0
62.33621788024902,565,0
62.33645224571228,588,0
62.33658289909363,621,0
62.33673143386841,537,0
62.33687090873718,457,0
62.3370099067688,564,0
62.34081768989563,600,0
62.3447847366333,645,0
62.3545777797699,570,0
62.354942083358765,471,0
62.35650062561035,544,0
62.360559940338135,575,0
62.36430788040161,620,0
62.368208169937134,582,0
62.372132778167725,436,0
62.37603569030762,498,0
62.37994718551636,532,0
62.38387489318848,543,0
62.387821674346924,514,0
62.39182424545288,419,0
62.39557957649231,498,0
62.399529695510864,550,0
62.403534173965454,572,0
62.4075870513916,596,0
62.41132307052612,506,0
62.415198802948,540,0
62.419191122055054,596,0
62.42302942276001,606,0
62.426981687545776,624,0
62.430882692337036,531,0
62.434845209121704,544,0
62.438868284225464,607,0
62.442686557769775,613,0
62.44663071632385,628,0
62.450528621673584,530,0
62.454350233078,522,0
62.4583785533905,612,0
62.46220421791077,621,0
62.46615743637085,672,0
62.46997308731079,553,0
62.474082708358765,502,0
62.47785663604736,574,0
62.48204517364502,600,0
62.485706090927124,646,0
62.48959302902222,549,0
62.49383568763733,503,0
62.49738049507141,604,0
62.50140690803528,617,0
62.5053436756134,667,0
62.50939202308655,598,0
62.51352858543396,506,0
62.51701354980469,582,0
62.52116417884827,603,0
62.52481484413147,664,0
62.52877330780029,598,0
62.532551765441895,501,0
62.53649926185608,602,0
62.5409369468689,630,0
62.54450607299805,673,0
62.54819965362549,637,0
62.55217504501343,510,0
62.55621361732483,593,0
62.559967041015625,661,0
62.563926458358765,670,0
62.56781029701233,650,0
62.5717453956604,516,0
62.57558012008667,568,0
62.57951068878174,629,0
62.583505153656006,602,0
62.58732724189758,585,0
62.59158205986023,463,0
62.59515857696533,472,0
62.5991108417511,551,0
62.6030695438385,559,0
62.60683846473694,558,0
62.610830783843994,411,0
62.614755153656006,399,0
62.618661403656006,515,0
62.62264156341553,543,0
62.62667441368103,578,0
62.63049125671387,442,0
62.634281396865845,427,0
62.63838243484497,532,0
62.64225673675537,554,0
62.64601802825928,584,0
62.64999055862427,481,0
62.65384578704834,440,0
62.65816569328308,533,0
62.66178297996521,560,0
62.665547132492065,590,0
62.66955494880676,489,0
62.67346715927124,415,0
62.67731022834778,531,0
62.68121790885925,571,0
62.68510437011719,616,0
62.68909168243408,540,0
62.69299626350403,448,0
62.69692063331604,559,0
62.701000690460205,612,0
62.70474553108215,653,0
62.708789110183716,594,0
62.71263837814331,472,0
62.71654725074768,562,0
62.720393657684326,599,0
62.724417209625244,620,0
62.72822594642639,597,0
62.73209810256958,498,0
62.736032009124756,571,0
62.739959955215454,643,0
62.74400758743286,647,0
62.7477765083313,617,0
62.75167942047119,469,0
62.75558924674988,488,0
62.75953555107117,580,0
62.76351189613342,601,0
62.76732134819031,614,0
62.77121901512146,492,0
62.77523756027222,507,0
62.779032945632935,603,0
62.78308129310608,618,0
62.786869049072266,625,0
62.790955781936646,503,0
62.794939279556274,491,0
62.798604249954224,576,0
62.80266356468201,579,0
62.806618452072144,621,0
62.810490131378174,513,0
62.814260721206665,481,0
62.8182418346405,581,0
62.822068214416504,590,0
62.82615780830383,624,0
62.82988238334656,537,0
62.833821535110474,492,0
62.83796000480652,568,0
62.841981410980225,580,0
62.845682859420776,605,0
62.84962344169617,529,0
62.85354518890381,448,0
62.85746955871582,539,0
62.861369371414185,587,0
62.86514210700989,632,0
62.868995666503906,584,0
62.87307167053223,484,0
62.877084493637085,580,0
62.880818605422974,628,0
62.88483214378357,665,0
62.88855838775635,635,0
62.89256834983826,508,0
62.896464109420776,584,0
62.90025186538696,664,0
62.9041850566864,697,0
62.90810418128967,654,0
62.91201972961426,504,0
62.915886640548706,553,0
62.919912338256836,644,0
62.92382097244263,668,0
62.92764472961426,658,0
62.931660890579224,494,0
62.9355194568634,508,0
62.939491748809814,599,0
62.943297147750854,626,0
62.94719409942627,633,0
62.95113706588745,463,0
62.95510649681091,435,0
62.95895743370056,539,0
62.96293234825134,572,0
62.96679401397705,604,0
62.97078585624695,460,0
62.974689960479736,423,0
62.97849631309509,539,0
62.98248553276062,557,0
62.98655104637146,578,0
62.990466833114624,453,0
62.99416422843933,391,0
62.998130798339844,479,0
63.00197672843933,487,0
63.005908727645874,527,0
63.00987982749939,478,0
63.01401400566101,427,0
63.01763916015625,495,0
63.021538496017456,487,0
63.02589249610901,510,0
63.02947497367859,463,0
63.03327488899231,372,0
63.03720712661743,405,0
63.041367292404175,423,0
63.045209884643555,454,0
63.04909873008728,392,0
63.052889585494995,273,0
63.0569052696228,382,0
63.060808420181274,470,0
63.06460523605347,497,0
63.06858563423157,466,0
63.072596073150635,317,0
63.07652688026428,381,0
63.08038067817688,477,0
63.084285497665405,500,0
63.08803725242615,480,0
63.091922998428345,385,0
63.09587478637695,424,0
63.09992742538452,469,0
63.10375738143921,482,0
63.10782599449158,499,0
63.11154508590698,427,0
63.11561989784241,465,0
63.11947464942932,511,0
63.12341117858887,505,0
63.12739324569702,529,0
63.13114023208618,457,0
63.135114908218384,454,0
63.13896203041077,513,0
63.14313793182373,511,0
63.14683485031128,560,0
63.15065836906433,495,0
63.15464210510254,456,0
63.15870428085327,520,0
63.16253137588501,535,0
63.1664502620697,602,0
63.170244455337524,520,0
63.17420721054077,476,0
63.17822289466858,522,0
63.182071924209595,525,0
63.18593645095825,570,0
63.19002604484558,529,0
63.19393491744995,479,0
63.197667360305786,534,0
63.201791286468506,549,0
63.20572233200073,586,0
63.20939564704895,552,0
63.21328830718994,480,0
63.21740460395813,535,0
63.221144914627075,537,0
63.22517943382263,562,0
63.229254961013794,559,0
63.23293995857239,466,0
63.23690605163574,487,0
63.240896701812744,503,0
63.24475884437561,545,0
63.2485613822937,524,0
63.25249433517456,408,0
63.256343126297,459,0
63.26037406921387,528,0
63.2641167640686,545,0
63.26807951927185,573,0
63.2719886302948,522,0
63.275986433029175,554,0
63.27986168861389,587,0
63.28379988670349,590,0
63.28764319419861,617,0
63.291879177093506,564,0
63.2955846786499,563,0
63.29951524734497,559,0
63.303309202194214,534,0
63.30741310119629,571,0
63.31116437911987,481,0
63.31506156921387,492,0
63.31905698776245,572,0
63.32322335243225,569,0
63.32727885246277,586,0
63.33094263076782,483,0
63.3357515335083,444,0
63.33855390548706,488,0
63.34249401092529,494,0
63.346280097961426,550,0
63.35026931762695,447,0
63.354087829589844,388,0
63.358099937438965,433,0
63.36193799972534,432,0
63.3657910823822,472,0
63.36976075172424,445,0
63.37405776977539,400,0
63.37759351730347,446,0
63.381513357162476,429,0
63.38549208641052,433,0
63.38927459716797,427,0
63.393168687820435,381,0
63.397095680236816,414,0
63.40099787712097,421,0
63.40497636795044,439,0
63.408947706222534,432,0
63.412771224975586,362,0
63.416781187057495,412,0
63.42060732841492,436,0
63.424582958221436,459,0
63.42848181724548,474,0
63.432289123535156,410,0
63.43622398376465,433,0
63.44013810157776,451,0
63.444061279296875,462,0
63.448073387145996,480,0
63.451873779296875,417,0
63.45582580566406,432,0
63.4596962928772,462,0
63.46377968788147,468,0
63.46753239631653,507,0
63.47151017189026,444,0
63.475454568862915,445,0
63.479248046875,476,0
63.48320388793945,475,0
63.48710560798645,518,0
63.49110460281372,474,0
63.49495816230774,459,0
63.49889516830444,489,0
63.50272274017334,454,0
63.50675415992737,486,0
63.51055574417114,432,0
63.514498472213745,395,0
63.51846766471863,430,0
63.522427558898926,426,0
63.52617931365967,500,0
63.53020620346069,491,0
63.53410363197327,469,0
63.538045167922974,511,0
63.54188942909241,503,0
63.54586338996887,538,0
63.549736738204956,525,0
63.55387330055237,489,0
63.55755686759949,521,0
63.561450242996216,509,0
63.565420627593994,532,0
63.56924080848694,531,0
63.57316565513611,479,0
63.57717561721802,509,0
63.58098101615906,531,0
63.584869146347046,558,0
63.588951587677,576,0
63.59274435043335,528,0
63.59661078453064,560,0
63.600531578063965,555,0
63.60452222824097,551,0
63.60873794555664,580,0
63.61232352256775,538,0
63.61627268791199,535,0
63.620163440704346,526,0
63.6242139339447,530,0
63.64367389678955,576,0
63.64540433883667,530,0
63.64684343338013,525,0
63.65043807029724,542,0
63.651700019836426,545,0
63.652411222457886,587,0
63.6526620388031,551,0
63.6554012298584,553,0
63.66255974769592,591,0
63.66350746154785,568,0
63.6671941280365,612,0
63.67094969749451,572,0
63.67489743232727,520,0
63.67886400222778,506,0
63.68283295631409,470,0
63.68662428855896,499,0
63.69072866439819,473,0
63.69443416595459,439,0
63.69835615158081,472,0
63.70223522186279,475,0
63.70614528656006,532,0
63.71004772186279,516,0
63.714056730270386,468,0
63.71788024902344,483,0
63.72187662124634,479,0
63.725796937942505,518,0
63.72970390319824,510,0
63.733628034591675,450,0
63.73759412765503,466,0
63.741607666015625,458,0
63.745338678359985,488,0
63.749420166015625,491,0
63.753119230270386,419,0
63.757214307785034,431,0
63.787041664123535,403,0
63.789910554885864,410,0
63.84653854370117,458,0
63.85028696060181,434,0
63.85060405731201,470,0
63.850940465927124,483,0
63.85120177268982,493,0
63.85146522521973,514,0
63.85168409347534,463,0
63.85188579559326,458,0
63.85205936431885,465,0
63.852222204208374,463,0
63.85240077972412,499,0
63.85260605812073,449,0
63.852837800979614,465,0
63.85301399230957,494,0
63.85323929786682,489,0
63.853493213653564,513,0
63.85368847846985,464,0
63.85387301445007,447,0
63.8540461063385,485,0
63.85421800613403,479,0
63.854371547698975,514,0
63.85451793670654,431,0
63.85487771034241,384,0
63.85889005661011,444,0
63.862675189971924,441,0
63.86671733856201,473,0
63.87094807624817,425,0
63.874584436416626,378,0
63.8783004283905,481,0
63.88219141960144,510,0
63.88620042800903,541,0
63.89004588127136,459,0
63.89393877983093,381,0
63.897876262664795,495,0
63.90199041366577,549,0
63.90567231178284,581,0
63.90979719161987,525,0
63.913543701171875,426,0
63.91752862930298,518,0
63.9213650226593,569,0
63.92542767524719,588,0
63.92917799949646,564,0
63.933234453201294,457,0
63.937028884887695,520,0
63.941036224365234,573,0
63.94505977630615,578,0
63.94896340370178,573,0
63.95289397239685,476,0
63.9566388130188,518,0
63.9605827331543,600,0
63.964696407318115,623,0
63.96833825111389,647,0
63.972275257110596,548,0
63.97640657424927,571,0
63.980124950408936,630,0
63.98397517204285,600,0
63.987924098968506,620,0
63.992175340652466,541,0
63.995925188064575,544,0
63.99968647956848,619,0
64.00381374359131,607,0
64.00786685943604,633,0
64.01148557662964,529,0
64.01519894599915,484,0
64.01934671401978,570,0
64.0232412815094,576,0
64.0270688533783,597,0
64.03093647956848,468,0
64.03489565849304,388,0
64.03890943527222,500,0
64.04297542572021,535,0
64.0465977191925,591,0
64.05077409744263,521,0
64.05450105667114,441,0
64.05845594406128,537,0
64.06219410896301,571,0
64.06616592407227,603,0
64.07027244567871,551,0
64.07416820526123,450,0
64.07797336578369,531,0
64.08189010620117,577,0
64.08603572845459,613,0
64.08962202072144,591,0
64.0938196182251,476,0
64.09747672080994,547,0
64.10139679908752,602,0
64.10518503189087,611,0
64.1092164516449,593,0
64.11303901672363,484,0
64.11712265014648,515,0
64.12086820602417,579,0
64.12495589256287,601,0
64.12895035743713,612,0
64.13258647918701,512,0
64.13664937019348,547,0
64.14076089859009,604,0
64.14443802833557,611,0
64.1482138633728,623,0
64.15214347839355,527,0
64.15606737136841,524,0
64.16003489494324,593,0
64.16389846801758,605,0
64.16781401634216,651,0
64.17182517051697,566,0
64.17590379714966,513,0
64.17956399917603,564,0
64.18369269371033,562,0
64.18749737739563,591,0
64.19191002845764,506,0
64.19539189338684,420,0
64.19917416572571,471,0
64.20304489135742,456,0
64.20705580711365,473,0
64.21087574958801,409,0
64.21472692489624,343,0
64.2188470363617,417,0
64.22263050079346,443,0
64.22656607627869,477,0
64.23050904273987,440,0
64.23436284065247,368,0
64.2383668422699,453,0
64.24228024482727,521,0
64.24608874320984,541,0
64.25008249282837,491,0
64.25401306152344,401,0
64.25788593292236,479,0
64.26188921928406,475,0
64.26593732833862,490,0
64.26976799964905,479,0
64.27356362342834,391,0
64.27757263183594,481,0
64.2814040184021,532,0
64.28520894050598,561,0
64.28913688659668,565,0
64.2931649684906,469,0
64.29700136184692,509,0
64.30098366737366,587,0
64.30480670928955,575,0
64.30890440940857,561,0
64.31267285346985,461,0
64.31666469573975,472,0
64.32050442695618,536,0
64.32452583312988,529,0
64.32822704315186,527,0
64.33226346969604,436,0
64.33616423606873,420,0
64.3400068283081,479,0
64.34396314620972,474,0
64.34792947769165,519,0
64.35181283950806,477,0
64.35580682754517,456,0
64.35965061187744,507,0
64.36349034309387,514,0
64.36733961105347,551,0
64.37128329277039,460,0
64.37525057792664,408,0
64.37912940979004,456,0
64.3830828666687,468,0
64.38702464103699,522,0
64.39089250564575,475,0
64.3947594165802,420,0
64.39869022369385,472,0
64.40257573127747,464,0
64.40655446052551,468,0
64.41051697731018,416,0
64.41440463066101,338,0
64.4182198047638,410,0
64.42215323448181,435,0
64.42622900009155,474,0
64.42998743057251,423,0
64.43397116661072,326,0
64.43791818618774,414,0
64.44187211990356,454,0
64.4457688331604,437,0
64.44952201843262,414,0
64.4534854888916,288,0
64.45763778686523,331,0
64.46140336990356,373,0
64.46510553359985,383,0
64.46908950805664,402,0
64.47299432754517,319,0
64.47697806358337,360,0
64.48085522651672,442,0
64.48481702804565,436,0
64.48872518539429,454,0
64.49269008636475,374,0
64.49660730361938,376,0
64.50033807754517,451,0
64.5042712688446,447,0
64.50845909118652,474,0
64.51210403442383,393,0
64.51609444618225,362,0
64.51992273330688,430,0
64.52420997619629,424,0
64.5278434753418,457,0
64.53172540664673,360,0
64.53562045097351,321,0
64.53962087631226,400,0
64.54354739189148,410,0
64.54728126525879,452,0
64.55128526687622,388,0
64.55508542060852,338,0
64.55910587310791,455,0
64.56304144859314,476,0
64.56695866584778,495,0
64.57084441184998,458,0
64.5750584602356,377,0
64.57883095741272,437,0
64.5826485157013,465,0
64.58650970458984,501,0
64.59033608436584,478,0
64.59444975852966,388,0
64.5981855392456,469,0
64.60225296020508,502,0
64.60610675811768,528,0
64.61010646820068,521,0
64.61411833763123,418,0
64.61780643463135,501,0
64.62163925170898,555,0
64.62577533721924,563,0
64.62958598136902,552,0
64.63346076011658,480,0
64.63726949691772,540,0
64.64124321937561,618,0
64.64510822296143,626,0
64.6489679813385,614,0
64.65297985076904,489,0
64.65700554847717,505,0
64.66089653968811,579,0
64.66484951972961,566,0
64.66858577728271,588,0
64.67277359962463,498,0
64.67664051055908,503,0
64.68040800094604,560,0
64.68423390388489,574,0
64.68819332122803,607,0
64.69219422340393,476,0
64.69599151611328,413,0
64.69991660118103,491,0
64.70399785041809,514,0
64.70795106887817,543,0
64.71177387237549,453,0
64.71574592590332,360,0
64.71958684921265,450,0
64.72389769554138,479,0
64.72729539871216,508,0
64.73119115829468,433,0
64.73512268066406,366,0
64.7390022277832,476,0
64.7430272102356,492,0
64.74700164794922,523,0
64.75094604492188,492,0
64.75470447540283,426,0
64.75873851776123,464,0
64.76251673698425,447,0
64.76653838157654,464,0
64.7703058719635,406,0
64.77432250976562,322,0
64.77814483642578,398,0
64.7821307182312,443,0
64.78597116470337,485,0
64.79001522064209,473,0
64.79399299621582,376,0
64.79771614074707,441,0
64.80171537399292,487,0
64.8057689666748,481,0
64.80951642990112,477,0
64.81335926055908,415,0
64.8172836303711,450,0
64.82126426696777,495,0
64.82531428337097,476,0
64.82899856567383,476,0
64.83295178413391,408,0
64.83684206008911,418,0
64.84097337722778,450,0
64.8447015285492,448,0
64.84878134727478,481,0
64.85257887840271,422,0
64.85639333724976,425,0
64.86038899421692,466,0
64.86418867111206,460,0
64.86808681488037,507,0
64.87215805053711,435,0
64.87592911720276,384,0
64.87980484962463,466,0
64.88382244110107,470,0
64.88787841796875,483,0
64.89166235923767,404,0
64.89556050300598,358,0
64.89962553977966,440,0
64.9032711982727,456,0
64.90744662284851,499,0
64.91111731529236,435,0
64.91506338119507,343,0
64.91891026496887,448,0
64.92298150062561,490,0
64.92711448669434,488,0
64.93082880973816,446,0
64.93490362167358,370,0
64.93871688842773,431,0
64.94262552261353,445,0
64.9466643333435,474,0
64.95043683052063,453,0
64.9542646408081,302,0
64.95807528495789,352,0
64.96209931373596,428,0
64.96603012084961,459,0
64.96985626220703,441,0
64.97394490242004,313,0
64.97782874107361,333,0
64.98161363601685,392,0
64.98556327819824,398,0
64.98940753936768,415,0
64.99322390556335,310,0
64.99720740318298,334,0
65.00105810165405,387,0
65.00501680374146,366,0
65.0218493938446,397,0
65.02230596542358,357,0
65.02255582809448,379,0
65.023108959198,429,0
65.02664518356323,444,0
65.02850294113159,511,0
65.03245210647583,446,0
65.03633713722229,430,0
65.0403459072113,506,0
65.04421901702881,497,0
65.04802942276001,525,0
65.05200934410095,435,0
65.05594897270203,394,0
65.05983281135559,462,0
65.06384897232056,453,0
65.0678186416626,492,0
65.0718035697937,435,0
65.07558012008667,380,0
65.07937145233154,458,0
65.0833113193512,465,0
65.08725595474243,484,0
65.09125542640686,480,0
65.0949935913086,432,0
65.09914708137512,478,0
65.10295462608337,469,0
65.10689330101013,478,0
65.11077547073364,466,0
65.11477708816528,399,0
65.11848330497742,455,0
65.12236952781677,479,0
65.12656235694885,506,0
65.13035011291504,496,0
65.13428688049316,389,0
65.13798189163208,453,0
65.1419792175293,507,0
65.14598298072815,518,0
65.15000653266907,527,0
65.15371036529541,454,0
65.15785050392151,488,0
65.16153883934021,558,0
65.1654703617096,557,0
65.16936087608337,568,0
65.17326307296753,471,0
65.1771731376648,509,0
65.18113231658936,583,0
65.18496417999268,601,0
65.18884682655334,644,0
65.19300556182861,548,0
65.1967260837555,530,0
65.20063710212708,619,0
65.20458912849426,610,0
65.20871019363403,633,0
65.21234107017517,539,0
65.21633005142212,485,0
65.22023749351501,601,0
65.22429704666138,628,0
65.22804641723633,666,0
65.23201084136963,550,0
65.23588299751282,461,0
65.23990869522095,578,0
65.24384236335754,623,0
65.24757432937622,662,0
65.25153398513794,579,0
65.25546932220459,455,0
65.25944375991821,514,0
65.26335787773132,557,0
65.26723074913025,587,0
65.27145099639893,521,0
65.27513980865479,405,0
65.27894425392151,504,0
65.28297090530396,576,0
65.28684210777283,610,0
65.29088926315308,587,0
65.29458618164062,448,0
65.29849195480347,523,0
65.30229687690735,615,0
65.30621361732483,629,0
65.31016898155212,581,0
65.31400060653687,408,0
65.31791257858276,416,0
65.32202196121216,502,0
65.32579517364502,535,0
65.32976460456848,534,0
65.33375477790833,389,0
65.33756017684937,407,0
65.34173965454102,509,0
65.34541249275208,528,0
65.34925603866577,548,0
65.3532965183258,414,0
65.35725855827332,390,0
65.36104440689087,484,0
65.36504817008972,497,0
65.36890649795532,537,0
65.40175676345825,395,0
65.4020836353302,350,0
65.4400954246521,466,0
65.44406151771545,494,0
65.44454741477966,552,0
65.44483375549316,434,0
65.44518637657166,346,0
65.4453911781311,470,0
65.44554471969604,540,0
65.44568371772766,589,0
65.4458270072937,483,0
65.44596409797668,375,0
65.44610524177551,501,0
65.44623851776123,573,0
65.44641089439392,616,0
65.44655776023865,544,0
65.44669556617737,426,0
65.4468560218811,550,0
65.44699430465698,628,0
65.44714379310608,669,0
65.45094108581543,594,0
65.4549081325531,439,0
65.4589490890503,516,0
65.46418023109436,587,0
65.46666193008423,604,0
65.47050666809082,561,0
65.47449946403503,400,0
65.47843194007874,466,0
65.48227858543396,559,0
65.48623538017273,590,0
65.49008655548096,577,0
65.49399280548096,433,0
65.49788618087769,492,0
65.50187635421753,606,0
65.50592541694641,631,0
65.50980234146118,638,0
65.51358604431152,493,0
65.51757884025574,492,0
65.52155423164368,601,0
65.52560091018677,618,0
65.52931022644043,620,0
65.53314256668091,481,0
65.53718876838684,462,0
65.5412209033966,592,0
65.54498100280762,606,0
65.54893016815186,623,0
65.55293297767639,476,0
65.55662322044373,404,0
65.5606620311737,529,0
65.56452488899231,564,0
65.5683650970459,605,0
65.57243132591248,483,0
65.57632827758789,388,0
65.58016777038574,504,0
65.5840163230896,555,0
65.58792901039124,596,0
65.59215879440308,499,0
65.59600973129272,384,0
65.59985566139221,510,0
65.60358357429504,588,0
65.60782837867737,636,0
65.61160016059875,561,0
65.61543416976929,452,0
65.61923837661743,531,0
65.62322878837585,592,0
65.62731337547302,613,0
65.63102698326111,551,0
65.63495707511902,389,0
65.63885736465454,474,0
65.64298176765442,569,0
65.64664053916931,597,0
65.6505880355835,562,0
65.65454912185669,417,0
65.65834307670593,452,0
65.66234612464905,550,0
65.66611313819885,562,0
65.67010474205017,549,0
65.6743369102478,427,0
65.67816758155823,452,0
65.68183398246765,542,0
65.68589496612549,561,0
65.68984031677246,580,0
65.69379949569702,438,0
65.69751048088074,423,0
65.70148849487305,535,0
65.70544052124023,562,0
65.70924377441406,626,0
65.7130982875824,506,0
65.71702551841736,475,0
65.7209677696228,600,0
65.72514510154724,604,0
65.72889471054077,624,0
65.73268008232117,506,0
65.7366201877594,451,0
65.74076080322266,571,0
65.74477195739746,594,0
65.74852275848389,620,0
65.7522542476654,502,0
65.7563099861145,416,0
65.76009559631348,525,0
65.76399540901184,522,0
65.76809239387512,530,0
65.77200651168823,440,0
65.77594184875488,342,0
65.77974247932434,460,0
65.7835853099823,535,0
65.78769397735596,572,0
65.79158306121826,495,0
65.79525876045227,368,0
65.79930186271667,493,0
65.80324792861938,592,0
65.80698752403259,618,0
65.81104922294617,581,0
65.81497716903687,469,0
65.81877946853638,532,0
65.82288694381714,595,0
65.82671761512756,617,0
65.83048176765442,627,0
65.8344874382019,508,0
65.8383276462555,521,0
65.84229040145874,622,0
65.84615159034729,644,0
65.85011172294617,651,0
65.85397696495056,525,0
65.85808682441711,518,0
65.8618266582489,597,0
65.86567282676697,609,0
65.86979556083679,637,0
65.87354898452759,524,0
65.87758684158325,469,0
65.88134980201721,548,0
65.8852391242981,565,0
65.88922905921936,613,0
65.89320850372314,512,0
65.89696025848389,456,0
65.90089464187622,545,0
65.90501022338867,556,0
65.9090678691864,609,0
65.91273427009583,509,0
65.91665291786194,437,0
65.92056012153625,567,0
65.9243905544281,605,0
65.92836570739746,642,0
65.93224930763245,568,0
65.93614625930786,454,0
65.94021272659302,524,0
65.9439206123352,573,0
65.94788765907288,621,0
65.95194888114929,561,0
65.95569562911987,435,0
65.95968747138977,497,0
65.9635419845581,545,0
65.96753692626953,574,0
65.97144317626953,527,0
65.97540307044983,388,0
65.97916221618652,437,0
65.98311972618103,497,0
65.98694801330566,522,0
65.99109935760498,521,0
65.99503827095032,391,0
65.99890494346619,425,0
66.00266814231873,495,0
66.00672388076782,535,0
66.01060247421265,583,0
66.01435852050781,489,0
66.01827263832092,511,0
66.02222895622253,597,0
66.02611756324768,620,0
66.03000593185425,659,0
66.03395867347717,538,0
66.0378634929657,506,0
66.04195380210876,572,0
66.0458664894104,566,0
66.0496256351471,601,0
66.0536744594574,475,0
66.0578408241272,423,0
66.06133222579956,515,0
66.06526398658752,528,0
66.06919574737549,579,0
66.07312679290771,486,0
66.07706236839294,421,0
66.08088111877441,525,0
66.08500170707703,561,0
66.0888946056366,608,0
66.09271192550659,527,0
66.09657430648804,430,0
66.10054683685303,526,0
66.10444188117981,561,0
66.10868048667908,599,0
66.11213564872742,534,0
66.11617612838745,429,0
66.12001657485962,538,0
66.12436246871948,624,0
66.12792778015137,682,0
66.13181710243225,633,0
66.1357352733612,515,0
66.13970828056335,597,0
66.1435489654541,640,0
66.14736771583557,661,0
66.15130639076233,638,0
66.15524911880493,514,0
66.15916967391968,568,0
66.16299676895142,634,0
66.16694450378418,650,0
66.17093348503113,635,0
66.1751115322113,506,0
66.17869234085083,520,0
66.18253183364868,589,0
66.18652272224426,617,0
66.19033145904541,636,0
66.19433832168579,479,0
66.19815254211426,477,0
66.20212125778198,565,0
66.2061939239502,577,0
66.20988965034485,597,0
66.21393013000488,463,0
66.21783113479614,422,0
66.22189831733704,517,0
66.22571444511414,515,0
66.22961473464966,542,0
66.2335000038147,417,0
66.23736643791199,347,0
66.2414002418518,435,0
66.24527931213379,454,0
66.24901819229126,498,0
66.25297927856445,387,0
66.25689244270325,288,0
66.2609281539917,372,0
66.26479911804199,403,0
66.26865100860596,443,0
66.27268171310425,381,0
66.27668595314026,291,0
66.28031516075134,391,0
66.28433609008789,443,0
66.28824257850647,485,0
66.29218006134033,437,0
66.2960000038147,329,0
66.29995799064636,416,0
66.3039186000824,467,0
66.30810523033142,493,0
66.31166362762451,458,0
66.3155403137207,338,0
66.3194887638092,400,0
66.3233072757721,463,0
66.32725286483765,494,0
66.33115696907043,492,0
66.33506727218628,388,0
66.33898162841797,439,0
66.34292197227478,517,0
66.34679841995239,539,0
66.35075259208679,537,0
66.35484790802002,409,0
66.35876250267029,426,0
66.36254072189331,499,0
66.36657094955444,503,0
66.37030506134033,547,0
66.37436366081238,432,0
66.37825345993042,424,0
66.38221502304077,511,0
66.38592410087585,523,0
66.39000248908997,563,0
66.3939700126648,463,0
66.3977460861206,439,0
66.40164399147034,523,0
66.40557789802551,531,0
66.40950417518616,561,0
66.41337990760803,462,0
66.41726899147034,385,0
66.42127752304077,461,0
66.42522072792053,462,0
66.42897152900696,495,0
66.43287396430969,408,0
66.43692398071289,345,0
66.4410572052002,416,0
66.44463181495667,430,0
66.44864988327026,469,0
66.45256686210632,412,0
66.45644617080688,308,0
66.46027636528015,397,0
66.46414875984192,437,0
66.46813774108887,475,0
66.47203254699707,448,0
66.4759156703949,345,0
66.479825258255,434,0
66.48394536972046,501,0
66.4876561164856,543,0
66.49172139167786,515,0
66.49555778503418,384,0
66.4995219707489,408,0
66.50335550308228,453,0
66.50728154182434,480,0
66.51122450828552,495,0
66.5151948928833,391,0
66.51910924911499,443,0
66.52290725708008,533,0
66.5269672870636,568,0
66.53066205978394,585,0
66.53457236289978,475,0
66.53851199150085,492,0
66.54247403144836,589,0
66.54637145996094,598,0
66.55044198036194,626,0
66.55418062210083,528,0
66.55812478065491,514,0
66.56195306777954,603,0
66.56605052947998,601,0
66.56982684135437,617,0
66.57368922233582,482,0
66.5776436328888,422,0
66.58159589767456,512,0
66.58563899993896,524,0
66.58935356140137,551,0
66.59333944320679,445,0
66.59729194641113,382,0
66.60107016563416,482,0
66.60503697395325,512,0
66.60908532142639,568,0
66.61283850669861,497,0
66.61690855026245,406,0
66.62074637413025,495,0
66.62469005584717,548,0
66.62852191925049,576,0
66.6325159072876,507,0
66.6362853050232,392,0
66.64021062850952,487,0
66.64410996437073,550,0
66.64806699752808,594,0
66.65195059776306,568,0
66.65586709976196,423,0
66.65995192527771,462,0
66.6638252735138,517,0
66.66765522956848,559,0
66.67156100273132,562,0
66.67679834365845,441,0
66.68627691268921,473,0
66.6873950958252,542,0
66.68842649459839,562,0
66.69122362136841,576,0
66.69499111175537,470,0
66.6989073753357,514,0
66.70278668403625,605,0
66.70682168006897,620,0
66.71091341972351,623,0
66.71455597877502,491,0
66.718514919281,496,0
66.72258448600769,578,0
66.7264187335968,588,0
66.73023414611816,627,0
66.73414278030396,519,0
66.73801016807556,480,0
66.74191284179688,565,0
66.74583125114441,576,0
66.74986934661865,636,0
66.7539632320404,538,0
66.75785088539124,496,0
66.76159071922302,602,0
66.76564455032349,625,0
66.769357919693,674,0
66.77322912216187,587,0
66.77719783782959,513,0
66.78105115890503,604,0
66.78501725196838,623,0
66.78888082504272,654,0
66.79288339614868,582,0
66.79679942131042,489,0
66.80088710784912,602,0
66.80523681640625,645,0
66.80858731269836,672,0
66.81250929832458,615,0
66.81654500961304,496,0
66.82017874717712,582,0
66.82409286499023,629,0
66.82810115814209,657,0
66.83192658424377,603,0
66.83601975440979,477,0
66.8399395942688,544,0
66.84380316734314,611,0
66.84769439697266,623,0
66.8516161441803,591,0
66.85551476478577,455,0
66.85965132713318,498,0
66.86324095726013,559,0
66.86720132827759,563,0
66.87126994132996,561,0
66.87503004074097,430,0
66.87900042533875,446,0
66.88290929794312,545,0
66.88667583465576,557,0
66.89102339744568,589,0
66.89462447166443,485,0
66.89847707748413,458,0
66.90233826637268,527,0
66.90642261505127,535,0
66.9101870059967,567,0
66.91416621208191,470,0
66.91807341575623,448,0
66.92202281951904,576,0
66.9260184764862,596,0
66.92973923683167,622,0
66.93366146087646,525,0
66.93762636184692,475,0
66.94178414344788,577,0
66.94552063941956,581,0
66.94936156272888,597,0
66.95326948165894,491,0
66.95727825164795,398,0
66.96112275123596,509,0
66.96500849723816,553,0
66.96888256072998,581,0
66.9730589389801,501,0
67.00256180763245,387,0
67.00469827651978,482,0
67.04168462753296,547,0
67.04248189926147,583,0
67.04346752166748,523,0
67.04381370544434,394,0
67.0521342754364,470,0
67.05271458625793,529,0
67.05651879310608,536,0
67.0584135055542,495,0
67.05976390838623,358,0
67.06177592277527,427,0
67.06304049491882,520,0
67.06370544433594,539,0
67.06411957740784,535,0
67.06447958946228,414,0
67.06494212150574,444,0
67.06632995605469,522,0
67.06720566749573,532,0
67.0868124961853,553,0
67.08797836303711,436,0
67.0882740020752,452,0
67.08849430084229,562,0
67.08911299705505,566,0
67.08948087692261,589,0
67.08974957466125,484,0
67.08993625640869,460,0
67.090078830719,561,0
67.09026074409485,567,0
67.09055018424988,598,0
67.09402227401733,467,0
67.09791326522827,410,0
67.10187935829163,520,0
67.10581588745117,543,0
67.1098985671997,553,0
67.11362433433533,439,0
67.11761689186096,360,0
67.1215009689331,471,0
67.12537670135498,501,0
67.12940311431885,527,0
67.13325929641724,425,0
67.1370780467987,311,0
67.14099669456482,429,0
67.14487743377686,487,0
67.14882302284241,526,0
67.15280294418335,459,0
67.15677785873413,324,0
67.16070127487183,414,0
67.16462397575378,477,0
67.16841864585876,508,0
67.17234969139099,462,0
67.17631316184998,328,0
67.18028616905212,409,0
67.18404936790466,480,0
67.1881537437439,505,0
67.19193148612976,487,0
67.19583702087402,368,0
67.19969487190247,434,0
67.20376944541931,535,0
67.20806980133057,555,0
67.21152544021606,529,0
67.2153308391571,380,0
67.21928286552429,392,0
67.22323608398438,502,0
67.22705388069153,504,0
67.2310037612915,501,0
67.23504519462585,374,0
67.23889446258545,396,0
67.24284791946411,533,0
67.24666714668274,543,0
67.25065326690674,565,0
67.2545394897461,431,0
67.25859045982361,399,0
67.26227569580078,540,0
67.26622700691223,561,0
67.27012181282043,598,0
67.27416706085205,480,0
67.27800107002258,405,0
67.28185653686523,528,0
67.28598499298096,571,0
67.28972816467285,618,0
67.2938346862793,496,0
67.29754829406738,380,0
67.3015022277832,506,0
67.30531215667725,572,0
67.3093330860138,612,0
67.3131217956543,537,0
67.31711006164551,405,0
67.32101798057556,528,0
67.32518529891968,616,0
67.32898044586182,654,0
67.3327248096466,583,0
67.33683800697327,429,0
67.34090065956116,505,0
67.34455347061157,583,0
67.34838819503784,618,0
67.35226464271545,590,0
67.35620760917664,442,0
67.36045956611633,510,0
67.36418056488037,621,0
67.3678982257843,640,0
67.37205576896667,612,0
67.37597727775574,454,0
67.37974047660828,493,0
67.38354969024658,619,0
67.3874864578247,662,0
67.3919005393982,676,0
67.39526748657227,528,0
67.39922904968262,527,0
67.40308213233948,634,0
67.40712285041809,647,0
67.4109959602356,675,0
67.4148678779602,552,0
67.41890692710876,509,0
67.42265272140503,607,0
67.4266791343689,633,0
67.43056321144104,661,0
67.43452548980713,527,0
67.43840909004211,476,0
67.44237470626831,586,0
67.44626355171204,603,0
67.45007395744324,636,0
67.45399975776672,532,0
67.45807528495789,444,0
67.46190810203552,554,0
67.465895652771,602,0
67.46964812278748,632,0
67.47376132011414,556,0
67.4776246547699,444,0
67.48152613639832,552,0
67.48523807525635,616,0
67.48918509483337,660,0
67.49320793151855,611,0
67.49710416793823,454,0
67.50106072425842,518,0
67.50487017631531,571,0
67.50894951820374,594,0
67.51287508010864,550,0
67.5165708065033,413,0
67.520667552948,485,0
67.52454233169556,571,0
67.52837252616882,602,0
67.53220796585083,581,0
67.53629279136658,436,0
67.54005241394043,472,0
67.54397702217102,565,0
67.54798030853271,588,0
67.55184531211853,591,0
67.55575680732727,455,0
67.55965375900269,472,0
67.56359076499939,588,0
67.56755375862122,619,0
67.57151746749878,648,0
67.57547235488892,529,0
67.5791289806366,505,0
67.58311104774475,609,0
67.58707737922668,629,0
67.59108138084412,653,0
67.59492874145508,538,0
67.5987138748169,486,0
67.60286736488342,588,0
67.60663056373596,614,0
67.61075091362,660,0
67.61440300941467,555,0
67.61831617355347,482,0
67.62232613563538,592,0
67.62636876106262,634,0
67.62997484207153,669,0
67.63398313522339,570,0
67.63785719871521,470,0
67.64188122749329,574,0
67.64567804336548,624,0
67.64968705177307,656,0
67.65367245674133,573,0
67.6574912071228,460,0
67.6613347530365,565,0
67.66529107093811,625,0
67.66915011405945,657,0
67.67309212684631,601,0
67.67714595794678,475,0
67.68103241920471,551,0
67.68500852584839,604,0
67.68883347511292,627,0
67.69271159172058,595,0
67.69670629501343,475,0
67.70052981376648,550,0
67.7044026851654,633,0
67.70832324028015,640,0
67.71215057373047,620,0
67.71616816520691,489,0
67.7199878692627,515,0
67.72407484054565,617,0
67.72814011573792,637,0
67.73205161094666,644,0
67.73582220077515,507,0
67.73954224586487,508,0
67.74380493164062,608,0
67.74734258651733,627,0
67.75128650665283,654,0
67.75520157814026,525,0
67.77235960960388,502,0
67.77352261543274,605,0
67.77377247810364,627,0
67.7743284702301,668,0
67.7785062789917,547,0
67.77897310256958,489,0
67.78264617919922,591,0
67.7865252494812,616,0
67.79047083854675,649,0
67.79432845115662,540,0
67.79821586608887,458,0
67.80220532417297,571,0
67.80608940124512,606,0
67.80996298789978,645,0
67.8138427734375,556,0
67.81776475906372,451,0
67.82170224189758,554,0
67.82576441764832,606,0
67.82958054542542,645,0
67.83352208137512,569,0
67.83732199668884,433,0
67.84135508537292,519,0
67.84513807296753,585,0
67.84909534454346,613,0
67.85295271873474,554,0
67.85696935653687,413,0
67.8608820438385,482,0
67.86470127105713,575,0
67.86884021759033,603,0
67.87260961532593,573,0
67.87655782699585,421,0
67.88055038452148,462,0
67.88432216644287,547,0
67.88819026947021,559,0
67.89216923713684,561,0
67.89632773399353,438,0
67.90001702308655,477,0
67.9039888381958,587,0
67.90799689292908,598,0
67.91191005706787,611,0
67.91594171524048,476,0
67.91968083381653,461,0
67.92373776435852,574,0
67.92777156829834,596,0
67.93137741088867,625,0
67.93523836135864,493,0
67.93912410736084,443,0
67.94308996200562,555,0
67.94703221321106,587,0
67.95089387893677,636,0
67.95469188690186,530,0
67.95863223075867,468,0
67.96261239051819,589,0
67.966548204422,634,0
67.97043132781982,680,0
67.97452449798584,582,0
67.97815322875977,485,0
67.98213648796082,587,0
67.98596334457397,623,0
67.98995637893677,649,0
67.99387192726135,564,0
67.99771809577942,427,0
68.0016701221466,510,0
68.00556325912476,563,0
68.00966119766235,592,0
68.01348686218262,534,0
68.01726937294006,395,0
68.0211820602417,486,0
68.02508521080017,573,0
68.02901458740234,603,0
68.03291487693787,571,0
68.03684043884277,427,0
68.0410144329071,481,0
68.0446617603302,567,0
68.04857659339905,577,0
68.05252575874329,560,0
68.0564615726471,424,0
68.06034874916077,467,0
68.06424760818481,557,0
68.06814360618591,556,0
68.07205367088318,555,0
68.07600450515747,439,0
68.07990884780884,446,0
68.0838975906372,553,0
68.08779263496399,572,0
68.09173774719238,588,0
68.09553647041321,443,0
68.0995602607727,422,0
68.1034722328186,540,0
68.1072850227356,559,0
68.11117124557495,595,0
68.11512637138367,460,0
68.11904335021973,385,0
68.12292003631592,484,0
68.12687182426453,518,0
68.13085317611694,558,0
68.13465762138367,439,0
68.13854908943176,339,0
68.14253425598145,434,0
68.14649558067322,483,0
68.15030980110168,523,0
68.15420126914978,437,0
68.15812540054321,336,0
68.16204237937927,442,0
68.16596746444702,507,0
68.169837474823,558,0
68.1737551689148,507,0
68.17782640457153,395,0
68.18158841133118,475,0
68.18557405471802,520,0
68.18944597244263,534,0
68.19330620765686,475,0
68.1972336769104,338,0
68.2011444568634,405,0
68.20506930351257,482,0
68.20902466773987,502,0
68.21285486221313,462,0
68.21679139137268,317,0
68.22075748443604,354,0
68.22473669052124,453,0
68.22860980033875,479,0
68.232656955719,493,0
68.23655271530151,367,0
68.24033665657043,392,0
68.24425053596497,510,0
68.24969172477722,522,0
68.25207471847534,522,0
68.25595283508301,385,0
68.26125431060791,363,0
68.26713037490845,475,0
68.27244567871094,492,0
68.27281212806702,529,0
68.27560210227966,403,0
68.27961540222168,353,0
68.28331112861633,473,0
68.28719639778137,510,0
68.29114890098572,551,0
68.29505157470703,444,0
68.29892826080322,355,0
68.3028736114502,447,0
68.30675983428955,482,0
68.31086111068726,520,0
68.31478142738342,414,0
68.31853914260864,312,0
68.32245969772339,417,0
68.32634401321411,480,0
68.33024978637695,522,0
68.3341715335846,437,0
68.33809232711792,310,0
68.34207248687744,408,0
68.34593319892883,478,0
68.3498466014862,517,0
68.35395789146423,443,0
68.35801362991333,293,0
68.36162447929382,354,0
68.36562442779541,420,0
68.36954426765442,448,0
68.37344479560852,412,0
68.37727284431458,270,0
68.38114833831787,318,0
68.38501977920532,400,0
68.38898134231567,419,0
68.39294958114624,390,0
68.39692306518555,255,0
68.40076971054077,286,0
68.40478420257568,393,0
68.40880680084229,427,0
68.4125304222107,439,0
68.41633081436157,305,0
68.42027521133423,298,0
68.42426323890686,393,0
68.42809557914734,408,0
68.43198823928833,437,0
68.43592143058777,311,0
68.43999195098877,272,0
68.44397115707397,381,0
68.44770860671997,398,0
68.45156741142273,425,0
68.45554900169373,304,0
68.45950293540955,242,0
68.46352338790894,367,0
68.49473094940186,409,0
68.53502082824707,452,0
68.54413032531738,342,0
68.54444313049316,259,0
68.54466223716736,355,0
68.5448431968689,398,0
68.54498624801636,433,0
68.54514932632446,356,0
68.54530072212219,268,0
68.54543709754944,382,0
68.54560470581055,452,0
68.54575777053833,500,0
68.54615235328674,433,0
68.54640936851501,306,0
68.54661440849304,400,0
68.5467689037323,459,0
68.54691433906555,484,0
68.54707193374634,442,0
68.54720616340637,309,0
68.54734015464783,370,0
68.54747724533081,431,0
68.54929614067078,449,0
68.55326223373413,423,0
68.5571768283844,293,0
68.56388735771179,352,0
68.56503081321716,455,0
68.5689389705658,488,0
68.57281017303467,498,0
68.5768415927887,353,0
68.58061242103577,351,0
68.58452200889587,453,0
68.58850431442261,487,0
68.59248423576355,507,0
68.59625267982483,387,0
68.60018754005432,378,0
68.60413599014282,477,0
68.60808515548706,488,0
68.61202239990234,495,0
68.61590099334717,332,0
68.61979985237122,268,0
68.62389802932739,359,0
68.62776589393616,396,0
68.63160967826843,446,0
68.63556361198425,345,0
68.63940930366516,287,0
68.6434097290039,402,0
68.64716386795044,440,0
68.65115690231323,484,0
68.65503263473511,390,0
68.65927767753601,289,0
68.66300225257874,399,0
68.66686773300171,455,0
68.67092204093933,497,0
68.6747796535492,420,0
68.67857241630554,305,0
68.68241691589355,402,0
68.68633437156677,467,0
68.69048380851746,502,0
68.69421172142029,451,0
68.69798278808594,321,0
68.70192742347717,404,0
68.7058973312378,490,0
68.70972228050232,519,0
68.71371126174927,479,0
68.71769404411316,334,0
68.72158813476562,390,0
68.72562432289124,465,0
68.72931671142578,493,0
68.733229637146,492,0
68.73719263076782,364,0
68.74110794067383,402,0
68.74498629570007,499,0
68.74895548820496,517,0
68.75291681289673,519,0
68.75674319267273,381,0
68.76068353652954,386,0
68.764639377594,488,0
68.76854157447815,502,0
68.77245044708252,550,0
68.776526927948,425,0
68.78021574020386,397,0
68.78414368629456,522,0
68.78808808326721,551,0
68.79206490516663,610,0
68.79600405693054,501,0
68.80001282691956,436,0
68.80371356010437,552,0
68.80769848823547,591,0
68.81168246269226,640,0
68.81554007530212,529,0
68.81943225860596,434,0
68.8232831954956,526,0
68.82715439796448,564,0
68.83101224899292,588,0
68.83489441871643,493,0
68.83880090713501,379,0
68.8428201675415,487,0
68.84666109085083,558,0
68.85053992271423,606,0
68.8545081615448,552,0
68.85865664482117,430,0
68.8622899055481,511,0
68.86633920669556,585,0
68.87024307250977,622,0
68.87404036521912,595,0
68.87805318832397,457,0
68.8820149898529,514,0
68.88588237762451,591,0
68.88986945152283,626,0
68.89369511604309,612,0
68.89755702018738,476,0
68.90156984329224,501,0
68.90540170669556,588,0
68.90954065322876,631,0
68.91328501701355,651,0
68.91722464561462,524,0
68.92115545272827,534,0
68.92509174346924,650,0
68.92895197868347,651,0
68.93292927742004,648,0
68.9367036819458,508,0
68.94060492515564,465,0
68.94483184814453,559,0
68.94840240478516,583,0
68.95239448547363,619,0
68.95627212524414,497,0
68.9602689743042,448,0
68.9640576839447,557,0
68.96794199943542,595,0
68.97231888771057,639,0
68.97578525543213,549,0
68.97978782653809,490,0
68.9838969707489,607,0
68.98764753341675,649,0
68.99172329902649,697,0
68.99551773071289,614,0
68.99948358535767,517,0
69.00319910049438,613,0
69.00721526145935,661,0
69.01110124588013,696,0
69.01493072509766,620,0
69.01882553100586,492,0
69.02287602424622,568,0
69.02687191963196,617,0
69.03062152862549,655,0
69.0345938205719,605,0
69.03852391242981,491,0
69.04235076904297,570,0
69.0461859703064,640,0
69.05016160011292,667,0
69.05417394638062,633,0
69.05808925628662,489,0
69.06186938285828,545,0
69.06583881378174,628,0
69.06974935531616,651,0
69.07373189926147,642,0
69.0775887966156,507,0
69.08147668838501,521,0
69.08531284332275,590,0
69.08920669555664,595,0
69.0933039188385,597,0
69.09706449508667,464,0
69.1010115146637,456,0
69.1049816608429,560,0
69.10881614685059,587,0
69.11268973350525,579,0
69.11667966842651,420,0
69.1206603050232,359,0
69.1245596408844,461,0
69.12841606140137,496,0
69.13237881660461,548,0
69.1362555027008,441,0
69.1402325630188,390,0
69.14407587051392,499,0
69.14789366722107,528,0
69.15198016166687,575,0
69.15576386451721,484,0
69.1596462726593,394,0
69.16358399391174,488,0
69.1675808429718,562,0
69.1714015007019,620,0
69.17531299591064,530,0
69.17920875549316,416,0
69.18307900428772,523,0
69.18701362609863,604,0
69.19106602668762,668,0
69.19484806060791,618,0
69.19882583618164,489,0
69.2026937007904,552,0
69.2069935798645,628,0
69.2105872631073,678,0
69.21450328826904,631,0
69.21836638450623,499,0
69.22225308418274,561,0
69.22646808624268,634,0
69.23009014129639,667,0
69.2340178489685,647,0
69.23803114891052,514,0
69.24199652671814,551,0
69.2457525730133,637,0
69.24963116645813,671,0
69.25363993644714,674,0
69.25777435302734,538,0
69.26151633262634,546,0
69.26529788970947,620,0
69.2692277431488,637,0
69.27313160896301,647,0
69.27710008621216,505,0
69.28108072280884,474,0
69.28505730628967,570,0
69.2889678478241,610,0
69.29291200637817,656,0
69.29670596122742,554,0
69.30060124397278,509,0
69.30440497398376,602,0
69.3086314201355,622,0
69.31231546401978,667,0
69.3161973953247,558,0
69.32010531425476,479,0
69.32481265068054,578,0
69.32801127433777,617,0
69.33196449279785,662,0
69.33592891693115,565,0
69.33983302116394,465,0
69.34377717971802,567,0
69.34757733345032,615,0
69.3513400554657,645,0
69.35523390769958,560,0
69.359219789505,436,0
69.36316275596619,515,0
69.36703395843506,574,0
69.37094354629517,619,0
69.37502360343933,554,0
69.37893986701965,407,0
69.38281536102295,477,0
69.38661193847656,559,0
69.3905029296875,591,0
69.39439177513123,574,0
69.39833283424377,440,0
69.40221285820007,488,0
69.40624833106995,563,0
69.41020631790161,574,0
69.41405081748962,547,0
69.41795206069946,390,0
69.42192244529724,418,0
69.4258987903595,509,0
69.42959642410278,530,0
69.43357157707214,541,0
69.43747353553772,403,0
69.44144201278687,415,0
69.44532227516174,520,0
69.44915843009949,542,0
69.4531729221344,579,0
69.45702576637268,466,0
69.46103191375732,445,0
69.46499514579773,542,0
69.46889615058899,548,0
69.47271871566772,581,0
69.47657656669617,450,0
69.48052430152893,384,0
69.48447942733765,487,0
69.48844814300537,517,0
69.49235582351685,544,0
69.49610590934753,424,0
69.50005102157593,324,0
69.5041275024414,421,0
69.50792026519775,486,0
69.51194500923157,534,0
69.5158314704895,452,0
69.51972365379333,350,0
69.52367353439331,448,0
69.52756071090698,522,0
69.53127717971802,588,0
69.53530025482178,533,0
69.53913426399231,401,0
69.54308462142944,489,0
69.54710602760315,569,0
69.55108785629272,614,0
69.5549647808075,573,0
69.55902910232544,437,0
69.56273102760315,503,0
69.56660914421082,563,0
69.57054376602173,591,0
69.57460951805115,578,0
69.57843232154846,460,0
69.58232235908508,509,0
69.58612751960754,599,0
69.58997416496277,626,0
69.59409642219543,626,0
69.59794664382935,494,0
69.60184335708618,514,0
69.60585570335388,614,0
69.60968685150146,641,0
69.61351156234741,651,0
69.61747694015503,497,0
69.62135481834412,443,0
69.6253354549408,528,0
69.62914276123047,550,0
69.63299560546875,599,0
69.63691353797913,490,0
69.64139533042908,438,0
69.64471578598022,525,0
69.64882826805115,564,0
69.6526141166687,614,0
69.6567931175232,504,0
69.6605474948883,424,0
69.66431212425232,502,0
69.6682436466217,529,0
69.67228198051453,574,0
69.6763231754303,478,0
69.68011951446533,369,0
69.68404150009155,448,0
69.68781423568726,498,0
69.69193863868713,536,0
69.69560503959656,457,0
69.69971203804016,344,0
69.70363569259644,445,0
69.70753407478333,520,0
69.71125912666321,571,0
69.71517634391785,522,0
69.71910524368286,384,0
69.72300815582275,447,0
69.72706174850464,498,0
69.73092985153198,536,0
69.73475575447083,502,0
69.73868918418884,357,0
69.74284672737122,405,0
69.74658679962158,484,0
69.7505395412445,510,0
69.75447487831116,495,0
69.75834488868713,355,0
69.76222681999207,378,0
69.76601147651672,478,0
69.76994585990906,508,0
69.77444410324097,527,0
69.77800607681274,414,0
69.78169989585876,420,0
69.78563523292542,515,0
69.78955817222595,546,0
69.79348087310791,572,0
69.79742360115051,454,0
69.80281591415405,421,0
69.8057599067688,509,0
69.80925345420837,524,0
69.81309843063354,563,0
69.81687498092651,439,0
69.82088351249695,381,0
69.82483530044556,483,0
69.82861542701721,521,0
69.83252310752869,564,0
69.83646249771118,471,0
69.84031009674072,385,0
69.84423851966858,491,0
69.84814429283142,539,0
69.85202813148499,586,0
69.85607314109802,497,0
69.85989904403687,399,0
69.86378765106201,488,0
69.86773085594177,535,0
69.8716242313385,586,0
69.87561845779419,531,0
69.87950229644775,414,0
69.88332724571228,507,0
69.8872652053833,543,0
69.89121007919312,571,0
69.89510130882263,534,0
69.89900875091553,409,0
69.90290880203247,496,0
69.90681028366089,579,0
69.91074514389038,610,0
69.91471147537231,584,0
69.91854047775269,441,0
69.92252349853516,485,0
69.92646980285645,574,0
69.93033790588379,590,0
69.93420505523682,572,0
69.93812394142151,433,0
69.94202160835266,454,0
69.94618964195251,551,0
69.95001554489136,560,0
69.95377612113953,575,0
69.95829510688782,423,0
69.96167945861816,399,0
69.9656994342804,503,0
69.96955966949463,528,0
69.97349119186401,567,0
69.97724556922913,447,0
69.98118042945862,402,0
69.98505568504333,502,0
69.98897361755371,521,0
69.99301862716675,538,0
69.99688625335693,415,0
70.00073599815369,339,0
70.00471639633179,429,0
70.00854563713074,454,0
70.01249718666077,489,0
70.01634812355042,399,0
70.02025103569031,314,0
70.02421998977661,424,0
70.0282084941864,492,0
70.03203058242798,546,0
70.03590893745422,474,0
70.03980755805969,359,0
70.04394698143005,473,0
70.04771876335144,530,0
70.05171012878418,552,0
70.05562853813171,475,0
70.05955266952515,318,0
70.06334829330444,376,0
70.06728148460388,435,0
70.07122087478638,454,0
70.07510042190552,406,0
70.07902026176453,269,0
70.16324234008789,324,0
70.16369676589966,401,0
70.2316882610321,448,0
70.23232126235962,447,0
70.23581743240356,325,0
70.23613905906677,361,0
70.23636984825134,451,0
70.23657822608948,466,0
70.23675799369812,471,0
70.23693776130676,349,0
70.23719644546509,336,0
70.23741054534912,413,0
70.23758935928345,420,0
70.23776054382324,439,0
70.23797488212585,322,0
70.2381854057312,317,0
70.23838448524475,445,0
70.23859643936157,485,0
70.23893141746521,544,0
70.23910903930664,431,0
70.23933720588684,375,0
70.23956036567688,503,0
70.23973798751831,553,0
70.23990440368652,617,0
70.2403678894043,516,0
70.24059677124023,411,0
70.24093723297119,507,0
70.24123072624207,552,0
70.2414562702179,595,0
70.24163842201233,521,0
70.24190306663513,419,0
70.24220657348633,510,0
70.24244093894958,560,0
70.24262475967407,596,0
70.24286532402039,544,0
70.24308371543884,429,0
70.24323964118958,518,0
70.24355483055115,579,0
70.24378442764282,602,0
70.24395537376404,532,0
70.2441349029541,365,0
70.2443413734436,432,0
70.24719095230103,513,0
70.25177574157715,535,0
70.25507354736328,521,0
70.26200318336487,396,0
70.26283359527588,450,0
70.26686143875122,547,0
70.27072954177856,566,0
70.27466058731079,567,0
70.2785484790802,438,0
70.28246569633484,455,0
70.28628492355347,551,0
70.29024410247803,589,0
70.29430747032166,612,0
70.29812479019165,473,0
70.3019905090332,456,0
70.30587887763977,566,0
70.30982303619385,597,0
70.31378173828125,641,0
70.31789016723633,524,0
70.32172727584839,481,0
70.32556676864624,581,0
70.32934904098511,606,0
70.33328819274902,645,0
70.33722305297852,529,0
70.34136295318604,448,0
70.34506177902222,553,0
70.34919691085815,593,0
70.35291743278503,638,0
70.35693311691284,559,0
70.36098742485046,471,0
70.36460852622986,578,0
70.36854290962219,638,0
70.37242913246155,676,0
70.3766222000122,601,0
70.38028955459595,483,0
70.38421750068665,568,0
70.38819026947021,638,0
70.39209198951721,664,0
70.39602994918823,570,0
70.3999593257904,415,0
70.40373206138611,476,0
70.40785646438599,534,0
70.41163444519043,551,0
70.41557145118713,509,0
70.41937494277954,390,0
70.42326545715332,439,0
70.4272038936615,532,0
70.43112230300903,581,0
70.43504643440247,606,0
70.43906712532043,503,0
70.44297170639038,546,0
70.4467601776123,632,0
70.45068764686584,647,0
70.45459628105164,644,0
70.45867872238159,511,0
70.46240305900574,495,0
70.46638870239258,584,0
70.47027468681335,591,0
70.47416639328003,614,0
70.47811126708984,479,0
70.48195934295654,424,0
70.48590230941772,513,0
70.49018573760986,542,0
70.49401521682739,589,0
70.49761509895325,479,0
70.50162386894226,423,0
70.50553584098816,517,0
70.50958824157715,543,0
70.51320576667786,578,0
70.51716375350952,493,0
70.52102541923523,416,0
70.525057554245,531,0
70.52902674674988,573,0
70.53293967247009,630,0
70.53695392608643,544,0
70.54075121879578,442,0
70.54483437538147,530,0
70.54850959777832,585,0
70.55242991447449,624,0
70.5563793182373,572,0
70.56024098396301,457,0
70.56409430503845,547,0
70.56803512573242,610,0
70.57192730903625,667,0
70.57608771324158,616,0
70.579993724823,475,0
70.58371567726135,524,0
70.5875928401947,585,0
70.59174251556396,610,0
70.59544944763184,571,0
70.59949851036072,428,0
70.60335755348206,466,0
70.60712027549744,552,0
70.61110329627991,582,0
70.6149787902832,575,0
70.61889624595642,428,0
70.62286806106567,440,0
70.62701439857483,521,0
70.63067722320557,520,0
70.63460516929626,524,0
70.6386365890503,405,0
70.64236307144165,408,0
70.6464216709137,510,0
70.65022468566895,517,0
70.65415263175964,546,0
70.65830826759338,436,0
70.66190266609192,411,0
70.66581892967224,524,0
70.66989326477051,553,0
70.67381381988525,611,0
70.67761898040771,502,0
70.68150973320007,429,0
70.6854076385498,521,0
70.68927550315857,562,0
70.69319415092468,605,0
70.69714832305908,502,0
70.70103693008423,408,0
70.70526671409607,495,0
70.70889115333557,541,0
70.71273398399353,608,0
70.71688222885132,542,0
70.72061038017273,432,0
70.72462892532349,516,0
70.72853469848633,553,0
70.73250102996826,564,0
70.73637270927429,500,0
70.7402937412262,353,0
70.74403095245361,411,0
70.74800252914429,497,0
70.75209879875183,557,0
70.75583243370056,543,0
70.75982904434204,442,0
70.76364278793335,511,0
70.76758074760437,595,0
70.77157163619995,621,0
70.77558207511902,604,0
70.77927851676941,448,0
70.78318381309509,449,0
70.78706908226013,544,0
70.79118800163269,583,0
70.79510402679443,600,0
70.79901313781738,475,0
70.80277943611145,447,0
70.80699443817139,536,0
70.81074666976929,547,0
70.81450867652893,565,0
70.81856513023376,434,0
70.8223705291748,403,0
70.82620573043823,516,0
70.830237865448,551,0
70.83408331871033,591,0
70.83811545372009,467,0
70.84201860427856,408,0
70.84596157073975,514,0
70.84990549087524,544,0
70.8538122177124,578,0
70.85768437385559,461,0
70.861643075943,377,0
70.86538624763489,482,0
70.86921000480652,535,0
70.8732590675354,589,0
70.87708902359009,510,0
70.88097023963928,410,0
70.88501286506653,509,0
70.8890175819397,567,0
70.89291524887085,612,0
70.89674258232117,537,0
70.90063524246216,395,0
70.90455842018127,465,0
70.90874743461609,524,0
70.91235256195068,563,0
70.9165289402008,536,0
70.92021059989929,412,0
70.92409181594849,471,0
70.92791247367859,522,0
70.9319896697998,563,0
70.93577861785889,546,0
70.93964099884033,393,0
70.94367361068726,435,0
70.9475462436676,530,0
70.9513692855835,557,0
70.95537066459656,528,0
70.9592080116272,382,0
70.96312737464905,402,0
70.9671847820282,497,0
70.97094964981079,516,0
70.97483468055725,522,0
70.97894597053528,370,0
70.98267674446106,366,0
70.98670625686646,482,0
70.99052786827087,509,0
70.99448657035828,547,0
70.99832606315613,424,0
71.00225400924683,383,0
71.00610613822937,502,0
71.01003527641296,544,0
71.01401352882385,599,0
71.01805686950684,485,0
71.02196431159973,425,0
71.0258309841156,529,0
71.02964186668396,551,0
71.03364253044128,588,0
71.03759264945984,495,0
71.04140305519104,401,0
71.04530167579651,502,0
71.049143075943,545,0
71.0530731678009,584,0
71.05700325965881,495,0
71.06109595298767,383,0
71.06486487388611,486,0
71.06884980201721,544,0
71.0726273059845,582,0
71.07672333717346,523,0
71.0805139541626,384,0
71.08435535430908,474,0
71.08828735351562,540,0
71.09225130081177,558,0
71.09609079360962,480,0
71.10001993179321,314,0
71.10398077964783,355,0
71.10813426971436,443,0
71.11180448532104,488,0
71.11568260192871,484,0
71.11968636512756,332,0
71.12353897094727,355,0
71.12755703926086,438,0
71.13136887550354,471,0
71.13522815704346,484,0
71.13915586471558,350,0
71.14304065704346,367,0
71.14696383476257,478,0
71.15104603767395,502,0
71.15498352050781,530,0
71.15872406959534,407,0
71.16260600090027,390,0
71.1665689945221,501,0
71.17049407958984,530,0
71.17452311515808,570,0
71.17825365066528,447,0
71.18215322494507,394,0
71.1861515045166,513,0
71.18996548652649,560,0
71.19392013549805,617,0
71.19795560836792,495,0
71.20183968544006,410,0
71.20564436912537,527,0
71.20957231521606,572,0
71.21351099014282,616,0
71.21737480163574,516,0
71.22131633758545,404,0
71.22525954246521,499,0
71.22915530204773,566,0
71.23304796218872,606,0
71.23694062232971,538,0
71.24097156524658,422,0
71.24488425254822,528,0
71.24885034561157,621,0
71.25264358520508,650,0
71.25654911994934,585,0
71.2605414390564,458,0
71.26460814476013,543,0
71.26828980445862,612,0
71.27216792106628,647,0
71.27704334259033,619,0
71.28228235244751,468,0
71.28390908241272,512,0
71.2879409790039,609,0
71.29192543029785,619,0
71.29583096504211,592,0
71.29980826377869,465,0
71.30399775505066,472,0
71.30736231803894,549,0
71.31136155128479,558,0
71.31534218788147,567,0
71.3191888332367,449,0
71.32304644584656,446,0
71.32698345184326,544,0
71.3308494091034,556,0
71.33488893508911,568,0
71.33865070343018,442,0
71.34255170822144,406,0
71.34650778770447,499,0
71.35055828094482,510,0
71.35431170463562,531,0
71.35849118232727,407,0
71.3621928691864,347,0
71.36608386039734,439,0
71.37003469467163,458,0
71.37389945983887,503,0
71.37792921066284,408,0
71.38193106651306,332,0
71.38570356369019,462,0
71.38969326019287,510,0
71.39355754852295,536,0
71.39734101295471,443,0
71.40140271186829,336,0
71.40516209602356,449,0
71.4091157913208,523,0
71.41317582130432,552,0
71.41693544387817,478,0
71.42087960243225,364,0
71.42516136169434,432,0
71.42887353897095,526,0
71.43274641036987,592,0
71.43661141395569,551,0
71.44055199623108,423,0
71.44440913200378,494,0
71.44832110404968,564,0
71.4522225856781,594,0
71.45615887641907,578,0
71.46016454696655,457,0
71.46409153938293,488,0
71.46783018112183,578,0
71.4718918800354,587,0
71.4757924079895,562,0
71.47955751419067,435,0
71.48354315757751,451,0
71.48732280731201,551,0
71.49140644073486,579,0
71.49521708488464,593,0
71.49908113479614,450,0
71.5033061504364,422,0
71.50696277618408,514,0
71.51092743873596,524,0
71.51489520072937,556,0
71.51889491081238,459,0
71.52292585372925,424,0
71.52664685249329,525,0
71.53037023544312,557,0
71.53434252738953,603,0
71.53832983970642,486,0
71.54225468635559,423,0
71.54604005813599,555,0
71.54998970031738,588,0
71.55405330657959,629,0
71.55803608894348,517,0
71.56192922592163,396,0
71.56592106819153,500,0
71.56958866119385,540,0
71.57340836524963,566,0
71.57735443115234,471,0
71.58128356933594,341,0
71.58535861968994,451,0
71.58902287483215,527,0
71.59300684928894,548,0
71.59715366363525,486,0
71.60089349746704,352,0
71.60472273826599,415,0
71.60867762565613,477,0
71.61275935173035,496,0
71.61656641960144,433,0
71.62032294273376,289,0
71.62473011016846,370,0
71.62831521034241,486,0
71.6322226524353,496,0
71.63602423667908,444,0
71.64003491401672,306,0
71.64409446716309,330,0
71.64779877662659,420,0
71.6516854763031,462,0
71.65558433532715,468,0
71.65949082374573,352,0
71.66338777542114,359,0
71.66733026504517,453,0
71.67122054100037,463,0
71.67538857460022,498,0
71.67911791801453,393,0
71.6830313205719,369,0
71.68699765205383,485,0
71.69117951393127,501,0
71.69495606422424,537,0
71.69861316680908,422,0
71.70259547233582,378,0
71.70652556419373,501,0
71.71036839485168,548,0
71.7142493724823,621,0
71.71815657615662,534,0
71.72209119796753,467,0
71.7260639667511,571,0
71.72987222671509,618,0
71.7339072227478,659,0
71.73784136772156,572,0
71.74212765693665,472,0
71.74576139450073,571,0
71.74954175949097,640,0
71.78064751625061,692,0
71.837397813797,618,0
71.8441104888916,497,0
71.84559750556946,578,0
71.8463842868805,640,0
71.8468029499054,672,0
71.84734463691711,621,0
71.84776973724365,494,0
71.84803223609924,577,0
71.84823966026306,667,0
71.84844374656677,690,0
71.84868478775024,657,0
71.84889793395996,517,0
71.84909772872925,564,0
71.84930086135864,653,0
71.8494987487793,665,0
71.84977102279663,654,0
71.84998393058777,533,0
71.85017943382263,522,0
71.85038495063782,581,0
71.85058975219727,594,0
71.85081624984741,617,0
71.85152411460876,475,0
71.85176157951355,449,0
71.85200119018555,522,0
71.85219430923462,542,0
71.8550636768341,581,0
71.85910749435425,457,0
71.87798047065735,416,0
71.87837791442871,513,0
71.87945199012756,527,0
71.87969470024109,571,0
71.87987899780273,462,0
71.8825089931488,411,0
71.88645529747009,529,0
71.89034247398376,576,0
71.89414715766907,624,0
71.89809536933899,536,0
71.91076445579529,462,0
71.91443109512329,587,0
71.91541719436646,651,0
71.91564464569092,702,0
71.917644739151,634,0
71.92155957221985,512,0
71.92551279067993,584,0
71.92948579788208,635,0
71.9332926273346,677,0
71.93720722198486,626,0
71.94121479988098,507,0
71.94500851631165,570,0
71.94894909858704,628,0
71.95290803909302,645,0
71.95680403709412,578,0
71.96079564094543,407,0
71.96460485458374,470,0
71.96853566169739,564,0
71.97255969047546,575,0
71.97634434700012,576,0
71.980220079422,474,0
71.98413753509521,501,0
71.98807883262634,573,0
71.99202251434326,603,0
71.99587273597717,619,0
71.99992060661316,493,0
72.00382089614868,508,0
72.00783681869507,594,0
72.0115602016449,605,0
72.01548838615417,636,0
72.01934170722961,516,0
72.02333331108093,484,0
72.02722311019897,584,0
72.03110313415527,589,0
72.03499031066895,614,0
72.03887796401978,503,0
72.04311871528625,458,0
72.04687547683716,569,0
72.05070543289185,592,0
72.05455446243286,610,0
72.05856227874756,478,0
72.0624942779541,419,0
72.06629347801208,529,0
72.07019114494324,579,0
72.07415509223938,625,0
72.07816076278687,534,0
72.08197855949402,448,0
72.08582878112793,557,0
72.089848279953,624,0
72.09373378753662,666,0
72.09758639335632,580,0
72.10162210464478,451,0
72.10554361343384,522,0
72.10933303833008,570,0
72.11325216293335,595,0
72.11723709106445,551,0
72.12110733985901,417,0
72.12501907348633,513,0
72.12897610664368,616,0
72.13286662101746,639,0
72.1368932723999,601,0
72.1406798362732,467,0
72.144690990448,502,0
72.14852023124695,576,0
72.15234398841858,570,0
72.15628719329834,547,0
72.16033577919006,423,0
72.16409516334534,454,0
72.16804003715515,548,0
72.17205095291138,566,0
72.17582082748413,558,0
72.17981505393982,416,0
72.18378353118896,418,0
72.18755030632019,524,0
72.19167041778564,543,0
72.19547915458679,570,0
72.1993567943573,451,0
72.2032163143158,423,0
72.20720171928406,550,0
72.21105861663818,584,0
72.21522450447083,618,0
72.21889615058899,509,0
72.22279238700867,448,0
72.22695899009705,557,0
72.23081636428833,601,0
72.23469376564026,645,0
72.23855781555176,547,0
72.24266386032104,451,0
72.24629497528076,544,0
72.25030732154846,578,0
72.25410389900208,608,0
72.25832223892212,543,0
72.26199102401733,434,0
72.26594567298889,505,0
72.26995491981506,558,0
72.27374863624573,593,0
72.27794313430786,544,0
72.2815809249878,424,0
72.28540563583374,503,0
72.28933811187744,579,0
72.29330587387085,587,0
72.29716324806213,516,0
72.30104780197144,380,0
72.30500364303589,441,0
72.30894994735718,505,0
72.31290078163147,536,0
72.31691718101501,527,0
72.32059693336487,399,0
72.32460761070251,416,0
72.32869172096252,498,0
72.3323495388031,507,0
72.33633232116699,525,0
72.34018445014954,417,0
72.3442862033844,420,0
72.3481605052948,497,0
72.35195183753967,504,0
72.35599088668823,518,0
72.35987305641174,416,0
72.3636839389801,404,0
72.36756610870361,487,0
72.37159705162048,492,0
72.37539482116699,533,0
72.3792929649353,425,0
72.38315439224243,370,0
72.38710021972656,454,0
72.39117884635925,488,0
72.39492297172546,541,0
72.3988311290741,464,0
72.40287971496582,398,0
72.4067497253418,499,0
72.41065311431885,527,0
72.41459226608276,581,0
72.41839027404785,531,0
72.42229771614075,463,0
72.42624735832214,557,0
72.43012928962708,609,0
72.43407464027405,657,0
72.43792843818665,608,0
72.44200587272644,498,0
72.44587922096252,565,0
72.44977259635925,603,0
72.45369815826416,595,0
72.45773839950562,544,0
72.46165132522583,424,0
72.46677589416504,490,0
72.46996569633484,536,0
72.47315621376038,554,0
72.47720575332642,548,0
72.4809718132019,455,0
72.48493885993958,517,0
72.48883628845215,594,0
72.49279284477234,603,0
72.49677681922913,615,0
72.50055718421936,505,0
72.50455403327942,532,0
72.50858449935913,610,0
72.51228094100952,630,0
72.5162501335144,648,0
72.52012372016907,536,0
72.52400922775269,525,0
72.52797245979309,585,0
72.53184127807617,593,0
72.53582119941711,621,0
72.5397219657898,513,0
72.5437638759613,467,0
72.54775190353394,566,0
72.5515730381012,580,0
72.55536437034607,620,0
72.55922317504883,512,0
72.56321740150452,453,0
72.56722402572632,554,0
72.57112574577332,586,0
72.57499432563782,621,0
72.57898163795471,539,0
72.58267903327942,442,0
72.58665919303894,518,0
72.59063506126404,542,0
72.59451746940613,536,0
72.59848737716675,466,0
72.6023337841034,361,0
72.60622000694275,460,0
72.61029505729675,515,0
72.61412262916565,553,0
72.61811137199402,507,0
72.62204051017761,418,0
72.62586832046509,487,0
72.62976169586182,525,0
72.63364338874817,556,0
72.63773012161255,520,0
72.64155268669128,400,0
72.64531898498535,469,0
72.64939260482788,543,0
72.65323996543884,583,0
72.65702652931213,587,0
72.66108584403992,475,0
72.66516900062561,505,0
72.6974585056305,584,0
72.69779896736145,587,0
72.74343943595886,602,0
72.75242066383362,505,0
72.75280117988586,517,0
72.7530403137207,601,0
72.75324153900146,601,0
72.7534248828888,615,0
72.75358557701111,497,0
72.75377106666565,470,0
72.75394320487976,548,0
72.7540864944458,537,0
72.75430488586426,583,0
72.75446271896362,479,0
72.75465726852417,419,0
72.75483584403992,500,0
72.75498342514038,522,0
72.75528979301453,573,0
72.75581407546997,496,0
72.7565016746521,437,0
72.75675511360168,539,0
72.75698804855347,562,0
72.75718116760254,603,0
72.75891375541687,536,0
72.76286268234253,447,0
72.76662921905518,534,0
72.77241563796997,562,0
72.77452421188354,611,0
72.78043174743652,565,0
72.78225088119507,460,0
72.78612971305847,532,0
72.7900037765503,555,0
72.79391193389893,576,0
72.79785680770874,527,0
72.80172967910767,414,0
72.80593752861023,468,0
72.8096215724945,539,0
72.81357932090759,584,0
72.81756711006165,580,0
72.82134771347046,478,0
72.82531213760376,532,0
72.8291563987732,609,0
72.83313989639282,629,0
72.83702206611633,629,0
72.84104514122009,515,0
72.84483933448792,545,0
72.84876608848572,631,0
72.85277533531189,644,0
72.85667037963867,655,0
72.8607382774353,533,0
72.86439180374146,522,0
72.86830520629883,596,0
72.87224888801575,609,0
72.87629675865173,633,0
72.88011598587036,504,0
72.88402652740479,457,0
72.88791823387146,541,0
72.8917727470398,562,0
72.895747423172,611,0
72.89962649345398,525,0
72.90363073348999,479,0
72.90752243995667,574,0
72.91137051582336,599,0
72.91527390480042,641,0
72.91919207572937,542,0
72.92321348190308,458,0
72.92717623710632,553,0
72.93094635009766,583,0
72.93498492240906,622,0
72.93884038925171,547,0
72.9427502155304,428,0
72.94661951065063,512,0
72.95057201385498,556,0
72.95453405380249,591,0
72.95881772041321,528,0
72.9622209072113,404,0
72.96616744995117,489,0
72.97011590003967,551,0
72.97413086891174,578,0
72.97803688049316,540,0
72.98185539245605,421,0
72.98582458496094,482,0
72.989666223526,555,0
72.99361801147461,583,0
72.99749040603638,572,0
73.00131320953369,447,0
73.00524806976318,470,0
73.00917196273804,547,0
73.01311373710632,558,0
73.0170726776123,569,0
73.02088475227356,429,0
73.02507305145264,423,0
73.02876448631287,476,0
73.03263759613037,507,0
73.03664755821228,548,0
73.04066801071167,434,0
73.04440760612488,419,0
73.04822897911072,527,0
73.05237603187561,555,0
73.05611848831177,586,0
73.06011652946472,454,0
73.06406927108765,398,0
73.0679714679718,477,0
73.0717043876648,502,0
73.07567477226257,556,0
73.07987332344055,473,0
73.08370351791382,375,0
73.08743953704834,449,0
73.09167814254761,483,0
73.09519386291504,522,0
73.09913659095764,462,0
73.10303163528442,385,0
73.10696077346802,484,0
73.11108779907227,521,0
73.1149435043335,567,0
73.11886954307556,519,0
73.12258577346802,423,0
73.12670350074768,502,0
73.13040137290955,563,0
73.13433766365051,609,0
73.13827776908875,579,0
73.14227485656738,470,0
73.14608335494995,522,0
73.14999532699585,568,0
73.15408110618591,585,0
73.15815043449402,576,0
73.16200804710388,464,0
73.16562366485596,506,0
73.1696126461029,559,0
73.17359781265259,581,0
73.17742729187012,604,0
73.18129348754883,492,0
73.18526291847229,496,0
73.18921828269958,569,0
73.19305539131165,562,0
73.19694471359253,560,0
73.20095872879028,460,0
73.20495462417603,426,0
73.20880675315857,492,0
73.21263980865479,524,0
73.21649217605591,583,0
73.22062468528748,506,0
73.22429347038269,455,0
73.22828269004822,532,0
73.23228096961975,556,0
73.23612928390503,600,0
73.23995041847229,513,0
73.24403691291809,445,0
73.2478301525116,513,0
73.2518789768219,522,0
73.25579071044922,570,0
73.25958514213562,502,0
73.26355695724487,411,0
73.26739025115967,482,0
73.27130842208862,520,0
73.27525782585144,566,0
73.29000449180603,515,0
73.29067206382751,416,0
73.29142260551453,498,0
73.29226398468018,533,0
73.29563546180725,559,0
73.29862427711487,522,0
73.30261945724487,408,0
73.30649137496948,463,0
73.31035041809082,514,0
73.3142499923706,560,0
73.3183536529541,533,0
73.32203602790833,418,0
73.32596182823181,454,0
73.32991647720337,508,0
73.33402752876282,522,0
73.33789610862732,503,0
73.34181594848633,399,0
73.34569120407104,414,0
73.34956979751587,493,0
73.35339999198914,543,0
73.35740733146667,593,0
73.36158013343811,501,0
73.36517763137817,496,0
73.36907362937927,564,0
73.37301921844482,589,0
73.37707161903381,622,0
73.38094067573547,536,0
73.38492631912231,507,0
73.38867926597595,562,0
73.39265012741089,579,0
73.39653158187866,627,0
73.40036225318909,540,0
73.4043321609497,482,0
73.40830969810486,549,0
73.41215777397156,571,0
73.41606783866882,605,0
73.4200074672699,525,0
73.4240493774414,461,0
73.42770218849182,533,0
73.43173050880432,564,0
73.43582463264465,609,0
73.439537525177,552,0
73.44351696968079,476,0
73.44729566574097,533,0
73.45124077796936,548,0
73.45515608787537,569,0
73.45927238464355,532,0
73.463063955307,461,0
73.46695446968079,536,0
73.47079944610596,582,0
73.47482013702393,617,0
73.47889399528503,584,0
73.48267102241516,468,0
73.48641395568848,505,0
73.49029517173767,542,0
73.49438166618347,570,0
73.49816632270813,568,0
73.50220227241516,468,0
73.50613737106323,466,0
73.50995182991028,502,0
73.5139422416687,552,0
73.51774477958679,579,0
73.52181720733643,462,0
73.52578377723694,476,0
73.52962732315063,523,0
73.53339076042175,544,0
73.53739356994629,575,0
73.54143261909485,478,0
73.54513931274414,465,0
73.54899716377258,517,0
73.55290031433105,544,0
73.5569703578949,604,0
73.56103157997131,528,0
73.564688205719,505,0
73.56858205795288,568,0
73.57271218299866,572,0
73.57643032073975,624,0
73.58048796653748,531,0
73.58427405357361,479,0
73.58828997612,560,0
73.5922441482544,569,0
73.59590816497803,629,0
73.5998694896698,563,0
73.60399031639099,496,0
73.60808730125427,574,0
73.6116943359375,601,0
73.61556720733643,631,0
73.6194257736206,574,0
73.62330532073975,486,0
73.62725949287415,546,0
73.6311993598938,570,0
73.63509964942932,604,0
73.63908529281616,560,0
73.64308309555054,445,0
73.64695286750793,496,0
73.6507339477539,544,0
73.65468454360962,594,0
73.65872120857239,578,0
73.66251564025879,468,0
73.66642045974731,504,0
73.67035961151123,546,0
73.67420554161072,581,0
73.67807817459106,590,0
73.68207740783691,482,0
73.6860785484314,509,0
73.69010853767395,548,0
73.69379019737244,552,0
73.69766974449158,572,0
73.70165538787842,487,0
73.70556449890137,497,0
73.70947599411011,550,0
73.71335434913635,559,0
73.71722173690796,583,0
73.72112965583801,466,0
73.72511720657349,450,0
73.72908782958984,504,0
73.7328610420227,500,0
73.73683190345764,534,0
73.74070572853088,454,0
73.7446014881134,413,0
73.74862957000732,480,0
73.75253939628601,504,0
73.7564160823822,536,0
73.76032662391663,428,0
73.76415157318115,365,0
73.76806426048279,439,0
73.77200984954834,463,0
73.77608680725098,519,0
73.78004217147827,474,0
73.78376650810242,401,0
73.78766870498657,484,0
73.79193782806396,531,0
73.79556775093079,578,0
73.79942440986633,540,0
73.80338144302368,440,0
73.80726504325867,464,0
73.81120991706848,500,0
73.81499791145325,535,0
73.81890106201172,522,0
73.82297229766846,432,0
73.82691764831543,476,0
73.83070492744446,504,0
73.83467841148376,547,0
73.83857822418213,549,0
73.84258437156677,439,0
73.8463249206543,451,0
73.85043954849243,483,0
73.85424280166626,505,0
73.85828948020935,507,0
73.86199378967285,408,0
73.86592411994934,424,0
73.8699598312378,478,0
73.87401747703552,504,0
73.87770128250122,533,0
73.88158011436462,434,0
73.8855516910553,434,0
73.88938760757446,484,0
73.89332318305969,466,0
73.89721131324768,500,0
73.90113854408264,412,0
73.90504670143127,383,0
73.90903043746948,453,0
73.91291928291321,488,0
73.91692566871643,545,0
73.92076826095581,472,0
73.92485189437866,421,0
73.9285798072815,473,0
73.93249440193176,473,0
73.93635487556458,527,0
73.94028639793396,465,0
73.94418978691101,406,0
73.94806957244873,478,0
73.95196533203125,494,0
73.95597267150879,532,0
73.95999026298523,478,0
73.96384167671204,381,0
73.96763014793396,420,0
73.97158169746399,425,0
73.97552561759949,440,0
73.97936248779297,396,0
73.98327350616455,297,0
73.98726081848145,347,0
73.99107217788696,382,0
73.99505877494812,423,0
73.99899625778198,398,0
74.00290036201477,285,0
74.00683641433716,316,0
74.01070952415466,380,0
74.01458621025085,438,0
74.01862978935242,454,0
74.022385597229,347,0
74.02646994590759,366,0
74.03023481369019,421,0
74.03417158126831,478,0
74.0381178855896,519,0
74.04218864440918,441,0
74.0460114479065,459,0
74.04979848861694,519,0
74.05370116233826,544,0
74.0578236579895,581,0
74.06153297424316,498,0
74.06547665596008,488,0
74.06925678253174,540,0
74.07323050498962,528,0
74.07716822624207,568,0
74.08112931251526,488,0
74.08492541313171,462,0
74.08887839317322,524,0
74.0928840637207,528,0
74.09687042236328,568,0
74.10066151618958,489,0
74.10463523864746,443,0
74.10889172554016,506,0
74.1123514175415,532,0
74.11622738838196,601,0
74.12022423744202,555,0
74.12415504455566,480,0
74.12799954414368,547,0
74.13205552101135,578,0
74.13609886169434,633,0
74.13984084129333,604,0
74.14373183250427,523,0
74.14763498306274,555,0
74.15156388282776,563,0
74.15538024902344,577,0
74.15936064720154,556,0
74.16318607330322,459,0
74.16716623306274,511,0
74.17114758491516,552,0
74.17495489120483,580,0
74.17909741401672,558,0
74.18301892280579,439,0
74.18670988082886,476,0
74.1906578540802,535,0
74.19461798667908,566,0
74.19850826263428,574,0
74.20232081413269,464,0
74.20626425743103,457,0
74.21023988723755,501,0
74.21406030654907,495,0
74.21808409690857,516,0
74.22189378738403,423,0
74.22585391998291,426,0
74.22982692718506,479,0
74.2336540222168,477,0
74.23761987686157,501,0
74.24169826507568,426,0
74.24540734291077,405,0
74.24925327301025,467,0
74.25322914123535,477,0
74.25710701942444,513,0
74.2610502243042,428,0
74.26497268676758,400,0
74.26898336410522,473,0
74.27272200584412,495,0
74.27685618400574,561,0
74.30859112739563,487,0
74.30897951126099,400,0
74.31034111976624,457,0
74.3443193435669,482,0
74.34637403488159,532,0
74.34872937202454,494,0
74.34929299354553,414,0
74.34953784942627,477,0
74.34973430633545,498,0
74.34987831115723,556,0
74.35003614425659,532,0
74.35018301010132,432,0
74.3503189086914,498,0
74.35045075416565,535,0
74.35058784484863,568,0
74.35074973106384,533,0
74.3509111404419,415,0
74.35110569000244,464,0
74.35127067565918,518,0
74.35486435890198,557,0
74.35909342765808,563,0
74.36333775520325,469,0
74.36667561531067,501,0
74.37060403823853,547,0
74.37463474273682,573,0
74.37838292121887,596,0
74.38227725028992,479,0
74.3861722946167,464,0
74.39012002944946,515,0
74.39401626586914,536,0
74.39791631698608,568,0
74.4017927646637,472,0
74.40581059455872,462,0
74.40974521636963,530,0
74.41357612609863,549,0
74.4175455570221,591,0
74.42137432098389,491,0
74.42539715766907,449,0
74.42922711372375,523,0
74.43317580223083,545,0
74.43706607818604,601,0
74.44113636016846,521,0
74.44494557380676,467,0
74.44897103309631,537,0
74.45302033424377,555,0
74.45673990249634,597,0
74.46063566207886,541,0
74.46455883979797,479,0
74.46852707862854,558,0
74.4722511768341,600,0
74.4761574268341,657,0
74.48004579544067,620,0
74.48403286933899,522,0
74.48804140090942,561,0
74.49200510978699,594,0
74.49580383300781,641,0
74.49976348876953,625,0
74.5036449432373,522,0
74.50772905349731,553,0
74.51145648956299,581,0
74.51526021957397,607,0
74.51922869682312,564,0
74.52333235740662,432,0
74.52717733383179,457,0
74.53110790252686,520,0
74.53508424758911,570,0
74.53879976272583,590,0
74.54272985458374,495,0
74.54666256904602,516,0
74.55058264732361,561,0
74.55458116531372,572,0
74.55845665931702,600,0
74.56220030784607,512,0
74.56624817848206,508,0
74.57014918327332,559,0
74.57402014732361,532,0
74.57792973518372,538,0
74.58201622962952,426,0
74.5857720375061,401,0
74.58977937698364,464,0
74.59364557266235,448,0
74.59752821922302,492,0
74.60138487815857,411,0
74.60532832145691,356,0
74.60929894447327,401,0
74.61311507225037,410,0
74.6170072555542,449,0
74.62092852592468,389,0
74.62505030632019,345,0
74.6288468837738,414,0
74.63288259506226,427,0
74.63678026199341,473,0
74.64064764976501,435,0
74.6445164680481,389,0
74.6483588218689,458,0
74.652259349823,487,0
74.65615129470825,534,0
74.66008591651917,515,0
74.66406559944153,441,0
74.66806364059448,523,0
74.67189526557922,573,0
74.6758542060852,621,0
74.67979621887207,614,0
74.68372416496277,498,0
74.68761658668518,524,0
74.69160556793213,554,0
74.69525074958801,595,0
74.69920897483826,595,0
74.70305919647217,507,0
74.70706272125244,550,0
74.71095848083496,585,0
74.71489810943604,591,0
74.71874380111694,591,0
74.72263407707214,496,0
74.72668170928955,505,0
74.7305474281311,562,0
74.73459792137146,585,0
74.73826336860657,608,0
74.74216151237488,514,0
74.74608039855957,489,0
74.74999451637268,551,0
74.75389981269836,565,0
74.75793981552124,625,0
74.76183676719666,550,0
74.7656352519989,482,0
74.76960277557373,521,0
74.77359247207642,526,0
74.77738213539124,542,0
74.78129029273987,422,0
74.78528594970703,349,0
74.78910946846008,404,0
74.79301571846008,409,0
74.7969388961792,453,0
74.80104899406433,403,0
74.80482268333435,339,0
74.80888938903809,420,0
74.81261706352234,438,0
74.81655526161194,490,0
74.82042622566223,440,0
74.82435488700867,337,0
74.82823038101196,403,0
74.83216500282288,438,0
74.83606743812561,465,0
74.83997702598572,439,0
74.84399032592773,343,0
74.84792733192444,393,0
74.85175275802612,437,0
74.85566687583923,480,0
74.85957407951355,477,0
74.86353349685669,356,0
74.86735820770264,383,0
74.87124752998352,409,0
74.87525486946106,432,0
74.87920689582825,452,0
74.88303422927856,359,0
74.88689637184143,392,0
74.89089250564575,460,0
74.894864320755,485,0
74.8986349105835,531,0
74.90259575843811,447,0
74.9065432548523,449,0
74.91040968894958,506,0
74.91430449485779,510,0
74.91819405555725,539,0
74.922114610672,436,0
74.92604064941406,423,0
74.92992925643921,503,0
74.93388986587524,514,0
74.93785190582275,566,0
74.94171690940857,489,0
74.94555854797363,438,0
74.94956016540527,465,0
74.95351099967957,480,0
74.95729732513428,557,0
74.96124219894409,500,0
74.96516156196594,425,0
74.96907758712769,483,0
74.97302484512329,493,0
74.97697329521179,543,0
74.98095512390137,475,0
74.98470425605774,389,0
74.98872518539429,442,0
74.99269509315491,473,0
74.99668145179749,521,0
75.00055384635925,484,0
75.00433874130249,383,0
75.00886249542236,453,0
75.01211953163147,511,0
75.01614594459534,550,0
75.02001357078552,517,0
75.02400517463684,396,0
75.0278799533844,425,0
75.03177046775818,443,0
75.03565454483032,463,0
75.03970265388489,470,0
75.04360747337341,371,0
75.04729914665222,412,0
75.05123662948608,477,0
75.05513596534729,514,0
75.0591230392456,515,0
75.06295704841614,424,0
75.0668523311615,439,0
75.07084274291992,495,0
75.07480549812317,518,0
75.07870578765869,550,0
75.0825502872467,443,0
75.08660840988159,418,0
75.0905339717865,467,0
75.09433102607727,490,0
75.09841799736023,548,0
75.10211205482483,480,0
75.10604095458984,458,0
75.11020588874817,550,0
75.11381244659424,576,0
75.11794257164001,636,0
75.12187576293945,569,0
75.12593698501587,530,0
75.12962746620178,598,0
75.13342881202698,602,0
75.13729596138,643,0
75.14148378372192,573,0
75.14511609077454,500,0
75.14907026290894,552,0
75.15310096740723,561,0
75.1569721698761,608,0
75.16083192825317,564,0
75.16517281532288,476,0
75.16869783401489,524,0
75.17264556884766,574,0
75.17649221420288,629,0
75.18032932281494,586,0
75.18431615829468,469,0
75.18822765350342,539,0
75.19225335121155,605,0
75.19605827331543,654,0
75.200031042099,631,0
75.20387721061707,508,0
75.20788145065308,544,0
75.2118911743164,598,0
75.21567940711975,624,0
75.21952271461487,618,0
75.22348046302795,502,0
75.22727012634277,520,0
75.23120617866516,578,0
75.23534917831421,603,0
75.23907208442688,613,0
75.24306106567383,516,0
75.24688982963562,514,0
75.2509822845459,570,0
75.25499439239502,577,0
75.25891780853271,614,0
75.26258611679077,513,0
75.2665708065033,474,0
75.27036046981812,533,0
75.27426433563232,553,0
75.2781925201416,599,0
75.28209185600281,488,0
75.28615140914917,444,0
75.29006695747375,527,0
75.29406666755676,522,0
75.29782605171204,543,0
75.30171322822571,468,0
75.30561232566833,430,0
75.30976009368896,509,0
75.31352257728577,538,0
75.31726884841919,585,0
75.32127523422241,520,0
75.32517957687378,437,0
75.32913589477539,503,0
75.33306765556335,525,0
75.33713960647583,554,0
75.34142017364502,527,0
75.34477996826172,436,0
75.34861660003662,504,0
75.35254001617432,546,0
75.35657525062561,592,0
75.36035704612732,570,0
75.36419558525085,458,0
75.36813402175903,501,0
75.37205481529236,544,0
75.37599325180054,581,0
75.37989163398743,575,0
75.38392376899719,452,0
75.38768601417542,452,0
75.39181065559387,501,0
75.39552116394043,537,0
75.39947056770325,549,0
75.40334033966064,440,0
75.40727972984314,451,0
75.41120052337646,508,0
75.41510272026062,525,0
75.4189817905426,541,0
75.4229006767273,436,0
75.42710018157959,415,0
75.4309229850769,458,0
75.43482327461243,457,0
75.43882775306702,501,0
75.44256210327148,406,0
75.44638776779175,373,0
75.45059108734131,439,0
75.45422530174255,447,0
75.45838618278503,509,0
75.46213412284851,435,0
75.46593427658081,371,0
75.47001457214355,430,0
75.47393107414246,443,0
75.47780442237854,503,0
75.4818320274353,453,0
75.48559665679932,396,0
75.48938822746277,452,0
75.4933819770813,466,0
75.49719858169556,502,0
75.50114679336548,461,0
75.50525164604187,387,0
75.50899386405945,440,0
75.51295948028564,446,0
75.51684665679932,469,0
75.52075505256653,419,0
75.5251395702362,281,0
75.52855920791626,321,0
75.53251671791077,363,0
75.5363416671753,425,0
75.54050040245056,412,0
75.54423356056213,314,0
75.54815459251404,371,0
75.55209016799927,456,0
75.55614757537842,519,0
75.56012010574341,541,0
75.56390905380249,444,0
75.56767916679382,475,0
75.57164144515991,539,0
75.57575058937073,565,0
75.579434633255,580,0
75.5833797454834,466,0
75.58741760253906,448,0
75.59137058258057,509,0
75.59511542320251,527,0
75.59908294677734,555,0
75.60292625427246,447,0
75.60693454742432,430,0
75.61110019683838,533,0
75.6147289276123,573,0
75.61860466003418,626,0
75.62244725227356,519,0
75.62634587287903,462,0
75.63028502464294,545,0
75.63415813446045,565,0
75.63804841041565,608,0
75.64199686050415,515,0
75.64590883255005,445,0
75.6499593257904,537,0
75.65380787849426,585,0
75.65790843963623,619,0
75.66165494918823,525,0
75.66552901268005,417,0
75.66936779022217,485,0
75.67326855659485,510,0
75.67716789245605,543,0
75.68112182617188,479,0
75.68502688407898,356,0
75.68905353546143,440,0
75.69289469718933,514,0
75.6967842578888,558,0
75.70088052749634,512,0
75.70472455024719,380,0
75.70862627029419,448,0
75.71247100830078,523,0
75.7163405418396,551,0
75.72028803825378,521,0
75.72437143325806,376,0
75.7280969619751,412,0
75.73211812973022,497,0
75.73602962493896,535,0
75.73996996879578,535,0
75.74372053146362,409,0
75.7476441860199,428,0
75.75155735015869,503,0
75.75542950630188,532,0
75.75952744483948,559,0
75.76341009140015,448,0
75.76718378067017,453,0
75.77112793922424,549,0
75.77514433860779,568,0
75.77900314331055,597,0
75.78303956985474,474,0
75.78678512573242,436,0
75.79085850715637,532,0
75.82920837402344,565,0
75.84558653831482,606,0
75.87273359298706,498,0
75.87310242652893,429,0
75.87596821784973,506,0
75.87648129463196,510,0
75.87672877311707,530,0
75.87689757347107,414,0
75.87705254554749,302,0
75.87719655036926,380,0
75.87732291221619,429,0
75.87745213508606,482,0
75.87758135795593,401,0
75.87770581245422,285,0
75.87784361839294,356,0
75.87798595428467,404,0
75.87813711166382,455,0
75.87827587127686,409,0
75.87842607498169,289,0
75.8785605430603,371,0
75.87871503829956,442,0
75.87885069847107,492,0
75.88062047958374,463,0
75.88464593887329,330,0
75.88848853111267,390,0
75.89236664772034,469,0
75.89629864692688,505,0
75.90020704269409,504,0
75.90406131744385,367,0
75.90806174278259,387,0
75.91191840171814,457,0
75.91578555107117,482,0
75.91988706588745,508,0
75.92377257347107,382,0
75.92757821083069,373,0
75.93151831626892,456,0
75.93535351753235,493,0
75.93928933143616,550,0
75.94328022003174,441,0
75.94714665412903,411,0
75.95105457305908,484,0
75.95503544807434,500,0
75.95912909507751,560,0
75.9629647731781,452,0
75.96669483184814,385,0
75.97067856788635,482,0
75.97472882270813,522,0
75.97863626480103,600,0
75.98242950439453,512,0
75.9862790107727,413,0
76.0055046081543,493,0
76.01287508010864,548,0
76.0136570930481,603,0
76.01432275772095,516,0
76.01457118988037,382,0
76.01477146148682,423,0
76.0149827003479,449,0
76.01780223846436,508,0
76.02153301239014,481,0
76.02537870407104,357,0
76.02925753593445,419,0
76.0331780910492,485,0
76.03708481788635,546,0
76.04098892211914,531,0
76.04497361183167,397,0
76.04889988899231,436,0
76.05276012420654,497,0
76.05672812461853,543,0
76.06062006950378,552,0
76.06457591056824,421,0
76.06840658187866,450,0
76.07237720489502,503,0
76.07621097564697,534,0
76.08019495010376,551,0
76.08403992652893,429,0
76.08822631835938,424,0
76.09196043014526,486,0
76.09600067138672,508,0
76.09975671768188,550,0
76.10371136665344,444,0
76.10767889022827,420,0
76.11142182350159,495,0
76.11536383628845,537,0
76.1193494796753,606,0
76.12316632270813,508,0
76.12729668617249,459,0
76.13135695457458,525,0
76.13521194458008,564,0
76.13907957077026,650,0
76.14292550086975,563,0
76.146657705307,481,0
76.15062046051025,557,0
76.1545786857605,594,0
76.15842366218567,670,0
76.16233587265015,605,0
76.16616678237915,497,0
76.17022609710693,553,0
76.17416834831238,600,0
76.17801141738892,662,0
76.18188500404358,614,0
76.18600106239319,495,0
76.19004702568054,547,0
76.19377851486206,596,0
76.19763541221619,659,0
76.20155787467957,626,0
76.20540976524353,498,0
76.20929288864136,542,0
76.21317291259766,592,0
76.2171528339386,640,0
76.22119951248169,625,0
76.22512936592102,481,0
76.22890830039978,508,0
76.23294711112976,577,0
76.23665118217468,618,0
76.24079608917236,627,0
76.24482321739197,496,0
76.24842548370361,491,0
76.25231194496155,565,0
76.25621390342712,602,0
76.26013517379761,622,0
76.26411056518555,491,0
76.26806092262268,465,0
76.27215313911438,534,0
76.27639865875244,565,0
76.27978706359863,612,0
76.2836799621582,502,0
76.28763222694397,457,0
76.2916669845581,545,0
76.29536604881287,589,0
76.29928612709045,651,0
76.30321788787842,535,0
76.30725765228271,457,0
76.3109929561615,526,0
76.31515526771545,547,0
76.31899404525757,598,0
76.32290816307068,514,0
76.32682943344116,419,0
76.33069849014282,464,0
76.33442163467407,492,0
76.33845901489258,548,0
76.34230279922485,496,0
76.34622311592102,404,0
76.3500714302063,470,0
76.35407781600952,524,0
76.35807132720947,581,0
76.36187434196472,543,0
76.36585235595703,424,0
76.36982226371765,473,0
76.37366700172424,534,0
76.37758755683899,596,0
76.38141369819641,573,0
76.38545846939087,446,0
76.38929724693298,487,0
76.39315176010132,556,0
76.39701008796692,618,0
76.4011242389679,626,0
76.40486240386963,498,0
76.40899872779846,521,0
76.41295981407166,587,0
76.41682815551758,630,0
76.42058444023132,643,0
76.42480778694153,520,0
76.42837810516357,511,0
76.4323205947876,576,0
76.43612504005432,608,0
76.4401752948761,645,0
76.44406127929688,537,0
76.44807004928589,505,0
76.4518072605133,569,0
76.45571994781494,596,0
76.45967936515808,637,0
76.46358561515808,547,0
76.46752524375916,510,0
76.4713990688324,582,0
76.47532844543457,606,0
76.47949814796448,669,0
76.48309087753296,592,0
76.48702096939087,513,0
76.4911425113678,550,0
76.49495387077332,558,0
76.49877619743347,608,0
76.50268983840942,534,0
76.50673913955688,449,0
76.5108277797699,511,0
76.51452898979187,551,0
76.51832675933838,617,0
76.52230334281921,574,0
76.5262930393219,476,0
76.5300829410553,522,0
76.53396606445312,557,0
76.53795385360718,618,0
76.54211711883545,595,0
76.54571557044983,484,0
76.54960799217224,541,0
76.55353474617004,592,0
76.55749297142029,641,0
76.56141924858093,644,0
76.5652060508728,539,0
76.56922221183777,558,0
76.57327699661255,606,0
76.57699847221375,647,0
76.5809326171875,662,0
76.5850555896759,540,0
76.58895325660706,542,0
76.59284138679504,603,0
76.59683609008789,639,0
76.600590467453,669,0
76.6044933795929,561,0
76.60858607292175,554,0
76.61216402053833,625,0
76.61634850502014,657,0
76.62007403373718,700,0
76.6239721775055,591,0
76.6279685497284,546,0
76.63192796707153,604,0
76.63570356369019,626,0
76.63962173461914,680,0
76.6436026096344,592,0
76.64744663238525,528,0
76.65162658691406,581,0
76.65523290634155,612,0
76.65909099578857,680,0
76.6630232334137,601,0
76.66733956336975,514,0
76.67099261283875,558,0
76.67485880851746,570,0
76.67885231971741,621,0
76.68263626098633,555,0
76.68660497665405,451,0
76.69055461883545,514,0
76.69433999061584,556,0
76.69820499420166,618,0
76.70216608047485,593,0
76.7061014175415,480,0
76.71012544631958,521,0
76.7139539718628,555,0
76.71790051460266,608,0
76.72168278694153,586,0
76.72609114646912,457,0
76.72955751419067,495,0
76.73352837562561,539,0
76.73736643791199,593,0
76.74150133132935,607,0
76.7452449798584,488,0
76.74918508529663,509,0
76.7530345916748,565,0
76.75702691078186,604,0
76.76097774505615,620,0
76.76476263999939,509,0
76.76866340637207,514,0
76.77266693115234,576,0
76.77667140960693,607,0
76.78053283691406,631,0
76.7843759059906,545,0
76.7882342338562,527,0
76.79239678382874,585,0
76.79607391357422,615,0
76.80017471313477,664,0
76.80401754379272,572,0
76.80819058418274,532,0
76.81168794631958,592,0
76.81565189361572,604,0
76.81954669952393,664,0
76.82352828979492,586,0
76.82734632492065,517,0
76.83121800422668,551,0
76.83524131774902,565,0
76.83906602859497,615,0
76.8429822921753,528,0
76.84697699546814,442,0
76.85100102424622,479,0
76.85474586486816,511,0
76.85886216163635,592,0
76.86264848709106,570,0
76.8666181564331,482,0
76.87048196792603,509,0
76.87440848350525,550,0
76.87827038764954,623,0
76.88220596313477,628,0
76.88606238365173,554,0
76.88998532295227,560,0
76.89410138130188,569,0
76.89793157577515,635,0
76.90195894241333,644,0
76.90566325187683,551,0
76.90978240966797,543,0
76.91345191001892,550,0
76.91746473312378,583,0
76.92134737968445,592,0
76.92540502548218,526,0
76.92934274673462,492,0
76.9330530166626,494,0
76.93697214126587,540,0
76.94083380699158,580,0
76.94480562210083,510,0
76.94859743118286,472,0
76.95259881019592,465,0
76.95641374588013,474,0
76.9603750705719,502,0
76.96435499191284,451,0
76.96819472312927,428,0
76.97233700752258,433,0
76.97603178024292,443,0
76.97995829582214,480,0
76.9839231967926,441,0
76.98801279067993,397,0
76.99221181869507,450,0
76.995609998703,479,0
76.99956727027893,554,0
77.00341296195984,509,0
77.00745511054993,462,0
77.01127505302429,508,0
77.01516032218933,425,0
77.01906609535217,502,0
77.02311682701111,487,0
77.02713418006897,431,0
77.03089118003845,451,0
77.03474307060242,473,0
77.038654088974,535,0
77.04271531105042,532,0
77.04657244682312,449,0
77.0504469871521,453,0
77.05442714691162,473,0
77.05838704109192,531,0
77.0621109008789,538,0
77.06604623794556,455,0
77.0701539516449,452,0
77.07396864891052,449,0
77.07782888412476,503,0
77.08173441886902,520,0
77.08566427230835,426,0
77.08974719047546,428,0
77.0935788154602,447,0
77.09743762016296,486,0
77.10136270523071,497,0
77.10514569282532,407,0
77.10921144485474,390,0
77.11315274238586,415,0
77.11682558059692,437,0
77.12088918685913,480,0
77.12518095970154,422,0
77.12875056266785,388,0
77.132559299469,396,0
77.13642764091492,418,0
77.14047980308533,475,0
77.14432191848755,455,0
77.14811444282532,446,0
77.15209102630615,487,0
77.15596508979797,506,0
77.16013813018799,556,0
77.16400790214539,506,0
77.16787338256836,452,0
77.17213177680969,476,0
77.17588829994202,487,0
77.17947936058044,555,0
77.18343305587769,530,0
77.18724155426025,486,0
77.19122767448425,516,0
77.1954596042633,532,0
77.19925451278687,590,0
77.20325970649719,578,0
77.20687007904053,513,0
77.21077632904053,529,0
77.21463322639465,542,0
77.21867728233337,593,0
77.22292995452881,568,0
77.22668123245239,452,0
77.23029017448425,438,0
77.23426842689514,438,0
77.23825883865356,485,0
77.2421326637268,496,0
77.24598336219788,414,0
77.25001072883606,420,0
77.25374054908752,444,0
77.25766515731812,500,0
77.26164102554321,531,0
77.26555228233337,454,0
77.2698221206665,458,0
77.2735424041748,476,0
77.2772650718689,496,0
77.2813172340393,533,0
77.28503823280334,459,0
77.28900671005249,422,0
77.29295015335083,441,0
77.2970027923584,478,0
77.32875347137451,524,0
77.32937240600586,456,0
77.36405825614929,420,0
77.36532640457153,436,0
77.36617732048035,462,0
77.36645698547363,524,0
77.36673927307129,476,0
77.3671522140503,425,0
77.36793279647827,443,0
77.3682279586792,452,0
77.3685142993927,513,0
77.36878418922424,478,0
77.36900544166565,416,0
77.36922097206116,442,0
77.36941242218018,468,0
77.36964154243469,535,0
77.36986470222473,505,0
77.37008833885193,441,0
77.37111234664917,467,0
77.37520718574524,489,0
77.37913417816162,547,0
77.38290190696716,529,0
77.38681030273438,465,0
77.39083337783813,479,0
77.39468574523926,488,0
77.39858865737915,542,0
77.40252614021301,551,0
77.40630054473877,482,0
77.41028761863708,493,0
77.41422319412231,506,0
77.41808009147644,557,0
77.42200350761414,574,0
77.42589497566223,496,0
77.42980575561523,486,0
77.43368268013,496,0
77.43761777877808,539,0
77.44165515899658,572,0
77.44554662704468,492,0
77.44942021369934,480,0
77.45330381393433,477,0
77.45722198486328,496,0
77.46108937263489,523,0
77.4650981426239,448,0
77.46902871131897,423,0
77.47308659553528,454,0
77.47685098648071,484,0
77.48088192939758,529,0
77.48472881317139,462,0
77.48873400688171,413,0
77.49248790740967,427,0
77.49636793136597,455,0
77.5002646446228,522,0
77.50416469573975,477,0
77.50833511352539,445,0
77.51216554641724,464,0
77.5160140991211,485,0
77.52002716064453,570,0
77.5238184928894,552,0
77.52774286270142,493,0
77.5316994190216,510,0
77.53558468818665,517,0
77.53949880599976,571,0
77.54328680038452,542,0
77.54720139503479,461,0
77.55114579200745,452,0
77.55504035949707,444,0
77.55935025215149,487,0
77.56301379203796,473,0
77.56715250015259,390,0
77.57077527046204,394,0
77.57493185997009,406,0
77.57887864112854,450,0
77.58243131637573,446,0
77.5864770412445,355,0
77.5902349948883,357,0
77.59417366981506,372,0
77.59806299209595,408,0
77.60210514068604,439,0
77.60604405403137,365,0
77.61010456085205,373,0
77.61375689506531,408,0
77.6176643371582,452,0
77.62158131599426,493,0
77.62566089630127,432,0
77.62940502166748,386,0
77.63330507278442,390,0
77.63725233078003,429,0
77.6416289806366,476,0
77.64504146575928,422,0
77.64897441864014,395,0
77.65307068824768,417,0
77.65676140785217,447,0
77.66068720817566,520,0
77.66464471817017,486,0
77.66856241226196,453,0
77.67242789268494,492,0
77.67698216438293,522,0
77.68020963668823,572,0
77.68410038948059,521,0
77.68808603286743,448,0
77.69196271896362,464,0
77.69608688354492,471,0
77.70006990432739,529,0
77.70384526252747,503,0
77.70772242546082,443,0
77.71171069145203,464,0
77.71542572975159,479,0
77.71939849853516,541,0
77.72332620620728,520,0
77.72716951370239,418,0
77.73105978965759,416,0
77.73515748977661,439,0
77.73885107040405,485,0
77.74284434318542,463,0
77.7467041015625,372,0
77.75072860717773,380,0
77.75457739830017,395,0
77.75841879844666,457,0
77.76233720779419,490,0
77.76623034477234,434,0
77.77015089988708,446,0
77.77413082122803,469,0
77.77797436714172,512,0
77.78188681602478,543,0
77.78583765029907,468,0
77.78985714912415,432,0
77.79366183280945,439,0
77.79760837554932,468,0
77.8015661239624,503,0
77.80545997619629,441,0
77.8093512058258,414,0
77.81328511238098,447,0
77.81709790229797,468,0
77.82103109359741,517,0
77.82527279853821,458,0
77.82897853851318,416,0
77.83282566070557,406,0
77.83672022819519,398,0
77.84073615074158,435,0
77.84459805488586,389,0
77.84841346740723,343,0
77.85230565071106,367,0
77.85621404647827,388,0
77.86016845703125,457,0
77.8640308380127,424,0
77.8680362701416,363,0
77.87201046943665,391,0
77.87580275535583,418,0
77.87969899177551,490,0
77.88364028930664,477,0
77.88766860961914,419,0
77.89161562919617,433,0
77.89534306526184,466,0
77.89930820465088,541,0
77.90318369865417,537,0
77.90716791152954,471,0
77.91101622581482,480,0
77.91496396064758,497,0
77.9190239906311,551,0
77.92288088798523,559,0
77.92670321464539,465,0
77.93072056770325,458,0
77.93458843231201,477,0
77.93854665756226,521,0
77.94228029251099,530,0
77.94617366790771,433,0
77.95006608963013,439,0
77.95400547981262,466,0
77.95809030532837,521,0
77.96189904212952,570,0
77.96587467193604,512,0
77.96966505050659,508,0
77.97359609603882,530,0
77.97752261161804,552,0
77.98139190673828,583,0
77.98531889915466,506,0
77.98920273780823,467,0
77.99311637878418,487,0
77.99700880050659,519,0
78.00094437599182,571,0
78.0048725605011,505,0
78.0089123249054,471,0
78.01286745071411,495,0
78.01660799980164,508,0
78.02057480812073,570,0
78.02502012252808,528,0
78.03309392929077,469,0
78.03495693206787,488,0
78.03624892234802,500,0
78.04024147987366,557,0
78.04404425621033,527,0
78.04796838760376,463,0
78.05361700057983,488,0
78.05593180656433,521,0
78.05968284606934,577,0
78.06364870071411,564,0
78.06755924224854,499,0
78.07145166397095,500,0
78.07536196708679,497,0
78.07920551300049,546,0
78.08312106132507,529,0
78.08720970153809,446,0
78.0909104347229,464,0
78.09485244750977,481,0
78.09880423545837,532,0
78.10265779495239,551,0
78.10660076141357,471,0
78.11055946350098,479,0
78.11452221870422,499,0
78.1184561252594,533,0
78.12230968475342,544,0
78.12622022628784,458,0
78.13020753860474,444,0
78.13434767723083,468,0
78.13807916641235,512,0
78.14180374145508,563,0
78.14592862129211,501,0
78.14968299865723,481,0
78.15366578102112,525,0
78.15745687484741,566,0
78.16150546073914,603,0
78.16531014442444,529,0
78.1693696975708,479,0
78.17312574386597,501,0
78.17705535888672,520,0
78.18117475509644,575,0
78.18504881858826,511,0
78.18901062011719,450,0
78.19276213645935,466,0
78.1967875957489,479,0
78.2007188796997,543,0
78.20490503311157,523,0
78.20854806900024,476,0
78.21292209625244,506,0
78.21624207496643,524,0
78.22008919715881,576,0
78.22404670715332,545,0
78.22800588607788,477,0
78.23190569877625,503,0
78.23573684692383,520,0
78.23964595794678,575,0
78.24364852905273,559,0
78.24743938446045,480,0
78.25139594078064,496,0
78.2552924156189,515,0
78.2593309879303,572,0
78.26312255859375,577,0
78.26714611053467,487,0
78.27096915245056,495,0
78.27501344680786,522,0
78.27900505065918,570,0
78.28268003463745,600,0
78.28662896156311,523,0
78.29069352149963,522,0
78.29445505142212,538,0
78.29831862449646,583,0
78.30234718322754,630,0
78.30627059936523,554,0
78.31025385856628,528,0
78.31391191482544,541,0
78.31799745559692,576,0
78.32195854187012,638,0
78.32593512535095,576,0
78.32966160774231,549,0
78.33363747596741,578,0
78.33753442764282,611,0
78.34141373634338,671,0
78.34531211853027,614,0
78.34915328025818,572,0
78.35315608978271,592,0
78.35702610015869,609,0
78.36109733581543,665,0
78.36478757858276,608,0
78.36879420280457,537,0
78.3727662563324,556,0
78.37682723999023,581,0
78.38053274154663,649,0
78.38438367843628,613,0
78.38832259178162,538,0
78.39235711097717,559,0
78.39618229866028,579,0
78.39998388290405,650,0
78.40409231185913,621,0
78.40790390968323,522,0
78.41176104545593,521,0
78.41573190689087,532,0
78.41976165771484,578,0
78.42359662055969,556,0
78.42744159698486,468,0
78.4314455986023,472,0
78.435378074646,481,0
78.43918037414551,498,0
78.44311833381653,490,0
78.44703984260559,407,0
78.45101118087769,409,0
78.45475792884827,427,0
78.45906925201416,473,0
78.46273970603943,502,0
78.46666431427002,427,0
78.47044229507446,401,0
78.474365234375,421,0
78.47830605506897,448,0
78.48227787017822,485,0
78.48619222640991,406,0
78.49006271362305,375,0
78.49405169487,395,0
78.49788737297058,429,0
78.5017204284668,481,0
78.50567555427551,432,0
78.50966358184814,409,0
78.51355004310608,434,0
78.51739287376404,449,0
78.52144384384155,515,0
78.52535629272461,475,0
78.52930092811584,437,0
78.53311896324158,473,0
78.53914523124695,486,0
78.54108500480652,549,0
78.54482388496399,511,0
78.54869771003723,441,0
78.55271005630493,452,0
78.55659174919128,468,0
78.56044101715088,540,0
78.5642626285553,520,0
78.56826090812683,456,0
78.57219457626343,495,0
78.576171875,527,0
78.579918384552,591,0
78.58402514457703,577,0
78.58793425559998,492,0
78.5917797088623,512,0
78.59559440612793,530,0
78.59969925880432,563,0
78.6034369468689,553,0
78.60731291770935,451,0
78.61127209663391,453,0
78.61532878875732,472,0
78.61913418769836,525,0
78.62302136421204,548,0
78.6269884109497,455,0
78.63094425201416,449,0
78.63473200798035,481,0
78.6386775970459,530,0
78.64290261268616,577,0
78.64663863182068,517,0
78.65048933029175,510,0
78.65442204475403,536,0
78.658451795578,577,0
78.66223335266113,627,0
78.6662118434906,557,0
78.67004704475403,519,0
78.67400908470154,524,0
78.67812633514404,551,0
78.6817615032196,606,0
78.68566489219666,554,0
78.68963479995728,508,0
78.69378423690796,526,0
78.69735217094421,547,0
78.70131635665894,604,0
78.70515608787537,551,0
78.70934844017029,493,0
78.71300840377808,506,0
78.71709299087524,520,0
78.7209722995758,586,0
78.72578978538513,556,0
78.72868728637695,491,0
78.73260450363159,510,0
78.73650932312012,531,0
78.74042654037476,593,0
78.74430656433105,561,0
78.74821901321411,483,0
78.75223326683044,487,0
78.756032705307,494,0
78.7599287033081,538,0
78.76377725601196,528,0
78.7677354812622,444,0
78.77169680595398,468,0
78.77592039108276,498,0
78.77956461906433,558,0
78.78341174125671,582,0
78.78736186027527,506,0
78.79123163223267,497,0
78.7951991558075,505,0
78.79911708831787,533,0
78.80307149887085,551,0
78.80705189704895,473,0
78.81074166297913,456,0
78.81466484069824,472,0
78.81858396530151,514,0
78.82255101203918,541,0
78.82637476921082,450,0
78.83029413223267,422,0
78.83421206474304,432,0
78.838130235672,467,0
78.84211325645447,536,0
78.84596419334412,477,0
78.84991645812988,445,0
78.85378527641296,471,0
78.85771107673645,486,0
78.86162853240967,538,0
78.86556768417358,482,0
78.86953520774841,435,0
78.87336993217468,470,0
78.90636014938354,506,0
78.90760350227356,579,0
78.92244410514832,534,0
78.9232542514801,454,0
78.92370128631592,455,0
78.92439866065979,455,0
78.9254400730133,522,0
78.925861120224,481,0
78.92625117301941,400,0
78.92654538154602,417,0
78.9268057346344,431,0
78.92708134651184,480,0
78.92733526229858,459,0
78.92933368682861,379,0
78.93213725090027,412,0
78.94419813156128,449,0
78.95716190338135,521,0
78.95800995826721,537,0
78.95904278755188,473,0
78.95967221260071,491,0
78.95997881889343,516,0
78.96033930778503,563,0
78.96337723731995,576,0
78.9673113822937,501,0
78.97123551368713,514,0
78.97519111633301,535,0
78.97941303253174,581,0
78.98290681838989,633,0
78.98680639266968,562,0
78.99078178405762,543,0
78.99462699890137,573,0
78.99859619140625,613,0
79.00254821777344,658,0
79.00638675689697,606,0
79.0102801322937,566,0
79.01419448852539,583,0
79.01812481880188,624,0
79.02202844619751,682,0
79.02600932121277,630,0
79.02999138832092,587,0
79.03401827812195,595,0
79.03790259361267,595,0
79.04197788238525,643,0
79.04563570022583,587,0
79.04942011833191,532,0
79.05335307121277,548,0
79.05726981163025,556,0
79.06122827529907,605,0
79.06510925292969,575,0
79.06901049613953,512,0
79.07327103614807,542,0
79.07696747779846,554,0
79.08080530166626,603,0
79.08465790748596,566,0
79.08863592147827,467,0
79.09264969825745,474,0
79.09638810157776,483,0
79.10035824775696,523,0
79.10420727729797,479,0
79.10819268226624,363,0
79.11206126213074,381,0
79.11605405807495,410,0
79.119952917099,468,0
79.12389993667603,488,0
79.12788367271423,404,0
79.13165354728699,403,0
79.13564443588257,432,0
79.13945984840393,485,0
79.14343500137329,507,0
79.14726424217224,426,0
79.15118670463562,411,0
79.15506601333618,414,0
79.15917778015137,454,0
79.16295433044434,507,0
79.16704607009888,434,0
79.17095756530762,410,0
79.17500138282776,589,0
79.17867040634155,597,0
79.18249583244324,564,0
79.18639755249023,507,0
79.19028496742249,481,0
79.19427418708801,548,0
79.19816255569458,595,0
79.20206141471863,621,0
79.20596957206726,575,0
79.20997452735901,529,0
79.21374297142029,529,0
79.2177324295044,545,0
79.22166848182678,608,0
79.22576355934143,586,0
79.2294065952301,535,0
79.2333242893219,550,0
79.23721480369568,560,0
79.24109101295471,621,0
79.2450578212738,588,0
79.24906277656555,518,0
79.25308036804199,545,0
79.25683522224426,582,0
79.2607274055481,639,0
79.26463103294373,624,0
79.26862812042236,555,0
79.27245044708252,573,0
79.27639508247375,586,0
79.28041744232178,633,0
79.28420615196228,634,0
79.28809857368469,556,0
79.29210996627808,564,0
79.29603624343872,567,0
79.30002307891846,593,0
79.30373334884644,600,0
79.30785179138184,532,0
79.31165146827698,539,0
79.31542921066284,556,0
79.31938338279724,586,0
79.32334232330322,599,0
79.32752132415771,538,0
79.33120608329773,539,0
79.33506560325623,546,0
79.3389744758606,561,0
79.34320592880249,603,0
79.34671831130981,558,0
79.35070490837097,529,0
79.3546359539032,527,0
79.35885858535767,538,0
79.3624746799469,592,0
79.36630988121033,551,0
79.3701982498169,515,0
79.37421250343323,522,0
79.37819170951843,533,0
79.38210916519165,590,0
79.38595986366272,549,0
79.39000296592712,480,0
79.39378690719604,477,0
79.39768171310425,489,0
79.40165901184082,539,0
79.40545535087585,504,0
79.40953946113586,419,0
79.41337585449219,391,0
79.41718816757202,364,0
79.42119932174683,406,0
79.42504787445068,396,0
79.42894172668457,347,0
79.43293476104736,359,0
79.43681502342224,374,0
79.44083404541016,446,0
79.44477462768555,456,0
79.44866800308228,397,0
79.4525694847107,409,0
79.45643305778503,413,0
79.46032500267029,450,0
79.46412587165833,472,0
79.46804356575012,413,0
79.47189521789551,412,0
79.47587203979492,427,0
79.47977709770203,471,0
79.48365497589111,490,0
79.4876549243927,421,0
79.49162077903748,418,0
79.49553894996643,437,0
79.49932074546814,474,0
79.50322246551514,522,0
79.50728178024292,470,0
79.51103496551514,446,0
79.51492810249329,456,0
79.5190167427063,485,0
79.52280473709106,534,0
79.52699637413025,489,0
79.53067135810852,460,0
79.53461742401123,465,0
79.53840351104736,485,0
79.54254865646362,557,0
79.5462875366211,521,0
79.55026626586914,475,0
79.55418729782104,488,0
79.5581796169281,507,0
79.56202936172485,560,0
79.56603813171387,518,0
79.56976437568665,459,0
79.57378077507019,453,0
79.5777199268341,447,0
79.5815761089325,501,0
79.58544039726257,483,0
79.58934760093689,439,0
79.59322118759155,463,0
79.5971782207489,479,0
79.60104393959045,538,0
79.60501050949097,537,0
79.6093521118164,475,0
79.61281824111938,479,0
79.616783618927,474,0
79.62069249153137,523,0
79.62507271766663,525,0
79.62863516807556,457,0
79.63233089447021,458,0
79.63621068000793,451,0
79.64017105102539,500,0
79.64416527748108,526,0
79.64797902107239,443,0
79.65202450752258,426,0
79.65603351593018,438,0
79.65980672836304,481,0
79.663813829422,521,0
79.66766548156738,470,0
79.67144966125488,460,0
79.67551326751709,453,0
79.67939114570618,482,0
79.68316698074341,524,0
79.68707060813904,482,0
79.69110202789307,466,0
79.6951072216034,456,0
79.69898653030396,462,0
79.70281028747559,512,0
79.70673990249634,463,0
79.71080327033997,421,0
79.71464395523071,420,0
79.71839356422424,430,0
79.7223117351532,489,0
79.7263035774231,447,0
79.73008680343628,392,0
79.73404598236084,412,0
79.73792791366577,423,0
79.74209928512573,474,0
79.74591779708862,447,0
79.74976372718811,389,0
79.75370287895203,395,0
79.75753045082092,424,0
79.76142477989197,474,0
79.7653317451477,466,0
79.76922583580017,429,0
79.773268699646,456,0
79.7770688533783,473,0
79.78099966049194,548,0
79.78488636016846,559,0
79.7889313697815,513,0
79.79302716255188,529,0
79.79677605628967,545,0
79.80068445205688,602,0
79.80446481704712,619,0
79.80837845802307,549,0
79.81225228309631,545,0
79.8161952495575,552,0
79.82008147239685,593,0
79.8240110874176,610,0
79.827956199646,521,0
79.83198118209839,500,0
79.8357355594635,496,0
79.83966898918152,516,0
79.84382939338684,541,0
79.84758520126343,484,0
79.85138511657715,467,0
79.85539507865906,479,0
79.8592963218689,510,0
79.8631808757782,558,0
79.86706519126892,505,0
79.871098279953,489,0
79.87531208992004,510,0
79.87893295288086,526,0
79.88270592689514,575,0
79.8869035243988,532,0
79.89065217971802,464,0
79.89467167854309,444,0
79.89842391014099,435,0
79.90239357948303,485,0
79.9062979221344,450,0
79.91015696525574,387,0
79.91396903991699,386,0
79.91791319847107,389,0
79.92180633544922,456,0
79.92585897445679,426,0
79.92961740493774,342,0
79.93360877037048,338,0
79.93757104873657,334,0
79.94134712219238,383,0
79.94525814056396,368,0
79.94924068450928,304,0
79.95307111740112,326,0
79.95700597763062,350,0
79.96104669570923,410,0
79.96502757072449,422,0
79.96873068809509,369,0
79.97954416275024,388,0
79.97998666763306,414,0
79.98504257202148,464,0
79.98609280586243,476,0
79.98832035064697,391,0
79.99231052398682,397,0
79.99611330032349,426,0
80.00001430511475,479,0
80.00393962860107,520,0
80.00792717933655,464,0
80.01194190979004,447,0
80.01569628715515,460,0
80.01961302757263,495,0
80.02360463142395,540,0
80.02764439582825,479,0
80.03133416175842,460,0
80.03535795211792,479,0
80.03928732872009,491,0
80.04313135147095,547,0
80.04703307151794,501,0
80.05101370811462,470,0
80.05515670776367,485,0
80.05908179283142,509,0
80.0626573562622,574,0
80.06664299964905,557,0
80.07061457633972,492,0
80.07467365264893,502,0
80.07837319374084,524,0
80.08219861984253,587,0
80.08618640899658,547,0
80.09009099006653,485,0
80.09410309791565,487,0
80.09801721572876,501,0
80.10203218460083,569,0
80.10577058792114,552,0
80.10966539382935,491,0
80.11387062072754,514,0
80.11750388145447,516,0
80.12143325805664,565,0
80.12560391426086,567,0
80.1291811466217,523,0
80.1331422328949,562,0
80.13702178001404,592,0
80.14103436470032,655,0
80.14512753486633,671,0
80.14893126487732,606,0
80.1526551246643,608,0
80.15663170814514,618,0
80.16063809394836,655,0
80.16440510749817,672,0
80.16828918457031,584,0
80.17225575447083,571,0
80.17617416381836,576,0
80.18021273612976,596,0
80.18403840065002,625,0
80.18793654441833,560,0
80.19236922264099,526,0
80.19586038589478,538,0
80.19972920417786,572,0
80.20367956161499,631,0
80.2074191570282,591,0
80.21140718460083,563,0
80.21526026725769,579,0
80.21916651725769,598,0
80.22319507598877,641,0
80.22704863548279,604,0
80.23087286949158,568,0
80.23476529121399,576,0
80.23894429206848,573,0
80.24275755882263,629,0
80.24661660194397,590,0
80.25044989585876,552,0
80.2545747756958,569,0
80.25839042663574,575,0
80.26224756240845,637,0
80.26621198654175,607,0
80.26997590065002,535,0
80.27398920059204,547,0
80.27786898612976,554,0
80.28174424171448,602,0
80.286062002182,585,0
80.28962063789368,518,0
80.2936441898346,517,0
80.29759430885315,531,0
80.30134677886963,586,0
80.3052248954773,569,0
80.30983066558838,493,0
80.31308913230896,493,0
80.31720757484436,509,0
80.32088899612427,567,0
80.32483196258545,569,0
80.32865643501282,507,0
80.3326051235199,503,0
80.33653712272644,518,0
80.34042263031006,564,0
80.34432530403137,595,0
80.34823298454285,527,0
80.35220980644226,514,0
80.35632109642029,530,0
80.36021876335144,574,0
80.36425542831421,625,0
80.37177634239197,557,0
80.39611601829529,529,0
80.39681792259216,529,0
80.43023133277893,516,0
80.43441128730774,553,0
80.43476128578186,499,0
80.43745398521423,472,0
80.43778443336487,493,0
80.43794679641724,515,0
80.43811082839966,579,0
80.4382677078247,558,0
80.43840646743774,530,0
80.43854141235352,545,0
80.4386796951294,556,0
80.43881344795227,629,0
80.43898272514343,604,0
80.43915939331055,548,0
80.43930530548096,552,0
80.43946814537048,551,0
80.44209218025208,604,0
80.44605684280396,582,0
80.44996356964111,518,0
80.4539384841919,533,0
80.45793437957764,558,0
80.46168732643127,622,0
80.46559834480286,613,0
80.4696261882782,547,0
80.4733898639679,560,0
80.47736763954163,573,0
80.48124265670776,623,0
80.48517274856567,633,0
80.48901343345642,566,0
80.49300074577332,570,0
80.49688768386841,587,0
80.50083613395691,634,0
80.50473690032959,637,0
80.50878429412842,548,0
80.51257514953613,532,0
80.516592502594,525,0
80.52039098739624,551,0
80.52427840232849,585,0
80.52816605567932,503,0
80.53215479850769,475,0
80.53607535362244,499,0
80.53998327255249,534,0
80.5439281463623,576,0
80.54793500900269,533,0
80.5517086982727,515,0
80.55563688278198,525,0
80.55958771705627,547,0
80.56337404251099,602,0
80.56736326217651,566,0
80.57137370109558,537,0
80.57527446746826,528,0
80.57902812957764,527,0
80.58293557167053,589,0
80.58693885803223,538,0
80.59103441238403,495,0
80.59478330612183,512,0
80.59866571426392,515,0
80.60264921188354,570,0
80.60648989677429,540,0
80.61043667793274,500,0
80.61427307128906,517,0
80.61814570426941,511,0
80.62225937843323,567,0
80.62601709365845,566,0
80.62996482849121,500,0
80.6339066028595,497,0
80.6377465724945,496,0
80.64200592041016,536,0
80.64570236206055,532,0
80.64964580535889,460,0
80.65358543395996,476,0
80.65730500221252,503,0
80.6613461971283,549,0
80.66519331932068,572,0
80.66911506652832,489,0
80.67308759689331,493,0
80.67698788642883,526,0
80.68085360527039,575,0
80.6848611831665,600,0
80.68866801261902,534,0
80.69271063804626,516,0
80.69643902778625,519,0
80.70049262046814,546,0
80.70443034172058,588,0
80.70848822593689,529,0
80.71214032173157,509,0
80.71611261367798,512,0
80.72012329101562,529,0
80.72387766838074,590,0
80.7278995513916,554,0
80.73172736167908,516,0
80.73565459251404,523,0
80.73944568634033,539,0
80.74335956573486,603,0
80.74730014801025,565,0
80.751225233078,512,0
80.75514268875122,524,0
80.75920724868774,533,0
80.76305341720581,589,0
80.76683187484741,537,0
80.77073502540588,466,0
80.77466249465942,474,0
80.77863502502441,488,0
80.78250694274902,552,0
80.78639721870422,528,0
80.7902762889862,459,0
80.79432034492493,486,0
80.79811716079712,526,0
80.80203413963318,602,0
80.80593156814575,605,0
80.80999875068665,543,0
80.81377911567688,556,0
80.81767892837524,579,0
80.82164072990417,635,0
80.82564234733582,652,0
80.8294460773468,583,0
80.83331942558289,578,0
80.83724045753479,576,0
80.84117078781128,633,0
80.84503149986267,664,0
80.84896516799927,591,0
80.8528699874878,584,0
80.85688591003418,593,0
80.8606870174408,613,0
80.86463141441345,615,0
80.86858534812927,530,0
80.87251543998718,499,0
80.87639737129211,522,0
80.88024592399597,566,0
80.88415670394897,619,0
80.88806629180908,558,0
80.89207053184509,536,0
80.89594221115112,560,0
80.89989829063416,584,0
80.90397310256958,651,0
80.90763354301453,603,0
80.91162514686584,566,0
80.91564917564392,575,0
80.91936206817627,576,0
80.92328834533691,628,0
80.92722845077515,589,0
80.9311134815216,544,0
80.9350209236145,547,0
80.93892908096313,560,0
80.94289064407349,638,0
80.94693970680237,627,0
80.95069575309753,568,0
80.95461773872375,569,0
80.95865845680237,560,0
80.96240973472595,615,0
80.96628999710083,606,0
80.97022461891174,524,0
80.97414350509644,524,0
80.9780924320221,524,0
80.98196411132812,560,0
80.9858763217926,533,0
80.98979258537292,442,0
80.9936990737915,427,0
80.99764800071716,416,0
81.00157451629639,467,0
81.0055148601532,485,0
81.00941491127014,393,0
81.0133810043335,384,0
81.01738095283508,396,0
81.02120637893677,424,0
81.02521538734436,453,0
81.02898573875427,391,0
81.03297519683838,382,0
81.0368025302887,391,0
81.04081773757935,423,0
81.04543614387512,459,0
81.04929900169373,391,0
81.05496907234192,373,0
81.05639243125916,405,0
81.06035280227661,448,0
81.06420087814331,506,0
81.06804943084717,455,0
81.07192373275757,416,0
81.07600355148315,423,0
81.07974338531494,434,0
81.08366370201111,488,0
81.08762574195862,442,0
81.09169578552246,397,0
81.09542059898376,403,0
81.09933352470398,421,0
81.10324716567993,508,0
81.1071674823761,489,0
81.11108255386353,426,0
81.11509299278259,418,0
81.11895203590393,420,0
81.12287449836731,489,0
81.12695336341858,494,0
81.13082957267761,447,0
81.13473629951477,463,0
81.13865661621094,481,0
81.14251637458801,543,0
81.1463372707367,539,0
81.15024924278259,476,0
81.15409922599792,482,0
81.15810823440552,507,0
81.16198682785034,570,0
81.16595029830933,575,0
81.17002010345459,500,0
81.17379403114319,522,0
81.17765283584595,532,0
81.18161749839783,578,0
81.18559646606445,605,0
81.18944239616394,540,0
81.19344162940979,541,0
81.19718098640442,554,0
81.20113110542297,587,0
81.2049629688263,611,0
81.2093596458435,534,0
81.21309924125671,492,0
81.21678400039673,501,0
81.22067213058472,530,0
81.22458839416504,578,0
81.22860312461853,535,0
81.2324206829071,514,0
81.23635196685791,531,0
81.24042844772339,566,0
81.24439644813538,629,0
81.24811244010925,578,0
81.25210571289062,514,0
81.25605368614197,498,0
81.2598237991333,525,0
81.26376962661743,603,0
81.26785898208618,582,0
81.27171850204468,543,0
81.27566337585449,551,0
81.27969884872437,535,0
81.28341960906982,587,0
81.28722786903381,556,0
81.2910840511322,486,0
81.2949755191803,483,0
81.29888606071472,500,0
81.30297374725342,575,0
81.30675101280212,565,0
81.31081771850586,503,0
81.31462478637695,519,0
81.3349084854126,524,0
81.34031391143799,588,0
81.34105014801025,595,0
81.34135603904724,525,0
81.342129945755,529,0
81.34244585037231,528,0
81.34280061721802,556,0
81.34601783752441,558,0
81.34986853599548,484,0
81.35365509986877,462,0
81.35766768455505,455,0
81.36149406433105,495,0
81.36540842056274,534,0
81.36927819252014,462,0
81.37318301200867,451,0
81.37713074684143,478,0
81.38104438781738,528,0
81.38494181632996,584,0
81.3888738155365,531,0
81.39311289787292,517,0
81.39697027206421,518,0
81.40066909790039,525,0
81.40458750724792,553,0
81.40856552124023,487,0
81.41233038902283,452,0
81.41636300086975,478,0
81.4202401638031,501,0
81.424232006073,563,0
81.42822003364563,519,0
81.43204164505005,472,0
81.43612146377563,478,0
81.43991613388062,488,0
81.44377064704895,567,0
81.44766449928284,544,0
81.45151710510254,498,0
81.455406665802,524,0
81.45932269096375,537,0
81.46322917938232,609,0
81.46720361709595,602,0
81.47101211547852,549,0
81.47534942626953,551,0
81.47904944419861,549,0
81.48289799690247,602,0
81.48675441741943,609,0
81.49069094657898,558,0
81.49452447891235,566,0
81.49842238426208,577,0
81.50237369537354,641,0
81.50659823417664,647,0
81.51029539108276,565,0
81.51417684555054,564,0
81.51830077171326,565,0
81.52215647697449,606,0
81.52586078643799,625,0
81.52990770339966,526,0
81.53374123573303,520,0
81.53760242462158,530,0
81.54177784919739,562,0
81.54534459114075,602,0
81.54925441741943,535,0
81.55318903923035,522,0
81.5570695400238,526,0
81.56117820739746,566,0
81.56507992744446,614,0
81.5689914226532,541,0
81.57270336151123,497,0
81.5766830444336,499,0
81.5806052684784,535,0
81.58460688591003,597,0
81.58845162391663,543,0
81.59232878684998,501,0
81.59642338752747,511,0
81.6001524925232,511,0
81.60407257080078,570,0
81.6085159778595,534,0
81.61204791069031,488,0
81.61584758758545,507,0
81.61968946456909,527,0
81.62374424934387,600,0
81.62764883041382,591,0
81.63142943382263,539,0
81.6353874206543,533,0
81.63929295539856,529,0
81.64328384399414,592,0
81.6470685005188,575,0
81.65112257003784,490,0
81.65503859519958,478,0
81.65913248062134,479,0
81.66296219825745,536,0
81.66679286956787,534,0
81.6705675125122,461,0
81.67442560195923,459,0
81.67858338356018,463,0
81.68229818344116,506,0
81.68635869026184,509,0
81.69017052650452,440,0
81.69405961036682,437,0
81.69807434082031,443,0
81.70206665992737,485,0
81.7059645652771,507,0
81.7097978591919,435,0
81.71366691589355,430,0
81.71754956245422,456,0
81.72143888473511,508,0
81.72549271583557,562,0
81.72926783561707,503,0
81.73326134681702,481,0
81.73724627494812,490,0
81.74096870422363,508,0
81.74501395225525,560,0
81.74897193908691,509,0
81.75270509719849,470,0
81.75664043426514,490,0
81.76060199737549,508,0
81.76442551612854,560,0
81.76847195625305,512,0
81.77241659164429,465,0
81.77617335319519,484,0
81.78013849258423,498,0
81.78406715393066,565,0
81.78798365592957,529,0
81.7921371459961,468,0
81.79580998420715,482,0
81.79970502853394,491,0
81.80359745025635,543,0
81.80756306648254,516,0
81.81153225898743,462,0
81.8153383731842,480,0
81.81917595863342,489,0
81.82315349578857,542,0
81.8271734714508,508,0
81.83107209205627,423,0
81.83501815795898,446,0
81.83901286125183,475,0
81.84302616119385,535,0
81.87490797042847,513,0
81.91948413848877,420,0
81.92221903800964,421,0
81.9226016998291,450,0
81.92291975021362,527,0
81.92310667037964,559,0
81.92337918281555,492,0
81.92356824874878,498,0
81.92376589775085,523,0
81.92393231391907,572,0
81.92408299446106,610,0
81.92422461509705,533,0
81.92436027526855,507,0
81.92446160316467,501,0
81.92462205886841,524,0
81.92496252059937,570,0
81.92531991004944,511,0
81.92557191848755,476,0
81.92574620246887,486,0
81.92602443695068,516,0
81.92626023292542,585,0
81.9287600517273,545,0
81.93280267715454,508,0
81.93665385246277,518,0
81.9404923915863,545,0
81.95094895362854,622,0
81.9511878490448,585,0
81.95224022865295,523,0
81.95609498023987,529,0
81.9600100517273,555,0
81.96396899223328,612,0
81.96794199943542,579,0
81.97191381454468,520,0
81.97567462921143,541,0
81.97962427139282,568,0
81.98357558250427,643,0
81.98741459846497,629,0
81.99135112762451,561,0
81.99531531333923,567,0
81.99922275543213,584,0
82.00310826301575,641,0
82.0070333480835,633,0
82.01122379302979,560,0
82.015145778656,556,0
82.01877236366272,545,0
82.02268481254578,590,0
82.0267448425293,602,0
82.03046345710754,498,0
82.03441572189331,467,0
82.03835988044739,454,0
82.0424280166626,486,0
82.04614996910095,490,0
82.05004620552063,403,0
82.05421090126038,380,0
82.05800175666809,383,0
82.061931848526,414,0
82.06573367118835,457,0
82.0696120262146,403,0
82.07379722595215,379,0
82.07749700546265,397,0
82.08139371871948,441,0
82.0852701663971,494,0
82.08915495872498,444,0
82.0931441783905,413,0
82.097092628479,423,0
82.1010434627533,449,0
82.10500168800354,507,0
82.1089186668396,452,0
82.11279511451721,412,0
82.11662673950195,440,0
82.12048578262329,471,0
82.12452983856201,537,0
82.12841010093689,501,0
82.13217973709106,440,0
82.13622713088989,458,0
82.14002203941345,467,0
82.14401698112488,526,0
82.14805316925049,492,0
82.1517927646637,429,0
82.15569829940796,445,0
82.15969347953796,474,0
82.16358304023743,552,0
82.16739392280579,554,0
82.17148113250732,496,0
82.17553687095642,511,0
82.17913436889648,531,0
82.18304419517517,586,0
82.18699407577515,578,0
82.19090151786804,487,0
82.19502902030945,483,0
82.1988537311554,496,0
82.20265936851501,551,0
82.20661044120789,579,0
82.21066474914551,503,0
82.2144684791565,508,0
82.21828532218933,527,0
82.22214484214783,565,0
82.22633481025696,603,0
82.23024153709412,531,0
82.23386931419373,502,0
82.23795509338379,499,0
82.24206066131592,505,0
82.24570178985596,544,0
82.24959230422974,482,0
82.25349187850952,464,0
82.25737619400024,488,0
82.26140832901001,505,0
82.2651834487915,549,0
82.26909732818604,492,0
82.27325320243835,446,0
82.27715396881104,457,0
82.28080296516418,481,0
82.28475546836853,563,0
82.28873419761658,545,0
82.29269456863403,512,0
82.29647850990295,534,0
82.30036497116089,556,0
82.30445671081543,632,0
82.30882453918457,617,0
82.31214022636414,563,0
82.3160445690155,577,0
82.3201265335083,585,0
82.32388353347778,642,0
82.32797718048096,623,0
82.3319046497345,555,0
82.33585214614868,575,0
82.33963108062744,606,0
82.34350538253784,669,0
82.34738445281982,637,0
82.35142588615417,534,0
82.35536360740662,510,0
82.35943484306335,522,0
82.3631055355072,583,0
82.36708998680115,602,0
82.37084460258484,533,0
82.37486720085144,531,0
82.3787043094635,526,0
82.38263392448425,561,0
82.3865807056427,594,0
82.39038968086243,519,0
82.39431047439575,505,0
82.39829897880554,516,0
82.40219759941101,546,0
82.40604877471924,578,0
82.41009593009949,518,0
82.4140796661377,513,0
82.4177565574646,527,0
82.4217779636383,573,0
82.42581915855408,647,0
82.42948126792908,594,0
82.43356204032898,553,0
82.43731951713562,556,0
82.44126725196838,566,0
82.44521379470825,625,0
82.44902968406677,590,0
82.45294427871704,543,0
82.45709300041199,558,0
82.46094679832458,567,0
82.46473240852356,631,0
82.46865701675415,595,0
82.47262167930603,546,0
82.47661638259888,551,0
82.48046588897705,548,0
82.48433041572571,599,0
82.48824262619019,569,0
82.49228382110596,503,0
82.4960253238678,499,0
82.50004863739014,518,0
82.5040225982666,582,0
82.50774955749512,577,0
82.51175498962402,504,0
82.51568722724915,504,0
82.51957559585571,515,0
82.52360534667969,562,0
82.527428150177,567,0
82.53117609024048,496,0
82.53511452674866,515,0
82.53902125358582,539,0
82.54299449920654,586,0
82.546945810318,589,0
82.55084824562073,502,0
82.5546817779541,489,0
82.55871963500977,511,0
82.56263184547424,562,0
82.56641912460327,603,0
82.57060265541077,542,0
82.57445359230042,522,0
82.57820987701416,531,0
82.58222007751465,574,0
82.5862467288971,625,0
82.59010910987854,575,0
82.5940055847168,534,0
82.59806728363037,533,0
82.60174012184143,551,0
82.60570025444031,611,0
82.60971426963806,564,0
82.61347651481628,530,0
82.61728119850159,534,0
82.6212408542633,537,0
82.62545824050903,593,0
82.62911033630371,550,0
82.6330955028534,503,0
82.63716840744019,508,0
82.64099073410034,515,0
82.64469289779663,597,0
82.64870357513428,578,0
82.6526107788086,531,0
82.65666508674622,551,0
82.66047286987305,565,0
82.6641993522644,617,0
82.6681456565857,603,0
82.67209672927856,533,0
82.67616605758667,530,0
82.68009924888611,545,0
82.68381214141846,600,0
82.68778371810913,599,0
82.69186162948608,542,0
82.6956102848053,568,0
82.69945549964905,590,0
82.70334506034851,636,0
82.70726990699768,641,0
82.7111394405365,553,0
82.7151403427124,544,0
82.71924352645874,568,0
82.72312927246094,636,0
82.72693586349487,669,0
82.73076319694519,606,0
82.73473286628723,600,0
82.73863792419434,611,0
82.74263191223145,658,0
82.74641990661621,691,0
82.7502818107605,623,0
82.7543683052063,598,0
82.75820183753967,590,0
82.76213836669922,613,0
82.76627254486084,664,0
82.77007174491882,618,0
82.77371001243591,584,0
82.77770471572876,583,0
82.78160119056702,599,0
82.78558707237244,653,0
82.78949213027954,607,0
82.79349684715271,559,0
82.79727363586426,564,0
82.80126237869263,565,0
82.80510687828064,602,0
82.8090283870697,560,0
82.81293725967407,491,0
82.81698775291443,503,0
82.8208749294281,504,0
82.82467150688171,553,0
82.82866930961609,519,0
82.8324875831604,456,0
82.83648800849915,464,0
82.84025311470032,469,0
82.84421420097351,531,0
82.84816837310791,508,0
82.85201168060303,435,0
82.85610771179199,450,0
82.86003756523132,470,0
82.86396741867065,541,0
82.86780548095703,560,0
82.87167072296143,503,0
82.8756365776062,528,0
82.87940454483032,564,0
82.88346886634827,614,0
82.88720560073853,636,0
82.89116549491882,564,0
82.89503335952759,557,0
82.89895176887512,558,0
82.90295815467834,596,0
82.90679860115051,605,0
82.9107666015625,509,0
82.91466331481934,473,0
82.91856002807617,467,0
82.92253923416138,481,0
82.92643618583679,487,0
82.93032026290894,424,0
82.93412804603577,407,0
82.93813991546631,417,0
82.94236087799072,435,0
82.94601321220398,493,0
82.9499740600586,446,0
82.95389580726624,418,0
82.95774507522583,443,0
82.96163773536682,474,0
82.96542048454285,534,0
82.96936178207397,500,0
82.97347831726074,468,0
82.9771978855133,497,0
82.98115491867065,512,0
82.98512291908264,587,0
82.98889636993408,567,0
82.9928867816925,507,0
82.9968888759613,507,0
83.00072503089905,508,0
83.00467467308044,563,0
83.00895595550537,538,0
83.01245141029358,456,0
83.01637053489685,452,0
83.02025008201599,456,0
83.02417397499084,507,0
83.0282654762268,502,0
83.03220319747925,433,0
83.03604483604431,447,0
83.03981137275696,448,0
83.04377460479736,495,0
83.04780268669128,526,0
83.05162525177002,459,0
83.05540776252747,457,0
83.05946636199951,469,0
83.06336760520935,518,0
83.06720161437988,545,0
83.07115507125854,476,0
83.07524991035461,457,0
83.07900762557983,462,0
83.08287262916565,493,0
83.08693170547485,522,0
83.09085130691528,451,0
83.09468936920166,430,0
83.09865951538086,426,0
83.1023690700531,447,0
83.106285572052,499,0
83.11030650138855,452,0
83.11411786079407,444,0
83.11803436279297,466,0
83.12197184562683,480,0
83.12604451179504,545,0
83.12988042831421,506,0
83.13374900817871,464,0
83.13767695426941,481,0
83.14146161079407,506,0
83.14538741111755,574,0
83.14931464195251,551,0
83.15328812599182,507,0
83.15712642669678,497,0
83.16105484962463,497,0
83.1650378704071,575,0
83.16902470588684,573,0
83.17302751541138,520,0
83.17668223381042,539,0
83.18069577217102,557,0
83.18463325500488,616,0
83.18852019309998,621,0
83.19243717193604,564,0
83.19626307487488,581,0
83.20017337799072,607,0
83.2041232585907,665,0
83.20811128616333,658,0
83.21206307411194,586,0
83.21586084365845,590,0
83.2197904586792,593,0
83.22372651100159,632,0
83.22765779495239,645,0
83.23156714439392,564,0
83.23545551300049,553,0
83.23937749862671,558,0
83.24353265762329,593,0
83.24718952178955,601,0
83.25115036964417,513,0
83.25498962402344,494,0
83.25921487808228,509,0
83.26287746429443,543,0
83.26682734489441,582,0
83.27065086364746,534,0
83.27456617355347,507,0
83.27842283248901,510,0
83.28239703178406,540,0
83.28626918792725,594,0
83.29032731056213,522,0
83.29409575462341,471,0
83.2979462146759,485,0
83.3019015789032,496,0
83.30596709251404,555,0
83.31003880500793,528,0
83.31369209289551,484,0
83.3177375793457,498,0
83.32152247428894,507,0
83.32554793357849,571,0
83.32941699028015,537,0
83.33324122428894,474,0
83.33716201782227,479,0
83.34118723869324,485,0
83.34513473510742,556,0
83.34899711608887,542,0
83.38003945350647,460,0
83.38147282600403,445,0
83.40000510215759,450,0
83.4006085395813,524,0
83.40104222297668,551,0
83.4014642238617,491,0
83.40177798271179,506,0
83.40214467048645,534,0
83.40288233757019,579,0
83.40343451499939,596,0
83.40531945228577,528,0
83.40653419494629,532,0
83.4071307182312,546,0
83.40773153305054,585,0
83.40859746932983,600,0
83.41140246391296,539,0
83.41792464256287,527,0
83.43014454841614,538,0
83.43051671981812,575,0
83.43078398704529,603,0
83.43103671073914,521,0
83.43505620956421,498,0
83.44348549842834,510,0
83.44466137886047,552,0
83.44688487052917,607,0
83.45066356658936,556,0
83.45451521873474,526,0
83.4692964553833,529,0
83.47053360939026,547,0
83.47109818458557,624,0
83.47239017486572,588,0
83.47400188446045,552,0
83.47793745994568,552,0
83.4819073677063,558,0
83.48585915565491,635,0
83.4896297454834,604,0
83.49362206459045,548,0
83.49744129180908,554,0
83.50135898590088,578,0
83.50536274909973,638,0
83.50923490524292,615,0
83.51323914527893,560,0
83.51709175109863,583,0
83.52100467681885,604,0
83.52498054504395,655,0
83.52882838249207,646,0
83.5327889919281,583,0
83.53697061538696,585,0
83.540687084198,583,0
83.54444980621338,635,0
83.54834246635437,635,0
83.55227851867676,546,0
83.5562334060669,535,0
83.56023907661438,531,0
83.56405758857727,571,0
83.56817388534546,584,0
83.57204151153564,491,0
83.57603001594543,480,0
83.57983589172363,490,0
83.58361864089966,534,0
83.58761358261108,565,0
83.59146022796631,495,0
83.59539771080017,483,0
83.59922218322754,482,0
83.60314083099365,513,0
83.60711526870728,551,0
83.61096668243408,494,0
83.61511611938477,478,0
83.61904954910278,506,0
83.62272119522095,520,0
83.62666249275208,551,0
83.63062453269958,490,0
83.63436532020569,431,0
83.63830828666687,435,0
83.64238357543945,463,0
83.64627861976624,529,0
83.65048050880432,497,0
83.65415406227112,450,0
83.65797305107117,458,0
83.66206860542297,472,0
83.66570377349854,539,0
83.66980266571045,516,0
83.6736114025116,466,0
83.67758393287659,462,0
83.68139815330505,463,0
83.68532991409302,527,0
83.68927145004272,506,0
83.69325709342957,436,0
83.69703984260559,453,0
83.70112895965576,473,0
83.70523810386658,526,0
83.70893812179565,515,0
83.71280479431152,430,0
83.716641664505,424,0
83.72054505348206,408,0
83.72439408302307,451,0
83.72831010818481,468,0
83.73222422599792,400,0
83.73620700836182,411,0
83.74010062217712,427,0
83.74408507347107,464,0
83.74788761138916,496,0
83.75178623199463,427,0
83.75585103034973,438,0
83.75973176956177,460,0
83.76361966133118,498,0
83.76743173599243,538,0
83.77130007743835,482,0
83.77535080909729,459,0
83.77912998199463,465,0
83.7831392288208,491,0
83.78700017929077,531,0
83.79104018211365,476,0
83.79481387138367,448,0
83.7988178730011,440,0
83.8026511669159,440,0
83.8066234588623,490,0
83.81043148040771,443,0
83.81434154510498,410,0
83.8182463645935,422,0
83.82220220565796,429,0
83.82612538337708,470,0
83.82996964454651,430,0
83.83411598205566,393,0
83.83782005310059,419,0
83.84190845489502,431,0
83.84565687179565,484,0
83.84962058067322,440,0
83.8534677028656,363,0
83.857430934906,353,0
83.86127758026123,370,0
83.86521244049072,433,0
83.8691508769989,414,0
83.87304210662842,349,0
83.87758684158325,367,0
83.88089489936829,372,0
83.88476300239563,427,0
83.8886935710907,432,0
83.89278841018677,376,0
83.89655876159668,407,0
83.900399684906,448,0
83.90433835983276,518,0
83.9082612991333,556,0
83.91214537620544,494,0
83.9160783290863,492,0
83.91997718811035,520,0
83.92393279075623,582,0
83.92787170410156,620,0
83.93186235427856,558,0
83.93573522567749,540,0
83.93957471847534,560,0
83.94345617294312,612,0
83.94742846488953,655,0
83.95125436782837,591,0
83.95515966415405,558,0
83.95911884307861,559,0
83.96297597885132,564,0
83.96691083908081,621,0
83.97089052200317,585,0
83.97471594810486,562,0
83.9787003993988,571,0
83.98260426521301,585,0
83.98647046089172,656,0
83.99046730995178,619,0
83.99427270889282,561,0
83.99821448326111,568,0
84.00211715698242,566,0
84.00604033470154,625,0
84.00995540618896,600,0
84.0139524936676,537,0
84.01786947250366,572,0
84.02200937271118,609,0
84.0267562866211,680,0
84.03402137756348,658,0
84.0354950428009,580,0
84.03742098808289,576,0
84.0413327217102,578,0
84.04657101631165,639,0
84.04907417297363,644,0
84.05316805839539,579,0
84.05872702598572,579,0
84.06096577644348,589,0
84.06490969657898,644,0
84.06876611709595,654,0
84.07262897491455,582,0
84.08390879631042,585,0
84.08580446243286,584,0
84.0895128250122,619,0
84.08985567092896,644,0
84.09212899208069,572,0
84.09604692459106,547,0
84.09998321533203,559,0
84.10394811630249,583,0
84.10777688026428,618,0
84.11164927482605,561,0
84.11566352844238,512,0
84.11958742141724,518,0
84.12337851524353,556,0
84.1273763179779,602,0
84.13123106956482,527,0
84.13514685630798,480,0
84.13917970657349,475,0
84.14326000213623,480,0
84.1471312046051,541,0
84.15099167823792,498,0
84.15474271774292,457,0
84.1588339805603,467,0
84.16264486312866,484,0
84.16647338867188,558,0
84.17059445381165,556,0
84.17429208755493,528,0
84.17835760116577,544,0
84.18211841583252,570,0
84.18607521057129,634,0
84.19006705284119,609,0
84.19411134719849,541,0
84.19782280921936,552,0
84.20174956321716,577,0
84.2056725025177,628,0
84.20957612991333,613,0
84.21356105804443,553,0
84.21736860275269,564,0
84.22128176689148,582,0
84.22534656524658,646,0
84.22924256324768,655,0
84.2330641746521,581,0
84.23691439628601,592,0
84.24091339111328,615,0
84.24487638473511,658,0
84.2487268447876,675,0
84.252596616745,575,0
84.25655031204224,549,0
84.2604649066925,556,0
84.26423168182373,594,0
84.26818752288818,618,0
84.27218747138977,543,0
84.27621150016785,529,0
84.27998805046082,538,0
84.28394174575806,549,0
84.28795886039734,571,0
84.29169631004333,513,0
84.29565119743347,492,0
84.29948854446411,504,0
84.30362272262573,525,0
84.30730652809143,563,0
84.31124305725098,496,0
84.31514739990234,446,0
84.31912899017334,443,0
84.32294058799744,437,0
84.32686972618103,492,0
84.33087944984436,466,0
84.33473467826843,396,0
84.33874106407166,370,0
84.34265685081482,363,0
84.34641790390015,424,0
84.35037732124329,402,0
84.35437965393066,359,0
84.35825777053833,381,0
84.36222815513611,399,0
84.36606979370117,476,0
84.37001538276672,450,0
84.37385606765747,361,0
84.3781065940857,349,0
84.38199281692505,358,0
84.38559627532959,422,0
84.38942956924438,420,0
84.39342188835144,349,0
84.39746952056885,356,0
84.40119314193726,377,0
84.40519142150879,442,0
84.40918493270874,469,0
84.41305828094482,417,0
84.41687560081482,432,0
84.42087984085083,440,0
84.42476439476013,465,0
84.42869901657104,479,0
84.43254089355469,415,0
84.43672275543213,427,0
84.44047093391418,445,0
84.44437074661255,500,0
84.44814705848694,553,0
84.45203900337219,511,0
84.45595622062683,505,0
84.46004939079285,534,0
84.46371793746948,588,0
84.46767926216125,653,0
84.471684217453,596,0
84.47572493553162,573,0
84.47942614555359,589,0
84.48339867591858,601,0
84.48722672462463,667,0
84.49117398262024,629,0
84.49509596824646,581,0
84.49895286560059,584,0
84.5030083656311,596,0
84.50695133209229,652,0
84.51085686683655,611,0
84.51464796066284,550,0
84.51866674423218,554,0
84.52246904373169,560,0
84.52656698226929,616,0
84.53029108047485,601,0
84.5342173576355,542,0
84.5381510257721,551,0
84.54219651222229,562,0
84.5460479259491,628,0
84.55006003379822,611,0
84.5538547039032,539,0
84.55772733688354,532,0
84.5619421005249,546,0
84.56546187400818,606,0
84.56942939758301,612,0
84.573401927948,536,0
84.57730746269226,527,0
84.58119416236877,527,0
84.5851001739502,558,0
84.58906984329224,572,0
84.5929811000824,484,0
84.5969090461731,478,0
84.60075306892395,497,0
84.6046781539917,549,0
84.60875248908997,590,0
84.61248970031738,524,0
84.61636304855347,511,0
84.62023615837097,520,0
84.62417340278625,543,0
84.62814044952393,590,0
84.63199186325073,533,0
84.63592171669006,516,0
84.63998079299927,529,0
84.64378428459167,554,0
84.64769339561462,619,0
84.65166974067688,588,0
84.65566849708557,534,0
84.65946841239929,531,0
84.66330099105835,564,0
84.66724634170532,630,0
84.67123484611511,586,0
84.67507600784302,533,0
84.6789903640747,538,0
84.68290066719055,555,0
84.68675756454468,623,0
84.69085168838501,603,0
84.6946668624878,553,0
84.69853043556213,559,0
84.70261430740356,563,0
84.70632410049438,630,0
84.71037697792053,613,0
84.71418404579163,534,0
84.71811985969543,522,0
84.7220208644867,502,0
84.7261130809784,528,0
84.72988080978394,531,0
84.73384737968445,463,0
84.73769187927246,460,0
84.74188566207886,451,0
84.7454559803009,489,0
84.74938416481018,514,0
84.75326728820801,459,0
84.7572250366211,473,0
84.76118230819702,478,0
84.76503467559814,527,0
84.76912665367126,547,0
84.77289199829102,474,0
84.77700638771057,475,0
84.78072428703308,497,0
84.78467917442322,552,0
84.78856921195984,605,0
84.79238963127136,546,0
84.79639482498169,518,0
84.8002200126648,526,0
84.80419421195984,553,0
84.80798745155334,598,0
84.81198644638062,520,0
84.81587219238281,473,0
84.8197991847992,481,0
84.82371878623962,517,0
84.8277359008789,596,0
84.83156824111938,555,0
84.83538746833801,513,0
84.83929491043091,524,0
84.84328436851501,529,0
84.84717631340027,590,0
84.85109853744507,554,0
84.85501885414124,499,0
84.85898399353027,518,0
84.8627462387085,539,0
84.86669039726257,617,0
84.87065291404724,602,0
84.87481164932251,538,0
84.87848949432373,531,0
84.88244891166687,538,0
84.88640832901001,612,0
84.89023470878601,620,0
84.89410710334778,554,0
84.89797639846802,560,0
84.90206789970398,559,0
84.90593767166138,610,0
84.90996170043945,628,0
84.91363334655762,549,0
84.91759157180786,543,0
84.92146801948547,540,0
84.92545247077942,578,0
84.92932510375977,594,0
84.93323111534119,535,0
84.93725299835205,547,0
84.94114208221436,559,0
84.9449815750122,591,0
84.94899916648865,624,0
84.95299172401428,556,0
84.95670223236084,547,0
84.96080994606018,560,0
84.96464419364929,572,0
84.96847867965698,607,0
84.97241616249084,547,0
84.97648859024048,528,0
84.98026275634766,536,0
85.0124499797821,560,0
85.0138807296753,620,0
85.05043530464172,557,0
85.06374764442444,501,0
85.06417870521545,513,0
85.06474423408508,517,0
85.06509900093079,570,0
85.0653235912323,527,0
85.06559586524963,467,0
85.06581926345825,466,0
85.06603813171387,475,0
85.06627225875854,524,0
85.06651473045349,490,0
85.06670880317688,450,0
85.06691241264343,477,0
85.06709861755371,493,0
85.06724190711975,565,0
85.06739616394043,548,0
85.06756639480591,478,0
85.0677182674408,481,0
85.0678551197052,488,0
85.06798958778381,529,0
85.07011270523071,513,0
85.0741457939148,443,0
85.0911979675293,442,0
85.09161710739136,456,0
85.09239673614502,512,0
85.09303045272827,527,0
85.09372091293335,462,0
85.09756755828857,465,0
85.10141968727112,478,0
85.10532879829407,518,0
85.10920333862305,548,0
85.11314010620117,485,0
85.11705112457275,473,0
85.1210777759552,463,0
85.12496185302734,485,0
85.12894797325134,521,0
85.13271856307983,454,0
85.1367359161377,438,0
85.1406090259552,450,0
85.14447116851807,471,0
85.14838981628418,515,0
85.1522867679596,461,0
85.15630578994751,442,0
85.16027760505676,455,0
85.16417026519775,486,0
85.16810131072998,569,0
85.17201542854309,520,0
85.17591714859009,471,0
85.17978382110596,480,0
85.18363499641418,483,0
85.18755841255188,546,0
85.19143748283386,502,0
85.1953775882721,439,0
85.19924235343933,447,0
85.20331311225891,468,0
85.20708060264587,538,0
85.21110510826111,512,0
85.21508479118347,453,0
85.21907305717468,466,0
85.22316837310791,463,0
85.22953820228577,526,0
85.23131346702576,522,0
85.23455786705017,431,0
85.2383918762207,423,0
85.24233865737915,414,0
85.24626111984253,463,0
85.25008940696716,471,0
85.25399851799011,411,0
85.25796890258789,429,0
85.2618350982666,437,0
85.26574182510376,482,0
85.2696762084961,501,0
85.27375316619873,426,0
85.27754878997803,435,0
85.28136920928955,447,0
85.28526735305786,491,0
85.28921318054199,527,0
85.29307460784912,474,0
85.29699778556824,429,0
85.30110096931458,409,0
85.3049898147583,433,0
85.30897331237793,501,0
85.31270337104797,475,0
85.31672883033752,466,0
85.32061553001404,476,0
85.32443571090698,503,0
85.32837224006653,559,0
85.33230233192444,511,0
85.33629107475281,456,0
85.34013223648071,460,0
85.34399700164795,468,0
85.34798765182495,517,0
85.35207653045654,480,0
85.35583448410034,443,0
85.3599112033844,472,0
85.36369156837463,506,0
85.36745977401733,593,0
85.3713948726654,548,0
85.37545347213745,476,0
85.37925958633423,481,0
85.38315296173096,487,0
85.38707613945007,543,0
85.3911144733429,525,0
85.39510178565979,449,0
85.39882063865662,464,0
85.40272402763367,477,0
85.40661978721619,520,0
85.41072940826416,516,0
85.41438722610474,453,0
85.41835141181946,446,0
85.42221283912659,436,0
85.42650151252747,489,0
85.43015480041504,488,0
85.43403315544128,402,0
85.43798899650574,399,0
85.44212818145752,414,0
85.44589328765869,470,0
85.44967198371887,507,0
85.45358395576477,446,0
85.45748949050903,438,0
85.46143460273743,439,0
85.46527814865112,484,0
85.46925520896912,540,0
85.47326016426086,487,0
85.47726607322693,447,0
85.4809205532074,437,0
85.48479437828064,469,0
85.48897695541382,531,0
85.49285531044006,481,0
85.49665570259094,455,0
85.50065159797668,466,0
85.50447082519531,484,0
85.5082905292511,540,0
85.5122754573822,505,0
85.51633262634277,472,0
85.52011442184448,489,0
85.52400398254395,483,0
85.52820873260498,541,0
85.53186559677124,518,0
85.535897731781,455,0
85.53963446617126,453,0
85.54364967346191,447,0
85.54751515388489,507,0
85.5512924194336,496,0
85.55531024932861,435,0
85.55929207801819,445,0
85.56316661834717,453,0
85.56697750091553,524,0
85.57108163833618,529,0
85.57501292228699,469,0
85.57890105247498,476,0
85.58269453048706,490,0
85.58664846420288,528,0
85.59053683280945,536,0
85.59460139274597,466,0
85.59827899932861,474,0
85.6022481918335,499,0
85.60622310638428,568,0
85.6102979183197,607,0
85.61424422264099,550,0
85.61780548095703,545,0
85.62177038192749,534,0
85.62604475021362,557,0
85.62967705726624,582,0
85.63345432281494,514,0
85.63741302490234,495,0
85.64138317108154,492,0
85.64532685279846,512,0
85.64920783042908,549,0
85.6531879901886,474,0
85.65719771385193,438,0
85.66093397140503,441,0
85.66482639312744,449,0
85.66883563995361,497,0
85.67274022102356,446,0
85.67662835121155,418,0
85.68044424057007,434,0
85.68448781967163,464,0
85.68834280967712,532,0
85.6922357082367,478,0
85.6961567401886,434,0
85.69996762275696,456,0
85.70418763160706,479,0
85.70778036117554,562,0
85.71189308166504,542,0
85.71566891670227,486,0
85.71960783004761,502,0
85.72340488433838,516,0
85.72741508483887,583,0
85.73129940032959,584,0
85.73518538475037,525,0
85.73908376693726,534,0
85.74303364753723,531,0
85.74698400497437,581,0
85.75099277496338,583,0
85.7548577785492,526,0
85.75894665718079,544,0
85.76264190673828,550,0
85.76664423942566,586,0
85.77042746543884,593,0
85.77440810203552,509,0
85.77825856208801,496,0
85.78216528892517,499,0
85.78607416152954,529,0
85.7899477481842,531,0
85.79404401779175,458,0
85.79795813560486,457,0
85.80170893669128,494,0
85.80567216873169,552,0
85.80966448783875,602,0
85.81344032287598,551,0
85.8173279762268,533,0
85.82122826576233,550,0
85.82519125938416,576,0
85.82920169830322,612,0
85.83312463760376,551,0
85.83693861961365,515,0
85.84079933166504,520,0
85.84482026100159,529,0
85.8487389087677,578,0
85.85267972946167,531,0
85.8564841747284,488,0
85.86056017875671,493,0
85.86430764198303,515,0
85.86830115318298,592,0
85.87214422225952,567,0
85.8760917186737,532,0
85.87992835044861,559,0
85.88382697105408,573,0
85.88774371147156,638,0
85.8917007446289,618,0
85.89571332931519,559,0
85.8995292186737,576,0
85.9034161567688,598,0
85.90731024742126,654,0
85.91137933731079,639,0
85.91511678695679,556,0
85.91906142234802,563,0
85.9229884147644,568,0
85.92721891403198,615,0
85.93078637123108,612,0
85.93480157852173,517,0
85.93868041038513,500,0
85.94272780418396,491,0
85.94656610488892,521,0
85.95035338401794,542,0
85.95428586006165,462,0
85.95837259292603,451,0
85.96213436126709,460,0
85.96605730056763,504,0
85.97024273872375,549,0
85.97405552864075,473,0
85.97787356376648,446,0
85.98175978660583,453,0
85.98570370674133,487,0
85.98958849906921,524,0
85.99337077140808,455,0
85.99727964401245,425,0
86.00118398666382,442,0
86.00511813163757,463,0
86.00928854942322,517,0
86.01311779022217,468,0
86.01687002182007,426,0
86.0209231376648,424,0
86.02465486526489,423,0
86.02871870994568,485,0
86.03258633613586,444,0
86.03640794754028,386,0
86.04032897949219,393,0
86.04429936408997,406,0
86.04815173149109,488,0
86.05202841758728,481,0
86.0560610294342,431,0
86.06003618240356,447,0
86.06393575668335,474,0
86.06767964363098,549,0
86.0716540813446,544,0
86.07563209533691,477,0
86.07941818237305,490,0
86.08333659172058,502,0
86.08726930618286,567,0
86.09116244316101,589,0
86.09511375427246,532,0
86.09901142120361,544,0
86.10295104980469,556,0
86.10679960250854,604,0
86.1107850074768,616,0
86.11466526985168,543,0
86.1186113357544,550,0
86.12248921394348,567,0
86.12651801109314,611,0
86.13031530380249,637,0
86.13432502746582,567,0
86.13812136650085,550,0
86.1420509815216,554,0
86.14594984054565,591,0
86.15001940727234,633,0
86.15376806259155,567,0
86.15767502784729,547,0
86.16167092323303,562,0
86.1657361984253,590,0
86.16943264007568,654,0
86.17332363128662,607,0
86.17725849151611,588,0
86.18114757537842,596,0
86.18505454063416,615,0
86.1889660358429,684,0
86.1929235458374,640,0
86.19698190689087,582,0
86.20070743560791,585,0
86.20464992523193,593,0
86.20876288414001,660,0
86.21243619918823,624,0
86.216383934021,552,0
86.22026705741882,539,0
86.2242648601532,540,0
86.22811436653137,605,0
86.23206901550293,579,0
86.23594760894775,517,0
86.23988556861877,519,0
86.24400877952576,532,0
86.24771642684937,595,0
86.25166273117065,593,0
86.25561928749084,519,0
86.25976204872131,515,0
86.26336407661438,508,0
86.2672209739685,556,0
86.27114748954773,567,0
86.27545762062073,491,0
86.27906775474548,502,0
86.28284478187561,491,0
86.28686213493347,518,0
86.29099345207214,530,0
86.29471492767334,459,0
86.29869174957275,478,0
86.30249047279358,504,0
86.30641651153564,551,0
86.31049418449402,593,0
86.31423950195312,522,0
86.31817436218262,515,0
86.32232475280762,535,0
86.32631278038025,562,0
86.32989525794983,602,0
86.33371758460999,538,0
86.33764338493347,512,0
86.3417341709137,533,0
86.34554839134216,555,0
86.34940719604492,607,0
86.35327529907227,548,0
86.35725712776184,496,0
86.3612048625946,518,0
86.3650131225586,535,0
86.3689227104187,594,0
86.37282109260559,547,0
86.37674379348755,491,0
86.380695104599,505,0
86.38489556312561,530,0
86.38866186141968,609,0
86.39246153831482,592,0
86.39631962776184,531,0
86.40027260780334,541,0
86.4041223526001,555,0
86.40806221961975,616,0
86.41199040412903,600,0
86.41599774360657,541,0
86.41979169845581,537,0
86.42390537261963,535,0
86.42780876159668,593,0
86.4315972328186,596,0
86.43546485900879,519,0
86.43933892250061,523,0
86.44324827194214,543,0
86.44716763496399,587,0
86.45111989974976,601,0
86.45511388778687,515,0
86.4590711593628,508,0
86.46305680274963,523,0
86.4963448047638,577,0
86.49867057800293,613,0
86.533607006073,543,0
86.53574252128601,519,0
86.53608751296997,520,0
86.5371024608612,540,0
86.53957676887512,574,0
86.53976559638977,517,0
86.54038739204407,492,0
86.54083466529846,509,0
86.54335856437683,543,0
86.54406785964966,584,0
86.54437446594238,518,0
86.5446310043335,478,0
86.54477858543396,487,0
86.54497623443604,498,0
86.54512977600098,557,0
86.54526042938232,516,0
86.54547572135925,467,0
86.54565334320068,476,0
86.54580044746399,494,0
86.54908323287964,558,0
86.55421423912048,533,0
86.55676937103271,486,0
86.56087565422058,499,0
86.56465649604797,519,0
86.56845808029175,587,0
86.57233572006226,561,0
86.57640242576599,500,0
86.58016300201416,503,0
86.58407282829285,502,0
86.58798003196716,542,0
86.59201836585999,530,0
86.59580302238464,464,0
86.59988760948181,469,0
86.60369682312012,461,0
86.60784602165222,519,0
86.61151504516602,529,0
86.61545085906982,448,0
86.61934304237366,448,0
86.62360286712646,463,0
86.62725615501404,513,0
86.63112592697144,539,0
86.63510131835938,474,0
86.63909220695496,468,0
86.64311790466309,478,0
86.64680242538452,523,0
86.65089559555054,567,0
86.6547360420227,501,0
86.65853571891785,484,0
86.66237711906433,495,0
86.66637778282166,516,0
86.67038321495056,543,0
86.67418932914734,483,0
86.67812776565552,452,0
86.68226671218872,460,0
86.6858263015747,488,0
86.68995141983032,542,0
86.69386267662048,487,0
86.69783282279968,420,0
86.70183515548706,428,0
86.70555996894836,435,0
86.70984292030334,488,0
86.71318864822388,443,0
86.71714353561401,388,0
86.72146534919739,391,0
86.72520232200623,404,0
86.72898292541504,451,0
86.73279285430908,411,0
86.73681306838989,336,0
86.74071860313416,330,0
86.74492764472961,341,0
86.7484040260315,416,0
86.75246834754944,402,0
86.75638365745544,338,0
86.76034474372864,360,0
86.76417899131775,393,0
86.76804041862488,468,0
86.77206826210022,482,0
86.77587890625,405,0
86.77971196174622,390,0
86.78376603126526,383,0
86.7876467704773,426,0
86.79146242141724,462,0
86.79538011550903,396,0
86.79928469657898,412,0
86.80321097373962,438,0
86.80711436271667,484,0
86.81116199493408,519,0
86.81499075889587,459,0
86.8190324306488,452,0
86.82279968261719,464,0
86.82670283317566,511,0
86.83081984519958,552,0
86.8345034122467,490,0
86.8387451171875,467,0
86.84271669387817,470,0
86.84624648094177,490,0
86.85022449493408,552,0
86.85423588752747,517,0
86.85793375968933,482,0
86.86190366744995,486,0
86.86578941345215,496,0
86.86975693702698,551,0
86.8736321926117,509,0
86.8776376247406,462,0
86.88143420219421,470,0
86.88534116744995,481,0
86.88925170898438,556,0
86.89317226409912,534,0
86.89705562591553,472,0
86.90103507041931,463,0
86.90492725372314,470,0
86.90898132324219,528,0
86.91280198097229,518,0
86.91669154167175,471,0
86.92081952095032,481,0
86.92445635795593,494,0
86.92838048934937,548,0
86.93226838111877,543,0
86.93636131286621,478,0
86.94013237953186,488,0
86.94398951530457,504,0
86.94791436195374,564,0
86.95196294784546,585,0
86.95592451095581,521,0
86.95973348617554,529,0
86.9636378288269,532,0
86.96762704849243,587,0
86.97137975692749,622,0
86.97542119026184,550,0
86.9792993068695,541,0
86.98316311836243,547,0
86.98705410957336,572,0
86.99095749855042,594,0
86.99483370780945,519,0
86.99877071380615,503,0
87.00269198417664,504,0
87.00664639472961,530,0
87.0105938911438,577,0
87.01441597938538,517,0
87.01834034919739,491,0
87.02230596542358,508,0
87.02620768547058,527,0
87.03009414672852,571,0
87.03422713279724,523,0
87.03797388076782,481,0
87.04206156730652,498,0
87.04593253135681,517,0
87.04987144470215,580,0
87.05370140075684,549,0
87.05758500099182,502,0
87.0649881362915,513,0
87.06632947921753,522,0
87.06930494308472,603,0
87.0734052658081,581,0
87.07724618911743,523,0
87.0810866355896,531,0
87.08559823036194,535,0
87.08882880210876,592,0
87.09547638893127,589,0
87.09675216674805,523,0
87.1022720336914,535,0
87.10465264320374,543,0
87.1084680557251,591,0
87.11227560043335,586,0
87.11614155769348,498,0
87.12006735801697,502,0
87.12401103973389,513,0
87.12805962562561,556,0
87.13193440437317,580,0
87.13572883605957,502,0
87.13971877098083,492,0
87.1436722278595,504,0
87.14741683006287,558,0
87.1514105796814,587,0
87.15526461601257,521,0
87.15924406051636,516,0
87.16306567192078,511,0
87.1671531200409,548,0
87.1709349155426,599,0
87.17495727539062,543,0
87.17879915237427,521,0
87.18265175819397,526,0
87.1866250038147,558,0
87.19061255455017,627,0
87.19444584846497,596,0
87.19829845428467,578,0
87.20224595069885,595,0
87.20628380775452,613,0
87.21005487442017,664,0
87.21396088600159,625,0
87.21811175346375,584,0
87.22189092636108,602,0
87.22585487365723,601,0
87.22979497909546,638,0
87.23360919952393,594,0
87.23740863800049,535,0
87.2414014339447,543,0
87.24535870552063,556,0
87.2492527961731,624,0
87.25314998626709,612,0
87.25713396072388,546,0
87.2610821723938,538,0
87.26488971710205,527,0
87.26900887489319,561,0
87.27278304100037,531,0
87.27694463729858,438,0
87.28064370155334,438,0
87.28439974784851,453,0
87.2883243560791,517,0
87.29237508773804,532,0
87.29616904258728,467,0
87.30006051063538,478,0
87.30425357818604,492,0
87.30920958518982,535,0
87.31247520446777,563,0
87.31583309173584,509,0
87.31966710090637,508,0
87.32353115081787,498,0
87.32756900787354,525,0
87.33131766319275,563,0
87.33541131019592,496,0
87.33939218521118,483,0
87.34337615966797,475,0
87.34706258773804,487,0
87.35110831260681,502,0
87.35489916801453,421,0
87.35903120040894,389,0
87.36282777786255,405,0
87.36664319038391,418,0
87.37052035331726,461,0
87.37443351745605,417,0
87.37836980819702,391,0
87.38223767280579,412,0
87.38612008094788,419,0
87.39016938209534,467,0
87.39411211013794,423,0
87.39790463447571,375,0
87.40180540084839,399,0
87.40577101707458,423,0
87.40975546836853,492,0
87.41352534294128,467,0
87.41764187812805,423,0
87.42143869400024,451,0
87.42526483535767,476,0
87.42918992042542,540,0
87.43316578865051,539,0
87.43704319000244,472,0
87.44101929664612,485,0
87.44500255584717,504,0
87.44882035255432,579,0
87.45269632339478,604,0
87.45656609535217,535,0
87.46048474311829,530,0
87.4644877910614,534,0
87.46829962730408,578,0
87.4723551273346,582,0
87.47625589370728,514,0
87.48005795478821,516,0
87.48407506942749,534,0
87.48815655708313,586,0
87.49233055114746,607,0
87.49579763412476,534,0
87.4996497631073,527,0
87.50348043441772,545,0
87.50739693641663,570,0
87.5115122795105,615,0
87.51520872116089,557,0
87.51965832710266,537,0
87.52324509620667,561,0
87.52717804908752,594,0
87.53086352348328,641,0
87.53474974632263,585,0
87.53866577148438,534,0
87.54265427589417,533,0
87.54646921157837,549,0
87.55039811134338,597,0
87.55435299873352,547,0
87.55839204788208,498,0
87.56216287612915,501,0
87.56603169441223,501,0
87.57002830505371,574,0
87.57409620285034,549,0
87.57790493965149,502,0
87.58187627792358,513,0
87.58566427230835,515,0
87.5895369052887,570,0
87.59378910064697,553,0
87.59733700752258,500,0
87.60129451751709,515,0
87.60522127151489,511,0
87.6090657711029,561,0
87.61303997039795,559,0
87.61690402030945,475,0
87.62097573280334,473,0
87.62469005584717,481,0
87.62882995605469,542,0
87.63260126113892,553,0
87.63658237457275,463,0
87.64042806625366,447,0
87.64438819885254,449,0
87.64818406105042,508,0
87.6521372795105,527,0
87.65610814094543,437,0
87.66007399559021,416,0
87.66389989852905,430,0
87.66775584220886,454,0
87.67166543006897,482,0
87.6758062839508,416,0
87.67965173721313,403,0
87.68344712257385,418,0
87.68732500076294,444,0
87.69127869606018,496,0
87.69519925117493,448,0
87.69910860061646,424,0
87.70306968688965,450,0
87.70709657669067,468,0
87.71108484268188,516,0
87.71481680870056,475,0
87.71874451637268,434,0
87.72267580032349,444,0
87.72654318809509,474,0
87.7304093837738,540,0
87.73424410820007,496,0
87.73826098442078,441,0
87.74214720726013,450,0
87.74598479270935,449,0
87.74993658065796,492,0
87.7540807723999,459,0
87.75781917572021,395,0
87.76166272163391,422,0
87.76560044288635,453,0
87.76945304870605,527,0
87.77346563339233,524,0
87.77727198600769,458,0
87.78117847442627,470,0
87.78512525558472,477,0
87.78907203674316,542,0
87.7929413318634,558,0
87.79703330993652,498,0
87.80095744132996,512,0
87.80482029914856,515,0
87.80878067016602,555,0
87.8125832080841,575,0
87.81639170646667,497,0
87.82031607627869,493,0
87.82432508468628,501,0
87.82824230194092,536,0
87.83226895332336,561,0
87.83606219291687,497,0
87.83996367454529,496,0
87.84395051002502,521,0
87.8477349281311,560,0
87.8517107963562,602,0
87.85565829277039,541,0
87.85959219932556,512,0
87.86360287666321,527,0
87.8673734664917,573,0
87.87127637863159,638,0
87.87513661384583,593,0
87.87912893295288,562,0
87.88294982910156,574,0
87.88680911064148,593,0
87.8907859325409,641,0
87.89508414268494,581,0
87.8986439704895,524,0
87.90263032913208,526,0
87.90654468536377,531,0
87.91044306755066,592,0
87.91427326202393,558,0
87.9181661605835,489,0
87.92203831672668,490,0
87.92615389823914,491,0
87.93004536628723,550,0
87.93403697013855,531,0
87.93780016899109,473,0
87.9416835308075,496,0
87.94583678245544,500,0
87.949542760849,554,0
87.95338916778564,552,0
87.95757722854614,486,0
87.96128511428833,496,0
87.96508860588074,509,0
87.96903204917908,542,0
87.97318506240845,547,0
87.97696924209595,469,0
87.98076486587524,472,0
87.98494577407837,478,0
87.98866844177246,540,0
87.99259161949158,566,0
87.99641251564026,495,0
88.00044536590576,481,0
88.00443124771118,492,0
88.00811386108398,532,0
88.01213192939758,573,0
88.01612496376038,495,0
88.02010893821716,465,0
88.02380967140198,471,0
88.02804613113403,494,0
88.03171682357788,535,0
88.03565692901611,464,0
88.03950309753418,429,0
88.08650541305542,429,0
88.08874917030334,441,0
88.08917474746704,497,0
88.09252190589905,460,0
88.1023576259613,432,0
88.10336804389954,456,0
88.10446262359619,471,0
88.10542011260986,540,0
88.11535501480103,512,0
88.11875891685486,456,0
88.12093210220337,458,0
88.12171792984009,454,0
88.1226453781128,515,0
88.1231279373169,492,0
88.12911200523376,425,0
88.12958860397339,430,0
88.13002681732178,445,0
88.14644074440002,490,0
88.14702320098877,471,0
88.14737176895142,410,0
88.14762854576111,434,0
88.14785814285278,444,0
88.1480872631073,489,0
88.14834570884705,486,0
88.14856100082397,412,0
88.14872646331787,428,0
88.15113735198975,443,0
88.15137434005737,483,0
88.15296697616577,503,0
88.15688419342041,418,0
88.16089463233948,409,0
88.16471672058105,414,0
88.16853594779968,453,0
88.17241334915161,498,0
88.17631769180298,453,0
88.18022680282593,459,0
88.18414235115051,461,0
88.18803668022156,489,0
88.19206142425537,543,0
88.19596409797668,492,0
88.19991540908813,465,0
88.2037103176117,472,0
88.20768451690674,489,0
88.21165800094604,537,0
88.21546244621277,495,0
88.21941423416138,457,0
88.22332406044006,459,0
88.2273461818695,440,0
88.2313084602356,460,0
88.23504853248596,392,0
88.23902368545532,361,0
88.24335551261902,381,0
88.24761772155762,390,0
88.25072288513184,460,0
88.25473237037659,436,0
88.25890636444092,369,0
88.26255464553833,382,0
88.26636815071106,407,0
88.27024126052856,480,0
88.27436208724976,451,0
88.27815127372742,381,0
88.2820143699646,393,0
88.2859616279602,401,0
88.29003643989563,462,0
88.29399561882019,457,0
88.29770588874817,373,0
88.30164122581482,384,0
88.30578136444092,422,0
88.30955982208252,507,0
88.31330633163452,554,0
88.31719374656677,483,0
88.32114315032959,477,0
88.32528042793274,482,0
88.32904386520386,519,0
88.33280324935913,558,0
88.33679533004761,511,0
88.34083366394043,513,0
88.34467601776123,523,0
88.34860420227051,567,0
88.35247039794922,596,0
88.3563666343689,531,0
88.36032700538635,531,0
88.36416530609131,539,0
88.36838412284851,563,0
88.37219905853271,614,0
88.37594270706177,563,0
88.37989807128906,534,0
88.38380551338196,539,0
88.38773488998413,556,0
88.3915421962738,609,0
88.39567232131958,576,0
88.39940094947815,541,0
88.40335083007812,550,0
88.40717029571533,558,0
88.4111602306366,618,0
88.41507816314697,581,0
88.41912937164307,515,0
88.42291283607483,515,0
88.42715072631836,519,0
88.43078207969666,569,0
88.43486046791077,543,0
88.43859958648682,478,0
88.44263792037964,480,0
88.44642448425293,486,0
88.45039916038513,544,0
88.4541187286377,550,0
88.458256483078,487,0
88.462162733078,494,0
88.46592926979065,489,0
88.46998357772827,537,0
88.47381401062012,547,0
88.47796034812927,475,0
88.48167490959167,479,0
88.48536610603333,485,0
88.48937892913818,523,0
88.49333786964417,527,0
88.49729657173157,445,0
88.50111436843872,432,0
88.50511407852173,439,0
88.50918865203857,498,0
88.51288294792175,532,0
88.51676273345947,447,0
88.52064061164856,432,0
88.5245714187622,444,0
88.52862286567688,477,0
88.53235101699829,523,0
88.53630065917969,446,0
88.54038286209106,415,0
88.54425883293152,426,0
88.548166513443,445,0
88.552077293396,505,0
88.55592012405396,459,0
88.55990147590637,412,0
88.56369543075562,411,0
88.56773352622986,425,0
88.57168054580688,491,0
88.57597208023071,454,0
88.579354763031,408,0
88.58335399627686,427,0
88.58716917037964,433,0
88.59113550186157,490,0
88.59515357017517,445,0
88.59912872314453,397,0
88.60284852981567,413,0
88.60674095153809,428,0
88.61094403266907,484,0
88.61457943916321,476,0
88.61859130859375,425,0
88.62236881256104,453,0
88.6263074874878,468,0
88.63030672073364,537,0
88.63406038284302,548,0
88.6380341053009,480,0
88.64271330833435,485,0
88.64604234695435,489,0
88.6497974395752,535,0
88.65378189086914,560,0
88.65781497955322,492,0
88.66158032417297,491,0
88.66532850265503,500,0
88.66934013366699,539,0
88.67319369316101,558,0
88.67729997634888,480,0
88.68122911453247,469,0
88.68502640724182,468,0
88.68903613090515,502,0
88.69291138648987,543,0
88.69694590568542,485,0
88.700674533844,477,0
88.70460987091064,494,0
88.70846486091614,496,0
88.71239519119263,492,0
88.71626591682434,408,0
88.72019410133362,371,0
88.72421836853027,387,0
88.72828316688538,408,0
88.7318480014801,477,0
88.73587608337402,439,0
88.73971486091614,399,0
88.74366307258606,409,0
88.74761629104614,423,0
88.75142621994019,488,0
88.7553162574768,443,0
88.75940537452698,388,0
88.76315641403198,406,0
88.76706337928772,422,0
88.77094626426697,493,0
88.7750813961029,492,0
88.77880024909973,447,0
88.78272581100464,477,0
88.78666305541992,510,0
88.79063081741333,588,0
88.79445004463196,591,0
88.79832625389099,527,0
88.80231237411499,537,0
88.80623054504395,560,0
88.81021857261658,639,0
88.8140640258789,656,0
88.8180820941925,577,0
88.82199621200562,577,0
88.82611560821533,578,0
88.8297393321991,616,0
88.83363103866577,629,0
88.83752250671387,550,0
88.8413999080658,532,0
88.84533023834229,553,0
88.84943532943726,615,0
88.85319304466248,653,0
88.857106924057,583,0
88.86121249198914,576,0
88.86510419845581,596,0
88.86901378631592,637,0
88.87273025512695,670,0
88.87678360939026,607,0
88.88057088851929,575,0
88.884450674057,593,0
88.8883581161499,627,0
88.89233016967773,686,0
88.89638042449951,615,0
88.90014624595642,555,0
88.90425634384155,548,0
88.90802574157715,552,0
88.9120180606842,604,0
88.91572117805481,557,0
88.91976642608643,491,0
88.92370438575745,503,0
88.92776727676392,517,0
88.9315402507782,590,0
88.93532824516296,583,0
88.93925261497498,531,0
88.94335722923279,536,0
88.94703960418701,543,0
88.95108604431152,599,0
88.95506143569946,572,0
88.95915031433105,502,0
88.96274590492249,512,0
88.96670818328857,516,0
88.97069120407104,559,0
88.9744803905487,548,0
88.97835350036621,465,0
88.9822723865509,470,0
88.98631048202515,483,0
88.99003911018372,532,0
88.99405837059021,539,0
88.99799799919128,473,0
89.00201392173767,491,0
89.00582337379456,519,0
89.0098569393158,568,0
89.0136513710022,587,0
89.0175211429596,520,0
89.02155423164368,513,0
89.02525091171265,512,0
89.02934741973877,524,0
89.03336191177368,535,0
89.03701257705688,461,0
89.04098415374756,433,0
89.04513597488403,432,0
89.04881858825684,463,0
89.052734375,515,0
89.05668354034424,475,0
89.0607316493988,458,0
89.06439423561096,464,0
89.06843900680542,479,0
89.07223987579346,525,0
89.0763623714447,486,0
89.08020114898682,437,0
89.08397316932678,443,0
89.08801484107971,463,0
89.09177803993225,518,0
89.09576082229614,468,0
89.09963893890381,419,0
89.10364151000977,409,0
89.10744309425354,400,0
89.1114251613617,460,0
89.11529064178467,448,0
89.11918187141418,399,0
89.12315607070923,423,0
89.12708902359009,453,0
89.13097548484802,518,0
89.13494324684143,508,0
89.13877058029175,441,0
89.14319705963135,445,0
89.1466863155365,449,0
89.15042018890381,495,0
89.15441346168518,512,0
89.1584210395813,451,0
89.16227889060974,457,0
89.1661946773529,464,0
89.1701819896698,510,0
89.17408800125122,541,0
89.17786026000977,481,0
89.18173933029175,485,0
89.18569922447205,490,0
89.18963718414307,506,0
89.19348216056824,535,0
89.19739151000977,492,0
89.20134234428406,504,0
89.2052276134491,542,0
89.20924234390259,572,0
89.21315574645996,611,0
89.21708178520203,555,0
89.22092962265015,539,0
89.22498345375061,552,0
89.22881627082825,567,0
89.23282527923584,616,0
89.23657274246216,579,0
89.24055767059326,550,0
89.24437665939331,566,0
89.24824833869934,574,0
89.25216770172119,636,0
89.25607180595398,609,0
89.26014804840088,563,0
89.26403522491455,569,0
89.26792240142822,577,0
89.27171301841736,631,0
89.27569842338562,596,0
89.2797303199768,528,0
89.28359460830688,533,0
89.28743529319763,544,0
89.29123163223267,601,0
89.2952208518982,598,0
89.29914569854736,539,0
89.3032021522522,535,0
89.3069715499878,536,0
89.31105780601501,595,0
89.31477189064026,595,0
89.31872248649597,528,0
89.32270240783691,544,0
89.32663059234619,547,0
89.33044028282166,564,0
89.33451867103577,548,0
89.33829092979431,449,0
89.34234809875488,431,0
89.34622097015381,446,0
89.35012888908386,489,0
89.35403347015381,512,0
89.35801887512207,438,0
89.36180233955383,437,0
89.36572575569153,461,0
89.36953949928284,500,0
89.37340903282166,536,0
89.37749218940735,492,0
89.38123798370361,475,0
89.38519477844238,491,0
89.38923358917236,521,0
89.40022134780884,580,0
89.40540099143982,527,0
89.40562129020691,485,0
89.40578556060791,487,0
89.40886378288269,479,0
89.41263055801392,522,0
89.4164445400238,480,0
89.42035365104675,433,0
89.42427659034729,424,0
89.42819285392761,425,0
89.43210434913635,490,0
89.43615221977234,479,0
89.44018292427063,433,0
89.44394946098328,442,0
89.44777822494507,458,0
89.45194339752197,522,0
89.45578074455261,501,0
89.45971179008484,430,0
89.46354746818542,425,0
89.46744346618652,443,0
89.47131395339966,522,0
89.47518372535706,532,0
89.47920560836792,478,0
89.48322296142578,495,0
89.48721361160278,505,0
89.49084043502808,565,0
89.49496507644653,584,0
89.49871039390564,515,0
89.5026741027832,532,0
89.50665616989136,555,0
89.51049208641052,610,0
89.5143256187439,636,0
89.51824760437012,551,0
89.5221803188324,530,0
89.52633213996887,536,0
89.53013348579407,565,0
89.53395652770996,595,0
89.5379090309143,543,0
89.54175090789795,532,0
89.54567503929138,548,0
89.54957365989685,586,0
89.55337929725647,628,0
89.55731010437012,571,0
89.56146383285522,548,0
89.56519508361816,556,0
89.56912207603455,576,0
89.57307863235474,649,0
89.57712626457214,616,0
89.58082723617554,579,0
89.58474135398865,595,0
89.588702917099,595,0
89.5927164554596,655,0
89.62507677078247,616,0
89.62801861763,534,0
89.66154193878174,542,0
89.66694593429565,551,0
89.66998505592346,617,0
89.67046117782593,620,0
89.67080402374268,592,0
89.67113327980042,620,0
89.67150092124939,628,0
89.67178177833557,691,0
89.672114610672,688,0
89.67253637313843,635,0
89.67296361923218,651,0
89.67324471473694,650,0
89.673495054245,679,0
89.67371368408203,657,0
89.67403674125671,574,0
89.67439436912537,554,0
89.67461705207825,547,0
89.67482233047485,588,0
89.67570614814758,616,0
89.67868518829346,557,0
89.69678378105164,559,0
89.69771671295166,565,0
89.69838523864746,607,0
89.69861507415771,631,0
89.69883108139038,560,0
89.70204162597656,557,0
89.70596528053284,572,0
89.70995879173279,608,0
89.71396017074585,662,0
89.71773314476013,616,0
89.72165179252625,596,0
89.72561931610107,618,0
89.72949314117432,647,0
89.73345446586609,695,0
89.73731803894043,637,0
89.7412109375,593,0
89.74517822265625,601,0
89.74953818321228,612,0
89.75368213653564,681,0
89.75702047348022,645,0
89.76176977157593,579,0
89.764723777771,569,0
89.76872539520264,564,0
89.77250361442566,616,0
89.7764060497284,561,0
89.78038358688354,491,0
89.78421688079834,518,0
89.78810048103333,533,0
89.79239463806152,587,0
89.79593086242676,564,0
89.79994130134583,502,0
89.8039231300354,532,0
89.80779147148132,544,0
89.81169843673706,582,0
89.81557869911194,561,0
89.81939935684204,481,0
89.82332706451416,489,0
89.82729578018188,500,0
89.83111548423767,555,0
89.83506727218628,561,0
89.83907794952393,471,0
89.84295010566711,475,0
89.84681534767151,483,0
89.85068941116333,532,0
89.85470342636108,568,0
89.85866618156433,500,0
89.86241340637207,501,0
89.86636066436768,528,0
89.87025475502014,584,0
89.87424445152283,633,0
89.87809324264526,587,0
89.8821394443512,585,0
89.8860239982605,608,0
89.88987636566162,634,0
89.89390969276428,679,0
89.89766430854797,622,0
89.90166449546814,584,0
89.9056179523468,582,0
89.90950632095337,609,0
89.91335535049438,668,0
89.91729187965393,633,0
89.92117667198181,595,0
89.92505693435669,621,0
89.9290919303894,625,0
89.93303871154785,680,0
89.93676543235779,637,0
89.94079279899597,592,0
89.94472789764404,618,0
89.94849371910095,619,0
89.95242428779602,687,0
89.95630168914795,652,0
89.96022772789001,581,0
89.96421504020691,594,0
89.96806716918945,628,0
89.97199654579163,699,0
89.97608232498169,701,0
89.97982096672058,621,0
89.98373174667358,619,0
89.9877679347992,637,0
89.99162077903748,702,0
89.9954206943512,718,0
89.99935340881348,660,0
90.00325727462769,666,0
90.00726580619812,671,0
90.01112961769104,712,0
90.01497101783752,735,0
90.01896905899048,657,0
90.02294158935547,651,0
90.02676844596863,657,0
90.03090620040894,686,0
90.0346622467041,697,0
90.0386095046997,606,0
90.04252815246582,562,0
90.04638886451721,563,0
90.0503876209259,592,0
90.05427122116089,629,0
90.05808639526367,565,0
90.06527972221375,538,0
90.06767320632935,542,0
90.06985402107239,563,0
90.07379722595215,608,0
90.07770800590515,544,0
90.08171939849854,493,0
90.08551907539368,496,0
90.08942317962646,520,0
90.0934464931488,591,0
90.09717130661011,558,0
90.10123610496521,501,0
90.1049861907959,508,0
90.10901880264282,518,0
90.11289358139038,574,0
90.11673021316528,526,0
90.1206738948822,466,0
90.12460827827454,475,0
90.12865924835205,480,0
90.13250088691711,528,0
90.13632440567017,498,0
90.14022302627563,430,0
90.14414477348328,444,0
90.14812850952148,428,0
90.15193462371826,478,0
90.15592169761658,464,0
90.16004848480225,382,0
90.16375946998596,408,0
90.16767954826355,435,0
90.17172956466675,499,0
90.17562460899353,522,0
90.1794068813324,454,0
90.18330216407776,450,0
90.18726944923401,480,0
90.19116735458374,538,0
90.19527101516724,557,0
90.19894289970398,479,0
90.20282745361328,473,0
90.20686721801758,489,0
90.21099543571472,537,0
90.21469211578369,571,0
90.21851301193237,501,0
90.22250318527222,475,0
90.22657132148743,488,0
90.23041367530823,525,0
90.23420763015747,582,0
90.23802947998047,518,0
90.2427179813385,460,0
90.24611568450928,453,0
90.24983215332031,469,0
90.25381875038147,537,0
90.25764513015747,511,0
90.26162648200989,476,0
90.2655930519104,480,0
90.2693362236023,499,0
90.27332305908203,573,0
90.27729892730713,549,0
90.28110527992249,496,0
90.28530979156494,487,0
90.28900671005249,485,0
90.29307961463928,563,0
90.29673290252686,550,0
90.30062866210938,477,0
90.30454182624817,480,0
90.30839657783508,498,0
90.31241297721863,568,0
90.31624031066895,568,0
90.32019305229187,489,0
90.3241183757782,489,0
90.32799363136292,500,0
90.33196568489075,548,0
90.33582758903503,558,0
90.33974409103394,475,0
90.34392070770264,477,0
90.34801363945007,484,0
90.35163688659668,528,0
90.35539102554321,557,0
90.35942888259888,491,0
90.363276720047,482,0
90.36720156669617,489,0
90.37103962898254,520,0
90.37495160102844,560,0
90.37915253639221,509,0
90.38293313980103,499,0
90.3878242969513,511,0
90.3917133808136,551,0
90.39486908912659,615,0
90.39851641654968,579,0
90.40254974365234,570,0
90.40638399124146,595,0
90.41023540496826,625,0
90.41416025161743,690,0
90.41821956634521,646,0
90.42185807228088,606,0
90.42606544494629,613,0
90.43072509765625,626,0
90.4337911605835,681,0
90.43792843818665,639,0
90.44155144691467,572,0
90.44554948806763,570,0
90.44929099082947,590,0
90.45332479476929,651,0
90.45709466934204,604,0
90.46114110946655,514,0
90.46492528915405,505,0
90.46887278556824,501,0
90.47280025482178,548,0
90.476966381073,527,0
90.48074436187744,443,0
90.48444676399231,437,0
90.48836588859558,438,0
90.49253296852112,492,0
90.49637770652771,496,0
90.50015473365784,421,0
90.50419235229492,432,0
90.50810480117798,457,0
90.51192259788513,520,0
90.51579546928406,533,0
90.52019309997559,446,0
90.5237865447998,436,0
90.52758407592773,463,0
90.5314588546753,499,0
90.53540182113647,522,0
90.53945708274841,440,0
90.54346370697021,421,0
90.54716229438782,424,0
90.55123853683472,454,0
90.55515217781067,487,0
90.55932927131653,415,0
90.56284093856812,398,0
90.56674027442932,441,0
90.57067537307739,494,0
90.57448530197144,560,0
90.57843542098999,506,0
90.58231282234192,465,0
90.58630132675171,480,0
90.59018540382385,510,0
90.59446954727173,573,0
90.59802484512329,548,0
90.60208630561829,526,0
90.60577082633972,528,0
90.60996437072754,546,0
90.61398363113403,619,0
90.6175434589386,589,0
90.62143540382385,526,0
90.62537097930908,528,0
90.62926888465881,521,0
90.63319325447083,585,0
90.63704991340637,567,0
90.64110851287842,498,0
90.64503931999207,495,0
90.64883542060852,491,0
90.6527693271637,546,0
90.656653881073,545,0
90.66065692901611,472,0
90.66446423530579,454,0
90.66845464706421,460,0
90.67238569259644,520,0
90.676340341568,520,0
90.68013501167297,437,0
90.68407797813416,435,0
90.68801999092102,443,0
90.69210767745972,495,0
90.69585061073303,526,0
90.69992089271545,458,0
90.70370650291443,459,0
90.70753192901611,473,0
90.7115261554718,524,0
90.71531462669373,568,0
90.71921849250793,507,0
90.72319293022156,505,0
90.72704744338989,527,0
90.7310516834259,579,0
90.73500609397888,628,0
90.73903441429138,554,0
90.74288725852966,526,0
90.74678921699524,526,0
90.75073313713074,554,0
90.75443816184998,607,0
90.75833630561829,576,0
90.76225233078003,544,0
90.76622557640076,551,0
90.77004528045654,565,0
90.77400398254395,638,0
90.77801966667175,597,0
90.78197145462036,538,0
90.78573656082153,544,0
90.78975367546082,566,0
90.79380011558533,640,0
90.79745936393738,620,0
90.80201840400696,570,0
90.80547952651978,569,0
90.80924320220947,587,0
90.8133385181427,640,0
90.81824040412903,619,0
90.82112956047058,550,0
90.82510757446289,547,0
90.82877326011658,554,0
90.8326826095581,630,0
90.83662033081055,645,0
90.84043431282043,579,0
90.84442496299744,580,0
90.8482608795166,585,0
90.85216903686523,635,0
90.85609579086304,658,0
90.8600594997406,597,0
90.86388897895813,595,0
90.86784815788269,596,0
90.87186193466187,645,0
90.87580037117004,673,0
90.87966871261597,596,0
90.883474111557,565,0
90.88738512992859,573,0
90.89136385917664,625,0
90.89521265029907,669,0
90.8991174697876,610,0
90.9030487537384,575,0
90.90699815750122,577,0
90.91096210479736,607,0
90.91475939750671,665,0
90.91868472099304,614,0
90.92270016670227,587,0
90.92653727531433,602,0
90.93050718307495,641,0
90.9343991279602,716,0
90.93866038322449,674,0
90.94228649139404,620,0
90.94610691070557,615,0
90.95000386238098,603,0
90.95399761199951,680,0
90.95802330970764,656,0
90.9617669582367,602,0
90.9657187461853,602,0
90.96966409683228,608,0
90.97376871109009,660,0
90.97767972946167,635,0
90.98125982284546,564,0
90.98519682884216,550,0
90.98909401893616,565,0
90.99305868148804,636,0
90.99692988395691,629,0
91.00102663040161,538,0
91.00477528572083,527,0
91.00871801376343,540,0
91.01267600059509,604,0
91.01654076576233,608,0
91.02039790153503,525,0
91.0244026184082,521,0
91.02851223945618,530,0
91.03221702575684,582,0
91.03612756729126,601,0
91.04021716117859,521,0
91.04395818710327,509,0
91.04778718948364,508,0
91.05180740356445,555,0
91.05581641197205,604,0
91.05990743637085,530,0
91.0634446144104,493,0
91.06741952896118,510,0
91.10143733024597,553,0
91.13745522499084,616,0
91.14509272575378,560,0
91.14754152297974,531,0
91.14783310890198,544,0
91.14814400672913,559,0
91.14835023880005,609,0
91.14861798286438,567,0
91.14886689186096,531,0
91.14929032325745,540,0
91.1498236656189,560,0
91.15019655227661,595,0
91.15044665336609,534,0
91.1506974697113,444,0
91.15096306800842,448,0
91.1514048576355,483,0
91.15166926383972,564,0
91.15194702148438,552,0
91.15216708183289,486,0
91.15239977836609,479,0
91.15258979797363,482,0
91.15340375900269,539,0
91.1575345993042,534,0
91.162029504776,471,0
91.16518998146057,475,0
91.16996908187866,500,0
91.17299485206604,575,0
91.17706847190857,591,0
91.18079686164856,525,0
91.1847505569458,550,0
91.18870234489441,545,0
91.19267892837524,578,0
91.19644260406494,592,0
91.20036172866821,513,0
91.20428323745728,501,0
91.20816946029663,513,0
91.21211838722229,555,0
91.21604943275452,584,0
91.22005271911621,506,0
91.22392654418945,491,0
91.22801947593689,522,0
91.23175597190857,565,0
91.23569846153259,599,0
91.2394962310791,503,0
91.24376630783081,456,0
91.24739599227905,468,0
91.25131940841675,501,0
91.25534319877625,554,0
91.25927114486694,495,0
91.26303267478943,464,0
91.26693034172058,482,0
91.2708375453949,513,0
91.27471327781677,585,0
91.27875590324402,555,0
91.28260254859924,518,0
91.28655791282654,535,0
91.29040551185608,560,0
91.29430079460144,623,0
91.29816389083862,592,0
91.30212068557739,524,0
91.30611371994019,499,0
91.3101794719696,477,0
91.31390428543091,530,0
91.31778216362,521,0
91.321772813797,458,0
91.32587242126465,452,0
91.32965350151062,450,0
91.33347249031067,512,0
91.33739137649536,519,0
91.34125804901123,457,0
91.34525203704834,448,0
91.34903502464294,464,0
91.35313105583191,531,0
91.35708260536194,555,0
91.36075711250305,487,0
91.36475610733032,497,0
91.3688554763794,512,0
91.37272214889526,559,0
91.37651252746582,575,0
91.38037347793579,493,0
91.38446593284607,479,0
91.38830018043518,481,0
91.39245438575745,533,0
91.39603281021118,578,0
91.39995050430298,511,0
91.40409660339355,480,0
91.40782308578491,474,0
91.41180920600891,497,0
91.41587781906128,538,0
91.41977739334106,488,0
91.42347931861877,466,0
91.42747974395752,482,0
91.43119502067566,492,0
91.43514060974121,541,0
91.439120054245,502,0
91.4433286190033,465,0
91.44719624519348,482,0
91.45085430145264,490,0
91.45477724075317,537,0
91.45897078514099,500,0
91.46253037452698,451,0
91.46646165847778,470,0
91.47036337852478,499,0
91.47421550750732,588,0
91.4782395362854,567,0
91.48265814781189,502,0
91.48603057861328,513,0
91.49009776115417,531,0
91.49398922920227,587,0
91.4977958202362,588,0
91.50169110298157,516,0
91.50567078590393,515,0
91.50974225997925,540,0
91.51338982582092,612,0
91.51735043525696,617,0
91.52123069763184,534,0
91.52516627311707,527,0
91.52902865409851,551,0
91.53294157981873,602,0
91.53680849075317,605,0
91.54086136817932,522,0
91.54479575157166,520,0
91.54869055747986,532,0
91.5525176525116,560,0
91.5564386844635,569,0
91.5603392124176,476,0
91.56418037414551,447,0
91.56817841529846,464,0
91.57218527793884,511,0
91.57632398605347,564,0
91.57988739013672,501,0
91.58382844924927,444,0
91.58782005310059,411,0
91.59180569648743,400,0
91.59572625160217,445,0
91.59947872161865,418,0
91.60344862937927,379,0
91.60735273361206,381,0
91.61127734184265,401,0
91.61511278152466,459,0
91.61914420127869,434,0
91.6229510307312,400,0
91.62707328796387,424,0
91.63081359863281,454,0
91.6347975730896,521,0
91.63859987258911,486,0
91.64262104034424,436,0
91.64646172523499,457,0
91.65031504631042,472,0
91.65428829193115,524,0
91.65814423561096,503,0
91.66220498085022,441,0
91.66602754592896,443,0
91.66991376876831,457,0
91.67378640174866,533,0
91.67797589302063,536,0
91.68175721168518,468,0
91.68551397323608,477,0
91.68945598602295,499,0
91.6935510635376,571,0
91.6973671913147,594,0
91.70129823684692,518,0
91.70509648323059,513,0
91.70939183235168,531,0
91.71314978599548,588,0
91.71688103675842,623,0
91.7208399772644,560,0
91.72473406791687,552,0
91.72862601280212,557,0
91.73250889778137,586,0
91.73645496368408,616,0
91.74027585983276,537,0
91.7444818019867,514,0
91.74813103675842,528,0
91.75207042694092,575,0
91.75608992576599,643,0
91.76014685630798,593,0
91.76380634307861,559,0
91.76775693893433,567,0
91.77167010307312,599,0
91.77556252479553,663,0
91.77937960624695,611,0
91.78331637382507,546,0
91.78723478317261,542,0
91.79114890098572,542,0
91.79509353637695,602,0
91.79891633987427,565,0
91.8029797077179,511,0
91.80674886703491,513,0
91.81067538261414,533,0
91.81460428237915,608,0
91.81868553161621,585,0
91.82245683670044,518,0
91.82646441459656,507,0
91.83019971847534,522,0
91.83414697647095,602,0
91.83804035186768,600,0
91.84224104881287,522,0
91.846018075943,528,0
91.84991645812988,532,0
91.85371994972229,587,0
91.8578987121582,583,0
91.86152625083923,498,0
91.86539793014526,484,0
91.86933541297913,494,0
91.87323474884033,549,0
91.87717509269714,560,0
91.88112235069275,489,0
91.88501286506653,494,0
91.88904142379761,491,0
91.89294290542603,533,0
91.89677095413208,580,0
91.90068173408508,517,0
91.90468144416809,510,0
91.90852427482605,525,0
91.9123637676239,562,0
91.91629314422607,606,0
91.92018151283264,532,0
91.92413687705994,495,0
91.92804479598999,497,0
91.93210291862488,522,0
91.93601632118225,572,0
91.93989992141724,516,0
91.94389843940735,483,0
91.94771480560303,509,0
91.9515380859375,542,0
91.95548152923584,605,0
91.95950722694397,559,0
91.96334266662598,498,0
91.96721744537354,501,0
91.97115468978882,523,0
91.97501850128174,601,0
91.97898054122925,565,0
91.98282170295715,480,0
91.986741065979,488,0
91.9908504486084,519,0
91.99463129043579,592,0
91.99845862388611,580,0
92.00234413146973,510,0
92.00628232955933,515,0
92.01043033599854,534,0
92.01416158676147,590,0
92.01804685592651,578,0
92.02206778526306,489,0
92.02604055404663,482,0
92.0298080444336,493,0
92.03373789787292,515,0
92.03764367103577,503,0
92.04168462753296,412,0
92.0456805229187,385,0
92.04931998252869,375,0
92.05324745178223,409,0
92.05727219581604,430,0
92.06112360954285,373,0
92.0651216506958,357,0
92.06889009475708,374,0
92.07296705245972,418,0
92.07704210281372,456,0
92.08081293106079,385,0
92.08460712432861,353,0
92.08848023414612,371,0
92.0925886631012,409,0
92.09636735916138,455,0
92.1001398563385,387,0
92.10433387756348,349,0
92.10814261436462,366,0
92.11213827133179,405,0
92.11580348014832,468,0
92.11974453926086,443,0
92.12376427650452,406,0
92.12785410881042,418,0
92.13168358802795,445,0
92.13542079925537,516,0
92.14975929260254,472,0
92.15223813056946,411,0
92.15253758430481,428,0
92.15603184700012,454,0
92.15629577636719,522,0
92.15905046463013,490,0
92.16271829605103,409,0
92.16668033599854,420,0
92.17064499855042,444,0
92.17455649375916,523,0
92.17844152450562,506,0
92.18232893943787,413,0
92.18623733520508,410,0
92.19025993347168,425,0
92.19410061836243,478,0
92.1980242729187,481,0
92.20204472541809,400,0
92.20597338676453,397,0
92.20982503890991,410,0
92.21376180648804,459,0
92.21765327453613,478,0
92.22151041030884,390,0
92.22566890716553,380,0
92.22931790351868,393,0
92.23330116271973,453,0
92.23715710639954,499,0
92.24101758003235,435,0
92.24510455131531,432,0
92.24934816360474,459,0
92.2528669834137,506,0
92.25672101974487,552,0
92.26110243797302,487,0
92.26451206207275,466,0
92.26845788955688,487,0
92.27234506607056,528,0
92.27639126777649,585,0
92.28017449378967,533,0
92.28419280052185,508,0
92.28801393508911,530,0
92.29223847389221,555,0
92.29582858085632,630,0
92.2998595237732,601,0
92.30370545387268,548,0
92.30766773223877,559,0
92.31159520149231,575,0
92.31537795066833,632,0
92.31935691833496,595,0
92.32325720787048,533,0
92.32734441757202,542,0
92.33099150657654,556,0
92.33497881889343,621,0
92.338937997818,585,0
92.34289336204529,508,0
92.3467218875885,507,0
92.35071992874146,521,0
92.35447692871094,583,0
92.35843300819397,575,0
92.3624529838562,500,0
92.3663432598114,500,0
92.37014985084534,519,0
92.37409734725952,580,0
92.37819004058838,594,0
92.38190269470215,519,0
92.38586401939392,515,0
92.38979625701904,550,0
92.39383506774902,619,0
92.3976719379425,659,0
92.40160918235779,582,0
92.40536689758301,553,0
92.40972113609314,556,0
92.41323733329773,600,0
92.41706466674805,652,0
92.42112278938293,596,0
92.42520594596863,575,0
92.4290497303009,582,0
92.4327142238617,616,0
92.43671321868896,656,0
92.44057106971741,590,0
92.44447326660156,550,0
92.448415517807,554,0
92.45237159729004,559,0
92.45621538162231,600,0
92.46026587486267,533,0
92.49267816543579,476,0
92.53076887130737,482,0
92.53656959533691,501,0
92.54126167297363,569,0
92.54461455345154,538,0
92.54487204551697,494,0
92.54505658149719,523,0
92.5452172756195,569,0
92.54537081718445,633,0
92.54552698135376,603,0
92.54568243026733,516,0
92.54582715034485,510,0
92.54601001739502,509,0
92.54616832733154,585,0
92.54632043838501,581,0
92.54646348953247,499,0
92.54661464691162,516,0
92.54677867889404,534,0
92.54692077636719,582,0
92.54707551002502,583,0
92.5474100112915,497,0
92.54758501052856,502,0
92.55004501342773,514,0
92.55405449867249,559,0
92.5579605102539,572,0
92.56319308280945,509,0
92.5657274723053,506,0
92.5696771144867,527,0
92.57349824905396,589,0
92.5774245262146,629,0
92.58133363723755,565,0
92.58525729179382,555,0
92.58915662765503,551,0
92.59320425987244,599,0
92.59700751304626,647,0
92.60102224349976,584,0
92.60482358932495,553,0
92.60903906822205,560,0
92.61272382736206,583,0
92.61675930023193,634,0
92.62058186531067,582,0
92.62478423118591,549,0
92.62839722633362,568,0
92.63228678703308,585,0
92.63613176345825,635,0
92.64010882377625,581,0
92.64405632019043,518,0
92.64784979820251,528,0
92.65184164047241,552,0
92.65579509735107,629,0
92.65994024276733,596,0
92.66387796401978,537,0
92.66760516166687,536,0
92.67142224311829,557,0
92.6753146648407,629,0
92.67921733856201,615,0
92.68312120437622,556,0
92.68699359893799,566,0
92.69108033180237,570,0
92.69492363929749,629,0
92.69880795478821,640,0
92.70273017883301,574,0
92.7067642211914,574,0
92.71057748794556,586,0
92.7144546508789,638,0
92.71828532218933,643,0
92.72224998474121,557,0
92.72621822357178,549,0
92.73012018203735,564,0
92.73404216766357,602,0
92.73796939849854,609,0
92.74198007583618,537,0
92.74594187736511,518,0
92.74973440170288,509,0
92.753582239151,541,0
92.75743794441223,582,0
92.76142287254333,521,0
92.7653455734253,502,0
92.76927852630615,493,0
92.77320671081543,517,0
92.77714085578918,575,0
92.78098011016846,508,0
92.78486061096191,482,0
92.78883934020996,500,0
92.79274249076843,529,0
92.79656791687012,591,0
92.80047035217285,542,0
92.80449199676514,509,0
92.80835628509521,531,0
92.81214761734009,557,0
92.81616115570068,633,0
92.82001185417175,603,0
92.82391953468323,548,0
92.82788753509521,544,0
92.83170485496521,558,0
92.83570671081543,629,0
92.83966374397278,613,0
92.8435492515564,569,0
92.8473687171936,593,0
92.85129117965698,606,0
92.85518264770508,677,0
92.8592038154602,672,0
92.86300802230835,610,0
92.86699628829956,600,0
92.87083029747009,604,0
92.87482810020447,662,0
92.87875843048096,668,0
92.88264536857605,592,0
92.88647723197937,597,0
92.89043951034546,612,0
92.8943076133728,659,0
92.89823651313782,674,0
92.90214228630066,599,0
92.90602922439575,596,0
92.91003441810608,606,0
92.91402006149292,652,0
92.91780185699463,682,0
92.92171359062195,597,0
92.92578625679016,566,0
92.92952489852905,575,0
92.93344759941101,621,0
92.93735575675964,676,0
92.94135785102844,595,0
92.9451425075531,540,0
92.94907426834106,536,0
92.95298457145691,555,0
92.95691180229187,611,0
92.96094131469727,562,0
92.96481585502625,531,0
92.96890139579773,528,0
92.97272372245789,516,0
92.97667455673218,552,0
92.98055100440979,499,0
92.98430895805359,442,0
92.98819088935852,462,0
92.99212336540222,504,0
92.99600911140442,569,0
92.99996662139893,530,0
93.00398135185242,476,0
93.00795388221741,487,0
93.01177859306335,482,0
93.01564574241638,529,0
93.01952362060547,489,0
93.02346420288086,420,0
93.02735424041748,422,0
93.03125739097595,436,0
93.03511691093445,485,0
93.03905844688416,480,0
93.04309296607971,408,0
93.04686665534973,407,0
93.0507755279541,430,0
93.05470132827759,496,0
93.05870604515076,507,0
93.06253027915955,422,0
93.06643486022949,425,0
93.07044696807861,431,0
93.07428669929504,483,0
93.07824039459229,499,0
93.08218026161194,419,0
93.08608794212341,410,0
93.09020471572876,408,0
93.09400224685669,450,0
93.0979585647583,488,0
93.10175967216492,421,0
93.1066415309906,413,0
93.11100816726685,410,0
93.11650395393372,447,0
93.1208221912384,525,0
93.12144732475281,487,0
93.125155210495,471,0
93.12909245491028,485,0
93.13311433792114,508,0
93.13703107833862,571,0
93.14079165458679,526,0
93.14484095573425,486,0
93.14876985549927,502,0
93.15247845649719,527,0
93.15640258789062,588,0
93.16052436828613,552,0
93.16423916816711,492,0
93.16815447807312,501,0
93.17206120491028,522,0
93.17617082595825,608,0
93.17987942695618,594,0
93.18382000923157,527,0
93.18772268295288,522,0
93.19174981117249,532,0
93.19577431678772,596,0
93.19944715499878,591,0
93.2033851146698,520,0
93.20737028121948,524,0
93.21127796173096,545,0
93.21516299247742,613,0
93.21915817260742,608,0
93.22311878204346,516,0
93.22726511955261,506,0
93.23090744018555,518,0
93.23486161231995,573,0
93.23870515823364,596,0
93.24270820617676,513,0
93.24646735191345,511,0
93.25039601325989,517,0
93.25429797172546,553,0
93.25833344459534,585,0
93.26208710670471,532,0
93.26600337028503,527,0
93.27008605003357,544,0
93.27387857437134,564,0
93.27792572975159,584,0
93.28173923492432,509,0
93.28557014465332,483,0
93.2895724773407,507,0
93.29342436790466,548,0
93.29729700088501,599,0
93.30120968818665,524,0
93.30511951446533,480,0
93.30934858322144,498,0
93.31311416625977,535,0
93.31701874732971,617,0
93.32085061073303,578,0
93.32476830482483,527,0
93.32878923416138,521,0
93.33259224891663,531,0
93.33651638031006,604,0
93.34038424491882,573,0
93.34446310997009,518,0
93.348313331604,533,0
93.35231041908264,561,0
93.35611176490784,607,0
93.36017036437988,600,0
93.36413073539734,544,0
93.36779141426086,544,0
93.37174725532532,524,0
93.37594318389893,587,0
93.37941360473633,593,0
93.38339161872864,522,0
93.38729596138,529,0
93.39119410514832,548,0
93.39517259597778,597,0
93.3990547657013,580,0
93.40296864509583,498,0
93.40686869621277,497,0
93.41122317314148,505,0
93.41479396820068,537,0
93.41863894462585,548,0
93.42249965667725,459,0
93.42687630653381,452,0
93.43041396141052,470,0
93.43425416946411,499,0
93.43828320503235,519,0
93.44225835800171,432,0
93.44605088233948,416,0
93.44994354248047,438,0
93.45400905609131,490,0
93.45779657363892,533,0
93.46170544624329,473,0
93.46564483642578,442,0
93.46943926811218,449,0
93.47349762916565,470,0
93.47733044624329,525,0
93.48117876052856,469,0
93.48521614074707,420,0
93.48920679092407,440,0
93.49297904968262,460,0
93.49711775779724,515,0
93.50088143348694,486,0
93.50475072860718,446,0
93.50858402252197,454,0
93.51286506652832,477,0
93.51640892028809,558,0
93.52044677734375,538,0
93.5243067741394,489,0
93.52817988395691,501,0
93.53225827217102,524,0
93.53623723983765,592,0
93.53990364074707,578,0
93.54390740394592,494,0
93.54772710800171,499,0
93.55170440673828,522,0
93.55550789833069,589,0
93.55953478813171,579,0
93.56333470344543,485,0
93.56738615036011,487,0
93.57126808166504,510,0
93.57507991790771,571,0
93.57912373542786,591,0
93.58291530609131,493,0
93.58684849739075,470,0
93.59075498580933,472,0
93.59474873542786,511,0
93.59853053092957,535,0
93.60266375541687,459,0
93.60656070709229,447,0
93.61045050621033,468,0
93.61414361000061,518,0
93.61823463439941,561,0
93.62214350700378,488,0
93.62616968154907,450,0
93.63010764122009,451,0
93.6338140964508,487,0
93.63775563240051,532,0
93.64175200462341,463,0
93.64563083648682,428,0
93.64952039718628,442,0
93.65331792831421,465,0
93.65722179412842,532,0
93.66132545471191,470,0
93.66505551338196,421,0
93.66909122467041,463,0
93.67309021949768,508,0
93.67698240280151,570,0
93.68076157569885,537,0
93.6846489906311,500,0
93.68864560127258,521,0
93.69294738769531,551,0
93.69630813598633,606,0
93.70032811164856,586,0
93.704256772995,537,0
93.7081241607666,566,0
93.71204829216003,591,0
93.71617579460144,670,0
93.72009754180908,663,0
93.72375822067261,589,0
93.72781348228455,594,0
93.7316083908081,604,0
93.73548579216003,667,0
93.73950862884521,674,0
93.743497133255,593,0
93.74720048904419,599,0
93.75107741355896,614,0
93.75512361526489,660,0
93.75908422470093,671,0
93.76306200027466,590,0
93.76685905456543,580,0
93.7707302570343,599,0
93.77488803863525,635,0
93.77851128578186,662,0
93.78241229057312,579,0
93.78649473190308,564,0
93.7902283668518,577,0
93.7942967414856,616,0
93.7982587814331,648,0
93.802001953125,574,0
93.80609393119812,538,0
93.81002163887024,534,0
93.81379866600037,553,0
93.81764030456543,612,0
93.82148885726929,572,0
93.82537889480591,532,0
93.82929491996765,558,0
93.83319473266602,583,0
93.83712530136108,649,0
93.84103989601135,604,0
93.84505414962769,550,0
93.84904909133911,559,0
93.85286521911621,575,0
93.85679340362549,638,0
93.86072015762329,577,0
93.86470937728882,494,0
93.86846327781677,493,0
93.87238478660583,513,0
93.87637972831726,572,0
93.88018894195557,560,0
93.88415145874023,498,0
93.88808512687683,513,0
93.89204931259155,541,0
93.89583230018616,591,0
93.89986610412598,586,0
93.90372133255005,515,0
93.9076840877533,516,0
93.91150116920471,526,0
93.9153733253479,579,0
93.91933059692383,595,0
93.92323541641235,507,0
93.9271068572998,503,0
93.93100476264954,527,0
93.93509030342102,586,0
93.93885135650635,600,0
93.94300842285156,531,0
93.94669961929321,528,0
93.95062232017517,553,0
93.95449924468994,596,0
93.95837688446045,633,0
93.96234250068665,576,0
93.96626877784729,564,0
93.97022080421448,589,0
93.97408103942871,622,0
93.97822618484497,672,0
93.98208856582642,612,0
93.98581051826477,569,0
93.98973846435547,584,0
93.99373817443848,597,0
93.99754476547241,643,0
94.00143551826477,599,0
94.00535011291504,540,0
94.00932502746582,546,0
94.01319909095764,560,0
94.01713466644287,632,0
94.02115607261658,611,0
94.02507638931274,561,0
94.02906966209412,567,0
94.03278541564941,577,0
94.03671932220459,638,0
94.04063582420349,615,0
94.04448580741882,541,0
94.04844069480896,548,0
94.05231642723083,558,0
94.05623459815979,613,0
94.06015086174011,606,0
94.06403946876526,531,0
94.06813073158264,526,0
94.07212805747986,528,0
94.07600164413452,583,0
94.07975697517395,583,0
94.11386275291443,494,0
94.11428380012512,500,0
94.11788630485535,527,0
94.13046598434448,593,0
94.15200185775757,608,0
94.15485954284668,530,0
94.15518641471863,517,0
94.157644033432,529,0
94.15815019607544,577,0
94.15841126441956,613,0
94.16009259223938,542,0
94.16065168380737,527,0
94.1610164642334,555,0
94.16135621070862,592,0
94.16167426109314,640,0
94.16193842887878,580,0
94.1621162891388,554,0
94.16236448287964,565,0
94.16259264945984,598,0
94.16283750534058,669,0
94.16312384605408,618,0
94.16597628593445,573,0
94.16976881027222,578,0
94.18219876289368,595,0
94.18541646003723,655,0
94.18567085266113,622,0
94.18613767623901,562,0
94.1892614364624,555,0
94.19320344924927,554,0
94.19708847999573,614,0
94.20093846321106,585,0
94.20502352714539,517,0
94.20880246162415,523,0
94.2128849029541,531,0
94.21669149398804,596,0
94.22062802314758,590,0
94.22442674636841,543,0
94.22834420204163,562,0
94.23229598999023,587,0
94.23621726036072,655,0
94.24033665657043,661,0
94.2442364692688,597,0
94.24793291091919,604,0
94.25186038017273,622,0
94.25594663619995,681,0
94.25989508628845,703,0
94.26367497444153,643,0
94.2674708366394,652,0
94.2715528011322,667,0
94.27543067932129,700,0
94.2794177532196,716,0
94.28332233428955,635,0
94.28716373443604,618,0
94.29108548164368,627,0
94.29486465454102,673,0
94.29880332946777,708,0
94.30282187461853,629,0
94.30665302276611,567,0
94.31053113937378,557,0
94.31446695327759,587,0
94.31834053993225,642,0
94.32227110862732,587,0
94.32622385025024,566,0
94.33014869689941,566,0
94.334219455719,574,0
94.33815169334412,618,0
94.3419942855835,559,0
94.34588289260864,515,0
94.34967398643494,527,0
94.35370922088623,547,0
94.35764718055725,602,0
94.36167502403259,545,0
94.36543488502502,474,0
94.36925983428955,468,0
94.37321662902832,496,0
94.3773124217987,572,0
94.38113856315613,538,0
94.38509130477905,487,0
94.38888502120972,508,0
94.39295101165771,524,0
94.39686989784241,588,0
94.40060305595398,574,0
94.40460252761841,504,0
94.40836215019226,509,0
94.41239404678345,520,0
94.41624569892883,579,0
94.42025947570801,585,0
94.42406105995178,492,0
94.42811274528503,477,0
94.43182468414307,476,0
94.43594002723694,525,0
94.43968605995178,549,0
94.44362425804138,479,0
94.44743323326111,463,0
94.45138621330261,483,0
94.4553759098053,520,0
94.45967888832092,534,0
94.4631450176239,451,0
94.46712875366211,419,0
94.47115015983582,425,0
94.47499990463257,457,0
94.47881484031677,497,0
94.48274445533752,427,0
94.48667478561401,396,0
94.49057006835938,402,0
94.49456286430359,420,0
94.49831962585449,464,0
94.50225591659546,418,0
94.50634622573853,403,0
94.5102264881134,420,0
94.51408457756042,439,0
94.51803970336914,514,0
94.52198123931885,479,0
94.52613687515259,437,0
94.5298011302948,449,0
94.53364181518555,470,0
94.53744769096375,553,0
94.54149270057678,532,0
94.5452995300293,482,0
94.5492148399353,493,0
94.55321145057678,513,0
94.55725169181824,584,0
94.5610511302948,577,0
94.56502151489258,516,0
94.56884264945984,522,0
94.5728485584259,534,0
94.57688617706299,594,0
94.58050012588501,600,0
94.58459997177124,545,0
94.58836197853088,567,0
94.59244441986084,566,0
94.59627604484558,598,0
94.6000382900238,606,0
94.60402345657349,528,0
94.60786652565002,531,0
94.61189937591553,532,0
94.61575603485107,566,0
94.61970949172974,601,0
94.62350821495056,539,0
94.62754082679749,510,0
94.63132786750793,488,0
94.63531708717346,490,0
94.63928294181824,508,0
94.64341068267822,423,0
94.64703512191772,396,0
94.65095281600952,399,0
94.65502524375916,425,0
94.65886926651001,469,0
94.66279458999634,385,0
94.66651225090027,349,0
94.67046570777893,365,0
94.67446231842041,390,0
94.67830920219421,438,0
94.68230414390564,390,0
94.68622493743896,352,0
94.69030284881592,369,0
94.69418668746948,392,0
94.69787383079529,436,0
94.70183682441711,389,0
94.7057478427887,347,0
94.70980978012085,384,0
94.71373558044434,409,0
94.7173981666565,482,0
94.72139954566956,473,0
94.72521734237671,439,0
94.72922110557556,469,0
94.7332284450531,497,0
94.73708987236023,563,0
94.74108266830444,555,0
94.7448148727417,490,0
94.74882102012634,495,0
94.75272011756897,498,0
94.75655817985535,551,0
94.76061606407166,548,0
94.76435279846191,460,0
94.7684063911438,463,0
94.77224326133728,482,0
94.77675342559814,547,0
94.7801558971405,583,0
94.7840507030487,515,0
94.78787565231323,505,0
94.79193353652954,520,0
94.79575753211975,572,0
94.79957509040833,613,0
94.80343747138977,543,0
94.80745029449463,520,0
94.81140446662903,535,0
94.815194606781,568,0
94.8190529346466,602,0
94.82299375534058,541,0
94.82700395584106,519,0
94.83093404769897,524,0
94.83474969863892,540,0
94.83865904808044,595,0
94.84266233444214,550,0
94.84645199775696,512,0
94.85035753250122,527,0
94.85427784919739,543,0
94.85828852653503,589,0
94.86214470863342,525,0
94.86616635322571,454,0
94.87009811401367,467,0
94.8741021156311,494,0
94.8780620098114,557,0
94.88178372383118,521,0
94.88572669029236,454,0
94.88965821266174,457,0
94.89354991912842,474,0
94.89740777015686,549,0
94.90126609802246,536,0
94.90511441230774,475,0
94.90919876098633,475,0
94.91302585601807,478,0
94.9169774055481,541,0
94.92100811004639,536,0
94.92494034767151,444,0
94.92874574661255,440,0
94.93260216712952,453,0
94.936452627182,504,0
94.94045352935791,518,0
94.94432330131531,457,0
94.94816279411316,451,0
94.95209312438965,466,0
94.95606255531311,510,0
94.9602882862091,530,0
94.96408915519714,450,0
94.96783471107483,461,0
94.97178292274475,482,0
94.97607350349426,501,0
94.97959661483765,525,0
94.98345613479614,474,0
94.98731112480164,442,0
94.99143671989441,448,0
94.99528861045837,481,0
94.99906849861145,536,0
95.00302481651306,501,0
95.00712728500366,483,0
95.01105809211731,492,0
95.01481246948242,512,0
95.01872253417969,564,0
95.02256417274475,510,0
95.02658987045288,464,0
95.03045773506165,484,0
95.03443908691406,499,0
95.03824281692505,568,0
95.0421712398529,540,0
95.04625058174133,483,0
95.05024600028992,491,0
95.05401349067688,512,0
95.05784893035889,599,0
95.06173467636108,597,0
95.0656840801239,540,0
95.0694797039032,557,0
95.07353377342224,596,0
95.0774130821228,683,0
95.08120942115784,672,0
95.08516573905945,604,0
95.08918619155884,603,0
95.09309816360474,606,0
95.09685444831848,666,0
95.10077786445618,686,0
95.10477828979492,617,0
95.1086859703064,598,0
95.11269807815552,613,0
95.11642146110535,674,0
95.1203989982605,693,0
95.1245129108429,625,0
95.12823414802551,623,0
95.13216519355774,639,0
95.13612723350525,678,0
95.13989353179932,710,0
95.14383006095886,642,0
95.14776182174683,628,0
95.15171647071838,626,0
95.15566921234131,643,0
95.1597044467926,671,0
95.16337561607361,603,0
95.1673436164856,560,0
95.1713457107544,586,0
95.17510986328125,626,0
95.17915534973145,672,0
95.18308997154236,618,0
95.18688559532166,591,0
95.19078397750854,601,0
95.1949315071106,591,0
95.19858384132385,633,0
95.20245027542114,573,0
95.20646476745605,516,0
95.21046137809753,538,0
95.21439957618713,566,0
95.21815276145935,648,0
95.2221028804779,640,0
95.22625946998596,596,0
95.23016858100891,597,0
95.23379397392273,621,0
95.23774790763855,698,0
95.24174189567566,698,0
95.24558854103088,644,0
95.24957585334778,658,0
95.2534453868866,678,0
95.25736165046692,741,0
95.26123547554016,783,0
95.26505422592163,697,0
95.26899433135986,704,0
95.27312207221985,734,0
95.27716279029846,762,0
95.28088712692261,796,0
95.28488039970398,731,0
95.28860449790955,709,0
95.29280090332031,707,0
95.29653239250183,747,0
95.30030059814453,775,0
95.30437898635864,691,0
95.308265209198,669,0
95.31204652786255,667,0
95.31599950790405,709,0
95.31998133659363,740,0
95.32395672798157,655,0
95.32774877548218,618,0
95.3316855430603,602,0
95.33555269241333,626,0
95.33955883979797,689,0
95.34373068809509,660,0
95.34724688529968,629,0
95.35113739967346,638,0
95.35513949394226,655,0
95.35897541046143,714,0
95.36317586898804,665,0
95.36706209182739,629,0
95.37082600593567,638,0
95.37471151351929,643,0
95.37868428230286,687,0
95.3824942111969,652,0
95.38636112213135,611,0
95.39028453826904,612,0
95.3941707611084,630,0
95.3980941772461,690,0
95.40218257904053,668,0
95.40593385696411,608,0
95.41000247001648,624,0
95.41392064094543,650,0
95.41776418685913,735,0
95.42161273956299,745,0
95.425466299057,697,0
95.4293441772461,707,0
95.43342566490173,720,0
95.43755149841309,783,0
95.44128489494324,790,0
95.44543242454529,709,0
95.4494161605835,719,0
95.45285534858704,739,0
95.45684480667114,781,0
95.46085453033447,781,0
95.50701403617859,694,0
95.51124310493469,684,0
95.55506539344788,681,0
95.56556057929993,698,0
95.56610941886902,712,0
95.56673431396484,627,0
95.56707096099854,594,0
95.56786274909973,579,0
95.56815242767334,603,0
95.56833481788635,639,0
95.56849026679993,567,0
95.56865119934082,544,0
95.56881785392761,567,0
95.56896257400513,584,0
95.56914615631104,613,0
95.56930541992188,553,0
95.5694534778595,511,0
95.56961178779602,540,0
95.5698025226593,570,0
95.5699532032013,622,0
95.57008576393127,565,0
95.57022452354431,496,0
95.5703592300415,506,0
95.57049298286438,529,0
95.57063055038452,599,0
95.57076358795166,554,0
95.57089924812317,484,0
95.57104110717773,480,0
95.57422113418579,482,0
95.57896828651428,517,0
95.58209705352783,483,0
95.58596658706665,406,0
95.58978176116943,408,0
95.59368681907654,419,0
95.59766578674316,459,0
95.60150504112244,437,0
95.60539984703064,372,0
95.6094446182251,373,0
95.6133463382721,376,0
95.61717391014099,420,0
95.62122082710266,425,0
95.62502121925354,366,0
95.62896203994751,372,0
95.63289523124695,357,0
95.63693904876709,384,0
95.64084434509277,385,0
95.6445243358612,323,0
95.64845848083496,344,0
95.65239691734314,362,0
95.65630006790161,422,0
95.66052436828613,488,0
95.66425347328186,434,0
95.66817903518677,429,0
95.67194175720215,450,0
95.67597961425781,495,0
95.68004202842712,545,0
95.68380951881409,500,0
95.68766260147095,457,0
95.69151997566223,451,0
95.69554281234741,498,0
95.6994366645813,564,0
95.70343351364136,526,0
95.70722198486328,493,0
95.71113610267639,503,0
95.7149670124054,518,0
95.71888542175293,580,0
95.72283983230591,540,0
95.72684931755066,508,0
95.73069953918457,524,0
95.73451614379883,527,0
95.73846960067749,591,0
95.74241089820862,558,0
95.74632668495178,516,0
95.75018382072449,530,0
95.75425434112549,552,0
95.75821495056152,622,0
95.76225423812866,613,0
95.76615142822266,529,0
95.77002048492432,522,0
95.77411365509033,545,0
95.77863907814026,609,0
95.78173351287842,618,0
95.78546953201294,542,0
95.78933835029602,559,0
95.79327821731567,547,0
95.8013482093811,587,0
95.80178475379944,596,0
95.80496740341187,520,0
95.80901408195496,503,0
95.81291246414185,503,0
95.81685042381287,555,0
95.82073450088501,607,0
95.82453632354736,549,0
95.82843470573425,522,0
95.83230590820312,535,0
95.83630895614624,589,0
95.84016060829163,640,0
95.84407830238342,581,0
95.84809637069702,555,0
95.86067938804626,562,0
95.86525225639343,596,0
95.86643362045288,654,0
95.86662030220032,601,0
95.86749529838562,555,0
95.87141418457031,559,0
95.87532424926758,561,0
95.87936639785767,620,0
95.88324642181396,583,0
95.88716959953308,525,0
95.89105010032654,529,0
95.89505052566528,541,0
95.89889192581177,608,0
95.90272998809814,575,0
95.90670204162598,494,0
95.91062664985657,494,0
95.91448950767517,514,0
95.91838932037354,568,0
95.92227053642273,545,0
95.92651081085205,483,0
95.93022131919861,496,0
95.93403649330139,522,0
95.93812489509583,595,0
95.94201254844666,586,0
95.94580006599426,516,0
95.94974565505981,522,0
95.95367360115051,528,0
95.9575092792511,591,0
95.96152329444885,598,0
95.96531987190247,512,0
95.96922850608826,511,0
95.97318720817566,519,0
95.97706198692322,578,0
95.98103141784668,618,0
95.98497724533081,544,0
95.98884463310242,531,0
95.99283361434937,550,0
95.99669408798218,584,0
96.00053358078003,605,0
96.00448894500732,527,0
96.00835943222046,508,0
96.01227879524231,511,0
96.016184091568,538,0
96.02012038230896,601,0
96.0240068435669,551,0
96.02799606323242,542,0
96.03182625770569,567,0
96.03588652610779,591,0
96.0397002696991,649,0
96.04371666908264,622,0
96.04747748374939,586,0
96.05136179924011,607,0
96.05540370941162,631,0
96.05949759483337,685,0
96.06308674812317,629,0
96.0671808719635,560,0
96.07093095779419,544,0
96.07493996620178,545,0
96.07902884483337,588,0
96.08276438713074,533,0
96.08667016029358,443,0
96.0905454158783,447,0
96.09460186958313,472,0
96.09842109680176,542,0
96.10237336158752,538,0
96.1062228679657,471,0
96.11041760444641,470,0
96.11595058441162,484,0
96.11796426773071,538,0
96.12195467948914,542,0
96.12617874145508,474,0
96.13153266906738,477,0
96.13646292686462,497,0
96.1375048160553,547,0
96.14180421829224,562,0
96.14800453186035,482,0
96.14927792549133,461,0
96.15315389633179,467,0
96.15708637237549,524,0
96.16098594665527,574,0
96.16500806808472,493,0
96.16881561279297,459,0
96.1727569103241,475,0
96.17670464515686,527,0
96.18048620223999,575,0
96.18436479568481,525,0
96.18831276893616,513,0
96.19219446182251,529,0
96.19617962837219,563,0
96.20015788078308,626,0
96.20411038398743,577,0
96.20803213119507,556,0
96.21191430091858,555,0
96.21582293510437,563,0
96.21974682807922,617,0
96.22370672225952,589,0
96.2277479171753,532,0
96.23147583007812,528,0
96.2354998588562,545,0
96.23930883407593,623,0
96.24337267875671,603,0
96.24716973304749,550,0
96.25090789794922,565,0
96.2550482749939,589,0
96.25892186164856,656,0
96.2633306980133,638,0
96.26663732528687,562,0
96.27053093910217,555,0
96.27441430091858,560,0
96.27839660644531,638,0
96.28245568275452,609,0
96.28617429733276,524,0
96.29013681411743,523,0
96.29405927658081,528,0
96.29791045188904,577,0
96.30186033248901,590,0
96.30582308769226,499,0
96.30970978736877,488,0
96.3135256767273,502,0
96.31753039360046,554,0
96.3214054107666,576,0
96.32544755935669,492,0
96.3292338848114,476,0
96.3332257270813,487,0
96.33719539642334,528,0
96.34095168113708,569,0
96.34492993354797,518,0
96.34877038002014,506,0
96.35268020629883,508,0
96.35650444030762,532,0
96.36044025421143,577,0
96.36432933807373,530,0
96.36825132369995,513,0
96.37220239639282,533,0
96.37606477737427,561,0
96.38008236885071,615,0
96.38397264480591,570,0
96.38815259933472,536,0
96.39174795150757,547,0
96.3957302570343,568,0
96.39965915679932,632,0
96.4034571647644,594,0
96.40746307373047,550,0
96.41138339042664,554,0
96.41524267196655,548,0
96.41912126541138,618,0
96.4230215549469,590,0
96.42793035507202,531,0
96.4310245513916,536,0
96.43486738204956,539,0
96.43885135650635,590,0
96.44303178787231,563,0
96.44661450386047,488,0
96.45040082931519,487,0
96.45438385009766,480,0
96.45831775665283,525,0
96.46236801147461,527,0
96.46610927581787,463,0
96.47016096115112,475,0
96.47411918640137,491,0
96.47809100151062,557,0
96.48185896873474,586,0
96.48578953742981,501,0
96.48968148231506,498,0
96.49357628822327,519,0
96.49754476547241,574,0
96.50145149230957,607,0
96.50527286529541,541,0
96.50925207138062,530,0
96.51303839683533,564,0
96.51707077026367,621,0
96.52084803581238,659,0
96.52479577064514,579,0
96.5287697315216,549,0
96.5326874256134,560,0
96.53650856018066,608,0
96.54044914245605,665,0
96.54432368278503,616,0
96.5482063293457,583,0
96.55213117599487,605,0
96.55607867240906,644,0
96.56001329421997,725,0
96.56398296356201,687,0
96.56782937049866,641,0
96.57176041603088,653,0
96.57596039772034,663,0
96.5795361995697,711,0
96.58343195915222,665,0
96.5873954296112,596,0
96.59144592285156,584,0
96.59526896476746,587,0
96.59912204742432,654,0
96.60306978225708,628,0
96.60722827911377,569,0
96.61092114448547,580,0
96.61477708816528,596,0
96.6186912059784,659,0
96.62261891365051,651,0
96.626540184021,585,0
96.63044166564941,589,0
96.63439464569092,588,0
96.6383113861084,635,0
96.64224576950073,629,0
96.64612674713135,533,0
96.65003991127014,509,0
96.65390872955322,522,0
96.65793776512146,581,0
96.66187953948975,604,0
96.66566228866577,521,0
96.66958951950073,493,0
96.67353558540344,500,0
96.67741656303406,535,0
96.68133687973022,570,0
96.68511891365051,502,0
96.68915033340454,483,0
96.69295477867126,498,0
96.69696402549744,536,0
96.70084714889526,580,0
96.70484137535095,526,0
96.708749294281,510,0
96.71286749839783,532,0
96.71652865409851,557,0
96.72037863731384,599,0
96.72439074516296,542,0
96.72845506668091,498,0
96.73215985298157,495,0
96.73613810539246,502,0
96.73993945121765,572,0
96.74402499198914,557,0
96.74772715568542,544,0
96.75171494483948,547,0
96.75559687614441,543,0
96.75958275794983,605,0
96.76341414451599,597,0
96.76767325401306,560,0
96.77119731903076,572,0
96.77525544166565,574,0
96.77907013893127,633,0
96.78310918807983,619,0
96.83497667312622,580,0
96.83540797233582,591,0
96.83569264411926,606,0
96.83620071411133,676,0
96.83653807640076,674,0
96.83683109283447,611,0
96.83713030815125,614,0
96.83746218681335,635,0
96.83771300315857,718,0
96.83945345878601,726,0
96.83989691734314,644,0
96.84017705917358,655,0
96.84040379524231,647,0
96.84062123298645,680,0
96.8416919708252,594,0
96.89663743972778,561,0
96.89700937271118,515,0
96.90896487236023,527,0
96.91484427452087,561,0
96.9170343875885,617,0
96.9177405834198,588,0
96.91803812980652,536,0
96.91837763786316,579,0
96.91854190826416,609,0
96.91867923736572,596,0
96.91881251335144,548,0
96.9189510345459,515,0
96.91909766197205,531,0
96.91922616958618,538,0
96.91935658454895,574,0
96.91948580741882,541,0
96.91969561576843,508,0
96.91990637779236,502,0
96.92008686065674,492,0
96.92026472091675,548,0
96.92381620407104,526,0
96.9277560710907,478,0
96.9481086730957,481,0
96.94906401634216,484,0
96.94927167892456,543,0
96.94942378997803,528,0
96.94957780838013,486,0
96.95118045806885,473,0
96.95505905151367,438,0
96.95908308029175,476,0
96.96304726600647,460,0
96.96695971488953,396,0
96.9707863330841,405,0
96.97467732429504,420,0
96.97855806350708,462,0
96.9827024936676,452,0
96.9864149093628,386,0
96.99031329154968,416,0
96.9941771030426,434,0
96.99808645248413,491,0
97.00199699401855,507,0
97.00593400001526,439,0
97.00999784469604,423,0
97.01376557350159,422,0
97.01773500442505,466,0
97.02166104316711,505,0
97.025461435318,444,0
97.02939224243164,453,0
97.03328800201416,471,0
97.0372142791748,519,0
97.04111838340759,563,0
97.04505634307861,518,0
97.0489490032196,518,0
97.0528712272644,544,0
97.05686092376709,575,0
97.06081485748291,614,0
97.06466579437256,591,0
97.06856155395508,550,0
97.07242202758789,550,0
97.07638359069824,559,0
97.08025527000427,621,0
97.08415985107422,608,0
97.08812260627747,575,0
97.0919942855835,571,0
97.09589123725891,571,0
97.09981751441956,636,0
97.10374283790588,601,0
97.10777068138123,546,0
97.11156034469604,560,0
97.11546874046326,561,0
97.11937618255615,614,0
97.12329936027527,579,0
97.1272964477539,532,0
97.13119220733643,562,0
97.13521933555603,565,0
97.13905954360962,602,0
97.14296436309814,596,0
97.14693427085876,537,0
97.15078973770142,553,0
97.15465879440308,559,0
97.1584939956665,598,0
97.1624915599823,597,0
97.16632628440857,542,0
97.17026901245117,552,0
97.17414617538452,570,0
97.17811226844788,610,0
97.18208837509155,618,0
97.1860933303833,554,0
97.18985486030579,565,0
97.19407486915588,584,0
97.1977710723877,606,0
97.20170998573303,588,0
97.2054603099823,481,0
97.2095673084259,466,0
97.21426892280579,486,0
97.2174289226532,504,0
97.22112226486206,527,0
97.22510600090027,452,0
97.22911477088928,408,0
97.23293542861938,400,0
97.23672461509705,406,0
97.241037607193,446,0
97.24473023414612,374,0
97.24855971336365,329,0
97.26973795890808,351,0
97.27055191993713,367,0
97.2708113193512,412,0
97.271075963974,365,0
97.27126407623291,322,0
97.27462100982666,352,0
97.27610898017883,375,0
97.27976822853088,443,0
97.28378558158875,418,0
97.28777194023132,374,0
97.29150986671448,410,0
97.29543733596802,437,0
97.29942178726196,504,0
97.30327415466309,492,0
97.30721235275269,445,0
97.31118559837341,483,0
97.31509017944336,503,0
97.3190529346466,543,0
97.32302260398865,519,0
97.3268210887909,468,0
97.33073854446411,490,0
97.33476138114929,506,0
97.33853840827942,557,0
97.34253978729248,562,0
97.34635257720947,500,0
97.35031533241272,507,0
97.35423469543457,508,0
97.35815382003784,547,0
97.36222171783447,570,0
97.36600613594055,513,0
97.36981058120728,524,0
97.37374973297119,535,0
97.37795996665955,557,0
97.38183379173279,557,0
97.38556551933289,471,0
97.38940930366516,463,0
97.39340162277222,492,0
97.397225856781,526,0
97.40115690231323,568,0
97.40507531166077,529,0
97.40985012054443,520,0
97.41296243667603,543,0
97.41674470901489,560,0
97.42072319984436,605,0
97.42456912994385,553,0
97.42853951454163,525,0
97.43238472938538,555,0
97.4363124370575,565,0
97.44028353691101,616,0
97.44428730010986,572,0
97.44806361198425,539,0
97.45198798179626,567,0
97.45608019828796,577,0
97.45985221862793,637,0
97.46379852294922,599,0
97.46768522262573,546,0
97.47156524658203,594,0
97.47544836997986,626,0
97.47955846786499,678,0
97.4835832118988,645,0
97.48718905448914,570,0
97.49115300178528,585,0
97.49515461921692,602,0
97.49890565872192,652,0
97.50285243988037,646,0
97.50683760643005,564,0
97.51090693473816,583,0
97.51460790634155,608,0
97.51855063438416,651,0
97.52237558364868,651,0
97.52644538879395,582,0
97.5302619934082,588,0
97.5343599319458,591,0
97.53817462921143,622,0
97.54202508926392,631,0
97.54594993591309,564,0
97.5500602722168,546,0
97.55374646186829,546,0
97.55760550498962,574,0
97.56150555610657,612,0
97.56535935401917,556,0
97.56925368309021,552,0
97.57319116592407,565,0
97.57712602615356,568,0
97.58114695549011,608,0
97.5850019454956,550,0
97.58892273902893,523,0
97.59323763847351,548,0
97.5967948436737,567,0
97.60070133209229,629,0
97.60457015037537,579,0
97.60845708847046,533,0
97.61239171028137,558,0
97.61623430252075,580,0
97.62013220787048,643,0
97.62412357330322,596,0
97.62822675704956,546,0
97.63198614120483,574,0
97.63585638999939,574,0
97.6398332118988,630,0
97.64394021034241,598,0
97.64751076698303,523,0
97.65153217315674,546,0
97.65544605255127,560,0
97.65953850746155,624,0
97.66323709487915,610,0
97.66711044311523,530,0
97.67116975784302,550,0
97.6750738620758,575,0
97.67921876907349,631,0
97.68278741836548,633,0
97.68690490722656,559,0
97.69073390960693,588,0
97.69453144073486,627,0
97.6984531879425,681,0
97.70240521430969,697,0
97.70627975463867,628,0
97.71030974388123,638,0
97.71403360366821,647,0
97.71805739402771,693,0
97.72195291519165,723,0
97.72584247589111,649,0
97.72976779937744,613,0
97.73366284370422,614,0
97.73757743835449,634,0
97.74146747589111,670,0
97.74543452262878,610,0
97.74931311607361,579,0
97.7531852722168,601,0
97.75722002983093,630,0
97.76115727424622,677,0
97.76487970352173,619,0
97.76900172233582,564,0
97.77282333374023,575,0
97.77693295478821,588,0
97.78056049346924,645,0
97.78452062606812,598,0
97.78843283653259,550,0
97.79240894317627,586,0
97.79638910293579,602,0
97.80023145675659,647,0
97.80410075187683,609,0
97.80793404579163,547,0
97.81189060211182,565,0
97.81589531898499,590,0
97.81970238685608,654,0
97.82365274429321,623,0
97.8274610042572,525,0
97.83136439323425,505,0
97.83530616760254,482,0
97.8392083644867,531,0
97.84323573112488,547,0
97.84700989723206,471,0
97.85101509094238,489,0
97.85484457015991,518,0
97.85875606536865,563,0
97.86277198791504,568,0
97.86666703224182,487,0
97.8704879283905,490,0
97.87439751625061,506,0
97.87838125228882,549,0
97.88239741325378,554,0
97.88621520996094,468,0
97.89017271995544,473,0
97.89409136772156,512,0
97.89802265167236,539,0
97.90178847312927,565,0
97.9057605266571,507,0
97.90974164009094,503,0
97.91354441642761,536,0
97.91763877868652,562,0
97.92158269882202,599,0
97.92526841163635,524,0
97.92944240570068,490,0
97.93313145637512,544,0
97.9369912147522,588,0
97.94089436531067,656,0
97.94484853744507,606,0
97.9487202167511,568,0
97.95271134376526,599,0
97.95667624473572,627,0
97.96054863929749,698,0
97.96440577507019,648,0
97.96830606460571,583,0
97.9722273349762,603,0
97.97624111175537,593,0
97.98004698753357,641,0
97.9841239452362,607,0
97.98804497718811,545,0
97.99179172515869,561,0
97.99599075317383,567,0
97.99971270561218,606,0
98.00363516807556,581,0
98.03545713424683,512,0
98.03601241111755,544,0
98.03644919395447,574,0
98.03690123558044,628,0
98.03780722618103,612,0
98.03812098503113,543,0
98.07752513885498,586,0
98.0839056968689,624,0
98.08590412139893,683,0
98.08744382858276,697,0
98.08792877197266,621,0
98.09007859230042,629,0
98.09068083763123,641,0
98.09097385406494,665,0
98.09127807617188,676,0
98.09161496162415,612,0
98.0923764705658,610,0
98.0928692817688,617,0
98.09320521354675,635,0
98.09380388259888,667,0
98.0969967842102,597,0
98.09761667251587,575,0
98.10417032241821,610,0
98.10729026794434,621,0
98.1110622882843,640,0
98.11189436912537,576,0
98.11228084564209,529,0
98.11313462257385,544,0
98.11709690093994,552,0
98.12097835540771,600,0
98.12477660179138,545,0
98.12883114814758,500,0
98.13272738456726,521,0
98.13651537895203,527,0
98.14047336578369,583,0
98.14438390731812,547,0
98.14826560020447,506,0
98.15215754508972,546,0
98.15607690811157,573,0
98.15999865531921,616,0
98.16392970085144,590,0
98.16785025596619,524,0
98.1719012260437,538,0
98.17573094367981,559,0
98.17964482307434,613,0
98.18355321884155,587,0
98.18762707710266,513,0
98.19133830070496,536,0
98.19551706314087,562,0
98.1992506980896,604,0
98.20330834388733,599,0
98.20717096328735,508,0
98.21108984947205,507,0
98.21490430831909,511,0
98.21881484985352,549,0
98.22273826599121,557,0
98.2267816066742,476,0
98.23045587539673,482,0
98.2343852519989,506,0
98.23833775520325,521,0
98.2423312664032,544,0
98.24623084068298,476,0
98.25016474723816,461,0
98.25413775444031,487,0
98.25783395767212,512,0
98.26182675361633,555,0
98.26572751998901,503,0
98.26959753036499,474,0
98.27351784706116,491,0
98.27763772010803,493,0
98.28136682510376,543,0
98.28529977798462,498,0
98.28926825523376,469,0
98.29322528839111,489,0
98.29707598686218,503,0
98.30090045928955,564,0
98.30483651161194,514,0
98.30896425247192,454,0
98.31266021728516,480,0
98.31671237945557,495,0
98.32047438621521,551,0
98.32437825202942,518,0
98.32841372489929,477,0
98.33231472969055,508,0
98.33623838424683,526,0
98.34050703048706,586,0
98.34512948989868,550,0
98.34858250617981,480,0
98.35202288627625,501,0
98.3556718826294,513,0
98.35974073410034,551,0
98.36344027519226,534,0
98.36761021614075,461,0
98.37129735946655,485,0
98.37516784667969,502,0
98.37917590141296,563,0
98.38309073448181,564,0
98.38696694374084,451,0
98.39085006713867,429,0
98.39478278160095,451,0
98.39886045455933,490,0
98.40260553359985,508,0
98.40651416778564,428,0
98.41047477722168,412,0
98.41455793380737,421,0
98.41828322410583,460,0
98.422199010849,498,0
98.42622351646423,430,0
98.42997527122498,390,0
98.43388748168945,375,0
98.43788576126099,386,0
98.44182920455933,452,0
98.44596028327942,425,0
98.4495439529419,399,0
98.45353436470032,425,0
98.45746207237244,459,0
98.46138095855713,520,0
98.46518516540527,480,0
98.4690945148468,452,0
98.47305989265442,477,0
98.47732329368591,480,0
98.4810676574707,528,0
98.4848964214325,486,0
98.48874735832214,432,0
98.49258828163147,441,0
98.4965443611145,448,0
98.50039339065552,515,0
98.50426650047302,498,0
98.50826525688171,452,0
98.51232957839966,486,0
98.51617193222046,502,0
98.51992321014404,564,0
98.52387380599976,550,0
98.52812600135803,470,0
98.53184866905212,486,0
98.53570699691772,501,0
98.53967189788818,559,0
98.5434079170227,559,0
98.54738807678223,469,0
98.55129742622375,475,0
98.55513906478882,496,0
98.55921149253845,546,0
98.56307482719421,556,0
98.56698226928711,478,0
98.57088375091553,489,0
98.57482647895813,519,0
98.57887411117554,561,0
98.58250713348389,589,0
98.58655285835266,516,0
98.59038043022156,491,0
98.59444999694824,510,0
98.59820199012756,531,0
98.60220074653625,547,0
98.6061999797821,469,0
98.6099967956543,435,0
98.61385178565979,456,0
98.61783862113953,473,0
98.62174272537231,539,0
98.62585687637329,504,0
98.62951564788818,478,0
98.63337469100952,511,0
98.63732075691223,533,0
98.64125657081604,580,0
98.64524126052856,530,0
98.64920139312744,485,0
98.65319037437439,515,0
98.65698742866516,530,0
98.66090869903564,579,0
98.66478657722473,540,0
98.66873931884766,465,0
98.67253947257996,486,0
98.67651414871216,503,0
98.68042063713074,555,0
98.68432593345642,536,0
98.68821501731873,467,0
98.69212627410889,480,0
98.69611859321594,483,0
98.70013499259949,528,0
98.70381689071655,531,0
98.70778369903564,462,0
98.71176266670227,459,0
98.71571445465088,448,0
98.71947407722473,483,0
98.72343254089355,491,0
98.72743320465088,420,0
98.73121333122253,441,0
98.7350971698761,479,0
98.73909544944763,528,0
98.74310970306396,542,0
98.7469892501831,464,0
98.75090098381042,472,0
98.75470018386841,510,0
98.7587058544159,543,0
98.76254081726074,548,0
98.76645636558533,480,0
98.77051901817322,473,0
98.77434468269348,501,0
98.77837753295898,524,0
98.78213143348694,551,0
98.78610968589783,489,0
98.78989148139954,469,0
98.79445695877075,497,0
98.79783916473389,518,0
98.80180358886719,576,0
98.80564570426941,525,0
98.80969309806824,475,0
98.8133430480957,514,0
98.81727623939514,533,0
98.82113742828369,594,0
98.82513928413391,555,0
98.82912802696228,497,0
98.83294320106506,514,0
98.83683848381042,523,0
98.84076166152954,578,0
98.84506630897522,537,0
98.85033798217773,458,0
98.8525276184082,484,0
98.85648345947266,499,0
98.86029529571533,540,0
98.8642246723175,513,0
98.86814761161804,439,0
98.87205672264099,482,0
98.87636303901672,512,0
98.87992978096008,574,0
98.88377022743225,560,0
98.88789939880371,478,0
98.8916757106781,483,0
98.89549541473389,499,0
98.89938497543335,539,0
98.90329623222351,535,0
98.90725040435791,466,0
98.91111969947815,459,0
98.9150447845459,469,0
98.91894912719727,498,0
98.92286252975464,510,0
98.92691111564636,427,0
98.93074321746826,414,0
98.93468046188354,429,0
98.9385621547699,445,0
98.94244432449341,483,0
98.94639825820923,431,0
98.95025777816772,420,0
98.95414638519287,449,0
98.95808005332947,476,0
98.96216440200806,517,0
98.96590948104858,457,0
98.96999001502991,418,0
98.97379446029663,446,0
98.97778105735779,455,0
98.98159599304199,497,0
98.98546147346497,440,0
98.98938703536987,384,0
98.99329924583435,411,0
98.99720430374146,433,0
99.00114011764526,497,0
99.00513696670532,457,0
99.00894069671631,396,0
99.01285076141357,422,0
99.01692080497742,447,0
99.02148604393005,503,0
99.02457404136658,479,0
99.02860832214355,411,0
99.03246831893921,432,0
99.03631401062012,444,0
99.04022407531738,490,0
99.04411959648132,460,0
99.04802536964417,381,0
99.0519905090332,403,0
99.05583596229553,418,0
99.05980634689331,459,0
99.0638108253479,468,0
99.06769227981567,403,0
99.07155632972717,423,0
99.07551217079163,433,0
99.07932162284851,463,0
99.08326816558838,473,0
99.08723187446594,391,0
99.09125518798828,392,0
99.09509992599487,428,0
99.09929084777832,469,0
99.10529518127441,497,0
99.106849193573,432,0
99.11228966712952,424,0
99.11957311630249,458,0
99.12041997909546,482,0
99.12549591064453,507,0
99.12649703025818,437,0
99.1302318572998,415,0
99.13537049293518,444,0
99.13814067840576,462,0
99.14213919639587,507,0
99.14587068557739,452,0
99.14977288246155,408,0
99.15382409095764,428,0
99.15762877464294,445,0
99.16159081459045,487,0
99.16541266441345,423,0
99.16933488845825,359,0
99.1732428073883,383,0
99.17734050750732,417,0
99.1810576915741,500,0
99.18510460853577,487,0
99.1890377998352,423,0
99.19299697875977,438,0
99.19678020477295,451,0
99.20072436332703,508,0
99.20451974868774,508,0
99.20854616165161,457,0
99.21235632896423,482,0
99.21627807617188,503,0
99.22025871276855,559,0
99.22408151626587,558,0
99.22805881500244,475,0
99.23207354545593,487,0
99.23587536811829,510,0
99.2398374080658,546,0
99.24385237693787,542,0
99.24760723114014,466,0
99.25156092643738,489,0
99.25555419921875,527,0
99.25948095321655,572,0
99.26328992843628,599,0
99.2673819065094,532,0
99.27110815048218,529,0
99.27518200874329,555,0
99.27906465530396,594,0
99.28284740447998,640,0
99.28680157661438,569,0
99.29076933860779,545,0
99.29476046562195,557,0
99.2984881401062,554,0
99.30251550674438,585,0
99.30630421638489,513,0
99.31044292449951,468,0
99.31429624557495,493,0
99.3182590007782,512,0
99.32190370559692,566,0
99.32638168334961,513,0
99.32982039451599,469,0
99.33375382423401,504,0
99.33762860298157,515,0
99.34152674674988,575,0
99.34568905830383,526,0
99.34928894042969,460,0
99.35331058502197,479,0
99.35743927955627,497,0
99.36140584945679,549,0
99.36522650718689,525,0
99.36890196800232,466,0
99.37286114692688,504,0
99.37698721885681,538,0
99.38078260421753,588,0
99.3844985961914,568,0
99.3884551525116,492,0
99.39248871803284,520,0
99.39646315574646,547,0
99.40024185180664,588,0
99.40422034263611,582,0
99.40803217887878,501,0
99.41211938858032,520,0
99.41596269607544,550,0
99.41989970207214,591,0
99.42372369766235,589,0
99.42764449119568,507,0
99.43147230148315,505,0
99.43547344207764,526,0
99.43930196762085,565,0
99.44330549240112,585,0
99.44715809822083,504,0
99.4512152671814,488,0
99.4549412727356,528,0
99.45898842811584,562,0
99.46297597885132,601,0
99.48804712295532,537,0
99.49816274642944,491,0
99.49853253364563,519,0
99.49889850616455,545,0
99.49912643432617,587,0
99.49931764602661,529,0
99.4995014667511,481,0
99.49967765808105,510,0
99.49984765052795,543,0
99.5018880367279,614,0
99.53585743904114,564,0
99.54040193557739,511,0
99.54158067703247,541,0
99.54722166061401,558,0
99.5476746559143,613,0
99.55653285980225,557,0
99.55678081512451,477,0
99.55732822418213,505,0
99.559739112854,521,0
99.56018948554993,560,0
99.56076741218567,528,0
99.5611743927002,457,0
99.56163597106934,488,0
99.56283330917358,519,0
99.56306743621826,577,0
99.56458950042725,571,0
99.56844663619995,501,0
99.5723626613617,537,0
99.59767842292786,557,0
99.5985255241394,602,0
99.59875321388245,606,0
99.59897375106812,527,0
99.59915447235107,521,0
99.59933590888977,528,0
99.59971165657043,547,0
99.6035475730896,554,0
99.60748386383057,479,0
99.61157512664795,483,0
99.61532020568848,519,0
99.61923480033875,540,0
99.6231677532196,521,0
99.62707805633545,418,0
99.63105297088623,388,0
99.63506579399109,415,0
99.63896918296814,450,0
99.64287996292114,491,0
99.64682579040527,426,0
99.6506519317627,399,0
99.6545467376709,435,0
99.65833759307861,457,0
99.66226506233215,510,0
99.66631007194519,463,0
99.67008447647095,428,0
99.67399215698242,465,0
99.67810726165771,487,0
99.68196177482605,552,0
99.68592095375061,507,0
99.68974900245667,439,0
99.69355273246765,474,0
99.69749712944031,501,0
99.70140957832336,567,0
99.70530772209167,529,0
99.70979166030884,451,0
99.71342182159424,472,0
99.71796989440918,490,0
99.72198581695557,546,0
99.72487211227417,531,0
99.72895121574402,444,0
99.73282384872437,478,0
99.73666977882385,519,0
99.7405755519867,583,0
99.7444417476654,589,0
99.74831414222717,499,0
99.75222945213318,515,0
99.7561719417572,537,0
99.76032018661499,581,0
99.76420855522156,594,0
99.76805019378662,481,0
99.77211141586304,473,0
99.77600383758545,494,0
99.77975225448608,531,0
99.78363680839539,559,0
99.7876296043396,492,0
99.79149794578552,485,0
99.7953770160675,503,0
99.79924416542053,522,0
99.80340647697449,558,0
99.80741810798645,487,0
99.8118543624878,460,0
99.8149528503418,498,0
99.81881356239319,530,0
99.82279825210571,577,0
99.82677936553955,513,0
99.83057022094727,479,0
99.83439326286316,527,0
99.8383526802063,543,0
99.84220051765442,601,0
99.84611439704895,548,0
99.85002756118774,490,0
99.8540711402893,511,0
99.85794067382812,517,0
99.86180019378662,562,0
99.86575889587402,511,0
99.86969065666199,431,0
99.87351441383362,462,0
99.87739729881287,474,0
99.88131618499756,502,0
99.8920750617981,469,0
99.89335823059082,398,0
99.89862632751465,433,0
99.89900398254395,448,0
99.9010443687439,494,0
99.9047999382019,490,0
99.90873837471008,405,0
99.91272735595703,439,0
99.91682505607605,476,0
99.92047071456909,529,0
99.92435193061829,528,0
99.92849087715149,444,0
99.93220973014832,476,0
99.93609023094177,525,0
99.94008588790894,561,0
99.94418835639954,563,0
99.94807505607605,472,0
99.95178866386414,471,0
99.95574998855591,484,0
99.95964288711548,511,0
99.96364378929138,538,0
99.96748685836792,468,0
99.97136235237122,464,0
99.97537422180176,508,0
99.9793062210083,543,0
99.98330068588257,597,0
99.98721289634705,526,0
99.99113583564758,489,0
99.99487829208374,523,0
99.99885559082031,538,0
100.00280261039734,586,0
100.00658392906189,527,0
100.01052927970886,486,0
100.014399766922,513,0
100.01829433441162,529,0
100.02226567268372,598,0
100.02671194076538,551,0
100.03005385398865,493,0
100.03409099578857,526,0
100.03797054290771,540,0
100.04182982444763,584,0
100.04582118988037,548,0
100.04957389831543,469,0
100.05351114273071,496,0
100.05746364593506,517,0
100.0613341331482,578,0
100.06524705886841,554,0
100.06911873817444,459,0
100.07322430610657,458,0
100.07712197303772,469,0
100.08103275299072,503,0
100.08483719825745,492,0
100.08892750740051,391,0
100.0931544303894,405,0
100.0969705581665,428,0
100.10064244270325,472,0
100.10470175743103,483,0
100.10849285125732,392,0
100.11228203773499,408,0
100.11630082130432,452,0
100.12026572227478,488,0
100.12403225898743,498,0
100.12796187400818,433,0
100.13218522071838,439,0
100.13572549819946,482,0
100.13953876495361,517,0
100.14358377456665,546,0
100.14743566513062,458,0
100.1513397693634,430,0
100.15519404411316,478,0
100.15914869308472,512,0
100.1632809638977,551,0
100.16705441474915,480,0
100.17084503173828,427,0
100.1747534275055,465,0
100.17870593070984,488,0
100.18268275260925,545,0
100.1865234375,496,0
100.19045639038086,452,0
100.19441413879395,497,0
100.19821453094482,518,0
100.20217418670654,571,0
100.20621395111084,534,0
100.21057391166687,488,0
100.21412420272827,517,0
100.21790099143982,532,0
100.22178149223328,592,0
100.2257878780365,559,0
100.22957158088684,477,0
100.23343396186829,487,0
100.23741888999939,492,0
100.24134516716003,534,0
100.24519562721252,519,0
100.24908971786499,438,0
100.25307488441467,460,0
100.25708866119385,482,0
100.26100635528564,531,0
100.26507067680359,535,0
100.26880264282227,453,0
100.27268552780151,464,0
100.27659296989441,480,0
100.28059315681458,515,0
100.28713536262512,527,0
100.29314160346985,429,0
100.29358196258545,427,0
100.29609942436218,453,0
100.30017828941345,479,0
100.30390429496765,497,0
100.30777263641357,424,0
100.31185579299927,418,0
100.31571316719055,450,0
100.31950688362122,489,0
100.32351326942444,529,0
100.32764983177185,461,0
100.33146572113037,434,0
100.33522295951843,481,0
100.33915400505066,512,0
100.3433473110199,576,0
100.34726667404175,520,0
100.35100221633911,480,0
100.35487842559814,527,0
100.35872673988342,550,0
100.36282706260681,611,0
100.36644673347473,559,0
100.37051486968994,505,0
100.37428379058838,531,0
100.37830972671509,543,0
100.3822226524353,590,0
100.38621973991394,539,0
100.39019393920898,479,0
100.39405918121338,519,0
100.3978750705719,544,0
100.40175461769104,606,0
100.40561437606812,588,0
100.40964889526367,517,0
100.41363668441772,545,0
100.41742324829102,578,0
100.42125725746155,632,0
100.42526531219482,621,0
100.4292995929718,526,0
100.43331122398376,537,0
100.43688559532166,562,0
100.44096159934998,612,0
100.4449257850647,612,0
100.44874572753906,525,0
100.4525933265686,527,0
100.45669770240784,550,0
100.46058130264282,585,0
100.4645643234253,601,0
100.46820282936096,511,0
100.4722535610199,503,0
100.47644209861755,524,0
100.48001098632812,557,0
100.48389863967896,574,0
100.48795557022095,487,0
100.49178194999695,460,0
100.4956214427948,478,0
100.49954152107239,502,0
100.50340795516968,553,0
100.50745487213135,495,0
100.5114049911499,436,0
100.51528573036194,443,0
100.51940250396729,463,0
100.5232400894165,541,0
100.52694582939148,505,0
100.53087615966797,472,0
100.53475856781006,527,0
100.53867602348328,542,0
100.54255747795105,597,0
100.54664039611816,549,0
100.55240845680237,479,0
100.55441284179688,506,0
100.55813145637512,522,0
100.56226515769958,597,0
100.56615686416626,576,0
100.5699257850647,527,0
100.57387375831604,583,0
100.5778272151947,612,0
100.58172273635864,653,0
100.58557534217834,630,0
100.58955192565918,546,0
100.59371089935303,575,0
100.59731674194336,616,0
100.60124588012695,672,0
100.6051254272461,659,0
100.6090955734253,573,0
100.61318564414978,589,0
100.61689782142639,608,0
100.62080574035645,646,0
100.62475728988647,646,0
100.62870287895203,552,0
100.6325318813324,566,0
100.63645243644714,594,0
100.64039134979248,616,0
100.64454126358032,610,0
100.64827036857605,509,0
100.65207505226135,484,0
100.65605020523071,506,0
100.66011619567871,534,0
100.66384649276733,577,0
100.66774821281433,503,0
100.67177414894104,484,0
100.67568111419678,525,0
100.67956709861755,557,0
100.68342518806458,609,0
100.68731570243835,563,0
100.69117474555969,535,0
100.69512701034546,575,0
100.69897532463074,598,0
100.70307302474976,666,0
100.70688223838806,620,0
100.71104025840759,573,0
100.71475601196289,610,0
100.71854424476624,621,0
100.72251868247986,682,0
100.72665643692017,641,0
100.76108837127686,569,0
100.7974259853363,569,0
100.82783770561218,561,0
100.86008024215698,594,0
100.86719131469727,558,0
100.86962795257568,480,0
100.87218523025513,480,0
100.8725368976593,469,0
100.87281131744385,516,0
100.87312746047974,491,0
100.87334179878235,419,0
100.87356495857239,444,0
100.873774766922,472,0
100.87396907806396,516,0
100.87417435646057,508,0
100.87436437606812,417,0
100.8746726512909,426,0
100.87494564056396,444,0
100.87522578239441,481,0
100.87777924537659,496,0
100.87976837158203,416,0
100.88047885894775,422,0
100.88077354431152,466,0
100.8810064792633,506,0
100.88126492500305,532,0
100.88148236274719,473,0
100.88168334960938,463,0
100.88193559646606,488,0
100.8821542263031,512,0
100.88235926628113,580,0
100.88258743286133,532,0
100.88279438018799,504,0
100.88300323486328,538,0
100.8832049369812,538,0
100.88340044021606,590,0
100.88359475135803,541,0
100.88377451896667,492,0
100.88413667678833,504,0
100.88514399528503,511,0
100.88684344291687,565,0
100.88725709915161,536,0
100.89073038101196,473,0
100.8948073387146,482,0
100.9053087234497,494,0
100.9056465625763,553,0
100.90637636184692,522,0
100.91029858589172,459,0
100.91764688491821,463,0
100.91827726364136,447,0
100.92211985588074,470,0
100.92604756355286,448,0
100.93163919448853,379,0
100.93384456634521,399,0
100.9377760887146,416,0
100.94154763221741,451,0
100.94563913345337,433,0
100.94939160346985,349,0
100.9535071849823,376,0
100.95721459388733,419,0
100.96115708351135,480,0
100.9651050567627,509,0
100.96906852722168,460,0
100.9728422164917,476,0
100.97684502601624,497,0
100.98073077201843,551,0
100.98460745811462,572,0
100.988529920578,488,0
100.99245166778564,462,0
100.99635314941406,481,0
101.00025701522827,511,0
101.00409865379333,552,0
101.00816059112549,491,0
101.01207399368286,456,0
101.01586675643921,476,0
101.01977109909058,506,0
101.02379941940308,540,0
101.0276665687561,492,0
101.03156781196594,464,0
101.0354392528534,474,0
101.03936791419983,481,0
101.04336380958557,541,0
101.0471773147583,505,0
101.05110335350037,460,0
101.05499768257141,490,0
101.05904579162598,496,0
101.06291556358337,537,0
101.06677031517029,500,0
101.07067680358887,447,0
101.07468271255493,464,0
101.07843661308289,471,0
101.08253979682922,532,0
101.08630180358887,520,0
101.09019136428833,458,0
101.0942234992981,478,0
101.09815549850464,494,0
101.10197901725769,548,0
101.10604071617126,546,0
101.1098210811615,468,0
101.1138277053833,479,0
101.11760830879211,496,0
101.12148356437683,545,0
101.12543153762817,547,0
101.12941002845764,484,0
101.14168548583984,515,0
101.14212799072266,523,0
101.14245223999023,560,0
101.14531803131104,585,0
101.14897108078003,504,0
101.15285563468933,498,0
101.15704727172852,518,0
101.16075301170349,537,0
101.16453218460083,573,0
101.16846537590027,505,0
101.1723325252533,483,0
101.17642879486084,493,0
101.1801426410675,504,0
101.18408584594727,546,0
101.18810224533081,481,0
101.19187998771667,446,0
101.195965051651,462,0
101.1997504234314,467,0
101.20367503166199,494,0
101.20753574371338,428,0
101.21145963668823,379,0
101.2153627872467,411,0
101.21935749053955,429,0
101.22320294380188,498,0
101.2272036075592,473,0
101.23105788230896,422,0
101.23500442504883,445,0
101.23887133598328,451,0
101.24316215515137,519,0
101.24672198295593,490,0
101.25070524215698,422,0
101.25467658042908,448,0
101.25848484039307,455,0
101.2624979019165,515,0
101.26632595062256,497,0
101.27020573616028,422,0
101.27425336837769,443,0
101.27816200256348,463,0
101.28199934959412,521,0
101.28582048416138,527,0
101.2897789478302,464,0
101.29374432563782,500,0
101.29757952690125,538,0
101.30154943466187,582,0
101.30549049377441,587,0
101.3093192577362,515,0
101.31322860717773,514,0
101.31712937355042,531,0
101.32111430168152,564,0
101.32528471946716,590,0
101.32886695861816,515,0
101.33294081687927,511,0
101.33677291870117,506,0
101.34063506126404,500,0
101.34454464912415,518,0
101.34844756126404,452,0
101.35235381126404,422,0
101.35635495185852,430,0
101.36029624938965,431,0
101.36404871940613,479,0
101.36817836761475,436,0
101.37203407287598,382,0
101.37593579292297,390,0
101.37982153892517,417,0
101.38369870185852,491,0
101.38755345344543,459,0
101.39152026176453,432,0
101.39539361000061,479,0
101.399409532547,502,0
101.40320873260498,572,0
101.4072904586792,542,0
101.41108822822571,484,0
101.41520929336548,521,0
101.41909527778625,532,0
101.42302322387695,578,0
101.42708277702332,561,0
101.4306411743164,499,0
101.43456172943115,508,0
101.4384560585022,530,0
101.44236993789673,588,0
101.44632077217102,568,0
101.45030283927917,483,0
101.45406818389893,502,0
101.45827865600586,523,0
101.46186947822571,564,0
101.46590447425842,549,0
101.46979022026062,446,0
101.4738404750824,473,0
101.47748160362244,494,0
101.48144555091858,531,0
101.4855170249939,545,0
101.48932647705078,467,0
101.49347949028015,476,0
101.49712800979614,507,0
101.50100660324097,538,0
101.50492644309998,546,0
101.50888967514038,445,0
101.51284861564636,425,0
101.51684880256653,452,0
101.52051997184753,460,0
101.52446007728577,468,0
101.52874803543091,386,0
101.53231120109558,363,0
101.53626418113708,418,0
101.54029941558838,452,0
101.54475712776184,483,0
101.54792094230652,444,0
101.55184268951416,423,0
101.55585050582886,475,0
101.55992841720581,501,0
101.56361937522888,566,0
101.56752800941467,527,0
101.57160472869873,496,0
101.5752785205841,532,0
101.57926440238953,544,0
101.58320879936218,601,0
101.58728003501892,564,0
101.59127378463745,523,0
101.59498119354248,570,0
101.59886980056763,603,0
101.60291004180908,649,0
101.60667610168457,620,0
101.61073064804077,552,0
101.61450982093811,593,0
101.61844825744629,622,0
101.62230658531189,663,0
101.62666606903076,639,0
101.63028621673584,537,0
101.63420033454895,556,0
101.6379804611206,570,0
101.64202833175659,620,0
101.6458888053894,616,0
101.64973473548889,516,0
101.65359139442444,516,0
101.65743708610535,533,0
101.66168785095215,551,0
101.66542196273804,556,0
101.66933536529541,477,0
101.67325711250305,486,0
101.67738199234009,525,0
101.68099761009216,556,0
101.68503093719482,579,0
101.68905305862427,520,0
101.69307518005371,525,0
101.69669914245605,535,0
101.70061612129211,553,0
101.70450377464294,599,0
101.70837497711182,541,0
101.7125015258789,514,0
101.71619081497192,540,0
101.7202525138855,552,0
101.72423267364502,599,0
101.72801971435547,542,0
101.73181772232056,507,0
101.73577117919922,543,0
101.73964643478394,557,0
101.74357008934021,603,0
101.74763584136963,555,0
101.7513837814331,503,0
101.75538420677185,532,0
101.75933027267456,543,0
101.76309943199158,584,0
101.76706218719482,528,0
101.77099776268005,447,0
101.77492666244507,482,0
101.7789134979248,490,0
101.7827501296997,527,0
101.78668737411499,504,0
101.79048418998718,434,0
101.79449367523193,480,0
101.79836416244507,525,0
101.80219459533691,578,0
101.80612707138062,538,0
101.81012558937073,417,0
101.81411957740784,424,0
101.81802821159363,461,0
101.82184553146362,519,0
101.82599830627441,537,0
101.83645606040955,460,0
101.8368661403656,484,0
101.83811450004578,523,0
101.84138941764832,556,0
101.84657549858093,573,0
101.84923505783081,514,0
101.85308504104614,514,0
101.85698866844177,534,0
101.86101722717285,556,0
101.86487555503845,593,0
101.86878275871277,510,0
101.87274479866028,487,0
101.87660813331604,532,0
101.88045287132263,541,0
101.88450694084167,569,0
101.88822674751282,513,0
101.89213633537292,488,0
101.89623236656189,528,0
101.90011811256409,532,0
101.90408658981323,579,0
101.90784049034119,514,0
101.91177797317505,470,0
101.91572403907776,521,0
101.91956615447998,555,0
101.923504114151,606,0
101.92739391326904,568,0
101.93138980865479,526,0
101.9352011680603,563,0
101.93915247917175,568,0
101.94324588775635,611,0
101.94694185256958,566,0
101.95085501670837,495,0
101.95478057861328,540,0
101.95889711380005,584,0
101.96258521080017,654,0
101.96648502349854,652,0
101.97045803070068,579,0
101.97433257102966,608,0
101.97825264930725,641,0
101.98218178749084,684,0
101.9861102104187,675,0
101.9901819229126,593,0
101.99421048164368,617,0
101.99780011177063,654,0
102.00194525718689,693,0
102.00576424598694,703,0
102.00972533226013,608,0
102.01345562934875,599,0
102.01740407943726,631,0
102.02130842208862,669,0
102.02521920204163,665,0
102.02921080589294,564,0
102.03307223320007,537,0
102.03707337379456,565,0
102.04092311859131,576,0
102.04476571083069,599,0
102.04881930351257,529,0
102.05255651473999,509,0
102.05657291412354,555,0
102.06050562858582,571,0
102.06433963775635,597,0
102.06828570365906,525,0
102.07217764854431,489,0
102.07615613937378,531,0
102.07995128631592,548,0
102.08384823799133,595,0
102.0878632068634,557,0
102.09172034263611,501,0
102.09559869766235,519,0
102.09958100318909,519,0
102.10352540016174,564,0
102.10739064216614,554,0
102.14933204650879,512,0
102.14981746673584,548,0
102.20318651199341,581,0
102.208744764328,649,0
102.21493792533875,634,0
102.21685719490051,564,0
102.23985886573792,585,0
102.25081849098206,584,0
102.2522759437561,619,0
102.25285816192627,607,0
102.25323128700256,526,0
102.25368404388428,537,0
102.25419473648071,560,0
102.25452971458435,611,0
102.2549684047699,612,0
102.25540781021118,530,0
102.25619602203369,552,0
102.25674295425415,583,0
102.25896692276001,604,0
102.26356601715088,594,0
102.26604342460632,511,0
102.26652932167053,505,0
102.26678347587585,532,0
102.26730036735535,542,0
102.26767134666443,562,0
102.26801347732544,484,0
102.2682363986969,465,0
102.26843476295471,490,0
102.26873064041138,504,0
102.26901888847351,550,0
102.26926445960999,503,0
102.26948761940002,472,0
102.26968717575073,500,0
102.26986289024353,513,0
102.2700834274292,576,0
102.2703046798706,532,0
102.2705454826355,488,0
102.27079439163208,513,0
102.27102160453796,502,0
102.27120018005371,536,0
102.2713897228241,490,0
102.27175712585449,429,0
102.2755298614502,448,0
102.27943396568298,466,0
102.28337216377258,527,0
102.2873923778534,478,0
102.29123210906982,403,0
102.29512047767639,431,0
102.29906845092773,452,0
102.30308127403259,500,0
102.3068962097168,480,0
102.31078743934631,406,0
102.31471800804138,430,0
102.31855869293213,456,0
102.32245397567749,510,0
102.32640719413757,517,0
102.3302834033966,449,0
102.33424162864685,478,0
102.33824563026428,504,0
102.34210681915283,545,0
102.34603261947632,554,0
102.34986162185669,475,0
102.3538224697113,476,0
102.35812783241272,505,0
102.36189413070679,535,0
102.36573028564453,545,0
102.36946439743042,455,0
102.37341380119324,456,0
102.37738800048828,483,0
102.38124346733093,507,0
102.38522291183472,545,0
102.38916230201721,481,0
102.39329957962036,453,0
102.39693713188171,457,0
102.40089559555054,465,0
102.40479373931885,508,0
102.4086742401123,461,0
102.41258358955383,403,0
102.41647338867188,417,0
102.42035913467407,428,0
102.4243893623352,477,0
102.42819166183472,443,0
102.4320559501648,411,0
102.43613958358765,446,0
102.44004392623901,455,0
102.44412326812744,512,0
102.4477789402008,479,0
102.45172119140625,427,0
102.45574307441711,444,0
102.45983600616455,464,0
102.46342158317566,537,0
102.46726965904236,527,0
102.4713842868805,444,0
102.47508955001831,462,0
102.47910284996033,475,0
102.48301005363464,511,0
102.48689818382263,491,0
102.49082064628601,400,0
102.49478602409363,420,0
102.49858665466309,449,0
102.50258731842041,500,0
102.50642108917236,496,0
102.51062607765198,410,0
102.51424145698547,428,0
102.51820349693298,470,0
102.52219319343567,518,0
102.52610278129578,540,0
102.52998661994934,475,0
102.53394341468811,474,0
102.53776812553406,493,0
102.5416350364685,514,0
102.54553961753845,528,0
102.5494749546051,445,0
102.55343651771545,434,0
102.5574266910553,476,0
102.56124687194824,499,0
102.56510710716248,521,0
102.56916332244873,445,0
102.57289528846741,411,0
102.57697033882141,470,0
102.58091878890991,497,0
102.58473587036133,552,0
102.5885705947876,497,0
102.59249210357666,454,0
102.59648036956787,490,0
102.60030674934387,504,0
102.60418105125427,535,0
102.60817384719849,454,0
102.61228060722351,399,0
102.61588907241821,435,0
102.61984515190125,456,0
102.62385630607605,510,0
102.62783122062683,474,0
102.63161516189575,420,0
102.6354911327362,465,0
102.63949823379517,484,0
102.64346480369568,542,0
102.64726090431213,539,0
102.65122199058533,473,0
102.65519261360168,492,0
102.65922498703003,486,0
102.66295003890991,525,0
102.6668348312378,530,0
102.6707329750061,456,0
102.67473363876343,474,0
102.67869544029236,487,0
102.68245720863342,513,0
102.6863157749176,529,0
102.69039607048035,463,0
102.69431686401367,485,0
102.69808268547058,510,0
102.7020411491394,534,0
102.70594668388367,563,0
102.71004724502563,480,0
102.71386623382568,467,0
102.7177882194519,487,0
102.72159934043884,506,0
102.72556161880493,535,0
102.72956800460815,472,0
102.73331141471863,443,0
102.73723793029785,424,0
102.74123358726501,426,0
102.7452507019043,478,0
102.74908351898193,442,0
102.75288105010986,436,0
102.75682473182678,472,0
102.76085615158081,495,0
102.76459193229675,550,0
102.76857495307922,508,0
102.77239346504211,470,0
102.7765724658966,491,0
102.78021669387817,470,0
102.78419661521912,507,0
102.7880744934082,455,0
102.79200649261475,390,0
102.79610085487366,414,0
102.79988527297974,434,0
102.80380511283875,494,0
102.80780982971191,475,0
102.81164050102234,407,0
102.81539130210876,446,0
102.81929302215576,470,0
102.82330060005188,512,0
102.82718467712402,498,0
102.83119368553162,419,0
102.8349928855896,440,0
102.83886551856995,457,0
102.84284710884094,502,0
102.84675550460815,501,0
102.85068392753601,407,0
102.8545241355896,419,0
102.85843062400818,448,0
102.86234474182129,486,0
102.86624217033386,500,0
102.87015557289124,442,0
102.8741238117218,465,0
102.87808299064636,500,0
102.8818826675415,541,0
102.88588833808899,569,0
102.88982725143433,516,0
102.89381194114685,540,0
102.89764666557312,574,0
102.90151500701904,591,0
102.90544080734253,636,0
102.90931510925293,579,0
102.91319489479065,535,0
102.91717576980591,548,0
102.92106032371521,554,0
102.92515778541565,603,0
102.92887330055237,570,0
102.93283867835999,534,0
102.9367904663086,545,0
102.94076728820801,551,0
102.94451761245728,598,0
102.94846415519714,564,0
102.95234870910645,515,0
102.95636105537415,527,0
102.96020817756653,537,0
102.96421265602112,590,0
102.96821999549866,568,0
102.97208261489868,517,0
102.97586560249329,529,0
102.97988319396973,543,0
102.98385000228882,617,0
102.98755812644958,619,0
102.99147415161133,550,0
102.99547052383423,576,0
102.99932980537415,596,0
103.00342321395874,649,0
103.00709414482117,645,0
103.01110792160034,546,0
103.0150990486145,551,0
103.01892638206482,574,0
103.0227735042572,614,0
103.02679061889648,630,0
103.03056526184082,557,0
103.03456211090088,556,0
103.03843188285828,569,0
103.04233574867249,595,0
103.04622769355774,606,0
103.05015540122986,532,0
103.05405926704407,519,0
103.0580780506134,542,0
103.06191039085388,560,0
103.06578660011292,587,0
103.06980085372925,519,0
103.0737156867981,497,0
103.07754302024841,517,0
103.0814483165741,542,0
103.08534646034241,610,0
103.08926677703857,570,0
103.0933587551117,515,0
103.09710264205933,512,0
103.10118365287781,511,0
103.10510039329529,562,0
103.10898685455322,532,0
103.11278486251831,492,0
103.11670732498169,494,0
103.12057709693909,491,0
103.12446403503418,554,0
103.12845969200134,525,0
103.13232755661011,455,0
103.13628959655762,467,0
103.14014315605164,482,0
103.14417672157288,526,0
103.14803171157837,511,0
103.1521008014679,462,0
103.15582418441772,473,0
103.15986895561218,476,0
103.16386485099792,536,0
103.1674861907959,541,0
103.17143607139587,477,0
103.17535614967346,496,0
103.17930054664612,495,0
103.18319654464722,528,0
103.18715977668762,522,0
103.19098973274231,436,0
103.19489860534668,457,0
103.19883894920349,469,0
103.20279169082642,607,0
103.20682072639465,490,0
103.21060967445374,410,0
103.21451568603516,388,0
103.21843528747559,397,0
103.22231245040894,446,0
103.22625708580017,494,0
103.23018002510071,443,0
103.23399448394775,458,0
103.23789024353027,516,0
103.24200010299683,547,0
103.24580597877502,596,0
103.24970126152039,540,0
103.25358581542969,509,0
103.25751757621765,547,0
103.26147675514221,568,0
103.26529622077942,614,0
103.26925325393677,546,0
103.27319574356079,500,0
103.27716088294983,533,0
103.28109359741211,555,0
103.28488564491272,614,0
103.28881907463074,563,0
103.29273271560669,512,0
103.29669713973999,548,0
103.30051136016846,569,0
103.30443787574768,612,0
103.30839562416077,556,0
103.31228280067444,472,0
103.31620383262634,493,0
103.32015538215637,511,0
103.32422637939453,569,0
103.32802748680115,549,0
103.33182096481323,469,0
103.33584022521973,480,0
103.33973717689514,495,0
103.34374713897705,543,0
103.34758448600769,544,0
103.35141181945801,473,0
103.35530257225037,496,0
103.35921382904053,523,0
103.3631238937378,572,0
103.36719679832458,577,0
103.37105679512024,503,0
103.37482833862305,504,0
103.37877249717712,521,0
103.38271880149841,553,0
103.38657593727112,578,0
103.3904983997345,504,0
103.39440393447876,506,0
103.39837694168091,529,0
103.40232014656067,550,0
103.40619158744812,566,0
103.41023707389832,490,0
103.41404318809509,478,0
103.41786241531372,511,0
103.4217939376831,540,0
103.42578172683716,594,0
103.42972493171692,539,0
103.4334979057312,500,0
103.43747568130493,540,0
103.4413571357727,561,0
103.44535088539124,618,0
103.44920754432678,556,0
103.45306992530823,504,0
103.45725321769714,542,0
103.46108555793762,566,0
103.46482563018799,627,0
103.46877813339233,584,0
103.47277402877808,538,0
103.47673344612122,587,0
103.48047590255737,620,0
103.48442316055298,677,0
103.48833847045898,645,0
103.49226713180542,574,0
103.49618291854858,574,0
103.50011610984802,580,0
103.50412130355835,601,0
103.50807189941406,565,0
103.51182079315186,457,0
103.51574301719666,467,0
103.51975846290588,506,0
103.52351307868958,558,0
103.52750658988953,555,0
103.53141665458679,438,0
103.53528904914856,442,0
103.53925085067749,469,0
103.54322695732117,506,0
103.5470199584961,526,0
103.55089950561523,451,0
103.55500817298889,442,0
103.5588641166687,473,0
103.56268954277039,513,0
103.56652498245239,553,0
103.57045221328735,477,0
103.57438087463379,473,0
103.57828950881958,508,0
103.58223819732666,540,0
103.58610272407532,584,0
103.59001064300537,509,0
103.59416842460632,470,0
103.59806180000305,513,0
103.6019651889801,544,0
103.60577774047852,583,0
103.60980939865112,515,0
103.61374235153198,479,0
103.617427110672,508,0
103.62138438224792,530,0
103.6252670288086,590,0
103.62929892539978,549,0
103.63318252563477,504,0
103.63704037666321,529,0
103.64090847969055,534,0
103.64488244056702,593,0
103.64876890182495,550,0
103.65270709991455,476,0
103.65674805641174,504,0
103.66070914268494,522,0
103.67191529273987,575,0
103.67296195030212,550,0
103.67327976226807,520,0
103.67610263824463,549,0
103.67996096611023,542,0
103.68393158912659,581,0
103.68779826164246,566,0
103.69180011749268,452,0
103.69577527046204,424,0
103.6996054649353,430,0
103.70347452163696,469,0
103.73669290542603,501,0
103.73805642127991,445,0
103.73828983306885,462,0
103.75432205200195,494,0
103.77274012565613,537,0
103.7752468585968,568,0
103.77552509307861,521,0
103.77574920654297,518,0
103.7786226272583,551,0
103.77937459945679,586,0
103.7796106338501,624,0
103.77975249290466,549,0
103.77987742424011,510,0
103.7799985408783,520,0
103.78011846542358,584,0
103.7802369594574,609,0
103.7803566455841,544,0
103.7804753780365,503,0
103.78061294555664,506,0
103.78172993659973,512,0
103.7857403755188,572,0
103.78960227966309,524,0
103.79349064826965,447,0
103.80515122413635,459,0
103.8061306476593,483,0
103.80743646621704,564,0
103.80910181999207,543,0
103.81309103965759,487,0
103.81692552566528,500,0
103.8208212852478,521,0
103.82475543022156,582,0
103.82871389389038,564,0
103.83252835273743,514,0
103.83646011352539,520,0
103.84040021896362,522,0
103.84429836273193,580,0
103.84821724891663,594,0
103.85216784477234,544,0
103.85612988471985,555,0
103.86017942428589,582,0
103.86399173736572,644,0
103.86789226531982,659,0
103.87181448936462,570,0
103.87564492225647,558,0
103.87966179847717,559,0
103.88360166549683,603,0
103.88746047019958,624,0
103.89141511917114,540,0
103.89530825614929,531,0
103.89912104606628,552,0
103.90327167510986,582,0
103.90724563598633,604,0
103.91113829612732,510,0
103.91486930847168,471,0
103.91870546340942,485,0
103.92255210876465,498,0
103.92645239830017,538,0
103.9303686618805,482,0
103.93448233604431,460,0
103.93815755844116,481,0
103.94234204292297,489,0
103.9460883140564,538,0
103.95004177093506,487,0
103.95392751693726,456,0
103.95782470703125,495,0
103.96180701255798,527,0
103.9657347202301,602,0
103.96956658363342,569,0
103.9734890460968,519,0
103.97753310203552,554,0
103.98126029968262,573,0
103.98519706726074,637,0
103.98908305168152,591,0
103.99328708648682,511,0
103.99690890312195,533,0
104.00086688995361,556,0
104.00485825538635,623,0
104.00880885124207,605,0
104.01275897026062,554,0
104.01654362678528,571,0
104.02036476135254,590,0
104.02428722381592,645,0
104.02825117111206,639,0
104.03209972381592,543,0
104.03605794906616,548,0
104.04016351699829,579,0
104.04407286643982,621,0
104.04782915115356,627,0
104.05180430412292,531,0
104.05558633804321,527,0
104.05957460403442,553,0
104.06342053413391,579,0
104.06735444068909,602,0
104.0713222026825,512,0
104.07523012161255,494,0
104.07926273345947,517,0
104.08300733566284,544,0
104.08700251579285,571,0
104.09085607528687,484,0
104.0947916507721,455,0
104.09866046905518,470,0
104.1024878025055,465,0
104.10648345947266,505,0
104.11080884933472,437,0
104.11426186561584,403,0
104.11814188957214,449,0
104.1222198009491,480,0
104.12605404853821,532,0
104.12990236282349,473,0
104.13387036323547,420,0
104.13784551620483,448,0
104.14179682731628,477,0
104.14553380012512,543,0
104.1495132446289,502,0
104.15355896949768,436,0
104.15767288208008,455,0
104.16148662567139,477,0
104.16567420959473,530,0
104.16931223869324,485,0
104.17312240600586,393,0
104.17703151702881,386,0
104.18125438690186,387,0
104.18486166000366,453,0
104.18911933898926,468,0
104.19260931015015,413,0
104.1964156627655,425,0
104.20029377937317,439,0
104.20423603057861,507,0
104.20812702178955,523,0
104.21209740638733,454,0
104.2163438796997,454,0
104.21994185447693,468,0
104.22382831573486,512,0
104.2278139591217,537,0
104.23170399665833,457,0
104.23553228378296,431,0
104.23949599266052,444,0
104.2434630393982,481,0
104.24738216400146,523,0
104.25118827819824,454,0
104.25516366958618,429,0
104.25915789604187,450,0
104.26299905776978,497,0
104.26699757575989,562,0
104.27085280418396,512,0
104.2749195098877,476,0
104.27881836891174,499,0
104.28262448310852,534,0
104.28639507293701,589,0
104.29034519195557,543,0
104.29433989524841,504,0
104.29816031455994,515,0
104.30211210250854,531,0
104.30602765083313,578,0
104.31004738807678,530,0
104.31389927864075,465,0
104.31777334213257,462,0
104.32176184654236,468,0
104.32566285133362,534,0
104.32959818840027,499,0
104.33330941200256,440,0
104.3372905254364,466,0
104.34116888046265,481,0
104.34503221511841,544,0
104.34895586967468,539,0
104.35287094116211,476,0
104.35679602622986,484,0
104.36098313331604,503,0
104.3648362159729,556,0
104.36854815483093,566,0
104.37255072593689,504,0
104.37660193443298,517,0
104.38032269477844,530,0
104.38421940803528,579,0
104.38820242881775,595,0
104.39204597473145,515,0
104.3959481716156,515,0
104.39988160133362,545,0
104.40384912490845,604,0
104.40775346755981,626,0
104.4118103981018,537,0
104.41553688049316,519,0
104.41940760612488,532,0
104.42337012290955,560,0
104.42748165130615,587,0
104.43121290206909,515,0
104.43524050712585,475,0
104.43894338607788,486,0
104.4430902004242,511,0
104.44689464569092,545,0
104.45091199874878,477,0
104.45474553108215,431,0
104.45858931541443,452,0
104.46249413490295,478,0
104.4663953781128,553,0
104.470299243927,523,0
104.47427749633789,480,0
104.47830319404602,495,0
104.4820294380188,517,0
104.48589086532593,581,0
104.48988437652588,548,0
104.49404954910278,484,0
104.49783873558044,485,0
104.50162363052368,485,0
104.5055079460144,543,0
104.50948238372803,511,0
104.51337838172913,443,0
104.51721382141113,454,0
104.52118229866028,476,0
104.52512907981873,533,0
104.52906847000122,510,0
104.53295397758484,420,0
104.53690385818481,430,0
104.54080009460449,448,0
104.54472255706787,493,0
104.54851365089417,498,0
104.55245280265808,404,0
104.55633592605591,394,0
104.5603837966919,411,0
104.56417512893677,472,0
104.56828165054321,503,0
104.57216286659241,433,0
104.57588624954224,436,0
104.57981610298157,471,0
104.58382320404053,527,0
104.58771228790283,550,0
104.591557264328,462,0
104.59552049636841,456,0
104.5995180606842,490,0
104.6033205986023,524,0
104.60728025436401,568,0
104.61106538772583,483,0
104.61504292488098,458,0
104.61907315254211,505,0
104.62282276153564,539,0
104.62690901756287,590,0
104.63077807426453,517,0
104.63471412658691,455,0
104.63849997520447,494,0
104.64251446723938,502,0
104.64628314971924,540,0
104.65014863014221,465,0
104.65407395362854,413,0
104.65802335739136,463,0
104.66212630271912,495,0
104.66599583625793,562,0
104.66977858543396,514,0
104.67377400398254,440,0
104.67771577835083,478,0
104.68149018287659,502,0
104.68542265892029,572,0
104.68931722640991,549,0
104.6935977935791,479,0
104.6971664428711,534,0
104.70112752914429,563,0
104.70507717132568,611,0
104.7090973854065,582,0
104.7129180431366,460,0
104.71682667732239,462,0
104.72067070007324,479,0
104.72450590133667,530,0
104.72863245010376,541,0
104.73235487937927,458,0
104.73634123802185,471,0
104.74031615257263,517,0
104.74433755874634,576,0
104.74799013137817,598,0
104.75193691253662,491,0
104.7559278011322,491,0
104.75996780395508,531,0
104.7638943195343,578,0
104.7677366733551,614,0
104.77155542373657,519,0
104.77545976638794,497,0
104.77930617332458,529,0
104.78319525718689,550,0
104.78727626800537,601,0
104.79123139381409,534,0
104.7949538230896,493,0
104.79883289337158,536,0
104.80285859107971,563,0
104.80678176879883,604,0
104.81065893173218,526,0
104.81462144851685,481,0
104.81841278076172,524,0
104.82233572006226,534,0
104.82629632949829,577,0
104.83014559745789,516,0
104.83405113220215,443,0
104.83815383911133,478,0
104.84194684028625,506,0
104.84591937065125,568,0
104.8498022556305,504,0
104.8536376953125,398,0
104.85751175880432,431,0
104.86154675483704,468,0
104.86535000801086,527,0
104.86925387382507,480,0
104.87325048446655,378,0
104.8772029876709,414,0
104.88120222091675,444,0
104.88500618934631,504,0
104.88890528678894,505,0
104.89284181594849,421,0
104.89676761627197,446,0
104.90074300765991,491,0
104.9044713973999,548,0
104.9083878993988,549,0
104.91234827041626,445,0
104.91628313064575,465,0
104.92024755477905,506,0
104.92423462867737,545,0
104.92806959152222,562,0
104.93195033073425,462,0
104.93582963943481,463,0
104.93980383872986,515,0
104.94363713264465,546,0
104.9474983215332,573,0
104.95155429840088,481,0
104.95532727241516,473,0
104.95922780036926,516,0
104.9631552696228,525,0
104.96708273887634,551,0
104.97103524208069,453,0
104.97507643699646,396,0
104.97887063026428,427,0
104.98279619216919,436,0
104.98680543899536,484,0
104.99073600769043,397,0
104.99449586868286,331,0
104.99835705757141,367,0
105.00228548049927,384,0
105.00619459152222,435,0
105.01014947891235,376,0
105.01401376724243,301,0
105.01807284355164,343,0
105.0218780040741,379,0
105.0258355140686,444,0
105.02975797653198,401,0
105.0335738658905,316,0
105.03749990463257,358,0
105.0414125919342,381,0
105.04532313346863,424,0
105.05559062957764,387,0
105.05623388290405,302,0
105.05716919898987,371,0
105.06095743179321,429,0
105.06487798690796,492,0
105.06880784034729,493,0
105.07276391983032,396,0
105.0767080783844,440,0
105.08049511909485,499,0
105.08443260192871,539,0
105.08835887908936,547,0
105.09226369857788,440,0
105.09617567062378,450,0
105.1001284122467,502,0
105.10400104522705,524,0
105.10790681838989,544,0
105.11183071136475,461,0
105.11579656600952,465,0
105.1197190284729,497,0
105.12361073493958,513,0
105.12759017944336,543,0
105.13141989707947,477,0
105.13529658317566,476,0
105.13918852806091,533,0
105.14332032203674,558,0
105.14720273017883,605,0
105.15093517303467,511,0
105.15482902526855,456,0
105.15879559516907,502,0
105.16274046897888,528,0
105.16659498214722,579,0
105.17047882080078,503,0
105.17446565628052,454,0
105.22805905342102,505,0
105.26853609085083,538,0
105.27197217941284,601,0
105.27268719673157,543,0
105.27299690246582,462,0
105.27323722839355,502,0
105.27347326278687,535,0
105.27371764183044,592,0
105.27392888069153,542,0
105.27413487434387,443,0
105.27431869506836,483,0
105.27450275421143,521,0
105.27472472190857,569,0
105.27498245239258,552,0
105.27519464492798,447,0
105.27537560462952,464,0
105.27554893493652,519,0
105.27568769454956,576,0
105.27586603164673,577,0
105.27682399749756,476,0
105.2771270275116,501,0
105.27735424041748,562,0
105.27802896499634,610,0
105.27846050262451,610,0
105.27871012687683,489,0
105.27891039848328,475,0
105.28008437156677,510,0
105.28417015075684,541,0
105.30508041381836,580,0
105.30616426467896,490,0
105.30655121803284,445,0
105.3067409992218,475,0
105.30692172050476,498,0
105.30750060081482,530,0
105.31204223632812,445,0
105.31595802307129,407,0
105.31915426254272,450,0
105.32317876815796,484,0
105.32729840278625,558,0
105.33106470108032,503,0
105.33484148979187,449,0
105.33883166313171,481,0
105.34277868270874,494,0
105.34658360481262,557,0
105.35049295425415,509,0
105.35440731048584,439,0
105.35827684402466,480,0
105.36219453811646,515,0
105.36610412597656,587,0
105.37013101577759,563,0
105.3740348815918,483,0
105.3779571056366,513,0
105.38177061080933,549,0
105.38572406768799,608,0
105.38958644866943,591,0
105.39353322982788,486,0
105.39745450019836,516,0
105.40133357048035,574,0
105.40526032447815,641,0
105.40923762321472,638,0
105.41316080093384,526,0
105.41701936721802,539,0
105.42090940475464,566,0
105.4249415397644,600,0
105.42895293235779,611,0
105.43280243873596,498,0
105.4368941783905,496,0
105.44046139717102,515,0
105.44451022148132,549,0
105.44839763641357,559,0
105.45225429534912,448,0
105.4561710357666,431,0
105.46017551422119,475,0
105.46467351913452,505,0
105.46797394752502,538,0
105.47413945198059,459,0
105.48224234580994,443,0
105.48321604728699,504,0
105.48358917236328,537,0
105.48738527297974,592,0
105.49130415916443,519,0
105.49523258209229,461,0
105.49923968315125,499,0
105.50313520431519,512,0
105.50717067718506,559,0
105.5109589099884,495,0
105.51486682891846,428,0
105.51888394355774,470,0
105.52271699905396,505,0
105.52682089805603,574,0
105.5305061340332,535,0
105.53435516357422,470,0
105.53845548629761,510,0
105.54214453697205,560,0
105.54618668556213,631,0
105.55012202262878,596,0
105.55415511131287,504,0
105.55784201622009,530,0
105.56193327903748,572,0
105.56572031974792,634,0
105.56960701942444,621,0
105.57348823547363,533,0
105.5774598121643,543,0
105.58144569396973,569,0
105.58527708053589,619,0
105.58922958374023,620,0
105.59320735931396,526,0
105.5971462726593,525,0
105.60100555419922,532,0
105.60494375228882,541,0
105.60898995399475,542,0
105.61290287971497,441,0
105.61673951148987,463,0
105.62046718597412,518,0
105.62431812286377,559,0
105.6284921169281,580,0
105.63233637809753,485,0
105.63617610931396,466,0
105.63994884490967,509,0
105.64419984817505,548,0
105.64867663383484,604,0
105.65181398391724,519,0
105.65636849403381,483,0
105.65959405899048,536,0
105.66348361968994,565,0
105.66734790802002,615,0
105.67125964164734,534,0
105.67520260810852,451,0
105.67933201789856,481,0
105.68300008773804,502,0
105.68701028823853,555,0
105.69110059738159,501,0
105.69496965408325,428,0
105.69876742362976,445,0
105.70264554023743,460,0
105.70648193359375,519,0
105.71042823791504,480,0
105.7143874168396,423,0
105.71821522712708,469,0
105.72230911254883,507,0
105.72624182701111,580,0
105.73021960258484,554,0
105.73391962051392,468,0
105.73806190490723,476,0
105.74178314208984,479,0
105.74558544158936,526,0
105.74956583976746,510,0
105.75349974632263,414,0
105.75754928588867,431,0
105.76140332221985,459,0
105.76521301269531,506,0
105.76935577392578,526,0
105.77318859100342,432,0
105.77700972557068,434,0
105.78106737136841,476,0
105.78485798835754,517,0
105.788658618927,522,0
105.79280972480774,438,0
105.79668593406677,437,0
105.80057740211487,503,0
105.804443359375,549,0
105.80826807022095,593,0
105.81224036216736,518,0
105.81620073318481,485,0
105.81995296478271,523,0
105.82384753227234,560,0
105.8278021812439,614,0
105.83174133300781,545,0
105.83556032180786,480,0
105.83970761299133,507,0
105.8435583114624,531,0
105.84745597839355,580,0
105.85127568244934,523,0
105.85523176193237,467,0
105.85921502113342,508,0
105.86302709579468,532,0
105.86692905426025,592,0
105.87111282348633,534,0
105.87484502792358,460,0
105.87880730628967,496,0
105.88255453109741,519,0
105.88643765449524,576,0
105.89043807983398,546,0
105.89448428153992,445,0
105.89817380905151,445,0
105.90213632583618,457,0
105.90620970726013,509,0
105.91012120246887,491,0
105.91395306587219,399,0
105.91782021522522,418,0
105.92186045646667,460,0
105.92561912536621,517,0
105.92962217330933,518,0
105.93346548080444,427,0
105.93733549118042,451,0
105.94140076637268,482,0
105.94519972801208,525,0
105.9490282535553,553,0
105.95317697525024,470,0
105.95710968971252,478,0
105.96120381355286,531,0
105.96488380432129,569,0
105.96865630149841,598,0
105.97256302833557,507,0
105.97682523727417,475,0
105.98037719726562,503,0
105.9844012260437,532,0
105.98831295967102,556,0
105.99205827713013,468,0
105.99614310264587,435,0
106.00012373924255,477,0
106.00412583351135,495,0
106.00788497924805,556,0
106.0117723941803,510,0
106.01556754112244,444,0
106.01948833465576,463,0
106.02346086502075,469,0
106.0275547504425,524,0
106.03125309944153,470,0
106.03529000282288,431,0
106.03908729553223,472,0
106.04327940940857,495,0
106.04701209068298,554,0
106.05107617378235,509,0
106.0547227859497,438,0
106.05862593650818,473,0
106.06258034706116,500,0
106.06643438339233,557,0
106.07037496566772,531,0
106.07423090934753,447,0
106.07846331596375,468,0
106.08225870132446,491,0
106.08836054801941,530,0
106.09221386909485,522,0
106.09381365776062,429,0
106.09785795211792,457,0
106.10171866416931,518,0
106.105623960495,581,0
106.10944819450378,596,0
106.11341786384583,518,0
106.1174054145813,527,0
106.12124729156494,549,0
106.12553977966309,585,0
106.12933659553528,590,0
106.13301944732666,479,0
106.1369252204895,471,0
106.14083361625671,510,0
106.14477610588074,541,0
106.14854168891907,567,0
106.15242195129395,483,0
106.15653347969055,452,0
106.16058468818665,495,0
106.16421890258789,514,0
106.16822671890259,550,0
106.17227458953857,475,0
106.17618536949158,434,0
106.17995929718018,474,0
106.18399548530579,507,0
106.18776893615723,564,0
106.19163203239441,499,0
106.19563341140747,453,0
106.19940114021301,488,0
106.20346760749817,519,0
106.20722794532776,601,0
106.21130180358887,572,0
106.21518301963806,496,0
106.21932339668274,529,0
106.22314143180847,560,0
106.227046251297,623,0
106.23085856437683,592,0
106.23469686508179,513,0
106.23855447769165,542,0
106.2424840927124,564,0
106.24640917778015,613,0
106.25023674964905,599,0
106.25428819656372,517,0
106.25820326805115,537,0
106.26214408874512,560,0
106.2660779953003,588,0
106.26985192298889,576,0
106.2738254070282,468,0
106.27794337272644,466,0
106.2817268371582,500,0
106.28573393821716,549,0
106.2897937297821,571,0
106.29382348060608,479,0
106.29727244377136,482,0
106.30115485191345,533,0
106.3051700592041,591,0
106.31022119522095,636,0
106.313227891922,547,0
106.31697630882263,521,0
106.32091212272644,548,0
106.32590508460999,592,0
106.32853388786316,637,0
106.33257603645325,562,0
106.3363995552063,532,0
106.34025144577026,560,0
106.34421491622925,595,0
106.34904837608337,663,0
106.35816144943237,574,0
106.35903716087341,508,0
106.36168551445007,544,0
106.36492371559143,571,0
106.36770677566528,621,0
106.37151169776917,576,0
106.37549114227295,531,0
106.37946343421936,569,0
106.38323760032654,590,0
106.38717913627625,654,0
106.39114284515381,607,0
106.39510750770569,513,0
106.39900350570679,545,0
106.40281462669373,582,0
106.40679740905762,637,0
106.4108338356018,602,0
106.41455698013306,484,0
106.41845726966858,477,0
106.42241048812866,509,0
106.42625832557678,562,0
106.43030452728271,551,0
106.43446922302246,460,0
106.43800783157349,472,0
106.44201517105103,500,0
106.44612550735474,543,0
106.44987630844116,553,0
106.45379304885864,457,0
106.45762228965759,461,0
106.46175003051758,508,0
106.46544790267944,560,0
106.46936535835266,587,0
106.47334909439087,495,0
106.47731900215149,476,0
106.48126363754272,500,0
106.48520231246948,536,0
106.48914980888367,561,0
106.4930145740509,473,0
106.49678492546082,458,0
106.50079369544983,509,0
106.50465130805969,547,0
106.50849056243896,600,0
106.5124351978302,527,0
106.51630568504333,486,0
106.52015542984009,528,0
106.52424907684326,565,0
106.52823448181152,640,0
106.56300020217896,581,0
106.6002025604248,524,0
106.60550475120544,563,0
106.60845851898193,589,0
106.6091558933258,659,0
106.60952258110046,615,0
106.6102237701416,540,0
106.61055397987366,570,0
106.61086058616638,571,0
106.61173415184021,606,0
106.6120777130127,540,0
106.61239123344421,449,0
106.61266303062439,498,0
106.61286401748657,535,0
106.61308455467224,596,0
106.61330127716064,580,0
106.61362218856812,492,0
106.61453151702881,508,0
106.61475491523743,546,0
106.61492991447449,611,0
106.61509394645691,597,0
106.6152856349945,510,0
106.61816048622131,536,0
106.62212419509888,574,0
106.62584972381592,619,0
106.64253759384155,633,0
106.64434027671814,533,0
106.64456605911255,531,0
106.65027713775635,559,0
106.6506519317627,593,0
106.65086722373962,619,0
106.65329027175903,520,0
106.65712690353394,505,0
106.66104507446289,544,0
106.66504240036011,581,0
106.66899967193604,630,0
106.67285084724426,548,0
106.67680287361145,507,0
106.68058586120605,536,0
106.68457245826721,544,0
106.68849730491638,594,0
106.69233727455139,532,0
106.69642877578735,484,0
106.70043396949768,525,0
106.70425605773926,545,0
106.70799112319946,610,0
106.71202254295349,549,0
106.7158055305481,497,0
106.71981120109558,531,0
106.72360754013062,544,0
106.72756052017212,623,0
106.73142910003662,578,0
106.73536229133606,485,0
106.7392463684082,511,0
106.743234872818,538,0
106.74709486961365,601,0
106.75102138519287,560,0
106.75491046905518,475,0
106.75893902778625,488,0
106.76284909248352,502,0
106.76664328575134,549,0
106.77058148384094,532,0
106.77448892593384,429,0
106.77839231491089,456,0
106.78229451179504,495,0
106.78624391555786,554,0
106.79009580612183,565,0
106.79419994354248,462,0
106.79795503616333,447,0
106.80206108093262,460,0
106.80584692955017,490,0
106.81005764007568,494,0
106.81374168395996,387,0
106.81749296188354,378,0
106.82139492034912,407,0
106.825368642807,465,0
106.82920670509338,514,0
106.83318948745728,440,0
106.83724117279053,441,0
106.84107995033264,480,0
106.84487390518188,510,0
106.84893155097961,564,0
106.85275983810425,483,0
106.85677933692932,424,0
106.86056208610535,458,0
106.86446785926819,484,0
106.8683488368988,543,0
106.87228584289551,493,0
106.8762845993042,456,0
106.88016653060913,501,0
106.88419818878174,531,0
106.88788723945618,578,0
106.89196634292603,508,0
106.896080493927,433,0
106.89976787567139,464,0
106.90357184410095,480,0
106.90753293037415,544,0
106.9113757610321,505,0
106.91532278060913,431,0
106.91924905776978,454,0
106.92317223548889,484,0
106.92715072631836,549,0
106.93104314804077,529,0
106.93499684333801,446,0
106.93882250785828,466,0
106.94277715682983,499,0
106.94671988487244,556,0
106.95068979263306,557,0
106.95442008972168,460,0
106.95835947990417,463,0
106.96221280097961,498,0
106.9661922454834,558,0
106.97011137008667,556,0
106.97415161132812,453,0
106.97790026664734,451,0
106.98193264007568,476,0
106.98586297035217,520,0
106.98975992202759,540,0
106.99355626106262,448,0
106.99746441841125,440,0
107.00134205818176,472,0
107.005295753479,509,0
107.00918126106262,530,0
107.01314091682434,441,0
107.01723670959473,414,0
107.0209653377533,465,0
107.0248429775238,512,0
107.02883672714233,569,0
107.03277850151062,495,0
107.03656935691833,449,0
107.0404920578003,469,0
107.0444233417511,466,0
107.04828906059265,518,0
107.05223512649536,471,0
107.0561203956604,421,0
107.06010174751282,481,0
107.06411409378052,517,0
107.06788063049316,568,0
107.07186794281006,515,0
107.0757520198822,436,0
107.07964181900024,461,0
107.08351182937622,480,0
107.08742237091064,544,0
107.0913290977478,497,0
107.09541273117065,387,0
107.09918785095215,400,0
107.10306644439697,435,0
107.10706353187561,491,0
107.11093306541443,480,0
107.11513352394104,390,0
107.11894726753235,423,0
107.12281894683838,479,0
107.12681412696838,536,0
107.13055324554443,552,0
107.13442468643188,471,0
107.13828086853027,495,0
107.14215970039368,531,0
107.14608645439148,578,0
107.15004634857178,591,0
107.15410900115967,496,0
107.15785360336304,487,0
107.16199254989624,518,0
107.16575002670288,550,0
107.16972398757935,573,0
107.17357873916626,484,0
107.17772245407104,476,0
107.18137168884277,523,0
107.18524312973022,561,0
107.18936705589294,608,0
107.19334387779236,535,0
107.19709134101868,495,0
107.2010064125061,529,0
107.204843044281,549,0
107.20882296562195,588,0
107.21271634101868,508,0
107.21655249595642,455,0
107.22047972679138,492,0
107.2243721485138,508,0
107.22825407981873,576,0
107.23218512535095,524,0
107.23617625236511,467,0
107.24001026153564,499,0
107.24393320083618,520,0
107.24778485298157,585,0
107.25180745124817,540,0
107.25572276115417,455,0
107.25953912734985,469,0
107.26358461380005,501,0
107.26739358901978,565,0
107.2713053226471,534,0
107.2752161026001,446,0
107.27922701835632,478,0
107.2832510471344,507,0
107.2871961593628,555,0
107.2908456325531,532,0
107.29505658149719,429,0
107.29875135421753,448,0
107.302734375,491,0
107.30651712417603,527,0
107.3105902671814,518,0
107.31437516212463,413,0
107.31829047203064,424,0
107.3223614692688,462,0
107.32615208625793,498,0
107.33017468452454,506,0
107.33434128761292,415,0
107.33798432350159,418,0
107.3418481349945,464,0
107.34608268737793,494,0
107.34958243370056,525,0
107.35345673561096,446,0
107.35740399360657,424,0
107.36137819290161,475,0
107.36521601676941,500,0
107.36931562423706,549,0
107.37319493293762,486,0
107.37701177597046,439,0
107.38088488578796,464,0
107.38480186462402,484,0
107.38874554634094,546,0
107.39271855354309,492,0
107.39653944969177,435,0
107.4004487991333,467,0
107.40437459945679,488,0
107.40820503234863,550,0
107.4121470451355,508,0
107.41643762588501,443,0
107.41997957229614,491,0
107.42387747764587,525,0
107.42849922180176,585,0
107.43176984786987,536,0
107.43565130233765,448,0
107.4395637512207,487,0
107.44371128082275,522,0
107.44731760025024,597,0
107.45130324363708,574,0
107.4551420211792,467,0
107.45906376838684,484,0
107.46297931671143,521,0
107.46700668334961,585,0
107.4707887172699,603,0
107.47478723526001,512,0
107.47864437103271,538,0
107.48251843452454,556,0
107.48649072647095,588,0
107.49037098884583,593,0
107.49439525604248,497,0
107.49830865859985,507,0
107.50215554237366,551,0
107.5061547756195,608,0
107.51026153564453,611,0
107.51396250724792,502,0
107.51845073699951,480,0
107.52178621292114,514,0
107.52565956115723,550,0
107.52983236312866,596,0
107.53343367576599,507,0
107.53729510307312,478,0
107.54123759269714,525,0
107.54524898529053,561,0
107.54920959472656,604,0
107.55308365821838,525,0
107.55719423294067,475,0
107.56088280677795,508,0
107.56478309631348,528,0
107.56872582435608,596,0
107.57253503799438,541,0
107.57659673690796,480,0
107.58033061027527,513,0
107.5843071937561,538,0
107.58831000328064,596,0
107.59210109710693,570,0
107.59627318382263,500,0
107.59998559951782,517,0
107.60391068458557,533,0
107.60782670974731,595,0
107.61187744140625,563,0
107.61568403244019,477,0
107.61954355239868,510,0
107.62356543540955,547,0
107.62747979164124,608,0
107.63126063346863,593,0
107.63529968261719,480,0
107.63926339149475,481,0
107.64306092262268,504,0
107.6471791267395,565,0
107.65083527565002,579,0
107.65481376647949,473,0
107.65879559516907,489,0
107.66263151168823,535,0
107.66647601127625,586,0
107.67035984992981,609,0
107.67442917823792,519,0
107.67838191986084,514,0
107.68223261833191,541,0
107.68623208999634,576,0
107.68992209434509,610,0
107.69401478767395,541,0
107.69787693023682,523,0
107.70166277885437,552,0
107.70561599731445,575,0
107.70948600769043,612,0
107.71355628967285,534,0
107.71737813949585,489,0
107.72121143341064,528,0
107.72515392303467,537,0
107.72942328453064,592,0
107.73296189308167,527,0
107.73697209358215,478,0
107.74082279205322,507,0
107.74497294425964,530,0
107.74860215187073,578,0
107.76742887496948,507,0
107.7685968875885,431,0
107.7693030834198,442,0
107.77003836631775,450,0
107.77358913421631,505,0
107.77380990982056,455,0
107.77616047859192,385,0
107.78002977371216,421,0
107.78381490707397,455,0
107.78781867027283,522,0
107.79158806800842,520,0
107.7956714630127,456,0
107.7997715473175,498,0
107.80570340156555,543,0
107.80769681930542,601,0
107.81140923500061,600,0
107.81517028808594,515,0
107.81925249099731,534,0
107.8230333328247,578,0
107.82692623138428,632,0
107.8307774066925,655,0
107.8347237110138,568,0
107.83854246139526,563,0
107.84248280525208,582,0
107.84637594223022,612,0
107.85026979446411,623,0
107.85419940948486,527,0
107.85808396339417,495,0
107.86201691627502,528,0
107.86604833602905,565,0
107.86993050575256,608,0
107.87380814552307,549,0
107.8777813911438,509,0
107.88158774375916,526,0
107.88551235198975,563,0
107.88945627212524,629,0
107.89354228973389,570,0
107.89728283882141,532,0
107.90131211280823,568,0
107.90515613555908,566,0
107.90916609764099,617,0
107.91314768791199,559,0
107.91691422462463,495,0
107.92129564285278,534,0
107.93492984771729,559,0
107.93574404716492,613,0
107.93706607818604,553,0
107.9390320777893,463,0
107.94031596183777,485,0
107.94428396224976,502,0
107.94814777374268,561,0
107.95361876487732,552,0
107.95603108406067,463,0
107.97119951248169,488,0
107.97286128997803,492,0
107.97392749786377,532,0
107.97436809539795,517,0
107.97550821304321,428,0
107.98866176605225,445,0
107.99037265777588,477,0
107.99089550971985,531,0
107.99200701713562,546,0
107.99525332450867,434,0
107.99964594841003,423,0
108.00287747383118,439,0
108.00697183609009,479,0
108.01083016395569,513,0
108.01476407051086,440,0
108.01875710487366,437,0
108.02239871025085,474,0
108.02631664276123,529,0
108.03177261352539,576,0
108.03414344787598,498,0
108.03823757171631,481,0
108.04212713241577,515,0
108.04597353935242,544,0
108.0498354434967,569,0
108.05378532409668,498,0
108.05777740478516,461,0
108.13248133659363,500,0
108.13304042816162,533,0
108.13344311714172,589,0
108.13374495506287,533,0
108.13400745391846,472,0
108.13426113128662,505,0
108.13451957702637,542,0
108.13477659225464,610,0
108.13503193855286,550,0
108.13536643981934,474,0
108.13595414161682,504,0
108.13630652427673,532,0
108.1365921497345,591,0
108.13691782951355,535,0
108.13718867301941,444,0
108.1374363899231,467,0
108.1376953125,492,0
108.13936519622803,549,0
108.1405782699585,543,0
108.14149618148804,469,0
108.14190745353699,512,0
108.14384889602661,549,0
108.18857455253601,609,0
108.3285026550293,592,0
108.33706712722778,488,0
108.339022397995,504,0
108.34156966209412,537,0
108.34430432319641,588,0
108.34576201438904,596,0
108.34692931175232,502,0
108.35006165504456,504,0
108.3527603149414,544,0
108.35382390022278,586,0
108.35459995269775,606,0
108.35555505752563,504,0
108.35715389251709,499,0
108.36516809463501,522,0
108.3718044757843,542,0
108.37402200698853,575,0
108.37575840950012,487,0
108.37627625465393,448,0
108.38777613639832,487,0
108.38920092582703,536,0
108.39121699333191,600,0
108.39178514480591,533,0
108.39210677146912,492,0
108.39548110961914,530,0
108.39946818351746,553,0
108.40152907371521,616,0
108.40379881858826,562,0
108.40506958961487,506,0
108.40630149841309,542,0
108.42071175575256,551,0
108.42423057556152,619,0
108.42643785476685,577,0
108.43313097953796,504,0
108.43354988098145,531,0
108.4340410232544,555,0
108.43447279930115,611,0
108.43486881256104,581,0
108.43523383140564,497,0
108.4355456829071,527,0
108.43589758872986,556,0
108.43622589111328,610,0
108.43644428253174,592,0
108.4367241859436,493,0
108.43720817565918,510,0
108.43757390975952,529,0
108.43990969657898,572,0
108.4419047832489,582,0
108.44239282608032,493,0
108.44273829460144,503,0
108.44312620162964,534,0
108.44647002220154,579,0
108.44809341430664,599,0
108.44867491722107,498,0
108.44900274276733,483,0
108.44932198524475,500,0
108.44971990585327,530,0
108.45005202293396,543,0
108.45042777061462,459,0
108.45084547996521,439,0
108.45128870010376,470,0
108.45165944099426,488,0
108.45381307601929,515,0
108.45497488975525,436,0
108.45544242858887,406,0
108.45585107803345,436,0
108.4561276435852,470,0
108.45754766464233,527,0
108.45802974700928,466,0
108.4582691192627,415,0
108.45849347114563,452,0
108.45871424674988,482,0
108.45892095565796,543,0
108.45913004875183,513,0
108.45940947532654,452,0
108.46195149421692,484,0
108.4622790813446,506,0
108.46255588531494,552,0
108.46279168128967,509,0
108.46301031112671,436,0
108.46322965621948,465,0
108.46450757980347,495,0
108.46843457221985,567,0
108.47239923477173,550,0
108.4762978553772,469,0
108.48016428947449,490,0
108.48403739929199,510,0
108.48810720443726,563,0
108.49198341369629,559,0
108.49579930305481,461,0
108.49972820281982,439,0
108.5037522315979,464,0
108.50750231742859,517,0
108.51138854026794,544,0
108.5153636932373,468,0
108.51924633979797,480,0
108.52313303947449,525,0
108.52718782424927,567,0
108.531179189682,598,0
108.5350034236908,510,0
108.53885674476624,494,0
108.54289293289185,526,0
108.54674577713013,557,0
108.55053687095642,584,0
108.55445647239685,504,0
108.55845046043396,473,0
108.56239724159241,508,0
108.56626033782959,543,0
108.57016038894653,605,0
108.57427978515625,538,0
108.57808756828308,491,0
108.58192420005798,522,0
108.58586430549622,558,0
108.58981466293335,626,0
108.59368181228638,569,0
108.59748888015747,508,0
108.60143709182739,536,0
108.60553002357483,557,0
108.60922718048096,621,0
108.61336016654968,584,0
108.61720848083496,534,0
108.62096285820007,576,0
108.62492346763611,599,0
108.62899208068848,654,0
108.63283371925354,610,0
108.63668370246887,522,0
108.64064717292786,542,0
108.64457249641418,568,0
108.64842367172241,635,0
108.65239763259888,636,0
108.65624237060547,553,0
108.6602246761322,574,0
108.66405534744263,595,0
108.66799545288086,638,0
108.67193174362183,636,0
108.67613482475281,536,0
108.68020129203796,533,0
108.68366003036499,569,0
108.68755531311035,616,0
108.69141745567322,625,0
108.69534277915955,533,0
108.69931769371033,540,0
108.70317697525024,573,0
108.7072081565857,603,0
108.71111369132996,632,0
108.71493887901306,530,0
108.7188618183136,494,0
108.72275018692017,512,0
108.72682070732117,530,0
108.73052883148193,567,0
108.73447036743164,483,0
108.7383463382721,426,0
108.74220323562622,441,0
108.74615693092346,447,0
108.75022649765015,503,0
108.75407767295837,415,0
108.7580497264862,346,0
108.761878490448,374,0
108.76583957672119,408,0
108.76958966255188,467,0
108.77354764938354,402,0
108.77769422531128,333,0
108.78135657310486,368,0
108.78527212142944,379,0
108.78923273086548,437,0
108.793292760849,388,0
108.79721307754517,302,0
108.80127596855164,334,0
108.80492401123047,365,0
108.80886721611023,425,0
108.81290459632874,412,0
108.81672716140747,331,0
108.82060670852661,340,0
108.8244981765747,350,0
108.82841634750366,398,0
108.83227205276489,396,0
108.83620405197144,311,0
108.84010124206543,326,0
108.84417676925659,353,0
108.8478934764862,407,0
108.85189604759216,427,0
108.85572481155396,360,0
108.85971331596375,375,0
108.86364102363586,416,0
108.86742091178894,477,0
108.87133574485779,509,0
108.87526535987854,436,0
108.87930488586426,419,0
108.88311910629272,443,0
108.88703989982605,479,0
108.89117932319641,511,0
108.89485764503479,439,0
108.89883470535278,422,0
108.9027636051178,451,0
108.90665173530579,477,0
108.91049885749817,522,0
108.91435956954956,441,0
108.91831159591675,399,0
108.9222047328949,437,0
108.92623138427734,471,0
108.93030333518982,516,0
108.93408012390137,435,0
108.93792009353638,365,0
108.94212365150452,395,0
108.94606065750122,422,0
108.94966769218445,494,0
108.95354866981506,453,0
108.95754170417786,385,0
108.96159172058105,420,0
108.96529698371887,444,0
108.97076725959778,500,0
108.97558689117432,474,0
108.9770040512085,390,0
108.98107171058655,407,0
108.98483753204346,453,0
108.98873019218445,501,0
108.99261593818665,481,0
108.99650573730469,377,0
109.0004494190216,367,0
109.00438284873962,373,0
109.00828504562378,422,0
109.01229572296143,434,0
109.01619601249695,340,0
109.01999735832214,347,0
109.02389979362488,366,0
109.02805042266846,416,0
109.03184843063354,458,0
109.03581714630127,393,0
109.03955268859863,402,0
109.04349040985107,445,0
109.04739832878113,512,0
109.05134320259094,560,0
109.05526947975159,488,0
109.05939316749573,481,0
109.06333875656128,508,0
109.06692409515381,522,0
109.07099962234497,559,0
109.07490611076355,488,0
109.07900071144104,458,0
109.08261799812317,491,0
109.08671426773071,526,0
109.09046053886414,573,0
109.09443402290344,512,0
109.09834957122803,459,0
109.10231924057007,492,0
109.10616731643677,518,0
109.11042428016663,573,0
109.11391472816467,505,0
109.11782026290894,440,0
109.12196922302246,464,0
109.1256856918335,486,0
109.12985301017761,548,0
109.13355159759521,505,0
109.13740849494934,424,0
109.14134693145752,456,0
109.1452271938324,486,0
109.14926767349243,538,0
109.15326285362244,497,0
109.15718221664429,412,0
109.161612033844,448,0
109.16684055328369,491,0
109.16877126693726,556,0
109.17255735397339,547,0
109.1765353679657,460,0
109.18062496185303,447,0
109.185800075531,467,0
109.19080233573914,517,0
109.19222378730774,529,0
109.19630217552185,435,0
109.20014476776123,459,0
109.20385670661926,504,0
109.20780324935913,561,0
109.21176433563232,573,0
109.21557331085205,484,0
109.21950101852417,477,0
109.22344732284546,499,0
109.2273805141449,534,0
109.23138165473938,563,0
109.23518395423889,485,0
109.2390513420105,468,0
109.24317789077759,503,0
109.24697780609131,516,0
109.25097560882568,549,0
109.25485897064209,483,0
109.25868701934814,453,0
109.2625298500061,486,0
109.26654648780823,505,0
109.27036237716675,563,0
109.27432799339294,521,0
109.2782666683197,471,0
109.28215909004211,504,0
109.2860734462738,520,0
109.29008460044861,581,0
109.29395866394043,523,0
109.29785871505737,453,0
109.30193400382996,488,0
109.30562233924866,529,0
109.30958676338196,587,0
109.31344318389893,544,0
109.31737971305847,469,0
109.32127213478088,515,0
109.32519030570984,548,0
109.3291380405426,612,0
109.33307337760925,593,0
109.33714485168457,501,0
109.34095597267151,524,0
109.34494137763977,544,0
109.3486979007721,594,0
109.35272240638733,585,0
109.35642910003662,489,0
109.36059713363647,508,0
109.36444664001465,542,0
109.36822962760925,598,0
109.37209606170654,625,0
109.37610340118408,548,0
109.38020038604736,561,0
109.38388419151306,599,0
109.38784837722778,646,0
109.39184927940369,672,0
109.39580917358398,578,0
109.39960217475891,562,0
109.4034526348114,609,0
109.40732884407043,650,0
109.41139960289001,689,0
109.41528105735779,610,0
109.41932797431946,580,0
109.42302966117859,633,0
109.42698764801025,672,0
109.43106842041016,735,0
109.43477654457092,684,0
109.43875455856323,632,0
109.44267249107361,662,0
109.44653296470642,687,0
109.45039510726929,741,0
109.45436596870422,677,0
109.45836114883423,620,0
109.46232223510742,658,0
109.4660656452179,670,0
109.47004747390747,729,0
109.47391486167908,682,0
109.4781002998352,592,0
109.48219966888428,590,0
109.48557662963867,584,0
109.48951768875122,622,0
109.49375081062317,551,0
109.49731588363647,438,0
109.50127005577087,457,0
109.50531601905823,492,0
109.50933647155762,556,0
109.5130500793457,539,0
109.51688241958618,449,0
109.52082252502441,477,0
109.52474665641785,505,0
109.5286021232605,558,0
109.53248286247253,569,0
109.53638792037964,479,0
109.54032969474792,500,0
109.5442852973938,551,0
109.54825758934021,610,0
109.55227303504944,634,0
109.5562195777893,546,0
109.56031942367554,552,0
109.56388354301453,579,0
109.56779527664185,610,0
109.57167410850525,629,0
109.57562279701233,531,0
109.57941961288452,491,0
109.5834550857544,519,0
109.58724594116211,552,0
109.59127736091614,605,0
109.59531211853027,529,0
109.59918284416199,511,0
109.60317087173462,554,0
109.60685729980469,556,0
109.61117124557495,604,0
109.6150894165039,545,0
109.6232533454895,493,0
109.65745139122009,526,0
109.7026960849762,546,0
109.70721364021301,592,0
109.70751690864563,519,0
109.70770573616028,456,0
109.70813393592834,467,0
109.70896935462952,472,0
109.70927023887634,542,0
109.71057844161987,507,0
109.7114040851593,427,0
109.7116289138794,458,0
109.7118034362793,482,0
109.71213221549988,547,0
109.71244859695435,533,0
109.71261286735535,441,0
109.71276307106018,465,0
109.71290111541748,500,0
109.71305847167969,563,0
109.71319103240967,573,0
109.71333384513855,490,0
109.7134690284729,512,0
109.71359729766846,539,0
109.71373963356018,581,0
109.7139024734497,557,0
109.71639847755432,423,0
109.72042083740234,398,0
109.72424912452698,422,0
109.73097634315491,468,0
109.73209285736084,495,0
109.73600339889526,399,0
109.73985528945923,373,0
109.74385023117065,404,0
109.74763035774231,424,0
109.7515480518341,455,0
109.75544357299805,381,0
109.75934958457947,376,0
109.7632827758789,429,0
109.76719164848328,465,0
109.77111148834229,525,0
109.7750597000122,463,0
109.77899146080017,433,0
109.7829155921936,487,0
109.78687143325806,527,0
109.7909836769104,588,0
109.79462051391602,517,0
109.7984983921051,451,0
109.80245113372803,479,0
109.8063383102417,496,0
109.81035852432251,543,0
109.8142204284668,485,0
109.81809902191162,406,0
109.82201385498047,424,0
109.82590675354004,438,0
109.8299171924591,497,0
109.83384943008423,479,0
109.8376841545105,414,0
109.84179091453552,453,0
109.84561371803284,479,0
109.84948086738586,538,0
109.85326480865479,529,0
109.85727095603943,451,0
109.86140847206116,490,0
109.86520147323608,540,0
109.8690025806427,602,0
109.87296319007874,593,0
109.87697958946228,492,0
109.88076114654541,492,0
109.88471150398254,516,0
109.88854789733887,570,0
109.89251756668091,595,0
109.89644861221313,518,0
109.90054535865784,513,0
109.90426063537598,540,0
109.9082579612732,579,0
109.9120557308197,617,0
109.91596865653992,545,0
109.92000079154968,526,0
109.92383289337158,547,0
109.92763304710388,571,0
109.9315927028656,618,0
109.93540263175964,562,0
109.93939924240112,543,0
109.94343733787537,567,0
109.94716000556946,573,0
109.9512209892273,625,0
109.95518589019775,576,0
109.95900321006775,524,0
109.96306037902832,548,0
109.96684885025024,562,0
109.97081589698792,613,0
109.97452521324158,566,0
109.97872376441956,509,0
109.98252630233765,546,0
109.98628354072571,569,0
109.99020481109619,612,0
109.99417209625244,559,0
109.99821877479553,457,0
110.00205850601196,483,0
110.00583839416504,526,0
110.00984358787537,594,0
110.01380634307861,575,0
110.01761102676392,487,0
110.0215630531311,533,0
110.02542233467102,570,0
110.02943921089172,622,0
110.03329682350159,615,0
110.03724980354309,516,0
110.04123902320862,546,0
110.04529285430908,597,0
110.04897880554199,634,0
110.05282592773438,620,0
110.05677366256714,509,0
110.06078314781189,511,0
110.06455969810486,547,0
110.06858944892883,586,0
110.07241559028625,596,0
110.07631182670593,495,0
110.08040809631348,492,0
110.08411359786987,535,0
110.08824157714844,565,0
110.09204387664795,598,0
110.09590101242065,512,0
110.0998387336731,488,0
110.1036810874939,546,0
110.10761141777039,583,0
110.11164355278015,633,0
110.11542773246765,557,0
110.11933135986328,516,0
110.12327170372009,560,0
110.12731051445007,581,0
110.13106966018677,632,0
110.13503766059875,547,0
110.13892698287964,478,0
110.14290189743042,517,0
110.14692521095276,539,0
110.15072464942932,612,0
110.15452861785889,568,0
110.15843844413757,509,0
110.16242384910583,558,0
110.16636347770691,573,0
110.17020273208618,624,0
110.17443490028381,588,0
110.17829585075378,496,0
110.1821677684784,507,0
110.18597078323364,529,0
110.18991661071777,584,0
110.19382119178772,560,0
110.19757795333862,456,0
110.20152497291565,486,0
110.20637106895447,521,0
110.20934581756592,564,0
110.21366143226624,562,0
110.21707224845886,460,0
110.22096586227417,474,0
110.22492361068726,502,0
110.2288408279419,547,0
110.23279237747192,567,0
110.23676204681396,479,0
110.24067258834839,495,0
110.24452137947083,552,0
110.24836802482605,582,0
110.25240159034729,600,0
110.25629258155823,516,0
110.26026010513306,497,0
110.26421189308167,529,0
110.26801109313965,569,0
110.2719931602478,610,0
110.27590250968933,521,0
110.27983617782593,491,0
110.28358578681946,520,0
110.28760433197021,529,0
110.29148745536804,569,0
110.29554533958435,504,0
110.29925513267517,470,0
110.3033082485199,530,0
110.30718660354614,540,0
110.31119418144226,581,0
110.3150954246521,526,0
110.31890368461609,456,0
110.3228268623352,508,0
110.32664608955383,531,0
110.3306519985199,593,0
110.33452677726746,556,0
110.3384222984314,494,0
110.34238624572754,540,0
110.34625506401062,571,0
110.35033559799194,626,0
110.35420274734497,601,0
110.35799813270569,536,0
110.36200332641602,584,0
110.3661847114563,610,0
110.3699905872345,648,0
110.3735740184784,631,0
110.3777449131012,531,0
110.38157749176025,564,0
110.38548803329468,608,0
110.38925528526306,648,0
110.39336514472961,639,0
110.39728474617004,514,0
110.40108132362366,519,0
110.40515279769897,540,0
110.40891742706299,569,0
110.4128201007843,571,0
110.41678595542908,475,0
110.42051386833191,469,0
110.42455434799194,493,0
110.42840147018433,513,0
110.43225455284119,530,0
110.43624687194824,439,0
110.44025206565857,420,0
110.44425463676453,454,0
110.44801568984985,496,0
110.45188546180725,548,0
110.45586133003235,476,0
110.45968770980835,446,0
110.46386671066284,511,0
110.46755146980286,525,0
110.47146415710449,578,0
110.4754650592804,524,0
110.48190236091614,485,0
110.48322415351868,532,0
110.48723316192627,569,0
110.49123573303223,640,0
110.4950385093689,581,0
110.49883198738098,508,0
110.50277066230774,541,0
110.50665616989136,535,0
110.51059746742249,583,0
110.51444721221924,533,0
110.51840662956238,451,0
110.52237796783447,504,0
110.52623438835144,553,0
110.53029584884644,624,0
110.53414154052734,598,0
110.53794717788696,481,0
110.54182720184326,486,0
110.54582738876343,512,0
110.54965686798096,560,0
110.55351877212524,604,0
110.55749607086182,444,0
110.56138563156128,450,0
110.56525111198425,480,0
110.56915020942688,522,0
110.57306790351868,529,0
110.57701015472412,419,0
110.58091521263123,412,0
110.58485817909241,454,0
110.58880591392517,500,0
110.59277319908142,533,0
110.59659314155579,454,0
110.6005175113678,438,0
110.6044089794159,476,0
110.60833621025085,517,0
110.61230969429016,576,0
110.61618709564209,500,0
110.62011408805847,461,0
110.62409925460815,500,0
110.62810254096985,517,0
110.63193559646606,567,0
110.63587164878845,491,0
110.63961219787598,431,0
110.64379692077637,485,0
110.64750003814697,513,0
110.65144276618958,560,0
110.65537977218628,473,0
110.65924000740051,398,0
110.66332697868347,449,0
110.66698408126831,464,0
110.67099046707153,498,0
110.67490458488464,442,0
110.67883539199829,365,0
110.68262577056885,408,0
110.68662452697754,443,0
110.69052267074585,503,0
110.69462180137634,488,0
110.69832682609558,399,0
110.70224857330322,435,0
110.70626711845398,469,0
110.7104663848877,533,0
110.71414351463318,524,0
110.71784138679504,430,0
110.72192573547363,448,0
110.72590470314026,474,0
110.72968578338623,519,0
110.7334930896759,519,0
110.7374894618988,424,0
110.7414026260376,434,0
110.74530076980591,473,0
110.74920964241028,518,0
110.7532525062561,542,0
110.75696516036987,452,0
110.76093196868896,450,0
110.76492834091187,495,0
110.768883228302,545,0
110.77267503738403,580,0
110.77656149864197,501,0
110.78055047988892,482,0
110.78442215919495,514,0
110.78834748268127,527,0
110.7923812866211,552,0
110.79624485969543,469,0
110.80027961730957,441,0
110.80399703979492,486,0
110.80782103538513,493,0
110.81177639961243,545,0
110.81565165519714,482,0
110.81961917877197,427,0
110.82344841957092,473,0
110.82741165161133,502,0
110.8312668800354,561,0
110.83520293235779,496,0
110.83913540840149,425,0
110.84307408332825,472,0
110.8470766544342,499,0
110.8509829044342,557,0
110.8548355102539,506,0
110.85883235931396,420,0
110.86293983459473,460,0
110.86653852462769,491,0
110.87056016921997,543,0
110.8744432926178,505,0
110.87845826148987,396,0
110.88224053382874,432,0
110.88614511489868,473,0
110.89014601707458,523,0
110.89415407180786,521,0
110.8979160785675,428,0
110.90175986289978,448,0
110.90570163726807,485,0
110.90953016281128,529,0
110.91361451148987,532,0
110.91742730140686,438,0
110.9213798046112,447,0
110.9253613948822,486,0
110.92916178703308,527,0
110.93309140205383,560,0
110.93719458580017,475,0
110.94091248512268,452,0
110.94502592086792,501,0
110.94878911972046,530,0
110.95261549949646,560,0
110.95662832260132,482,0
110.96089553833008,454,0
110.9643931388855,494,0
110.96820640563965,519,0
110.97224402427673,570,0
110.97615242004395,498,0
110.98007202148438,450,0
110.98393940925598,494,0
110.98792028427124,523,0
110.99177289009094,582,0
110.99565935134888,494,0
110.99949741363525,416,0
111.00344777107239,450,0
111.00729513168335,462,0
111.01137113571167,516,0
111.01524567604065,489,0
111.01918172836304,436,0
111.02300786972046,474,0
111.02725315093994,508,0
111.0309796333313,559,0
111.03483295440674,517,0
111.03859543800354,434,0
111.0426516532898,439,0
111.04641938209534,450,0
111.05043888092041,507,0
111.05437660217285,524,0
111.05827713012695,442,0
111.06216812133789,437,0
111.06608510017395,453,0
111.06992697715759,499,0
111.07393097877502,524,0
111.07792258262634,441,0
111.08171200752258,430,0
111.08562684059143,463,0
111.08948016166687,492,0
111.09345388412476,517,0
111.09726786613464,448,0
111.10137724876404,431,0
111.10510492324829,446,0
111.10916352272034,483,0
111.11294841766357,534,0
111.1169228553772,473,0
111.12081623077393,442,0
111.12478828430176,460,0
111.12869381904602,495,0
111.13262629508972,544,0
111.13641357421875,475,0
111.14040637016296,435,0
111.1443190574646,471,0
111.14817333221436,495,0
111.15216517448425,567,0
111.15615820884705,489,0
111.1602292060852,411,0
111.16382956504822,454,0
111.16787528991699,483,0
111.17162728309631,557,0
111.17555093765259,515,0
111.17960667610168,443,0
111.18345618247986,478,0
111.21561551094055,518,0
111.21642804145813,594,0
111.21673154830933,576,0
111.21699333190918,497,0
111.25598192214966,523,0
111.25690770149231,550,0
111.2603657245636,608,0
111.26075005531311,599,0
111.26101589202881,513,0
111.26127624511719,524,0
111.26161217689514,552,0
111.26175594329834,595,0
111.26194071769714,603,0
111.26208567619324,516,0
111.2622275352478,518,0
111.26236343383789,554,0
111.26249837875366,612,0
111.26263427734375,647,0
111.2627682685852,565,0
111.2629017829895,554,0
111.26558303833008,603,0
111.26966977119446,642,0
111.2734375,662,0
111.28277587890625,577,0
111.28775405883789,547,0
111.28802466392517,572,0
111.28902196884155,608,0
111.29297852516174,647,0
111.29682469367981,567,0
111.30081152915955,522,0
111.30463647842407,545,0
111.30854058265686,574,0
111.31253027915955,636,0
111.31759190559387,582,0
111.32039952278137,528,0
111.32420611381531,548,0
111.32817721366882,564,0
111.33457088470459,626,0
111.33599090576172,584,0
111.34003520011902,532,0
111.34385228157043,550,0
111.34775853157043,571,0
111.35159730911255,639,0
111.35550785064697,603,0
111.35941767692566,515,0
111.36331605911255,533,0
111.36723899841309,558,0
111.37124681472778,615,0
111.37512540817261,589,0
111.37909460067749,480,0
111.3828980922699,489,0
111.38683152198792,524,0
111.3907904624939,582,0
111.39469265937805,563,0
111.3985857963562,458,0
111.40248703956604,466,0
111.40634298324585,504,0
111.41032695770264,542,0
111.41422772407532,556,0
111.41819357872009,463,0
111.4221031665802,455,0
111.42604684829712,483,0
111.42982578277588,520,0
111.43393754959106,528,0
111.43766903877258,463,0
111.44158267974854,419,0
111.44552063941956,471,0
111.4494252204895,530,0
111.4534068107605,543,0
111.45731925964355,460,0
111.46114301681519,444,0
111.46521425247192,498,0
111.469083070755,522,0
111.47300601005554,550,0
111.47691488265991,471,0
111.48079109191895,422,0
111.48464298248291,435,0
111.48850989341736,439,0
111.49959635734558,466,0
111.50491333007812,392,0
111.50524234771729,332,0
111.50552487373352,376,0
111.50822639465332,403,0
111.51211619377136,459,0
111.51603484153748,417,0
111.51995038986206,359,0
111.52378511428833,393,0
111.52777624130249,426,0
111.53155565261841,514,0
111.53593969345093,485,0
111.53942656517029,403,0
111.54329252243042,430,0
111.54742455482483,449,0
111.55118083953857,494,0
111.55499935150146,482,0
111.5589394569397,399,0
111.56291627883911,408,0
111.56682348251343,424,0
111.57075762748718,475,0
111.57465314865112,485,0
111.57856512069702,412,0
111.58245825767517,429,0
111.58634519577026,483,0
111.5902099609375,561,0
111.59417676925659,603,0
111.59817242622375,524,0
111.60192847251892,533,0
111.60585498809814,567,0
111.60982847213745,603,0
111.6138105392456,633,0
111.61759424209595,539,0
111.62153148651123,504,0
111.6254141330719,526,0
111.62953424453735,550,0
111.63325190544128,577,0
111.63724184036255,482,0
111.64208388328552,407,0
111.6462562084198,424,0
111.65296602249146,457,0
111.65362334251404,520,0
111.65687489509583,475,0
111.66082644462585,439,0
111.6646454334259,472,0
111.6685094833374,495,0
111.67251968383789,566,0
111.67632102966309,507,0
111.68022799491882,438,0
111.68413782119751,483,0
111.68823504447937,500,0
111.69196581840515,575,0
111.6959216594696,545,0
111.6998188495636,457,0
111.70376896858215,483,0
111.70756125450134,514,0
111.71154975891113,584,0
111.71540260314941,548,0
111.71939611434937,454,0
111.72327065467834,488,0
111.72736358642578,541,0
111.73121190071106,596,0
111.73517060279846,567,0
111.73889780044556,467,0
111.74285221099854,498,0
111.74695229530334,540,0
111.75064730644226,598,0
111.75471711158752,596,0
111.75847864151001,486,0
111.76243662834167,495,0
111.76631045341492,534,0
111.77022814750671,574,0
111.77425050735474,585,0
111.7783751487732,471,0
111.78204393386841,434,0
111.78611969947815,448,0
111.78985786437988,476,0
111.79404211044312,498,0
111.79760408401489,422,0
111.80157470703125,406,0
111.80547022819519,424,0
111.80945158004761,457,0
111.81331944465637,508,0
111.81717276573181,460,0
111.82128024101257,421,0
111.82516598701477,447,0
111.82888841629028,479,0
111.8328595161438,538,0
111.83718347549438,486,0
111.84080100059509,443,0
111.8446433544159,478,0
111.8486258983612,517,0
111.85236811637878,586,0
111.85630679130554,551,0
111.86049056053162,480,0
111.86494588851929,508,0
111.86819577217102,521,0
111.87318825721741,583,0
111.87606263160706,548,0
111.87994909286499,475,0
111.8836522102356,496,0
111.88755536079407,523,0
111.89158511161804,596,0
111.89544010162354,595,0
111.89935874938965,507,0
111.90350890159607,508,0
111.90722107887268,529,0
111.91123938560486,592,0
111.91517901420593,585,0
111.91907024383545,498,0
111.92304921150208,506,0
111.92732787132263,531,0
111.93074488639832,583,0
111.93458127975464,607,0
111.93859696388245,506,0
111.94247055053711,495,0
111.94632029533386,527,0
111.95036506652832,575,0
111.9542396068573,606,0
111.95821213722229,525,0
111.96226930618286,513,0
111.96605658531189,520,0
111.9698371887207,523,0
111.9736647605896,527,0
111.97761130332947,447,0
111.98147892951965,438,0
111.985515832901,476,0
111.98930525779724,507,0
111.99343848228455,560,0
111.99731040000916,520,0
112.00127458572388,480,0
112.00523805618286,501,0
112.00891304016113,539,0
112.01279878616333,614,0
112.01670980453491,566,0
112.02072024345398,495,0
112.02451252937317,507,0
112.02846670150757,516,0
112.0323793888092,570,0
112.03630089759827,542,0
112.04037523269653,476,0
112.04441094398499,479,0
112.04800081253052,502,0
112.05204224586487,565,0
112.05600714683533,545,0
112.06006336212158,493,0
112.06358551979065,511,0
112.06757521629333,521,0
112.07151436805725,571,0
112.07543635368347,568,0
112.079354763031,486,0
112.08325171470642,492,0
112.08731508255005,504,0
112.09128093719482,559,0
112.0952787399292,568,0
112.09913349151611,478,0
112.10287833213806,484,0
112.10665965080261,505,0
112.11077404022217,564,0
112.11454200744629,609,0
112.11848092079163,532,0
112.12241578102112,517,0
112.12626338005066,533,0
112.13007593154907,574,0
112.13414287567139,598,0
112.13804531097412,517,0
112.14187502861023,476,0
112.14580178260803,482,0
112.1496787071228,506,0
112.15359234809875,546,0
112.157470703125,491,0
112.16143536567688,453,0
112.16528081893921,454,0
112.16928434371948,457,0
112.17322134971619,496,0
112.1771092414856,440,0
112.18108439445496,391,0
112.18489384651184,420,0
112.18885684013367,429,0
112.19284057617188,490,0
112.19657683372498,444,0
112.20061779022217,376,0
112.20449805259705,396,0
112.20839142799377,429,0
112.21236491203308,507,0
112.21614575386047,489,0
112.22016644477844,443,0
112.22396636009216,455,0
112.22804021835327,472,0
112.23197269439697,560,0
112.2360475063324,567,0
112.24013209342957,491,0
112.2436032295227,473,0
112.24758982658386,467,0
112.2513575553894,518,0
112.25536751747131,519,0
112.25929474830627,431,0
112.26320004463196,411,0
112.26709079742432,400,0
112.2710976600647,441,0
112.27488017082214,466,0
112.27880001068115,395,0
112.28274893760681,375,0
112.28656077384949,390,0
112.29063487052917,436,0
112.2945442199707,474,0
112.29840183258057,424,0
112.30237579345703,406,0
112.30617308616638,436,0
112.31010794639587,480,0
112.31422710418701,531,0
112.31817293167114,478,0
112.32192015647888,448,0
112.32588958740234,460,0
112.32976293563843,491,0
112.3335931301117,543,0
112.33758735656738,508,0
112.34143781661987,469,0
112.3453381061554,467,0
112.34929990768433,503,0
112.35322999954224,572,0
112.35722589492798,538,0
112.36124348640442,485,0
112.36507225036621,489,0
112.36877155303955,482,0
112.37262678146362,542,0
112.37668585777283,522,0
112.38047003746033,451,0
112.38436484336853,455,0
112.38832759857178,459,0
112.39219975471497,521,0
112.3962082862854,516,0
112.40007662773132,454,0
112.40398168563843,471,0
112.40785598754883,484,0
112.41195869445801,542,0
112.41564679145813,555,0
112.41959834098816,501,0
112.4235942363739,509,0
112.42745780944824,521,0
112.43133020401001,548,0
112.43527102470398,542,0
112.43916893005371,482,0
112.44319200515747,487,0
112.44701647758484,497,0
112.45096278190613,528,0
112.45495128631592,541,0
112.45879817008972,449,0
112.4627571105957,419,0
112.46656537055969,431,0
112.47046232223511,506,0
112.4743721485138,578,0
112.47830557823181,534,0
112.48215842247009,526,0
112.48618507385254,552,0
112.49020314216614,577,0
112.4939796924591,631,0
112.49783062934875,584,0
112.5017876625061,530,0
112.50565767288208,531,0
112.50958824157715,567,0
112.5135760307312,626,0
112.51753640174866,598,0
112.5513927936554,563,0
112.55526924133301,565,0
112.59880089759827,560,0
112.60465693473816,623,0
112.6080687046051,596,0
112.60866451263428,543,0
112.6090726852417,530,0
112.6095290184021,524,0
112.61064887046814,577,0
112.61132645606995,547,0
112.61163878440857,470,0
112.61191606521606,463,0
112.61210322380066,469,0
112.61229395866394,527,0
112.61247062683105,527,0
112.6126172542572,468,0
112.61283206939697,471,0
112.61337780952454,470,0
112.61365032196045,536,0
112.61382627487183,556,0
112.61401653289795,495,0
112.61422753334045,513,0
112.6144597530365,518,0
112.61468648910522,572,0
112.61527633666992,607,0
112.61920094490051,539,0
112.62314534187317,530,0
112.6365613937378,540,0
112.63721680641174,582,0
112.63754916191101,620,0
112.63877487182617,563,0
112.64259147644043,542,0
112.64681935310364,552,0
112.65044593811035,594,0
112.6542956829071,626,0
112.65826392173767,555,0
112.66214871406555,527,0
112.66612410545349,542,0
112.6700828075409,568,0
112.67386102676392,622,0
112.6778507232666,579,0
112.68176054954529,524,0
112.68562316894531,530,0
112.68956899642944,549,0
112.69366407394409,602,0
112.69737100601196,561,0
112.70127058029175,512,0
112.70539498329163,518,0
112.70931029319763,517,0
112.71312952041626,574,0
112.71731805801392,530,0
112.72090315818787,461,0
112.72482752799988,450,0
112.7287073135376,450,0
112.73271036148071,510,0
112.73657822608948,491,0
112.74056816101074,418,0
112.74445390701294,446,0
112.74931240081787,448,0
112.75240778923035,479,0
112.75603079795837,475,0
112.7603018283844,402,0
112.76401925086975,406,0
112.76829791069031,434,0
112.77185034751892,497,0
112.78343772888184,528,0
112.78989887237549,447,0
112.79011869430542,465,0
112.7902569770813,489,0
112.7912073135376,531,0
112.79546904563904,553,0
112.79918599128723,470,0
112.80412030220032,456,0
112.80705308914185,475,0
112.81094217300415,511,0
112.81481719017029,556,0
112.81863355636597,489,0
112.82263970375061,459,0
112.82642388343811,472,0
112.83040070533752,506,0
112.83434844017029,565,0
112.83816576004028,514,0
112.84213876724243,465,0
112.8460865020752,468,0
112.84992480278015,493,0
112.85382747650146,549,0
112.85781192779541,511,0
112.86166620254517,473,0
112.86553716659546,489,0
112.86946868896484,509,0
112.8734040260315,580,0
112.87747287750244,551,0
112.88120579719543,498,0
112.88514184951782,519,0
112.8891863822937,545,0
112.89292454719543,594,0
112.89695167541504,551,0
112.90084075927734,494,0
112.90482568740845,508,0
112.90862131118774,518,0
112.9126648902893,578,0
112.9164228439331,570,0
112.92043280601501,514,0
112.92429852485657,519,0
112.92826128005981,534,0
112.93228602409363,603,0
112.93617796897888,617,0
112.93991327285767,542,0
112.94410634040833,544,0
112.94780325889587,566,0
112.95169162750244,588,0
112.95563244819641,588,0
112.95962715148926,510,0
112.96347403526306,495,0
112.96735382080078,513,0
112.97124648094177,564,0
112.97516322135925,601,0
112.97919130325317,540,0
112.98304009437561,508,0
112.98697566986084,505,0
112.99090528488159,536,0
112.99483942985535,569,0
112.99859976768494,500,0
113.00264358520508,455,0
113.00644493103027,452,0
113.01049971580505,459,0
113.01472473144531,520,0
113.0182523727417,495,0
113.02326464653015,485,0
113.02612328529358,499,0
113.03018236160278,511,0
113.03384327888489,571,0
113.03777503967285,537,0
113.04169988632202,494,0
113.04581928253174,504,0
113.04947137832642,533,0
113.05341672897339,596,0
113.05732297897339,570,0
113.06156945228577,520,0
113.06518244743347,516,0
113.06934690475464,517,0
113.07318902015686,589,0
113.07727599143982,577,0
113.0809211730957,510,0
113.08493709564209,511,0
113.08868622779846,519,0
113.09273028373718,568,0
113.09664869308472,556,0
113.10050559043884,487,0
113.10430455207825,482,0
113.10822129249573,483,0
113.11218309402466,524,0
113.11594200134277,527,0
113.11990761756897,436,0
113.1240508556366,431,0
113.12795805931091,451,0
113.13166189193726,499,0
113.13552594184875,524,0
113.13953065872192,450,0
113.14338159561157,441,0
113.1473536491394,457,0
113.15141177177429,504,0
113.1552984714508,518,0
113.15918493270874,444,0
113.16311287879944,431,0
113.16709065437317,446,0
113.17109227180481,465,0
113.17465329170227,501,0
113.17858266830444,448,0
113.18242955207825,426,0
113.18637490272522,452,0
113.19031929969788,474,0
113.1944682598114,534,0
113.1983597278595,500,0
113.20199203491211,467,0
113.20601606369019,488,0
113.20992636680603,502,0
113.21389698982239,555,0
113.21781039237976,498,0
113.22160863876343,427,0
113.22555112838745,417,0
113.22960758209229,424,0
113.23343205451965,493,0
113.2374210357666,459,0
113.24146008491516,384,0
113.24521374702454,396,0
113.2491364479065,409,0
113.25301456451416,489,0
113.25702786445618,491,0
113.2608470916748,417,0
113.26463603973389,429,0
113.26865291595459,450,0
113.27251362800598,525,0
113.27652215957642,546,0
113.28031301498413,482,0
113.28431510925293,495,0
113.2883129119873,512,0
113.29204726219177,557,0
113.29606533050537,589,0
113.29998183250427,531,0
113.303959608078,519,0
113.3076822757721,530,0
113.31185054779053,578,0
113.31552124023438,620,0
113.31942963600159,564,0
113.32331895828247,564,0
113.32724499702454,577,0
113.33127570152283,608,0
113.33529615402222,642,0
113.33907103538513,570,0
113.3430860042572,532,0
113.3468108177185,526,0
113.3507707118988,547,0
113.35461354255676,591,0
113.35860109329224,539,0
113.36254239082336,513,0
113.3664619922638,531,0
113.37053442001343,563,0
113.37432312965393,641,0
113.37837529182434,612,0
113.38217735290527,564,0
113.38605523109436,578,0
113.38986659049988,595,0
113.39404225349426,671,0
113.39767527580261,644,0
113.40164613723755,591,0
113.4056921005249,599,0
113.40948843955994,607,0
113.4135046005249,667,0
113.41727352142334,647,0
113.42116498947144,586,0
113.42526435852051,596,0
113.429034948349,595,0
113.4328682422638,632,0
113.43686842918396,621,0
113.44064426422119,534,0
113.44469714164734,529,0
113.44893097877502,549,0
113.4524359703064,605,0
113.45640563964844,620,0
113.46054935455322,554,0
113.46425175666809,572,0
113.46815705299377,595,0
113.47220706939697,633,0
113.47601842880249,650,0
113.47990918159485,575,0
113.48392128944397,570,0
113.48767113685608,588,0
113.49156522750854,619,0
113.49547457695007,637,0
113.49946141242981,565,0
113.50329422950745,561,0
113.50733304023743,571,0
113.51153016090393,593,0
113.51507997512817,630,0
113.51916885375977,553,0
113.52296829223633,507,0
113.52683877944946,516,0
113.53071618080139,545,0
113.53455257415771,613,0
113.53861117362976,580,0
113.54239869117737,544,0
113.54631352424622,558,0
113.550448179245,579,0
113.5543384552002,635,0
113.55823421478271,579,0
113.56214141845703,541,0
113.56618189811707,569,0
113.56993675231934,583,0
113.57376313209534,643,0
113.57761788368225,603,0
113.58160090446472,534,0
113.58551502227783,551,0
113.58933424949646,573,0
113.59330105781555,650,0
113.59730839729309,637,0
113.60103058815002,567,0
113.60513067245483,581,0
113.60902309417725,593,0
113.61307191848755,645,0
113.61711883544922,637,0
113.62071967124939,552,0
113.62458992004395,557,0
113.62849235534668,570,0
113.63253498077393,613,0
113.63631510734558,621,0
113.64025449752808,545,0
113.64436101913452,545,0
113.64798617362976,564,0
113.65192723274231,613,0
113.65597414970398,638,0
113.65990948677063,557,0
113.66381549835205,527,0
113.66759037971497,521,0
113.6715624332428,550,0
113.67566347122192,594,0
113.67929816246033,526,0
113.6831784248352,507,0
113.68719434738159,543,0
113.6910355091095,589,0
113.69500684738159,648,0
113.69884395599365,604,0
113.7028591632843,576,0
113.70675826072693,598,0
113.71085381507874,623,0
113.71452927589417,677,0
113.71844363212585,639,0
113.72241973876953,607,0
113.7262704372406,628,0
113.73029470443726,637,0
113.73425626754761,683,0
113.73821020126343,633,0
113.74191546440125,568,0
113.74591970443726,588,0
113.74985694885254,612,0
113.75363349914551,675,0
113.75775694847107,646,0
113.76164150238037,563,0
113.76577568054199,555,0
113.76940631866455,561,0
113.77324676513672,617,0
113.77732729911804,597,0
113.7812294960022,527,0
113.78495383262634,523,0
113.78891158103943,532,0
113.79281401634216,592,0
113.79673886299133,607,0
113.80069017410278,528,0
113.80453419685364,521,0
113.80847597122192,532,0
113.8123152256012,579,0
113.81626296043396,602,0
113.82024431228638,513,0
113.82411122322083,471,0
113.82811903953552,456,0
113.8318920135498,490,0
113.83585500717163,528,0
113.83966422080994,479,0
113.84361553192139,461,0
113.84757947921753,471,0
113.85140204429626,503,0
113.85539078712463,555,0
113.85927510261536,501,0
113.86321759223938,473,0
113.86703133583069,476,0
113.87107229232788,493,0
113.87493586540222,537,0
113.87888026237488,470,0
113.88288259506226,421,0
113.88659906387329,442,0
113.89050960540771,477,0
113.89449501037598,546,0
113.8983690738678,497,0
113.90226674079895,458,0
113.90620589256287,472,0
113.91011071205139,488,0
113.91414380073547,551,0
113.94860935211182,506,0
113.9492015838623,409,0
113.9495460987091,393,0
113.94987845420837,386,0
113.95014905929565,445,0
113.95039367675781,424,0
113.95065879821777,349,0
113.95090341567993,372,0
113.95115447044373,407,0
113.95330739021301,495,0
113.98889970779419,507,0
114.00813579559326,437,0
114.01524543762207,440,0
114.01562571525574,449,0
114.01594138145447,503,0
114.01620125770569,514,0
114.0164406299591,435,0
114.01664590835571,434,0
114.01712799072266,451,0
114.01740002632141,509,0
114.01761436462402,551,0
114.01784157752991,483,0
114.01805806159973,465,0
114.01837038993835,480,0
114.01966738700867,525,0
114.02004408836365,558,0
114.02032923698425,487,0
114.02371168136597,467,0
114.0523476600647,486,0
114.05280423164368,532,0
114.05313849449158,589,0
114.05342221260071,545,0
114.05366349220276,497,0
114.05395436286926,488,0
114.05421328544617,506,0
114.05495381355286,562,0
114.05890893936157,514,0
114.0627794265747,495,0
114.06659483909607,535,0
114.07046675682068,563,0
114.07442164421082,636,0
114.07830619812012,596,0
114.08220934867859,546,0
114.08610701560974,552,0
114.09002256393433,553,0
114.09407472610474,599,0
114.09784531593323,570,0
114.10186100006104,517,0
114.10578894615173,530,0
114.10957455635071,553,0
114.11349129676819,621,0
114.11742877960205,619,0
114.12136054039001,551,0
114.12531518936157,572,0
114.12923812866211,591,0
114.13337278366089,658,0
114.13707995414734,671,0
114.1409695148468,607,0
114.14494585990906,609,0
114.148845911026,611,0
114.15266942977905,652,0
114.15663599967957,663,0
114.1604950428009,571,0
114.16546678543091,558,0
114.17340278625488,564,0
114.17485213279724,593,0
114.17612528800964,616,0
114.18073844909668,551,0
114.18411612510681,542,0
114.18801689147949,568,0
114.19180583953857,612,0
114.19579815864563,668,0
114.19967293739319,613,0
114.20353102684021,587,0
114.20740723609924,612,0
114.21135950088501,641,0
114.21522521972656,690,0
114.21915769577026,653,0
114.22306370735168,622,0
114.22731161117554,626,0
114.231112241745,640,0
114.23491334915161,690,0
114.23884749412537,651,0
114.24280333518982,603,0
114.24658250808716,612,0
114.25049066543579,635,0
114.25439286231995,709,0
114.25835871696472,680,0
114.26253700256348,607,0
114.26618123054504,609,0
114.27009391784668,623,0
114.27407360076904,679,0
114.27824592590332,653,0
114.2818706035614,586,0
114.28583645820618,592,0
114.28965139389038,595,0
114.29408240318298,646,0
114.29750084877014,635,0
114.30134081840515,564,0
114.3053035736084,571,0
114.30933117866516,573,0
114.31325078010559,617,0
114.31694078445435,618,0
114.32113695144653,528,0
114.32500767707825,514,0
114.3291232585907,515,0
114.33281064033508,558,0
114.33675050735474,584,0
114.34044551849365,501,0
114.3445975780487,481,0
114.3484194278717,480,0
114.35230016708374,521,0
114.3564133644104,575,0
114.36054968833923,526,0
114.36406016349792,493,0
114.3680431842804,507,0
114.37185311317444,552,0
114.37568163871765,616,0
114.37973213195801,553,0
114.3836030960083,526,0
114.38736414909363,546,0
114.39144277572632,552,0
114.39529538154602,592,0
114.39918398857117,546,0
114.40304589271545,497,0
114.40697503089905,490,0
114.41089296340942,489,0
114.41484355926514,548,0
114.41882014274597,519,0
114.42255520820618,468,0
114.42649483680725,486,0
114.43042087554932,507,0
114.434326171875,574,0
114.43824338912964,554,0
114.44212889671326,491,0
114.44603753089905,510,0
114.4500195980072,535,0
114.45390152931213,596,0
114.45783162117004,583,0
114.46184015274048,515,0
114.46558237075806,521,0
114.46950602531433,536,0
114.47344875335693,593,0
114.47735261917114,608,0
114.48126316070557,531,0
114.48521256446838,530,0
114.48907327651978,541,0
114.4929850101471,577,0
114.49706530570984,586,0
114.50097465515137,507,0
114.50476741790771,480,0
114.50863313674927,476,0
114.51257514953613,509,0
114.51647305488586,533,0
114.52038240432739,461,0
114.52437901496887,441,0
114.52826595306396,446,0
114.53212761878967,481,0
114.53609013557434,524,0
114.54001665115356,463,0
114.54393148422241,433,0
114.54782605171204,453,0
114.55171012878418,464,0
114.55562448501587,507,0
114.55958986282349,462,0
114.563472032547,430,0
114.56732678413391,443,0
114.5712354183197,466,0
114.57535314559937,520,0
114.57919788360596,479,0
114.58310103416443,422,0
114.58689332008362,436,0
114.59088611602783,451,0
114.59486746788025,521,0
114.598628282547,505,0
114.60254454612732,449,0
114.6064350605011,458,0
114.61039781570435,482,0
114.61425280570984,564,0
114.61819124221802,556,0
114.62222385406494,494,0
114.62618207931519,522,0
114.62999486923218,531,0
114.63388848304749,577,0
114.63779711723328,582,0
114.64167332649231,489,0
114.6456229686737,532,0
114.64951920509338,559,0
114.65353465080261,592,0
114.65752339363098,546,0
114.66312313079834,401,0
114.6651782989502,431,0
114.66932034492493,476,0
114.67296385765076,518,0
114.67716145515442,518,0
114.68144702911377,425,0
114.68834614753723,420,0
114.69396543502808,453,0
114.69971370697021,495,0
114.70011925697327,507,0
114.70124697685242,391,0
114.70428681373596,378,0
114.70813846588135,409,0
114.71215605735779,451,0
114.71597123146057,497,0
114.71990633010864,422,0
114.72391605377197,420,0
114.72798109054565,503,0
114.7316083908081,549,0
114.73565769195557,602,0
114.73946690559387,518,0
114.74337697029114,474,0
114.7473373413086,534,0
114.75122380256653,552,0
114.75518441200256,592,0
114.7591061592102,510,0
114.76294350624084,458,0
114.7668821811676,518,0
114.77079749107361,555,0
114.7748155593872,617,0
114.7786066532135,544,0
114.78250026702881,470,0
114.78648209571838,523,0
114.79049706459045,548,0
114.79443454742432,592,0
114.7982611656189,529,0
114.80210518836975,425,0
114.80609488487244,459,0
114.81001925468445,490,0
114.81397271156311,533,0
114.8177719116211,486,0
114.82160258293152,378,0
114.82550024986267,423,0
114.82943415641785,468,0
114.833322763443,522,0
114.83733987808228,522,0
114.84124684333801,424,0
114.84510588645935,419,0
114.84899020195007,422,0
114.8531265258789,464,0
114.85684442520142,488,0
114.86096858978271,407,0
114.86485028266907,400,0
114.8685417175293,425,0
114.87249803543091,471,0
114.87642431259155,521,0
114.88033270835876,459,0
114.88417983055115,435,0
114.88812160491943,452,0
114.89207792282104,469,0
114.8961169719696,507,0
114.89984846115112,435,0
114.90385842323303,404,0
114.90770769119263,444,0
114.91183924674988,489,0
114.91564345359802,562,0
114.91948437690735,521,0
114.92337894439697,472,0
114.92726993560791,482,0
114.93124985694885,499,0
114.93596529960632,547,0
114.93906092643738,496,0
114.94286608695984,431,0
114.94715452194214,451,0
114.9509482383728,476,0
114.95463109016418,554,0
114.95853543281555,541,0
114.9624936580658,457,0
114.96638989448547,468,0
114.9702730178833,493,0
114.97419881820679,556,0
114.97842240333557,546,0
114.98221802711487,471,0
114.98589277267456,494,0
114.98984789848328,510,0
114.99388408660889,557,0
114.99766969680786,557,0
115.001544713974,458,0
115.0055160522461,466,0
115.00948643684387,489,0
115.01331520080566,539,0
115.0172221660614,558,0
115.02117419242859,482,0
115.02507758140564,481,0
115.02908086776733,502,0
115.03462553024292,550,0
115.03703427314758,583,0
115.04081988334656,515,0
115.04464983940125,500,0
115.0487015247345,521,0
115.05247664451599,583,0
115.05632257461548,628,0
115.06054639816284,560,0
115.06428909301758,541,0
115.06830763816833,572,0
115.07221961021423,588,0
115.07600712776184,639,0
115.07989239692688,586,0
115.08380055427551,537,0
115.08761358261108,550,0
115.09159398078918,572,0
115.0954978466034,633,0
115.09939241409302,578,0
115.10331058502197,508,0
115.10731053352356,528,0
115.11133193969727,531,0
115.11511278152466,572,0
115.11905455589294,514,0
115.12286758422852,446,0
115.1270067691803,452,0
115.13079571723938,455,0
115.13471698760986,501,0
115.13866782188416,477,0
115.14243483543396,386,0
115.1464262008667,390,0
115.1503746509552,412,0
115.15425372123718,475,0
115.15826487541199,472,0
115.16202545166016,398,0
115.1659471988678,429,0
115.1699070930481,465,0
115.17382407188416,529,0
115.1777606010437,539,0
115.18160390853882,443,0
115.18565726280212,437,0
115.18957734107971,474,0
115.19329047203064,524,0
115.19735097885132,557,0
115.20121932029724,477,0
115.2049949169159,471,0
115.20898151397705,495,0
115.21329927444458,548,0
115.21699357032776,598,0
115.22065305709839,537,0
115.22464323043823,523,0
115.228595495224,539,0
115.23270440101624,568,0
115.23642086982727,598,0
115.24029803276062,528,0
115.2441976070404,492,0
115.24804425239563,521,0
115.25272941589355,543,0
115.25590181350708,605,0
115.25979852676392,560,0
115.26376605033875,501,0
115.26764345169067,529,0
115.27150917053223,545,0
115.27548336982727,597,0
115.2793345451355,527,0
115.28323602676392,459,0
115.28733015060425,480,0
115.29138159751892,504,0
115.29524540901184,562,0
115.2989251613617,524,0
115.30291247367859,447,0
115.30692958831787,455,0
115.311030626297,484,0
115.31462383270264,549,0
115.31849884986877,525,0
115.32254600524902,439,0
115.32639479637146,446,0
115.33049535751343,474,0
115.33425688743591,528,0
115.33836197853088,528,0
115.34196758270264,450,0
115.34618616104126,434,0
115.3500542640686,465,0
115.36837124824524,550,0
115.4186384677887,585,0
115.4192259311676,502,0
115.41984987258911,494,0
115.45950269699097,503,0
115.46315121650696,548,0
115.463707447052,567,0
115.4639720916748,480,0
115.46421337127686,459,0
115.46451091766357,485,0
115.46476435661316,523,0
115.46500182151794,555,0
115.465261220932,482,0
115.46548199653625,454,0
115.46569752693176,468,0
115.46596121788025,503,0
115.46620059013367,558,0
115.4663999080658,492,0
115.46658778190613,454,0
115.4668071269989,484,0
115.46707201004028,511,0
115.46728181838989,569,0
115.46750736236572,527,0
115.46780490875244,471,0
115.4681487083435,496,0
115.46852207183838,516,0
115.4687888622284,584,0
115.46899676322937,557,0
115.46921253204346,497,0
115.46952772140503,513,0
115.4710214138031,523,0
115.47502160072327,586,0
115.47959065437317,551,0
115.48288011550903,479,0
115.4944064617157,498,0
115.49551129341125,535,0
115.49575066566467,613,0
115.49841809272766,608,0
115.50236225128174,527,0
115.50621390342712,548,0
115.51015782356262,581,0
115.51408171653748,628,0
115.51800274848938,625,0
115.52191734313965,524,0
115.52589392662048,512,0
115.5298342704773,539,0
115.53360080718994,580,0
115.53756546974182,596,0
115.54146146774292,508,0
115.54534840583801,501,0
115.54927325248718,516,0
115.55320882797241,554,0
115.55726027488708,585,0
115.56119680404663,495,0
115.56511163711548,480,0
115.56892776489258,505,0
115.5729546546936,539,0
115.57671666145325,562,0
115.58064126968384,475,0
115.584543466568,438,0
115.58839893341064,469,0
115.59233045578003,503,0
115.59635090827942,575,0
115.600168466568,528,0
115.6041088104248,461,0
115.60801577568054,482,0
115.61213374137878,511,0
115.6159999370575,584,0
115.6197829246521,539,0
115.62361526489258,473,0
115.627601146698,489,0
115.6315746307373,501,0
115.6354775428772,554,0
115.6392753124237,519,0
115.64343070983887,450,0
115.64737105369568,470,0
115.65100502967834,513,0
115.6549596786499,578,0
115.65908169746399,556,0
115.66289186477661,481,0
115.66664338111877,518,0
115.67065024375916,552,0
115.67450308799744,581,0
115.6784508228302,556,0
115.68234992027283,458,0
115.6863145828247,508,0
115.6903645992279,548,0
115.69440007209778,600,0
115.69804048538208,589,0
115.7020971775055,460,0
115.70582556724548,472,0
115.70973253250122,531,0
115.7136344909668,582,0
115.71760296821594,592,0
115.72144055366516,463,0
115.72538661956787,441,0
115.72926902770996,483,0
115.73317289352417,511,0
115.73733448982239,507,0
115.74103903770447,419,0
115.74490332603455,411,0
115.74884843826294,448,0
115.75279521942139,466,0
115.75664281845093,494,0
115.76090264320374,401,0
115.76457571983337,373,0
115.76839900016785,441,0
115.7722852230072,489,0
115.77629065513611,551,0
115.78031182289124,470,0
115.78420758247375,417,0
115.78793454170227,496,0
115.79188513755798,549,0
115.79597091674805,637,0
115.79973793029785,562,0
115.80363869667053,474,0
115.80762648582458,521,0
115.81167531013489,553,0
115.8153383731842,613,0
115.81920719146729,562,0
115.82313632965088,482,0
115.82729291915894,554,0
115.83110976219177,603,0
115.83508539199829,653,0
115.83881831169128,595,0
115.84272336959839,482,0
115.84672522544861,528,0
115.85058975219727,566,0
115.85451459884644,614,0
115.85834097862244,583,0
115.86245059967041,455,0
115.86613988876343,476,0
115.870187997818,521,0
115.87411046028137,565,0
115.87812900543213,567,0
115.88189840316772,457,0
115.88588213920593,464,0
115.88965821266174,507,0
115.89369583129883,557,0
115.89754605293274,586,0
115.9013888835907,501,0
115.90528392791748,489,0
115.9093644618988,504,0
115.91322207450867,513,0
115.91715216636658,539,0
115.92110276222229,446,0
115.92501187324524,415,0
115.92887496948242,441,0
115.93280863761902,463,0
115.93661379814148,513,0
115.94052410125732,447,0
115.94464230537415,402,0
115.94833064079285,448,0
115.95220875740051,470,0
115.95624375343323,539,0
115.96013903617859,498,0
115.96399784088135,451,0
115.9679479598999,475,0
115.97191643714905,501,0
115.97586441040039,574,0
115.97992610931396,543,0
115.98361277580261,472,0
115.98746275901794,491,0
115.99135279655457,506,0
115.99544835090637,563,0
115.99929118156433,536,0
116.00322413444519,448,0
116.00707340240479,462,0
116.01123332977295,482,0
116.01510214805603,544,0
116.01889324188232,551,0
116.02270293235779,488,0
116.02673673629761,509,0
116.03051137924194,534,0
116.03447413444519,578,0
116.03835678100586,581,0
116.04224944114685,500,0
116.04637837409973,494,0
116.05022668838501,511,0
116.05403518676758,547,0
116.0580804347992,568,0
116.06199383735657,491,0
116.06586027145386,485,0
116.0695858001709,508,0
116.07353138923645,546,0
116.0774438381195,585,0
116.08138585090637,510,0
116.08526492118835,495,0
116.08922028541565,534,0
116.09326577186584,573,0
116.09706854820251,632,0
116.10093879699707,584,0
116.1048891544342,559,0
116.10886073112488,590,0
116.1127622127533,617,0
116.11655235290527,673,0
116.12051153182983,608,0
116.12446737289429,549,0
116.12848567962646,584,0
116.13232755661011,602,0
116.13626432418823,662,0
116.14014744758606,618,0
116.14401698112488,539,0
116.14783930778503,550,0
116.1518201828003,572,0
116.1556293964386,636,0
116.15956568717957,610,0
116.16347074508667,550,0
116.16736245155334,602,0
116.17132806777954,636,0
116.1752998828888,702,0
116.17930173873901,701,0
116.18315768241882,621,0
116.18693804740906,638,0
116.19084405899048,662,0
116.19481563568115,716,0
116.19881272315979,716,0
116.20263695716858,621,0
116.20649361610413,609,0
116.21052074432373,621,0
116.21438241004944,658,0
116.21833610534668,664,0
116.22216558456421,567,0
116.22617506980896,562,0
116.23012328147888,593,0
116.23391461372375,629,0
116.23786616325378,653,0
116.24184942245483,570,0
116.24561333656311,556,0
116.2495346069336,558,0
116.25344014167786,556,0
116.25736665725708,574,0
116.26128768920898,477,0
116.26517391204834,432,0
116.26909828186035,444,0
116.27314496040344,469,0
116.2771589756012,530,0
116.28091216087341,465,0
116.28483009338379,407,0
116.28865814208984,429,0
116.29259419441223,464,0
116.29652309417725,538,0
116.30039191246033,469,0
116.30428624153137,395,0
116.30821132659912,414,0
116.31211400032043,448,0
116.31601071357727,523,0
116.31994080543518,495,0
116.32386374473572,422,0
116.3279321193695,434,0
116.33174204826355,459,0
116.33570718765259,530,0
116.33952283859253,510,0
116.343430519104,442,0
116.34731101989746,475,0
116.35122203826904,505,0
116.35523343086243,565,0
116.35906410217285,553,0
116.36307334899902,450,0
116.36689758300781,459,0
116.37090063095093,479,0
116.37486004829407,532,0
116.37865352630615,527,0
116.3825216293335,424,0
116.38646578788757,457,0
116.39040851593018,496,0
116.39434790611267,540,0
116.39817070960999,562,0
116.40217757225037,463,0
116.40597796440125,449,0
116.40995717048645,481,0
116.41385841369629,491,0
116.41794180870056,492,0
116.42165875434875,381,0
116.42557978630066,360,0
116.42956924438477,408,0
116.43342137336731,460,0
116.4373152256012,530,0
116.44120979309082,466,0
116.44548869132996,429,0
116.4495952129364,456,0
116.45297908782959,487,0
116.4569308757782,540,0
116.46091175079346,470,0
116.46487998962402,413,0
116.46858239173889,438,0
116.47251653671265,456,0
116.4764244556427,518,0
116.48035836219788,461,0
116.48426103591919,395,0
116.48817133903503,429,0
116.49220371246338,463,0
116.49618315696716,533,0
116.49991250038147,491,0
116.50385308265686,410,0
116.50782108306885,447,0
116.51167917251587,464,0
116.5155701637268,505,0
116.5194787979126,473,0
116.52336001396179,375,0
116.52737164497375,383,0
116.53131985664368,416,0
116.53515124320984,470,0
116.53924226760864,466,0
116.54300236701965,370,0
116.54691219329834,377,0
116.55085349082947,395,0
116.55475378036499,438,0
116.55862259864807,439,0
116.5626323223114,339,0
116.56640028953552,327,0
116.57029986381531,359,0
116.57431817054749,411,0
116.57813477516174,444,0
116.58211159706116,360,0
116.58610463142395,356,0
116.58997535705566,390,0
116.5938651561737,423,0
116.59780621528625,446,0
116.6016173362732,359,0
116.60561513900757,339,0
116.60945057868958,374,0
116.61333918571472,406,0
116.61729907989502,471,0
116.62140274047852,416,0
116.62508654594421,374,0
116.62903332710266,418,0
116.63292789459229,444,0
116.63686060905457,516,0
116.64078044891357,469,0
116.64475750923157,401,0
116.64855074882507,416,0
116.65247368812561,431,0
116.65644717216492,491,0
116.66039204597473,441,0
116.66421151161194,360,0
116.66811203956604,381,0
116.6720187664032,410,0
116.67594242095947,477,0
116.67986679077148,450,0
116.68384504318237,373,0
116.68778109550476,396,0
116.69158220291138,432,0
116.69555497169495,493,0
116.69941878318787,487,0
116.70331859588623,408,0
116.70724153518677,418,0
116.71127843856812,423,0
116.71506595611572,475,0
116.71901154518127,498,0
116.72289705276489,412,0
116.72722792625427,400,0
116.73083567619324,413,0
116.73468255996704,452,0
116.7385766506195,479,0
116.74246168136597,363,0
116.74646282196045,346,0
116.7504334449768,381,0
116.75423884391785,434,0
116.7582619190216,470,0
116.76201248168945,390,0
116.76594948768616,375,0
116.76984286308289,406,0
116.7738184928894,425,0
116.77773213386536,473,0
116.7816641330719,400,0
116.78547406196594,359,0
116.78940606117249,386,0
116.7933120727539,416,0
116.79720282554626,460,0
116.80120038986206,391,0
116.80509734153748,344,0
116.80902862548828,387,0
116.81299233436584,413,0
116.81687998771667,482,0
116.82078504562378,435,0
116.82458353042603,371,0
116.82861828804016,404,0
116.83267498016357,441,0
116.8363709449768,519,0
116.84029221534729,477,0
116.84424614906311,403,0
116.84810614585876,443,0
116.85198163986206,464,0
116.85589122772217,515,0
116.85989928245544,495,0
116.86381888389587,415,0
116.8676688671112,424,0
116.87154364585876,427,0
116.87543272972107,480,0
116.87938809394836,491,0
116.8832790851593,425,0
116.88720512390137,435,0
116.89119553565979,467,0
116.89522790908813,523,0
116.93005561828613,559,0
116.93053078651428,485,0
116.94146180152893,480,0
116.96189951896667,495,0
116.97039937973022,520,0
116.97391271591187,509,0
116.97642350196838,412,0
116.97665143013,390,0
116.97689437866211,430,0
116.9771614074707,486,0
116.97774004936218,535,0
116.97839665412903,469,0
116.97868466377258,442,0
116.9788601398468,464,0
116.97921323776245,498,0
116.97947216033936,549,0
116.97978401184082,491,0
116.98002123832703,454,0
116.98038053512573,473,0
116.98056268692017,496,0
116.98076629638672,562,0
116.98112559318542,514,0
116.98507118225098,458,0
116.98901700973511,476,0
116.99290657043457,500,0
116.9989845752716,563,0
117.00074052810669,525,0
117.00465869903564,461,0
117.00848531723022,481,0
117.01241731643677,501,0
117.01632237434387,568,0
117.02019619941711,535,0
117.02413630485535,452,0
117.02803206443787,478,0
117.03196096420288,507,0
117.03586959838867,582,0
117.03993701934814,574,0
117.04377937316895,491,0
117.04767370223999,510,0
117.05150961875916,537,0
117.05551743507385,601,0
117.05931091308594,608,0
117.06325030326843,515,0
117.0672025680542,528,0
117.07107853889465,548,0
117.07498407363892,579,0
117.07914924621582,593,0
117.08354449272156,513,0
117.08736753463745,509,0
117.09063363075256,547,0
117.09468340873718,598,0
117.09850358963013,627,0
117.10247278213501,542,0
117.10627126693726,524,0
117.11019515991211,561,0
117.11421632766724,596,0
117.11807823181152,628,0
117.1219253540039,552,0
117.12598943710327,506,0
117.12988376617432,523,0
117.13372588157654,544,0
117.1375823020935,598,0
117.14151310920715,548,0
117.14545917510986,528,0
117.14943814277649,573,0
117.15322947502136,599,0
117.15712285041809,666,0
117.16108107566833,606,0
117.16496801376343,527,0
117.1688666343689,527,0
117.17284488677979,539,0
117.17695832252502,585,0
117.18059849739075,527,0
117.18453931808472,435,0
117.18843150138855,445,0
117.19248509407043,479,0
117.1962480545044,539,0
117.20023798942566,516,0
117.20408916473389,428,0
117.20807576179504,437,0
117.21195912361145,453,0
117.21594047546387,507,0
117.21986627578735,501,0
117.22370648384094,402,0
117.22761654853821,408,0
117.2316210269928,438,0
117.23546361923218,500,0
117.23943877220154,521,0
117.2432312965393,444,0
117.24734497070312,451,0
117.2513120174408,485,0
117.2550253868103,529,0
117.2589225769043,576,0
117.26299357414246,510,0
117.26674008369446,497,0
117.27064204216003,506,0
117.27465867996216,536,0
117.27860856056213,567,0
117.28236198425293,474,0
117.2862811088562,465,0
117.29023146629333,508,0
117.29437708854675,553,0
117.29826188087463,609,0
117.30191326141357,552,0
117.3059241771698,511,0
117.30985975265503,543,0
117.31364369392395,566,0
117.317626953125,621,0
117.32156991958618,555,0
117.325439453125,494,0
117.3295488357544,523,0
117.33323049545288,543,0
117.33719944953918,601,0
117.34120321273804,566,0
117.3451600074768,502,0
117.34895014762878,538,0
117.35292553901672,565,0
117.35667157173157,620,0
117.36072158813477,589,0
117.36459398269653,509,0
117.36853837966919,532,0
117.37245631217957,559,0
117.37624979019165,625,0
117.38024806976318,605,0
117.3842556476593,517,0
117.38813138008118,538,0
117.39194345474243,549,0
117.39613604545593,609,0
117.39972805976868,617,0
117.40366196632385,511,0
117.40759181976318,517,0
117.41177654266357,549,0
117.41550874710083,599,0
117.41935873031616,604,0
117.42324376106262,494,0
117.42758750915527,475,0
117.4312961101532,507,0
117.43494057655334,568,0
117.43889832496643,616,0
117.44285988807678,542,0
117.44698715209961,522,0
117.45078229904175,547,0
117.4545795917511,574,0
117.45848441123962,606,0
117.46249842643738,546,0
117.46625852584839,507,0
117.47018480300903,525,0
117.47419166564941,558,0
117.47837233543396,614,0
117.48198008537292,555,0
117.4859619140625,514,0
117.4896993637085,553,0
117.49360704421997,587,0
117.49764895439148,660,0
117.5014443397522,618,0
117.50539016723633,557,0
117.5093138217926,582,0
117.51326322555542,606,0
117.5171446800232,681,0
117.52108550071716,640,0
117.52511429786682,544,0
117.52891159057617,543,0
117.53297400474548,534,0
117.53671193122864,581,0
117.54057049751282,566,0
117.54451775550842,496,0
117.54850363731384,523,0
117.55308699607849,564,0
117.55631041526794,617,0
117.56056237220764,598,0
117.56410884857178,501,0
117.56802439689636,514,0
117.57203269004822,541,0
117.57583999633789,587,0
117.57984614372253,588,0
117.58353066444397,489,0
117.58751583099365,479,0
117.59140634536743,490,0
117.59536004066467,535,0
117.59923434257507,553,0
117.6031858921051,444,0
117.607097864151,445,0
117.611154794693,490,0
117.61494898796082,552,0
117.61892509460449,578,0
117.62278819084167,513,0
117.62662315368652,499,0
117.63056254386902,520,0
117.63451480865479,539,0
117.63837552070618,584,0
117.64232611656189,518,0
117.64630675315857,483,0
117.65020537376404,523,0
117.65403461456299,553,0
117.6580262184143,609,0
117.66196036338806,530,0
117.6658616065979,471,0
117.66962575912476,528,0
117.67365097999573,564,0
117.67755126953125,629,0
117.681485414505,554,0
117.68531394004822,476,0
117.6891736984253,550,0
117.69325280189514,587,0
117.69707155227661,638,0
117.70109796524048,557,0
117.7050621509552,462,0
117.70879411697388,529,0
117.71270680427551,570,0
117.71664834022522,616,0
117.7205216884613,544,0
117.72444033622742,422,0
117.72845196723938,476,0
117.73221921920776,529,0
117.7362425327301,580,0
117.740238904953,555,0
117.74425292015076,439,0
117.74789571762085,478,0
117.75187587738037,545,0
117.75576543807983,587,0
117.75966787338257,570,0
117.76354885101318,456,0
117.7674286365509,489,0
117.77133774757385,561,0
117.77531409263611,602,0
117.77920722961426,604,0
117.78322625160217,489,0
117.78706073760986,503,0
117.7909824848175,562,0
117.7950987815857,598,0
117.79890537261963,633,0
117.8057291507721,514,0
117.80781555175781,499,0
117.81070184707642,588,0
117.81979036331177,636,0
117.82033014297485,678,0
117.822256565094,580,0
117.82620024681091,530,0
117.83021903038025,594,0
117.83412432670593,626,0
117.83794784545898,662,0
117.84195971488953,567,0
117.84578514099121,505,0
117.8496105670929,582,0
117.86423587799072,617,0
117.87028932571411,652,0
117.87061095237732,546,0
117.87108778953552,456,0
117.8713002204895,520,0
117.87310266494751,542,0
117.87724280357361,582,0
117.88160824775696,504,0
117.8848671913147,407,0
117.88880467414856,474,0
117.89261436462402,511,0
117.8970057964325,559,0
117.90054988861084,517,0
117.90598917007446,418,0
117.9084677696228,475,0
117.91270518302917,529,0
117.94876003265381,556,0
117.9526743888855,466,0
117.95376992225647,332,0
118.03751516342163,390,0
118.04158163070679,458,0
118.06498432159424,518,0
118.07512712478638,518,0
118.07888150215149,401,0
118.08194494247437,413,0
118.08250021934509,476,0
118.08295059204102,506,0
118.08339262008667,510,0
118.08379411697388,407,0
118.08456158638,394,0
118.08510732650757,444,0
118.0881199836731,480,0
118.0888466835022,523,0
118.08933067321777,446,0
118.089834690094,418,0
118.09025526046753,469,0
118.09122729301453,514,0
118.0974473953247,580,0
118.0992681980133,507,0
118.10029911994934,469,0
118.10091710090637,542,0
118.10140800476074,565,0
118.10178256034851,616,0
118.10342168807983,555,0
118.10491824150085,486,0
118.10560417175293,534,0
118.10609221458435,566,0
118.10654401779175,628,0
118.10696649551392,569,0
118.10736227035522,478,0
118.10784935951233,517,0
118.10825562477112,549,0
118.10856890678406,612,0
118.10891318321228,570,0
118.10925626754761,471,0
118.10958528518677,499,0
118.1131374835968,533,0
118.1143639087677,594,0
118.11491775512695,581,0
118.11532855033875,480,0
118.11574721336365,506,0
118.11618232727051,536,0
118.11661195755005,575,0
118.11699938774109,574,0
118.11734652519226,487,0
118.11767983436584,513,0
118.11802530288696,557,0
118.11841011047363,599,0
118.11960101127625,594,0
118.12342572212219,499,0
118.12781977653503,506,0
118.13130640983582,557,0
118.13517355918884,599,0
118.13914036750793,615,0
118.14312195777893,540,0
118.14695978164673,527,0
118.1509416103363,548,0
118.15489339828491,593,0
118.15864968299866,659,0
118.1625828742981,605,0
118.16647100448608,565,0
118.17039394378662,572,0
118.17433571815491,585,0
118.17837762832642,647,0
118.1822030544281,620,0
118.18620920181274,581,0
118.18999314308167,598,0
118.1941704750061,611,0
118.19785261154175,661,0
118.20176696777344,638,0
118.20560574531555,591,0
118.2095468044281,597,0
118.21345591545105,601,0
118.21741795539856,664,0
118.22134733200073,642,0
118.22518277168274,567,0
118.22915577888489,562,0
118.23312735557556,563,0
118.23705983161926,600,0
118.240962266922,584,0
118.24502515792847,513,0
118.24869585037231,523,0
118.25269865989685,540,0
118.25662732124329,584,0
118.2606348991394,600,0
118.26432800292969,527,0
118.2682888507843,532,0
118.27219295501709,548,0
118.27630615234375,592,0
118.28019428253174,616,0
118.2840301990509,534,0
118.28786158561707,514,0
118.29164934158325,519,0
118.29575896263123,546,0
118.2995114326477,562,0
118.30351066589355,490,0
118.30734348297119,482,0
118.3114001750946,498,0
118.31524682044983,516,0
118.31921100616455,549,0
118.32315516471863,498,0
118.32698130607605,473,0
118.33109450340271,483,0
118.33466958999634,492,0
118.33863425254822,530,0
118.34265756607056,458,0
118.34642767906189,406,0
118.35034489631653,436,0
118.35424780845642,456,0
118.35827159881592,507,0
118.36220502853394,456,0
118.36618399620056,394,0
118.37003970146179,443,0
118.37388634681702,455,0
118.3778703212738,520,0
118.38178491592407,463,0
118.38556122779846,395,0
118.38958311080933,446,0
118.39344573020935,469,0
118.39735651016235,521,0
118.40134525299072,466,0
118.4053008556366,383,0
118.409099817276,434,0
118.41298389434814,461,0
118.41694498062134,479,0
118.42086100578308,417,0
118.42482662200928,289,0
118.42865872383118,335,0
118.43262457847595,390,0
118.43657779693604,452,0
118.44038009643555,443,0
118.44444036483765,345,0
118.4483425617218,404,0
118.45213866233826,468,0
118.45603370666504,508,0
118.45994734764099,500,0
118.46407747268677,403,0
118.46786141395569,433,0
118.47169518470764,479,0
118.47557425498962,505,0
118.47961497306824,522,0
118.48333978652954,425,0
118.48729729652405,431,0
118.49139261245728,507,0
118.49518871307373,535,0
118.49917531013489,548,0
118.50307130813599,447,0
118.50693273544312,436,0
118.51105117797852,510,0
118.51528000831604,527,0
118.51868629455566,576,0
118.5225145816803,498,0
118.52647972106934,458,0
118.53046202659607,505,0
118.53436160087585,522,0
118.53833436965942,566,0
118.54234290122986,487,0
118.54620099067688,409,0
118.54991173744202,453,0
118.55388116836548,481,0
118.55783486366272,534,0
118.56168603897095,484,0
118.56553483009338,414,0
118.56942343711853,450,0
118.5733118057251,476,0
118.57754588127136,520,0
118.58138489723206,459,0
118.58530330657959,362,0
118.5890519618988,407,0
118.60429739952087,440,0
118.60967183113098,480,0
118.60993361473083,461,0
118.61012268066406,351,0
118.61041975021362,401,0
118.61242008209229,460,0
118.6164219379425,519,0
118.62025952339172,531,0
118.62418055534363,434,0
118.62838554382324,456,0
118.63232278823853,494,0
118.6359875202179,529,0
118.63993120193481,552,0
118.64436388015747,463,0
118.64779734611511,469,0
118.65165257453918,512,0
118.6555666923523,527,0
118.65947675704956,543,0
118.66355490684509,455,0
118.66745257377625,447,0
118.6712236404419,502,0
118.67526054382324,535,0
118.67915678024292,582,0
118.68299913406372,499,0
118.68689846992493,464,0
118.6906967163086,517,0
118.69463515281677,528,0
118.69852757453918,564,0
118.70242619514465,480,0
118.7063901424408,435,0
118.71024012565613,460,0
118.71433162689209,482,0
118.71819067001343,524,0
118.72199177742004,461,0
118.72596621513367,401,0
118.72998428344727,453,0
118.73384428024292,473,0
118.73768258094788,528,0
118.74163699150085,513,0
118.7455804347992,462,0
118.7494695186615,489,0
118.75342059135437,510,0
118.75729250907898,573,0
118.7615180015564,566,0
118.7651264667511,500,0
118.76903319358826,523,0
118.77298998832703,546,0
118.7768976688385,604,0
118.78074765205383,608,0
118.78464436531067,521,0
118.78852820396423,557,0
118.79248929023743,607,0
118.79637360572815,653,0
118.80027222633362,665,0
118.80433320999146,581,0
118.8082320690155,583,0
118.81202125549316,620,0
118.81610894203186,638,0
118.81987357139587,650,0
118.82377576828003,557,0
118.82766366004944,535,0
118.83151125907898,573,0
118.83553719520569,601,0
118.83938336372375,627,0
118.84332990646362,538,0
118.84733510017395,504,0
118.85130262374878,537,0
118.85508799552917,550,0
118.85899567604065,593,0
118.86299681663513,532,0
118.8668737411499,494,0
118.87064599990845,528,0
118.87453079223633,539,0
118.87850975990295,594,0
118.8824565410614,543,0
118.88629031181335,504,0
118.89021492004395,541,0
118.89427614212036,564,0
118.89817881584167,626,0
118.90222764015198,595,0
118.90632486343384,528,0
118.91004848480225,552,0
118.91389775276184,580,0
118.91775679588318,634,0
118.92165803909302,578,0
118.92547726631165,476,0
118.92939257621765,493,0
118.93334221839905,508,0
118.9371407032013,556,0
118.94124126434326,555,0
118.94516158103943,474,0
118.94896006584167,508,0
118.95294713973999,554,0
118.95690155029297,614,0
118.96119737625122,608,0
118.96480655670166,533,0
118.96851921081543,570,0
118.97246146202087,610,0
118.97633409500122,656,0
118.98029470443726,669,0
118.98428392410278,591,0
118.98819303512573,584,0
118.99208855628967,604,0
118.99597120285034,620,0
118.99985861778259,639,0
119.00372052192688,569,0
119.00772881507874,565,0
119.01177215576172,604,0
119.0154800415039,637,0
119.0194001197815,688,0
119.02336931228638,601,0
119.02718472480774,563,0
119.03133273124695,611,0
119.03513789176941,624,0
119.03896760940552,657,0
119.04290676116943,578,0
119.04677820205688,526,0
119.05063796043396,558,0
119.05470609664917,576,0
119.05862736701965,640,0
119.06255507469177,594,0
119.0663833618164,534,0
119.07019186019897,557,0
119.07416009902954,578,0
119.07854080200195,633,0
119.08214974403381,598,0
119.08591055870056,534,0
119.0898928642273,586,0
119.09371256828308,595,0
119.09761714935303,637,0
119.10157489776611,629,0
119.10549545288086,551,0
119.10945463180542,560,0
119.11337113380432,570,0
119.11732053756714,611,0
119.12132287025452,638,0
119.12514233589172,579,0
119.12898635864258,568,0
119.13285183906555,578,0
119.13675141334534,634,0
119.16728734970093,638,0
119.16875958442688,531,0
119.20272755622864,562,0
119.20699119567871,615,0
119.20729374885559,658,0
119.20752048492432,633,0
119.20777034759521,584,0
119.20799922943115,587,0
119.20820260047913,612,0
119.20845866203308,640,0
119.20867657661438,718,0
119.20887351036072,599,0
119.20905351638794,580,0
119.20929646492004,666,0
119.2096745967865,653,0
119.20985245704651,695,0
119.2100145816803,617,0
119.21016812324524,557,0
119.21097183227539,557,0
119.21494054794312,597,0
119.22270393371582,655,0
119.22340774536133,574,0
119.22670841217041,508,0
119.23069715499878,561,0
119.23449516296387,582,0
119.23845219612122,644,0
119.24227213859558,554,0
119.24620270729065,486,0
119.25024604797363,540,0
119.2542290687561,573,0
119.25794219970703,645,0
119.26193928718567,601,0
119.2658920288086,508,0
119.26982879638672,552,0
119.27363109588623,581,0
119.27790427207947,623,0
119.28165054321289,578,0
119.28543734550476,472,0
119.28937244415283,496,0
119.2932505607605,536,0
119.29739665985107,584,0
119.30130434036255,557,0
119.30491495132446,453,0
119.3089656829834,469,0
119.31292963027954,509,0
119.31663465499878,556,0
119.32074928283691,555,0
119.3244788646698,456,0
119.32862639427185,467,0
119.33228397369385,506,0
119.33632230758667,544,0
119.34017968177795,566,0
119.34425401687622,477,0
119.34799981117249,460,0
119.3521671295166,506,0
119.35593700408936,524,0
119.35967326164246,569,0
119.36380457878113,475,0
119.36754155158997,429,0
119.37143611907959,459,0
119.37536954879761,475,0
119.37950420379639,513,0
119.38326835632324,448,0
119.3871419429779,421,0
119.39102149009705,480,0
119.3951678276062,483,0
119.39884567260742,542,0
119.40287113189697,496,0
119.4067108631134,441,0
119.41093373298645,490,0
119.41450214385986,503,0
119.41844701766968,555,0
119.42243790626526,479,0
119.42618727684021,387,0
119.43032360076904,431,0
119.43404865264893,462,0
119.43797039985657,537,0
119.44193315505981,538,0
119.44631123542786,429,0
119.44970083236694,472,0
119.45358610153198,512,0
119.45760345458984,568,0
119.4614610671997,566,0
119.46534037590027,479,0
119.4692223072052,489,0
119.47321557998657,501,0
119.47781085968018,529,0
119.48118090629578,538,0
119.48491287231445,455,0
119.48888635635376,462,0
119.49283027648926,484,0
119.49665117263794,515,0
119.50057911872864,532,0
119.50449061393738,453,0
119.50838541984558,440,0
119.51253962516785,460,0
119.51640152931213,485,0
119.52033638954163,531,0
119.52423977851868,461,0
119.52826070785522,433,0
119.53201079368591,462,0
119.53575801849365,476,0
119.5397138595581,539,0
119.5436863899231,474,0
119.5475025177002,425,0
119.5514190196991,440,0
119.55534744262695,468,0
119.5592896938324,526,0
119.56335306167603,494,0
119.5670382976532,435,0
119.57097244262695,441,0
119.57494163513184,455,0
119.57903504371643,508,0
119.5827169418335,514,0
119.586669921875,453,0
119.59054231643677,442,0
119.59448027610779,469,0
119.59838557243347,526,0
119.6024649143219,532,0
119.60637474060059,483,0
119.61037802696228,459,0
119.61423802375793,453,0
119.61798644065857,503,0
119.62187170982361,564,0
119.6259024143219,513,0
119.6297869682312,484,0
119.63364171981812,473,0
119.63759183883667,515,0
119.64141082763672,564,0
119.64541602134705,526,0
119.64917159080505,481,0
119.65331745147705,464,0
119.657146692276,501,0
119.66098141670227,564,0
119.6649239063263,558,0
119.66871285438538,528,0
119.67272424697876,497,0
119.67654323577881,518,0
119.68051266670227,571,0
119.68461060523987,536,0
119.68834137916565,504,0
119.6923418045044,490,0
119.69631624221802,511,0
119.70009207725525,543,0
119.70391702651978,496,0
119.70788431167603,458,0
119.71204853057861,475,0
119.71571254730225,465,0
119.71966481208801,531,0
119.72346949577332,532,0
119.72766304016113,488,0
119.73135352134705,478,0
119.73529839515686,465,0
119.73926591873169,538,0
119.74316358566284,549,0
119.74700617790222,490,0
119.75108790397644,471,0
119.75486302375793,476,0
119.75881385803223,549,0
119.76270318031311,570,0
119.76675510406494,507,0
119.77038860321045,481,0
119.77434659004211,493,0
119.77837228775024,557,0
119.78216695785522,559,0
119.7862138748169,497,0
119.79036164283752,509,0
119.79414510726929,501,0
119.79797720909119,549,0
119.80181002616882,580,0
119.80573034286499,513,0
119.80999422073364,477,0
119.81360650062561,485,0
119.81747722625732,524,0
119.821368932724,567,0
119.82548713684082,510,0
119.82946729660034,490,0
119.83317470550537,477,0
119.8371274471283,493,0
119.84112691879272,530,0
119.84525346755981,497,0
119.84877061843872,477,0
119.85285639762878,447,0
119.85670232772827,469,0
119.86052632331848,532,0
119.86440348625183,520,0
119.86840271949768,475,0
119.87234926223755,485,0
119.87637138366699,511,0
119.88018608093262,564,0
119.88397789001465,527,0
119.8878870010376,472,0
119.8920350074768,465,0
119.91208386421204,496,0
119.91454553604126,566,0
119.91775631904602,534,0
119.91808581352234,492,0
119.91822600364685,479,0
119.91837334632874,491,0
119.91906213760376,574,0
119.92296171188354,601,0
119.9269392490387,545,0
119.93088889122009,500,0
119.93490290641785,471,0
119.93868899345398,535,0
119.94253897666931,565,0
119.9465503692627,516,0
119.95038366317749,512,0
119.95430660247803,520,0
119.95837926864624,563,0
119.96243858337402,595,0
119.96612572669983,558,0
119.97014498710632,542,0
119.97404503822327,526,0
119.97810864448547,573,0
119.98180556297302,594,0
119.98557448387146,526,0
119.98954010009766,494,0
119.99358344078064,448,0
119.99742841720581,512,0
120.00148320198059,534,0
